iteration,year,population_size,average_age
0,0,30,0.0
0,1,30,1.0
0,2,30,2.0
0,3,30,3.0
0,4,30,4.0
0,5,30,5.0
0,6,30,6.0
0,7,30,7.0
0,8,40,6.0
0,9,47,5.957446808510638
0,10,49,6.673469387755102
0,11,61,6.163934426229508
0,12,64,6.828125
0,13,70,6.785714285714286
0,14,73,7.465753424657534
0,15,79,7.734177215189874
0,16,86,7.8023255813953485
0,17,91,8.252747252747254
0,18,97,8.505154639175258
0,19,116,7.879310344827586
0,20,123,7.813008130081301
0,21,131,7.778625954198473
0,22,140,7.728571428571429
0,23,149,7.778523489932886
0,24,155,8.038709677419355
0,25,161,8.602484472049689
0,26,171,8.771929824561404
0,27,185,8.64864864864865
0,28,197,8.639593908629442
0,29,210,8.804761904761905
0,30,229,8.751091703056769
0,31,237,9.092827004219409
0,32,235,7.6127659574468085
0,33,244,7.590163934426229
0,34,254,7.464566929133858
0,35,269,6.988847583643123
0,36,295,6.959322033898305
0,37,305,7.177049180327868
0,38,315,7.526984126984127
0,39,340,7.6647058823529415
0,40,343,7.784256559766764
0,41,355,8.053521126760563
0,42,357,8.330532212885155
0,43,369,8.252032520325203
0,44,395,8.189873417721518
0,45,430,7.916279069767442
0,46,424,7.8915094339622645
0,47,446,7.461883408071749
0,48,461,7.492407809110629
0,49,479,7.590814196242171
0,50,480,7.65
0,51,493,7.801217038539554
0,52,501,7.81437125748503
0,53,516,7.8313953488372094
0,54,528,7.9393939393939394
0,55,555,7.807207207207207
0,56,572,7.851398601398602
0,57,601,7.554076539101498
0,58,615,7.520325203252033
0,59,643,7.430793157076205
0,60,673,7.364041604754829
0,61,673,7.273402674591382
0,62,695,7.3755395683453235
0,63,710,7.366197183098592
0,64,711,7.60337552742616
0,65,722,7.6551246537396125
0,66,725,7.801379310344828
0,67,728,7.763736263736264
0,68,753,7.48738379814077
0,69,756,7.582010582010582
0,70,772,7.3717616580310885
0,71,778,7.352185089974293
0,72,783,7.394636015325671
0,73,812,7.349753694581281
0,74,809,7.359703337453647
0,75,809,7.431396786155748
0,76,824,7.182038834951456
0,77,818,7.3398533007334965
0,78,822,7.420924574209246
0,79,844,7.382701421800948
0,80,865,7.323699421965318
0,81,866,7.339491916859123
0,82,889,7.277840269966254
0,83,899,7.175750834260289
0,84,931,7.235230934479055
0,85,941,7.210414452709883
0,86,942,7.142250530785563
0,87,953,7.2004197271773345
0,88,947,7.456177402323125
0,89,942,7.494692144373673
0,90,956,7.380753138075314
0,91,962,7.445945945945946
0,92,1003,7.172482552342971
0,93,1033,7.1287512100677635
0,94,1017,7.188790560471976
0,95,1033,7.216844143272024
0,96,1047,7.231136580706782
0,97,1053,7.272554605887939
0,98,1063,7.157102539981185
0,99,1072,7.123134328358209
0,100,1082,7.182994454713493
0,101,1109,7.116321009918845
0,102,1113,6.891284815813118
0,103,1139,6.956101843722563
0,104,1157,7.044079515989629
0,105,1159,7.094909404659189
0,106,1154,7.1533795493934145
0,107,1175,7.236595744680851
0,108,1185,7.2565400843881855
0,109,1212,7.236798679867987
0,110,1231,7.0536149471974
0,111,1237,6.9280517380759905
0,112,1260,6.968253968253968
0,113,1276,6.894200626959248
0,114,1296,6.847993827160494
0,115,1310,6.987022900763359
0,116,1314,7.122526636225266
0,117,1323,7.042328042328043
0,118,1353,7.0118255728011825
0,119,1352,7.085059171597633
0,120,1354,7.001477104874446
0,121,1368,7.103801169590644
0,122,1400,7.015
0,123,1421,7.043631245601689
0,124,1429,7.073477956613016
0,125,1438,7.187065368567454
0,126,1426,7.20617110799439
0,127,1433,7.178646196789951
0,128,1426,7.286115007012623
0,129,1419,7.151515151515151
0,130,1428,7.2521008403361344
0,131,1448,7.0904696132596685
0,132,1465,7.025938566552901
0,133,1465,7.085324232081911
0,134,1480,7.083108108108108
0,135,1472,7.135190217391305
0,136,1478,7.204330175913396
0,137,1475,7.081355932203389
0,138,1499,7.029352901934623
0,139,1495,7.066220735785953
0,140,1529,6.960104643557881
0,141,1544,6.900259067357513
0,142,1566,7.01213282247765
0,143,1559,7.0128287363694675
0,144,1562,7.013444302176697
0,145,1559,7.051314945477871
0,146,1572,7.066793893129771
0,147,1615,6.946130030959752
0,148,1664,6.9639423076923075
0,149,1683,6.872251931075461
0,150,1701,6.798941798941799
0,151,1729,6.784846732215153
0,152,1713,6.732049036777584
0,153,1715,6.843731778425656
0,154,1722,6.839721254355401
0,155,1731,6.912767186597343
0,156,1742,6.974741676234213
0,157,1770,6.925988700564972
0,158,1806,6.95016611295681
0,159,1814,7.088202866593164
0,160,1844,6.973969631236442
0,161,1847,7.07634001082837
0,162,1840,7.043478260869565
0,163,1855,7.049056603773585
0,164,1829,7.1006014215418265
0,165,1790,7.139106145251397
0,166,1806,7.129568106312292
0,167,1806,7.163344407530454
0,168,1823,7.120680197476687
0,169,1815,7.064462809917355
0,170,1867,7.034279592929834
0,171,1885,6.993633952254642
0,172,1895,6.920844327176781
0,173,1860,6.9575268817204305
0,174,1856,6.907866379310345
0,175,1841,6.984790874524715
0,176,1840,7.129891304347826
0,177,1878,7.010117145899893
0,178,1869,7.050294275013377
0,179,1900,6.984736842105264
0,180,1940,6.947422680412371
0,181,1968,6.973577235772358
0,182,1984,6.969758064516129
0,183,1980,7.101515151515152
0,184,1978,7.080384226491406
0,185,1977,6.9630753667172485
0,186,1982,6.929364278506559
0,187,1976,6.836538461538462
0,188,2015,6.908188585607941
0,189,2048,6.9189453125
0,190,2032,6.916338582677166
0,191,2025,6.958024691358025
0,192,2031,6.943377646479567
0,193,2044,6.935420743639922
0,194,2076,6.961464354527938
0,195,2085,6.982733812949641
0,196,2086,6.972674976030681
0,197,2104,6.927281368821292
0,198,2112,6.928030303030303
0,199,2142,6.882819794584501
0,200,2147,6.943176525384257
0,201,2153,6.9721319089642355
0,202,2140,6.978504672897197
0,203,2141,7.0102755721625405
0,204,2138,7.094948550046773
0,205,2164,6.982902033271719
0,206,2191,7.009128251939754
0,207,2171,6.929525564256103
0,208,2203,6.861552428506582
0,209,2192,6.9096715328467155
0,210,2221,6.945970283656011
0,211,2238,6.971403038427167
0,212,2248,7.037811387900356
0,213,2226,6.962713387241689
0,214,2232,6.92741935483871
0,215,2232,6.903225806451613
0,216,2249,6.870164517563362
0,217,2302,6.832754126846221
0,218,2294,6.8740191804707935
0,219,2325,6.9363440860215055
0,220,2341,7.025630072618539
0,221,2369,6.978049810046433
0,222,2356,7.06918505942275
0,223,2365,7.037632135306554
0,224,2363,6.9259415996614475
0,225,2374,6.927969671440606
0,226,2369,6.935415787252005
0,227,2370,6.910548523206751
0,228,2410,7.013278008298755
0,229,2441,6.961081523965587
0,230,2469,6.987444309437019
0,231,2491,6.9751103974307505
0,232,2488,6.910771704180064
0,233,2507,6.826086956521739
0,234,2508,6.888755980861244
0,235,2537,6.886480094599921
0,236,2534,6.904498816101026
0,237,2576,6.9375
0,238,2612,6.857580398162328
0,239,2647,6.961465810351341
0,240,2659,6.978939450921399
0,241,2669,6.904833270887973
0,242,2663,6.882087870822381
0,243,2672,6.908682634730539
0,244,2646,7.021164021164021
0,245,2633,6.9829092290163315
0,246,2630,6.903041825095057
0,247,2662,6.92411720510894
0,248,2706,6.890983000739098
0,249,2696,6.910237388724036
0,250,2720,6.926470588235294
0,251,2712,6.853613569321534
0,252,2681,6.957478552778814
0,253,2689,6.985868352547415
0,254,2692,6.989970282317979
0,255,2701,6.910773787486116
0,256,2699,6.891811782141534
0,257,2714,6.88135593220339
0,258,2767,6.929165160823997
0,259,2802,6.771234832262669
0,260,2800,6.8167857142857144
0,261,2822,6.854004252303331
0,262,2831,6.899328859060403
0,263,2854,6.939032936229853
0,264,2837,7.0148043708142405
0,265,2831,6.9607912398445775
0,266,2836,6.929830747531735
0,267,2850,6.999298245614035
0,268,2857,6.927896394819741
0,269,2844,6.89521800281294
0,270,2865,6.90261780104712
0,271,2871,6.927899686520377
0,272,2891,6.914216534071255
0,273,2913,6.888087881908685
0,274,2903,6.931794695142956
0,275,2973,6.982172889337369
0,276,2973,6.906828119744366
0,277,3029,6.886761307362166
0,278,3017,6.913158766987073
0,279,3002,6.867088607594937
0,280,3001,6.881706097967344
0,281,3058,6.8335513407455855
0,282,3039,6.9220138203356365
0,283,3025,7.006611570247934
0,284,3007,7.1117392750249415
0,285,3038,7.1132323897300855
0,286,3073,7.043605597136349
0,287,3113,7.014776742691937
0,288,3096,7.0726744186046515
0,289,3122,7.068225496476617
0,290,3143,6.99554565701559
0,291,3160,7.012341772151899
0,292,3162,6.981340923466161
0,293,3172,6.966267339218159
0,294,3156,6.982572877059569
0,295,3126,7.0409468969929625
0,296,3167,6.992421850331544
0,297,3158,6.912602913236226
0,298,3189,7.030417058639072
0,299,3227,7.001239541369693
0,300,3236,7.002472187886279
0,301,3239,6.996603890089534
0,302,3198,6.9471544715447155
0,303,3249,6.9987688519544475
0,304,3247,7.048352325223283
0,305,3284,7.015529841656517
0,306,3321,7.074676302318578
0,307,3353,6.97673725022368
0,308,3396,6.9855712603062425
0,309,3385,6.96602658788774
0,310,3400,6.980294117647059
0,311,3388,6.954545454545454
0,312,3432,7.024475524475524
0,313,3428,7.055717619603267
0,314,3426,7.1263864565090485
0,315,3410,7.084457478005865
0,316,3462,7.057192374350087
0,317,3494,7.0701202060675445
0,318,3491,7.021197364651962
0,319,3507,7.007984031936128
0,320,3554,6.91221159257175
0,321,3557,6.892606128760191
0,322,3557,6.983975260050604
0,323,3614,7.103486441615938
0,324,3644,7.178375411635566
0,325,3670,7.1580381471389645
0,326,3707,7.139735635284596
0,327,3722,7.123858140784525
0,328,3736,7.092344753747323
0,329,3724,7.069280343716434
0,330,3752,6.972014925373134
0,331,3775,6.962384105960265
0,332,3819,6.96674522126211
0,333,3831,6.956669276951188
0,334,3867,6.922161882596328
0,335,3894,7.055469953775039
0,336,3878,7.035069623517277
0,337,3911,7.055484530810534
0,338,3920,6.993877551020408
0,339,3949,7.112180298809825
0,340,3938,7.094972067039106
0,341,3952,7.09665991902834
0,342,3972,7.050100704934541
0,343,4006,6.988766849725412
0,344,4085,6.96499388004896
0,345,4104,7.037524366471735
0,346,4146,7.056681138446695
0,347,4195,7.0171632896305125
0,348,4210,6.952969121140143
0,349,4247,6.926536378620202
0,350,4242,6.915134370579915
0,351,4222,6.920416864045476
0,352,4281,6.972202756365335
0,353,4282,7.024988323213452
0,354,4337,7.005994927369149
0,355,4397,7.0184216511257675
0,356,4458,7.042620008972634
0,357,4508,7.024401064773736
0,358,4564,6.982909728308501
0,359,4565,6.900109529025191
0,360,4594,6.882237701349586
0,361,4613,6.938218079340992
0,362,4614,6.983961855223233
0,363,4648,7.074225473321859
0,364,4692,6.9748508098891735
0,365,4700,6.9272340425531915
0,366,4733,6.945489118952039
0,367,4728,6.9543147208121825
0,368,4733,7.065497570251426
0,369,4759,7.049169993696155
0,370,4707,7.038028468238793
0,371,4765,7.047429171038825
0,372,4781,7.084501150386949
0,373,4785,7.115151515151515
0,374,4878,7.132021320213203
0,375,4907,7.032810271041369
0,376,4944,7.019012944983818
0,377,4952,7.06421647819063
0,378,5015,7.046261216350947
0,379,4995,7.020820820820821
0,380,4985,7.104513540621865
0,381,5004,7.087330135891287
0,382,5028,7.069013524264121
0,383,5036,7.000198570293884
0,384,5027,7.019892580067634
0,385,5066,7.061587050927754
0,386,5102,7.054488435907487
0,387,5144,7.034992223950233
0,388,5144,7.047822706065319
0,389,5169,7.049719481524473
0,390,5174,7.069578662543487
0,391,5159,7.04787749563869
0,392,5197,7.022897825668655
0,393,5207,7.038793931246399
0,394,5260,6.999429657794677
0,395,5343,6.889200823507393
0,396,5360,6.908955223880597
0,397,5350,6.956635514018692
0,398,5389,6.957320467619224
0,399,5434,6.985461906514538
0,400,5468,7.036210680321873
1,0,30,0.0
1,1,30,1.0
1,2,30,2.0
1,3,30,3.0
1,4,30,4.0
1,5,30,5.0
1,6,30,6.0
1,7,30,7.0
1,8,37,6.486486486486487
1,9,40,6.925
1,10,45,7.044444444444444
1,11,54,6.703703703703703
1,12,60,6.933333333333334
1,13,65,7.123076923076923
1,14,71,7.436619718309859
1,15,80,7.4875
1,16,90,7.544444444444444
1,17,104,7.394230769230769
1,18,109,8.009174311926605
1,19,117,8.2991452991453
1,20,127,8.275590551181102
1,21,132,8.833333333333334
1,22,137,8.956204379562044
1,23,151,8.80794701986755
1,24,168,8.43452380952381
1,25,171,8.894736842105264
1,26,181,9.11049723756906
1,27,205,8.721951219512196
1,28,218,8.738532110091743
1,29,227,9.09691629955947
1,30,233,9.467811158798284
1,31,242,9.607438016528926
1,32,238,7.802521008403361
1,33,258,7.9147286821705425
1,34,272,8.110294117647058
1,35,286,8.321678321678322
1,36,307,8.39413680781759
1,37,322,8.20807453416149
1,38,332,8.391566265060241
1,39,340,8.738235294117647
1,40,352,8.747159090909092
1,41,374,8.462566844919786
1,42,391,8.567774936061381
1,43,417,8.256594724220623
1,44,417,8.194244604316546
1,45,431,7.91415313225058
1,46,454,7.720264317180617
1,47,466,7.491416309012876
1,48,474,7.580168776371308
1,49,501,7.688622754491018
1,50,512,7.80078125
1,51,526,7.752851711026616
1,52,545,7.904587155963303
1,53,536,7.951492537313433
1,54,540,8.024074074074074
1,55,568,7.883802816901408
1,56,570,7.814035087719298
1,57,609,7.858784893267652
1,58,626,7.835463258785943
1,59,653,7.612557427258806
1,60,674,7.528189910979228
1,61,692,7.621387283236994
1,62,712,7.525280898876405
1,63,744,7.385752688172043
1,64,765,7.0967320261437905
1,65,785,7.101910828025478
1,66,808,7.1299504950495045
1,67,836,7.148325358851674
1,68,841,7.219976218787158
1,69,850,7.185882352941176
1,70,891,7.219977553310887
1,71,917,7.291166848418757
1,72,932,7.374463519313305
1,73,958,7.421711899791232
1,74,964,7.41597510373444
1,75,984,7.225609756097561
1,76,997,7.317953861584754
1,77,992,7.399193548387097
1,78,1036,7.2471042471042475
1,79,1050,7.236190476190476
1,80,1071,7.184873949579832
1,81,1077,7.3314763231197775
1,82,1083,7.391505078485688
1,83,1077,7.435468895078923
1,84,1084,7.432656826568266
1,85,1098,7.428051001821494
1,86,1115,7.310313901345292
1,87,1138,7.275043936731107
1,88,1155,7.232900432900433
1,89,1190,7.189915966386555
1,90,1224,7.211601307189542
1,91,1220,7.323770491803279
1,92,1247,7.358460304731355
1,93,1269,7.356973995271868
1,94,1273,7.446975648075412
1,95,1277,7.48159749412686
1,96,1270,7.546456692913385
1,97,1275,7.436862745098039
1,98,1281,7.3356752537080405
1,99,1306,7.179938744257274
1,100,1318,7.3399089529590285
1,101,1323,7.427815570672713
1,102,1336,7.25374251497006
1,103,1355,7.233948339483395
1,104,1358,7.247422680412371
1,105,1321,7.270249810749433
1,106,1320,7.284848484848485
1,107,1313,7.376237623762377
1,108,1344,7.368303571428571
1,109,1346,7.408618127786033
1,110,1343,7.350707371556218
1,111,1343,7.2285927029039465
1,112,1349,7.153446997776131
1,113,1372,7.143586005830904
1,114,1383,7.194504699927694
1,115,1397,7.304939155332856
1,116,1394,7.210186513629842
1,117,1436,7.121169916434541
1,118,1443,7.133056133056133
1,119,1465,7.139931740614334
1,120,1476,7.085365853658536
1,121,1515,7.029042904290429
1,122,1535,7.153094462540716
1,123,1557,7.147719974309569
1,124,1578,7.246514575411914
1,125,1575,7.26031746031746
1,126,1580,7.1132911392405065
1,127,1602,7.126716604244694
1,128,1609,7.198259788688627
1,129,1631,7.171060698957695
1,130,1656,7.190217391304348
1,131,1686,7.250889679715303
1,132,1730,7.23121387283237
1,133,1736,7.173963133640553
1,134,1750,7.117142857142857
1,135,1758,7.100682593856655
1,136,1765,7.074787535410765
1,137,1788,7.0855704697986575
1,138,1809,7.042564953012715
1,139,1841,6.955458989679522
1,140,1881,6.94896331738437
1,141,1888,7.027012711864407
1,142,1878,7.068690095846645
1,143,1903,7.068313189700473
1,144,1923,7.13572542901716
1,145,1921,7.101509630400833
1,146,1944,7.17798353909465
1,147,1942,7.1302780638517
1,148,1975,7.129620253164557
1,149,2001,6.9720139930034986
1,150,2002,7.11988011988012
1,151,2019,7.113422486379395
1,152,2026,7.28923988153998
1,153,2044,7.213307240704501
1,154,2079,7.097643097643098
1,155,2101,7.097572584483579
1,156,2103,7.0470756062767475
1,157,2121,7.09005186232909
1,158,2146,7.023299161230196
1,159,2117,6.906943788379783
1,160,2141,6.943484353106025
1,161,2177,6.95590261828204
1,162,2189,6.984010963910461
1,163,2227,6.974405029187247
1,164,2267,6.967798853109837
1,165,2263,6.98232434821034
1,166,2265,6.91832229580574
1,167,2298,6.921235857267189
1,168,2302,6.9930495221546485
1,169,2337,6.983311938382542
1,170,2348,7.01618398637138
1,171,2363,7.0884468895471855
1,172,2389,7.046044370029301
1,173,2397,7.095118898623279
1,174,2422,7.126754748142031
1,175,2416,7.084023178807947
1,176,2433,7.025071927661323
1,177,2450,7.002040816326531
1,178,2487,7.106956172094893
1,179,2505,7.15688622754491
1,180,2519,7.2219134577213175
1,181,2525,7.266930693069307
1,182,2539,7.269003544702639
1,183,2540,7.116929133858267
1,184,2557,7.0434102463824795
1,185,2597,7.028494416634579
1,186,2644,7.018910741301059
1,187,2641,6.956834532374101
1,188,2654,6.95440844009043
1,189,2634,6.985573272589218
1,190,2664,7.054804804804805
1,191,2653,7.079909536373917
1,192,2675,6.980560747663551
1,193,2677,7.0037355248412405
1,194,2671,7.066641707225759
1,195,2709,7.019933554817276
1,196,2765,7.052441229656419
1,197,2816,6.9485085227272725
1,198,2795,6.940608228980322
1,199,2807,7.014250089063057
1,200,2800,7.100714285714286
1,201,2823,7.088558271342543
1,202,2837,7.0687345787804015
1,203,2824,7.087464589235127
1,204,2789,7.1032628182144135
1,205,2832,7.051553672316384
1,206,2904,7.071625344352617
1,207,2934,7.093387866394002
1,208,2897,7.023472557818433
1,209,2905,7.02065404475043
1,210,2934,7.101226993865031
1,211,2923,7.0910023947998635
1,212,2944,7.039402173913044
1,213,2957,7.061887047683463
1,214,2971,7.024234264557388
1,215,3020,7.067549668874173
1,216,2977,7.16224386966745
1,217,3021,7.1075802714333
1,218,3042,7.047994740302433
1,219,3056,7.0013089005235605
1,220,3048,7.05741469816273
1,221,3034,7.060646011865524
1,222,3060,7.0549019607843135
1,223,3143,7.063951638561884
1,224,3120,7.074358974358974
1,225,3135,7.048484848484849
1,226,3124,7.0051216389244555
1,227,3166,6.9583070120025265
1,228,3213,6.929038281979459
1,229,3219,6.893445169307238
1,230,3277,6.908147696063473
1,231,3282,6.958561852528946
1,232,3298,6.896907216494846
1,233,3345,6.933034379671151
1,234,3341,6.986830290332236
1,235,3364,6.992271105826397
1,236,3381,6.960958296362023
1,237,3413,7.059185467330794
1,238,3415,7.102489019033675
1,239,3424,7.06892523364486
1,240,3466,7.047893825735718
1,241,3472,7.088709677419355
1,242,3486,7.097246127366609
1,243,3530,7.062322946175637
1,244,3579,7.0561609388097235
1,245,3575,7.0704895104895105
1,246,3582,7.089893914014517
1,247,3586,7.146123814835471
1,248,3601,7.114412663149126
1,249,3656,7.072757111597374
1,250,3671,7.065104876055571
1,251,3709,7.074683203019682
1,252,3757,7.079318605270163
1,253,3736,7.007762312633833
1,254,3744,6.90625
1,255,3762,6.93859649122807
1,256,3784,6.975422832980972
1,257,3802,6.991583377169911
1,258,3764,6.945536663124336
1,259,3805,6.924835742444152
1,260,3827,6.945649333681735
1,261,3860,6.936787564766839
1,262,3873,6.918151303898786
1,263,3911,6.943748401943237
1,264,3959,6.957565041677191
1,265,3956,7.038169868554095
1,266,3962,7.065118626956083
1,267,3983,7.04920913884007
1,268,4018,7.059482329517173
1,269,4084,7.019833496571988
1,270,4088,6.988747553816047
1,271,4134,6.980648282535075
1,272,4176,7.023227969348659
1,273,4179,6.96290978703039
1,274,4187,6.939813709099594
1,275,4222,6.929654192325912
1,276,4258,6.888445279473931
1,277,4262,6.908728296574378
1,278,4291,6.925891400605919
1,279,4312,6.929730983302412
1,280,4313,6.927428703918387
1,281,4318,6.959703566465956
1,282,4353,6.982770503101309
1,283,4435,6.974520856820744
1,284,4459,6.91343350527024
1,285,4522,6.946262715612561
1,286,4494,6.956831330663106
1,287,4557,6.9411893789773975
1,288,4550,6.962197802197802
1,289,4526,6.988952717631463
1,290,4521,7.039371820393718
1,291,4534,7.041464490516101
1,292,4573,7.027553028646403
1,293,4586,6.9622764936764066
1,294,4564,7.026950043821209
1,295,4587,7.061696097667321
1,296,4625,7.027027027027027
1,297,4643,7.034460478139134
1,298,4671,6.962534789124384
1,299,4688,6.901450511945392
1,300,4733,6.876188463976336
1,301,4754,6.862852334875894
1,302,4709,6.892546188150351
1,303,4640,6.952586206896552
1,304,4633,6.935031297215627
1,305,4645,7.002583423035522
1,306,4637,7.014664653871037
1,307,4673,7.029745345602397
1,308,4693,7.00063924994673
1,309,4716,6.859202714164546
1,310,4736,6.945945945945946
1,311,4747,6.932589003581209
1,312,4751,6.93959166491265
1,313,4781,6.918636268563062
1,314,4786,6.923735896364396
1,315,4800,6.91
1,316,4872,6.938218390804598
1,317,4850,6.871958762886598
1,318,4878,6.892988929889299
1,319,4907,6.868147544324435
1,320,4903,6.964511523557006
1,321,4876,6.982567678424939
1,322,4883,7.0417775957403235
1,323,4864,7.0092516447368425
1,324,4851,6.998763141620285
1,325,4854,7.0339925834363415
1,326,4865,6.997122302158274
1,327,4875,6.9743589743589745
1,328,4928,7.0302353896103895
1,329,4960,7.044758064516129
1,330,4947,7.018192844147968
1,331,4940,6.896761133603239
1,332,5007,6.904733373277412
1,333,5039,6.9489978170271876
1,334,5045,6.969672943508424
1,335,5087,7.012187930017692
1,336,5115,7.013098729227761
1,337,5092,6.993519245875884
1,338,5078,6.976565576998818
1,339,5078,7.01201260338716
1,340,5115,7.034408602150537
1,341,5166,7.004065040650406
1,342,5168,7.072755417956657
1,343,5200,7.012692307692308
1,344,5217,6.975081464443167
1,345,5255,6.944624167459562
1,346,5386,6.859450427033049
1,347,5421,6.832134292565947
1,348,5437,6.824903439396726
1,349,5456,6.850989736070381
1,350,5486,6.930185927816259
1,351,5517,6.935653434837774
1,352,5466,6.992133186974021
1,353,5472,6.996162280701754
1,354,5550,6.925945945945946
1,355,5610,6.968449197860963
1,356,5663,6.917181705809641
1,357,5662,6.930943129636171
1,358,5668,6.941954834156669
1,359,5702,6.995440196422308
1,360,5703,6.981588637559179
1,361,5598,7.054662379421222
1,362,5660,7.0378091872791515
1,363,5688,7.013537271448664
1,364,5727,7.014318142133752
1,365,5726,7.031260915123996
1,366,5728,7.022346368715084
1,367,5695,6.941878841088674
1,368,5720,6.921853146853147
1,369,5663,6.938901642239096
1,370,5704,6.99281206171108
1,371,5705,6.997020157756354
1,372,5661,6.981981981981982
1,373,5722,6.955784690667599
1,374,5706,6.939186820890291
1,375,5733,6.949241234955521
1,376,5735,6.951176983435048
1,377,5777,7.009866712826726
1,378,5814,6.997592019263846
1,379,5815,6.970937231298366
1,380,5845,6.973481608212147
1,381,5864,7.0080150068212825
1,382,5938,6.959077130346918
1,383,5980,6.978260869565218
1,384,6019,6.947831865758432
1,385,5988,6.938543754175017
1,386,6040,6.9718543046357615
1,387,6005,7.021648626144879
1,388,5994,7.041708375041709
1,389,6018,7.009803921568627
1,390,6010,7.03144758735441
1,391,6036,7.017561298873426
1,392,6029,7.010449494111793
1,393,6033,6.997679429802751
1,394,6047,7.0147180420043
1,395,6037,7.010435646844459
1,396,6084,6.974687705456936
1,397,6114,7.000981354268891
1,398,6143,6.978349340713007
1,399,6209,6.92865195683685
1,400,6265,6.901835594573025
2,0,30,0.0
2,1,30,1.0
2,2,30,2.0
2,3,30,3.0
2,4,30,4.0
2,5,30,5.0
2,6,30,6.0
2,7,30,7.0
2,8,34,7.0588235294117645
2,9,36,7.611111111111111
2,10,39,7.948717948717949
2,11,47,7.425531914893617
2,12,55,6.9818181818181815
2,13,69,6.36231884057971
2,14,74,6.783783783783784
2,15,77,7.48051948051948
2,16,82,7.963414634146342
2,17,97,7.577319587628866
2,18,103,7.805825242718447
2,19,106,8.30188679245283
2,20,114,8.473684210526315
2,21,125,8.136
2,22,137,8.335766423357665
2,23,151,8.390728476821192
2,24,163,8.484662576687116
2,25,171,8.818713450292398
2,26,184,8.717391304347826
2,27,194,8.706185567010309
2,28,213,8.741784037558686
2,29,218,9.022935779816514
2,30,237,9.0
2,31,249,9.136546184738956
2,32,249,7.578313253012048
2,33,263,7.809885931558935
2,34,269,8.17100371747212
2,35,282,8.27659574468085
2,36,288,8.32638888888889
2,37,307,8.299674267100977
2,38,319,8.382445141065832
2,39,341,8.357771260997067
2,40,355,8.242253521126761
2,41,360,8.436111111111112
2,42,398,8.203517587939698
2,43,418,8.330143540669857
2,44,430,8.404651162790698
2,45,440,7.970454545454546
2,46,470,7.821276595744681
2,47,476,8.006302521008404
2,48,496,7.838709677419355
2,49,495,7.862626262626263
2,50,503,8.00596421471173
2,51,520,8.034615384615385
2,52,527,8.039848197343453
2,53,553,7.974683544303797
2,54,570,8.024561403508772
2,55,609,7.651888341543514
2,56,648,7.3996913580246915
2,57,685,7.364963503649635
2,58,708,7.505649717514125
2,59,714,7.6232492997198875
2,60,710,7.764788732394366
2,61,726,7.841597796143251
2,62,754,7.811671087533156
2,63,772,7.783678756476684
2,64,783,7.62962962962963
2,65,805,7.396273291925466
2,66,817,7.456548347613219
2,67,842,7.558194774346793
2,68,837,7.627240143369176
2,69,852,7.537558685446009
2,70,875,7.426285714285714
2,71,888,7.449324324324325
2,72,900,7.547777777777778
2,73,919,7.74537540805223
2,74,951,7.8454258675078865
2,75,974,7.651950718685832
2,76,992,7.54133064516129
2,77,1005,7.443781094527363
2,78,1027,7.468354430379747
2,79,1049,7.509056244041945
2,80,1065,7.533333333333333
2,81,1065,7.6845070422535215
2,82,1090,7.612844036697248
2,83,1122,7.590909090909091
2,84,1162,7.4879518072289155
2,85,1168,7.453767123287672
2,86,1159,7.542709232096635
2,87,1174,7.375638841567291
2,88,1189,7.3608074011774605
2,89,1223,7.1201962387571545
2,90,1217,7.161051766639277
2,91,1243,7.267900241351569
2,92,1280,7.13203125
2,93,1304,7.1871165644171775
2,94,1320,7.172727272727273
2,95,1350,7.061481481481482
2,96,1364,7.2324046920821115
2,97,1389,7.211663066954643
2,98,1402,7.242510699001427
2,99,1407,7.245202558635395
2,100,1421,7.2899366643209005
2,101,1462,7.122435020519836
2,102,1464,7.170081967213115
2,103,1472,7.223505434782608
2,104,1477,7.342586323628978
2,105,1497,7.313293253173013
2,106,1521,7.319526627218935
2,107,1509,7.397614314115308
2,108,1551,7.350096711798839
2,109,1570,7.275796178343949
2,110,1574,7.400889453621347
2,111,1602,7.309612983770287
2,112,1598,7.305381727158949
2,113,1609,7.284648850217526
2,114,1645,7.249848024316109
2,115,1686,7.179122182680902
2,116,1695,7.218879056047197
2,117,1703,7.107457428068115
2,118,1716,7.134615384615385
2,119,1697,7.1844431349440185
2,120,1737,7.111111111111111
2,121,1767,7.100169779286927
2,122,1793,7.105409927495817
2,123,1809,7.131564400221117
2,124,1825,7.132602739726027
2,125,1854,7.073894282632147
2,126,1858,7.106566200215285
2,127,1868,7.149357601713062
2,128,1871,7.185996793158739
2,129,1895,7.226912928759894
2,130,1904,7.304096638655462
2,131,1923,7.257930317212688
2,132,1962,7.116717635066259
2,133,1986,6.991440080563947
2,134,1979,7.02678120262759
2,135,1989,7.037707390648567
2,136,1975,7.084050632911392
2,137,1983,7.086232980332829
2,138,2004,7.180638722554891
2,139,2019,7.24665676077266
2,140,2039,7.1608631682197155
2,141,2053,7.031173891865563
2,142,2067,7.126269956458636
2,143,2091,7.044476327116213
2,144,2116,6.976843100189036
2,145,2134,7.049203373945642
2,146,2186,6.983531564501372
2,147,2218,7.077547339945897
2,148,2210,7.118552036199095
2,149,2237,7.064818953956191
2,150,2266,7.010591350397176
2,151,2317,7.088476478204575
2,152,2308,7.0506932409012135
2,153,2316,7.058290155440415
2,154,2310,6.998701298701299
2,155,2334,6.99528706083976
2,156,2349,7.0242656449553005
2,157,2369,6.9742507387083155
2,158,2398,7.012510425354462
2,159,2425,7.043298969072165
2,160,2462,7.077173030056865
2,161,2498,7.150520416333066
2,162,2540,7.05748031496063
2,163,2546,6.999607227022781
2,164,2566,6.933749025720966
2,165,2593,6.948322406478982
2,166,2588,6.949768160741885
2,167,2590,6.95945945945946
2,168,2608,7.068634969325154
2,169,2638,7.058377558756634
2,170,2634,7.071374335611238
2,171,2687,7.036099739486416
2,172,2678,7.142643764002988
2,173,2729,7.148039574935874
2,174,2746,7.0786598689002185
2,175,2747,7.134328358208955
2,176,2777,7.119553474972992
2,177,2813,7.086740135087096
2,178,2826,7.06687898089172
2,179,2821,7.035802906770649
2,180,2851,7.052613118204139
2,181,2875,7.0486956521739135
2,182,2866,7.040474528960224
2,183,2869,7.108400139421401
2,184,2872,7.0995821727019495
2,185,2920,7.0034246575342465
2,186,2932,7.022510231923602
2,187,2980,7.078187919463088
2,188,3010,7.011960132890366
2,189,3050,7.005901639344263
2,190,3033,7.102538740520936
2,191,3031,7.087759815242494
2,192,3072,7.055989583333333
2,193,3104,7.08569587628866
2,194,3149,7.181644966656081
2,195,3173,7.156634100220612
2,196,3198,7.044402751719825
2,197,3231,7.064376354069948
2,198,3271,6.998471415469275
2,199,3259,7.000306842589752
2,200,3255,7.062058371735791
2,201,3239,7.011732016054338
2,202,3279,7.06587374199451
2,203,3274,7.092547342700061
2,204,3306,7.142770719903206
2,205,3322,7.1173991571342565
2,206,3318,7.119951778179626
2,207,3364,7.064209274673009
2,208,3382,7.125665286812537
2,209,3408,7.164025821596244
2,210,3437,7.134128600523712
2,211,3506,7.054192812321734
2,212,3565,6.989901823281907
2,213,3585,6.978800557880056
2,214,3592,7.0228285077951
2,215,3613,7.080819263769721
2,216,3627,7.017921146953405
2,217,3639,7.074471008518824
2,218,3622,7.180563224737714
2,219,3631,7.161663453594051
2,220,3620,7.108563535911602
2,221,3664,7.05867903930131
2,222,3687,6.976674803363168
2,223,3774,6.878113407525173
2,224,3812,6.904774396642183
2,225,3853,6.9283675058396055
2,226,3843,6.9502992453812125
2,227,3847,6.937093839355342
2,228,3836,6.936131386861314
2,229,3853,7.007267064624967
2,230,3897,6.991018732358224
2,231,3934,6.895017793594306
2,232,3986,6.97215253386854
2,233,4026,6.985842026825633
2,234,4058,7.068506653523904
2,235,4106,7.045543107647346
2,236,4128,7.0436046511627906
2,237,4175,6.995928143712574
2,238,4157,6.9987972095261
2,239,4142,7.03138580395944
2,240,4182,7.067670970827355
2,241,4181,7.103085386271227
2,242,4217,7.098885463599715
2,243,4197,7.141767929473433
2,244,4207,7.095555027335394
2,245,4249,7.053895034125676
2,246,4303,7.026260748315129
2,247,4297,7.0851757039795205
2,248,4282,7.007473143390939
2,249,4367,7.014426379665674
2,250,4396,7.045495905368517
2,251,4393,7.052583655816071
2,252,4400,7.1229545454545455
2,253,4458,7.06168685509197
2,254,4465,6.934826427771556
2,255,4540,6.945154185022027
2,256,4548,6.892480211081794
2,257,4624,6.885596885813149
2,258,4644,6.906761412575366
2,259,4618,6.980511043741879
2,260,4645,7.03745963401507
2,261,4679,7.036332549690105
2,262,4712,7.085950764006792
2,263,4733,7.036974434819354
2,264,4766,6.986781368023499
2,265,4764,6.972502099076406
2,266,4843,6.880033037373529
2,267,4881,6.8981766031550915
2,268,4842,6.954564229657167
2,269,4881,6.9364884245031755
2,270,4921,6.9532615322089
2,271,4945,6.988270980788675
2,272,5005,6.989010989010989
2,273,5019,6.964136282127914
2,274,5059,6.910851947025104
2,275,5093,6.894364814451207
2,276,5115,6.920234604105572
2,277,5104,6.938675548589342
2,278,5118,7.014654161781946
2,279,5138,7.003114052160374
2,280,5182,6.997298340409109
2,281,5248,6.941310975609756
2,282,5305,6.876154571159284
2,283,5384,6.855126300148588
2,284,5439,6.89593675307961
2,285,5445,6.89366391184573
2,286,5479,6.9335645190728235
2,287,5512,6.906930333817126
2,288,5497,6.941240676732764
2,289,5524,7.003801593048515
2,290,5548,7.04253785147801
2,291,5590,6.999284436493739
2,292,5606,6.901712450945416
2,293,5652,6.929759377211607
2,294,5688,6.965893108298172
2,295,5685,6.965699208443271
2,296,5733,6.948717948717949
2,297,5736,6.9654811715481175
2,298,5741,6.940776868141438
2,299,5789,6.971670409397133
2,300,5817,6.945848375451264
2,301,5908,6.915876777251185
2,302,5999,6.879146524420737
2,303,6051,6.886630309039828
2,304,6047,6.911195634198776
2,305,6068,6.91381015161503
2,306,6094,6.919593042336724
2,307,6098,6.938340439488357
2,308,6101,6.89050975249959
2,309,6148,6.855400130123617
2,310,6212,6.845782356728912
2,311,6227,6.815641560944275
2,312,6270,6.811323763955343
2,313,6284,6.829248886059834
2,314,6289,6.798219112736524
2,315,6339,6.860230320239785
2,316,6273,6.92762633508688
2,317,6313,6.948677332488516
2,318,6329,7.011850213303839
2,319,6330,7.011532385466035
2,320,6305,7.001110229976209
2,321,6334,7.013577518155984
2,322,6431,6.984139325143834
2,323,6429,6.965002333177788
2,324,6463,6.938418691010367
2,325,6532,6.92360685854256
2,326,6545,6.955385790679908
2,327,6523,6.9472635290510505
2,328,6599,6.93999090771329
2,329,6639,6.925289953306221
2,330,6713,6.947564427230747
2,331,6754,6.900355344980752
2,332,6747,6.946642952423299
2,333,6785,6.975976418570376
2,334,6794,6.9898439799823375
2,335,6835,6.989319678127286
2,336,6874,6.991853360488799
2,337,6882,7.024702121476315
2,338,6897,6.995360301580397
2,339,6897,6.926054806437581
2,340,6960,6.908620689655172
2,341,7024,6.921554669703872
2,342,7033,6.918953504905446
2,343,7022,6.928225576758758
2,344,7037,6.982663066647719
2,345,7112,7.020106861642295
2,346,7111,7.081563774433976
2,347,7105,7.01210415200563
2,348,7088,7.0465575620767495
2,349,7152,7.056347874720358
2,350,7202,7.006942515967787
2,351,7251,7.027720314439388
2,352,7310,7.012585499316005
2,353,7365,6.967684996605567
2,354,7386,6.951259138911454
2,355,7404,6.952323068611562
2,356,7412,7.0128170534268754
2,357,7449,7.040005369848302
2,358,7466,6.994910259844629
2,359,7462,6.995845617796837
2,360,7493,6.970505805418391
2,361,7518,6.982043096568236
2,362,7511,7.013313806417255
2,363,7581,6.9823242316317105
2,364,7657,6.971790518479822
2,365,7646,6.964948992937484
2,366,7684,6.935970848516398
2,367,7718,6.944026949987043
2,368,7771,6.9247201132415395
2,369,7830,6.915581098339719
2,370,7834,6.957365330610161
2,371,7879,7.000888437618987
2,372,7867,7.066607347146308
2,373,7974,7.0480311010785055
2,374,7997,7.038139302238339
2,375,8009,7.034835809714072
2,376,8050,6.9949068322981365
2,377,8042,7.058318826162646
2,378,8089,7.0202744467795775
2,379,8116,6.999383932971908
2,380,8234,6.950449356327423
2,381,8196,6.984260614934114
2,382,8196,6.921547096144461
2,383,8276,6.9247220879652005
2,384,8272,6.920817214700193
2,385,8313,6.978347167087694
2,386,8395,6.964740917212627
2,387,8461,6.965370523578773
2,388,8554,6.982815057283142
2,389,8598,7.022679692951849
2,390,8613,6.991756646929061
2,391,8619,7.018795683954055
2,392,8652,7.02253814147018
2,393,8691,7.024623173397768
2,394,8745,7.054545454545455
2,395,8737,7.072564953645416
2,396,8766,7.075176819530002
2,397,8753,7.080429567005598
2,398,8813,7.075910586633382
2,399,8836,7.044477138976912
2,400,8923,6.995517202734506
3,0,30,0.0
3,1,30,1.0
3,2,30,2.0
3,3,30,3.0
3,4,30,4.0
3,5,30,5.0
3,6,30,6.0
3,7,30,7.0
3,8,38,6.315789473684211
3,9,45,6.177777777777778
3,10,56,5.767857142857143
3,11,58,6.344827586206897
3,12,68,6.264705882352941
3,13,67,7.17910447761194
3,14,70,7.828571428571428
3,15,77,8.025974025974026
3,16,80,8.5875
3,17,83,8.831325301204819
3,18,96,8.5
3,19,106,8.60377358490566
3,20,116,8.689655172413794
3,21,122,8.967213114754099
3,22,130,9.184615384615384
3,23,147,8.816326530612244
3,24,164,8.713414634146341
3,25,184,8.41304347826087
3,26,197,8.720812182741117
3,27,203,8.89655172413793
3,28,213,9.164319248826292
3,29,224,9.379464285714286
3,30,233,9.540772532188841
3,31,249,9.325301204819278
3,32,241,7.564315352697095
3,33,255,7.749019607843137
3,34,272,7.794117647058823
3,35,284,7.971830985915493
3,36,294,8.380952380952381
3,37,303,8.801980198019802
3,38,311,8.659163987138264
3,39,329,8.604863221884498
3,40,356,8.382022471910112
3,41,383,8.315926892950392
3,42,379,8.316622691292876
3,43,395,8.162025316455697
3,44,412,8.337378640776699
3,45,440,8.097727272727273
3,46,456,8.125
3,47,468,7.771367521367521
3,48,479,7.9728601252609606
3,49,502,7.780876494023905
3,50,523,7.684512428298279
3,51,543,7.488029465930018
3,52,567,7.507936507936508
3,53,601,7.424292845257903
3,54,600,7.405
3,55,612,7.4640522875816995
3,56,629,7.470588235294118
3,57,643,7.463452566096423
3,58,647,7.595054095826893
3,59,673,7.515601783060921
3,60,686,7.737609329446064
3,61,716,7.611731843575419
3,62,720,7.541666666666667
3,63,728,7.559065934065934
3,64,733,7.54024556616644
3,65,739,7.585926928281461
3,66,752,7.60904255319149
3,67,769,7.388816644993498
3,68,795,7.447798742138365
3,69,808,7.534653465346534
3,70,807,7.286245353159852
3,71,815,7.179141104294478
3,72,831,7.222623345367028
3,73,841,7.2461355529131986
3,74,848,7.3290094339622645
3,75,864,7.298611111111111
3,76,884,7.3789592760181
3,77,917,7.290076335877862
3,78,937,7.184631803628602
3,79,940,7.259574468085106
3,80,951,7.281808622502629
3,81,971,7.2749742533470645
3,82,975,7.362051282051282
3,83,975,7.356923076923077
3,84,980,7.298979591836734
3,85,1003,7.2771684945164505
3,86,1001,7.2147852147852145
3,87,995,7.27035175879397
3,88,994,7.395372233400402
3,89,993,7.277945619335347
3,90,980,7.437755102040816
3,91,984,7.528455284552845
3,92,1003,7.369890329012961
3,93,990,7.348484848484849
3,94,1008,7.364087301587301
3,95,1012,7.384387351778656
3,96,1009,7.380574826560951
3,97,1006,7.3021868787276345
3,98,1017,7.329400196656834
3,99,1035,7.241545893719807
3,100,1041,7.219980787704131
3,101,1043,7.123681687440077
3,102,1023,7.01564027370479
3,103,1036,7.028957528957529
3,104,1061,7.106503298774741
3,105,1078,6.978664192949907
3,106,1061,7.079170593779454
3,107,1069,7.0374181478016835
3,108,1078,6.914656771799629
3,109,1089,6.861340679522498
3,110,1101,7.121707538601272
3,111,1122,7.10873440285205
3,112,1140,7.200877192982456
3,113,1148,7.129790940766551
3,114,1143,7.103237095363079
3,115,1149,7.27154046997389
3,116,1154,7.40207972270364
3,117,1142,7.4430823117338
3,118,1142,7.435201401050788
3,119,1128,7.406914893617022
3,120,1121,7.39964317573595
3,121,1134,7.251322751322752
3,122,1138,7.1968365553602816
3,123,1160,7.077586206896552
3,124,1158,7.15112262521589
3,125,1173,7.064791133844842
3,126,1194,7.010887772194305
3,127,1194,7.067839195979899
3,128,1187,7.037910699241786
3,129,1212,7.072607260726072
3,130,1222,7.04746317512275
3,131,1233,7.065693430656935
3,132,1268,7.05205047318612
3,133,1271,7.121951219512195
3,134,1271,7.177812745869394
3,135,1295,7.104247104247104
3,136,1300,7.023076923076923
3,137,1308,7.129204892966361
3,138,1315,7.190874524714829
3,139,1325,7.175849056603774
3,140,1326,7.138763197586727
3,141,1315,7.092775665399239
3,142,1303,7.158096699923254
3,143,1283,7.184723304754482
3,144,1270,7.262992125984252
3,145,1312,7.3010670731707314
3,146,1320,7.2681818181818185
3,147,1347,7.270230141054195
3,148,1340,7.374626865671642
3,149,1320,7.387878787878788
3,150,1336,7.282185628742515
3,151,1313,7.220868240670221
3,152,1307,7.165263963274675
3,153,1347,6.991091314031181
3,154,1343,7.025316455696203
3,155,1353,6.99630450849963
3,156,1335,7.052434456928839
3,157,1345,7.087732342007435
3,158,1336,7.1818862275449105
3,159,1354,7.07754800590842
3,160,1355,7.050184501845019
3,161,1391,6.9202012940330695
3,162,1419,6.935870331219168
3,163,1444,7.0270083102493075
3,164,1470,6.993197278911564
3,165,1473,7.098438560760353
3,166,1449,7.3478260869565215
3,167,1457,7.354152367879204
3,168,1485,7.166329966329966
3,169,1501,7.092604930046636
3,170,1502,6.984687083888149
3,171,1505,6.8903654485049834
3,172,1516,6.862137203166227
3,173,1525,7.005245901639344
3,174,1552,7.012242268041237
3,175,1579,7.064597846738442
3,176,1571,6.96053469127944
3,177,1571,6.999363462762572
3,178,1578,7.033586818757922
3,179,1593,6.963590709353421
3,180,1608,7.0068407960199
3,181,1608,7.085199004975125
3,182,1616,6.897277227722772
3,183,1656,6.88768115942029
3,184,1635,6.851376146788991
3,185,1620,6.9450617283950615
3,186,1643,6.984783931832014
3,187,1666,6.914765906362545
3,188,1660,7.007831325301205
3,189,1664,6.926081730769231
3,190,1675,7.010149253731344
3,191,1664,6.9579326923076925
3,192,1681,6.941701368233194
3,193,1644,6.924574209245742
3,194,1666,6.96578631452581
3,195,1653,7.0417422867513615
3,196,1643,7.085209981740718
3,197,1634,7.112607099143207
3,198,1664,7.0907451923076925
3,199,1682,7.110582639714625
3,200,1688,7.063388625592417
3,201,1661,7.134256472004816
3,202,1696,7.0477594339622645
3,203,1676,7.064439140811456
3,204,1646,7.043742405832321
3,205,1641,7.024375380865326
3,206,1648,7.100728155339806
3,207,1625,7.009846153846154
3,208,1618,6.986402966625463
3,209,1615,6.99938080495356
3,210,1660,7.007831325301205
3,211,1642,7.054811205846528
3,212,1609,7.206339341205718
3,213,1621,7.127082048118446
3,214,1620,7.17962962962963
3,215,1603,7.293200249532127
3,216,1597,7.208515967438948
3,217,1604,7.212593516209476
3,218,1599,7.1751094434021265
3,219,1613,7.127092374457533
3,220,1607,7.016801493466086
3,221,1620,7.030246913580247
3,222,1610,6.940993788819876
3,223,1604,6.986284289276808
3,224,1601,7.003123048094941
3,225,1602,7.0543071161048685
3,226,1599,7.046904315196998
3,227,1619,7.040765904879556
3,228,1649,7.048514251061249
3,229,1653,7.03145795523291
3,230,1653,7.136116152450091
3,231,1604,7.160224438902743
3,232,1607,7.080273802115744
3,233,1625,7.072615384615385
3,234,1663,7.046301864101022
3,235,1684,7.058194774346793
3,236,1701,7.118165784832452
3,237,1726,7.095017381228273
3,238,1761,7.072685973878478
3,239,1780,7.049438202247191
3,240,1786,7.057110862262038
3,241,1799,7.125069483046137
3,242,1811,7.082827167310878
3,243,1790,7.056983240223464
3,244,1790,7.081564245810056
3,245,1816,7.072687224669603
3,246,1848,7.1812770562770565
3,247,1877,7.156100159829515
3,248,1910,7.110994764397906
3,249,1960,6.937244897959184
3,250,1983,6.985375693393848
3,251,1989,7.017596782302665
3,252,2037,7.002454590083456
3,253,2043,7.122369065100343
3,254,2054,7.110029211295034
3,255,2059,7.164643030597377
3,256,2069,7.198646689221846
3,257,2087,7.172975563009104
3,258,2101,7.13707758210376
3,259,2096,7.229007633587786
3,260,2149,7.045602605863192
3,261,2180,6.965137614678899
3,262,2181,6.923429619440624
3,263,2183,7.113147045350435
3,264,2192,7.100364963503649
3,265,2221,6.876632147681224
3,266,2205,6.93015873015873
3,267,2221,7.009905447996398
3,268,2231,7.030927835051546
3,269,2265,7.008830022075055
3,270,2283,7.011826544021025
3,271,2327,7.069187795444779
3,272,2338,7.105645851154833
3,273,2374,7.136899747262005
3,274,2381,7.0676186476270475
3,275,2406,7.089775561097257
3,276,2376,7.14520202020202
3,277,2401,7.082465639316951
3,278,2395,7.073486430062631
3,279,2423,7.009492364836979
3,280,2438,6.996718621821165
3,281,2446,7.105069501226493
3,282,2442,7.07002457002457
3,283,2474,7.052142279708973
3,284,2487,6.95697627663852
3,285,2488,6.952974276527331
3,286,2470,7.01336032388664
3,287,2481,7.085852478839178
3,288,2506,7.080606544293695
3,289,2511,7.034249303066507
3,290,2553,7.021151586368978
3,291,2584,6.943111455108359
3,292,2620,6.988549618320611
3,293,2647,7.0544012089157535
3,294,2657,7.026721866767031
3,295,2666,7.036384096024006
3,296,2697,7.024471635150167
3,297,2701,7.063680118474639
3,298,2717,7.014354066985646
3,299,2773,6.996033177064551
3,300,2821,6.922013470400567
3,301,2860,6.879370629370629
3,302,2907,6.85999312005504
3,303,2934,6.8227675528289025
3,304,2952,6.937669376693767
3,305,2948,7.069877883310719
3,306,2914,7.054564172958133
3,307,2894,7.104353835521769
3,308,2912,7.033653846153846
3,309,2934,7.033060668029993
3,310,2996,7.025700934579439
3,311,3002,6.965689540306462
3,312,3028,6.937252311756935
3,313,3090,6.927831715210356
3,314,3081,6.916585524180461
3,315,3084,6.973086900129702
3,316,3079,6.950633322507308
3,317,3091,6.90650274991912
3,318,3099,6.967731526298806
3,319,3107,6.983585452204699
3,320,3112,6.973971722365039
3,321,3115,6.988121990369182
3,322,3155,6.982884310618067
3,323,3151,6.99047921294827
3,324,3171,6.964679911699779
3,325,3225,6.922480620155039
3,326,3218,6.932566811684276
3,327,3203,6.917265064002498
3,328,3268,6.862607099143207
3,329,3305,6.818154311649017
3,330,3309,6.872166817769719
3,331,3301,6.973038473189942
3,332,3329,6.986482427155302
3,333,3363,6.971454058876003
3,334,3433,6.943780949606758
3,335,3484,6.955510907003444
3,336,3496,6.905606407322654
3,337,3502,6.955168475157053
3,338,3488,7.050745412844036
3,339,3510,7.000854700854701
3,340,3523,6.978427476582458
3,341,3525,7.013900709219858
3,342,3551,6.975218248380738
3,343,3576,6.98489932885906
3,344,3625,6.8918620689655175
3,345,3645,6.906721536351166
3,346,3657,6.94640415641236
3,347,3666,7.002454991816694
3,348,3665,7.0998635743519785
3,349,3719,7.117773595052434
3,350,3713,7.073256127120927
3,351,3700,7.12054054054054
3,352,3699,7.095431197620979
3,353,3674,7.110778443113772
3,354,3678,7.066884176182708
3,355,3705,6.985155195681512
3,356,3732,7.04957127545552
3,357,3762,7.038809144072302
3,358,3798,6.996050552922591
3,359,3843,7.011449388498569
3,360,3858,6.959305339554173
3,361,3845,6.930559167750325
3,362,3852,6.941588785046729
3,363,3851,6.886263308231628
3,364,3809,6.955368863218693
3,365,3799,7.0155304027375625
3,366,3815,6.936304062909567
3,367,3835,7.005215123859192
3,368,3890,6.9766066838046275
3,369,3954,6.915275670207385
3,370,3979,6.90575521487811
3,371,4006,6.897154268597104
3,372,4040,6.941336633663366
3,373,4047,7.050160612799605
3,374,4033,7.094966526159187
3,375,4012,7.09247258225324
3,376,4019,7.1030106991789
3,377,4052,7.0779861796643635
3,378,4097,7.029533805223334
3,379,4170,6.969544364508393
3,380,4179,6.937305575496531
3,381,4253,6.994592052668705
3,382,4238,7.030910806984426
3,383,4271,6.987356590962304
3,384,4308,7.021819870009285
3,385,4329,7.057057057057057
3,386,4338,7.11134163208852
3,387,4328,7.044824399260628
3,388,4310,6.945475638051044
3,389,4361,7.004356798899335
3,390,4351,7.025281544472535
3,391,4424,7.003390596745027
3,392,4415,7.071121177802945
3,393,4416,7.119338768115942
3,394,4470,7.1076062639821025
3,395,4478,7.003796337650737
3,396,4530,7.021633554083885
3,397,4553,7.0658906215681965
3,398,4557,7.052007899934167
3,399,4522,6.980097302078726
3,400,4526,6.990499337163058
4,0,30,0.0
4,1,30,1.0
4,2,30,2.0
4,3,30,3.0
4,4,30,4.0
4,5,30,5.0
4,6,30,6.0
4,7,30,7.0
4,8,35,6.857142857142857
4,9,40,6.875
4,10,42,7.5
4,11,48,7.4375
4,12,52,7.788461538461538
4,13,54,8.462962962962964
4,14,56,9.125
4,15,65,8.723076923076922
4,16,70,9.028571428571428
4,17,77,9.116883116883116
4,18,87,8.954022988505747
4,19,94,9.212765957446809
4,20,101,9.504950495049505
4,21,108,9.824074074074074
4,22,119,9.638655462184873
4,23,129,9.30232558139535
4,24,142,9.112676056338028
4,25,152,9.144736842105264
4,26,154,9.616883116883116
4,27,164,9.829268292682928
4,28,176,9.943181818181818
4,29,186,10.21505376344086
4,30,196,9.785714285714286
4,31,202,9.683168316831683
4,32,188,7.4361702127659575
4,33,203,7.512315270935961
4,34,214,7.593457943925234
4,35,222,7.86036036036036
4,36,232,7.9655172413793105
4,37,245,8.012244897959183
4,38,253,8.264822134387352
4,39,270,8.311111111111112
4,40,275,8.185454545454546
4,41,275,8.043636363636363
4,42,282,8.26241134751773
4,43,293,8.187713310580206
4,44,312,7.897435897435898
4,45,329,7.848024316109423
4,46,337,7.688427299703264
4,47,342,7.681286549707602
4,48,343,7.839650145772595
4,49,353,8.022662889518413
4,50,367,8.087193460490463
4,51,384,8.09375
4,52,392,7.926020408163265
4,53,397,7.952141057934509
4,54,418,7.784688995215311
4,55,435,7.689655172413793
4,56,433,7.533487297921478
4,57,436,7.58256880733945
4,58,450,7.826666666666667
4,59,464,7.890086206896552
4,60,491,7.782077393075356
4,61,499,7.55310621242485
4,62,520,7.4557692307692305
4,63,539,7.341372912801484
4,64,554,7.444043321299639
4,65,567,7.479717813051146
4,66,569,7.427065026362039
4,67,582,7.281786941580756
4,68,608,7.574013157894737
4,69,621,7.4170692431562
4,70,634,7.547318611987381
4,71,645,7.351937984496124
4,72,664,7.275602409638554
4,73,674,7.491097922848665
4,74,671,7.488822652757079
4,75,668,7.405688622754491
4,76,671,7.493293591654248
4,77,695,7.253237410071942
4,78,685,7.319708029197081
4,79,701,7.299572039942938
4,80,717,7.309623430962343
4,81,723,7.2378976486860305
4,82,739,7.188092016238159
4,83,754,7.237400530503979
4,84,767,7.209908735332464
4,85,778,7.317480719794345
4,86,783,7.114942528735632
4,87,797,7.121706398996236
4,88,828,7.163043478260869
4,89,845,7.145562130177515
4,90,855,7.1953216374269005
4,91,867,7.124567474048443
4,92,858,7.298368298368298
4,93,876,7.127853881278539
4,94,889,7.136107986501687
4,95,907,7.152149944873209
4,96,932,7.257510729613734
4,97,954,7.267295597484277
4,98,993,7.173212487411883
4,99,977,7.354145342886387
4,100,981,7.345565749235474
4,101,995,7.269346733668342
4,102,1005,7.124378109452737
4,103,1021,7.203721841332028
4,104,1042,7.144913627639156
4,105,1077,7.23769730733519
4,106,1087,7.209751609935602
4,107,1113,7.056603773584905
4,108,1127,7.080745341614906
4,109,1163,7.120378331900258
4,110,1205,7.101244813278008
4,111,1228,7.179967426710098
4,112,1242,7.096618357487923
4,113,1280,7.1125
4,114,1282,7.185647425897036
4,115,1286,7.135303265940902
4,116,1280,7.20234375
4,117,1274,7.142857142857143
4,118,1292,7.213622291021672
4,119,1305,7.1432950191570885
4,120,1345,7.136802973977695
4,121,1348,7.114243323442136
4,122,1372,7.180758017492711
4,123,1407,7.12864250177683
4,124,1423,7.304989458889669
4,125,1398,7.236766809728183
4,126,1392,7.213362068965517
4,127,1411,7.167965981573352
4,128,1423,7.170063246661981
4,129,1437,7.073068893528184
4,130,1467,7.092706203135651
4,131,1514,7.062747688243065
4,132,1552,7.114690721649485
4,133,1552,7.135953608247423
4,134,1588,7.253778337531486
4,135,1589,7.281308999370673
4,136,1607,7.228375855631612
4,137,1608,7.154850746268656
4,138,1595,7.140438871473354
4,139,1611,7.176908752327747
4,140,1635,7.124770642201835
4,141,1653,7.097398669086509
4,142,1684,7.130641330166271
4,143,1679,7.213222156045265
4,144,1700,7.182352941176471
4,145,1712,7.098714953271028
4,146,1754,7.151083238312428
4,147,1780,7.104494382022472
4,148,1782,7.051627384960718
4,149,1806,7.0703211517165006
4,150,1828,7.099562363238512
4,151,1874,7.0373532550693705
4,152,1901,7.02682798527091
4,153,1924,7.023908523908524
4,154,1958,6.980592441266599
4,155,1969,6.960893854748603
4,156,1963,6.937340804890474
4,157,1962,7.072375127420999
4,158,1963,7.045338767193072
4,159,1977,7.088012139605463
4,160,2021,7.095002474022761
4,161,2025,7.03358024691358
4,162,2067,7.053701015965167
4,163,2092,7.019598470363289
4,164,2106,7.020892687559354
4,165,2125,6.94164705882353
4,166,2114,6.902081362346263
4,167,2121,6.926449787835926
4,168,2098,7.09580552907531
4,169,2104,7.154942965779468
4,170,2108,7.2362428842504745
4,171,2115,7.212765957446808
4,172,2119,7.151014629542237
4,173,2138,7.107577174929841
4,174,2133,7.0168776371308015
4,175,2154,7.051996285979573
4,176,2161,7.05090236001851
4,177,2210,7.071493212669683
4,178,2218,7.0432822362488725
4,179,2229,7.1009421265141315
4,180,2215,7.123250564334086
4,181,2196,7.179872495446266
4,182,2223,7.199730094466936
4,183,2236,7.211985688729874
4,184,2232,7.248655913978495
4,185,2252,7.197158081705151
4,186,2267,7.098808998676665
4,187,2260,7.078761061946903
4,188,2270,7.14625550660793
4,189,2253,7.1016422547714155
4,190,2260,7.15
4,191,2267,7.127922364358183
4,192,2288,7.15472027972028
4,193,2319,7.05605864596809
4,194,2319,7.078482104355325
4,195,2349,6.967645806726266
4,196,2391,7.009619406106232
4,197,2412,7.016583747927031
4,198,2419,6.883836295990078
4,199,2481,6.884320838371624
4,200,2467,6.854073773814349
4,201,2482,6.828364222401289
4,202,2488,6.877813504823151
4,203,2485,7.072032193158954
4,204,2495,7.090981963927856
4,205,2505,7.130538922155688
4,206,2498,7.178542834267414
4,207,2539,7.046868846002363
4,208,2510,7.029482071713147
4,209,2551,7.008232065856527
4,210,2579,6.955021326095386
4,211,2574,7.04001554001554
4,212,2603,7.074145217057242
4,213,2603,7.076066077602766
4,214,2649,7.0528501321253305
4,215,2677,7.025028016436309
4,216,2690,6.987732342007435
4,217,2697,7.03522432332221
4,218,2708,7.036927621861152
4,219,2694,7.1106161841128435
4,220,2656,7.165286144578313
4,221,2671,7.071883189816548
4,222,2670,6.988014981273408
4,223,2712,6.950589970501475
4,224,2724,6.952643171806168
4,225,2767,6.962052764727141
4,226,2790,6.999641577060932
4,227,2786,7.036252692031587
4,228,2780,7.022302158273381
4,229,2791,7.008957362952347
4,230,2827,7.021577644145737
4,231,2881,6.955570982297814
4,232,2903,6.981054081984154
4,233,2910,6.985910652920962
4,234,2910,7.037800687285223
4,235,2901,7.031023784901758
4,236,2914,6.978380233356211
4,237,2935,6.993867120954003
4,238,2958,6.976673427991886
4,239,2928,6.963456284153006
4,240,2932,7.0375170532060025
4,241,2946,6.958248472505091
4,242,2925,6.998974358974359
4,243,2945,7.090662139219015
4,244,2943,7.063200815494393
4,245,2932,7.097544338335607
4,246,2954,7.022681110358835
4,247,2960,7.037837837837838
4,248,2945,7.176570458404075
4,249,2971,7.105688320430831
4,250,2973,7.031617894382778
4,251,2954,7.0822613405551795
4,252,3004,7.032956058588549
4,253,3059,7.03792088917947
4,254,3111,7.000964320154291
4,255,3158,6.933185560481317
4,256,3194,6.938321853475266
4,257,3235,6.942194744976816
4,258,3214,7.028624766645924
4,259,3242,7.04996915484269
4,260,3262,7.046903740036787
4,261,3249,7.05570944906125
4,262,3262,7.054567749846719
4,263,3276,7.009462759462759
4,264,3322,7.034918723660446
4,265,3377,7.0
4,266,3433,6.989804835420915
4,267,3419,6.918104708979234
4,268,3387,7.010333628579864
4,269,3425,6.9489051094890515
4,270,3490,6.945558739255015
4,271,3501,6.955155669808626
4,272,3541,6.9824908218017505
4,273,3558,6.970207982012367
4,274,3578,7.017048630519843
4,275,3655,6.977564979480164
4,276,3670,7.000272479564033
4,277,3673,6.9795807242036485
4,278,3739,6.956138004814122
4,279,3769,6.990979039533032
4,280,3762,7.037745879851143
4,281,3792,6.981540084388186
4,282,3840,6.9546875
4,283,3865,7.01267787839586
4,284,3862,7.061885033661316
4,285,3932,7.066124109867752
4,286,3981,7.032906304948505
4,287,3999,7.0310077519379846
4,288,4006,7.010234648027958
4,289,4000,7.022
4,290,3968,7.090725806451613
4,291,4019,7.091813884050759
4,292,4015,7.0047322540473225
4,293,4042,6.9829292429490355
4,294,4118,7.0092277804759595
4,295,4123,6.978656318214892
4,296,4159,7.009617696561674
4,297,4145,7.001930036188178
4,298,4145,7.010856453558504
4,299,4201,6.98452749345394
4,300,4178,7.015318334131163
4,301,4184,6.927581261950287
4,302,4231,6.9222406050579055
4,303,4279,6.966580976863753
4,304,4310,7.019257540603248
4,305,4297,7.04072608796835
4,306,4300,6.982558139534884
4,307,4337,6.943278764122666
4,308,4331,7.016162549064881
4,309,4347,7.039107430411779
4,310,4380,7.118036529680365
4,311,4385,7.109007981755986
4,312,4451,7.112334306897327
4,313,4499,7.066681484774394
4,314,4512,7.046320921985815
4,315,4531,7.045243875524167
4,316,4549,6.966366234337217
4,317,4579,6.9591613889495525
4,318,4527,6.969516235917826
4,319,4562,6.976106970626918
4,320,4570,6.97855579868709
4,321,4546,6.980862296524417
4,322,4543,7.011666299801893
4,323,4530,7.032229580573952
4,324,4544,7.050176056338028
4,325,4632,7.022884283246977
4,326,4661,7.021883715940786
4,327,4676,7.027801539777587
4,328,4707,7.058211174845974
4,329,4748,7.022535804549284
4,330,4727,7.021578167971229
4,331,4745,7.051211801896733
4,332,4719,7.017588472133927
4,333,4719,6.921805467260013
4,334,4743,7.023613746573899
4,335,4725,7.023280423280423
4,336,4754,6.981489272191839
4,337,4823,6.966410947543023
4,338,4855,6.944181256436663
4,339,4883,7.031742781077207
4,340,4927,7.016642987619241
4,341,4978,6.97408597830454
4,342,4983,7.01264298615292
4,343,5056,7.050632911392405
4,344,5077,7.084695686428994
4,345,5079,7.133687733805868
4,346,5074,7.049664958612534
4,347,5126,7.024190401872805
4,348,5180,6.975675675675675
4,349,5171,6.918197640688454
4,350,5194,6.893530997304582
4,351,5213,6.8887396892384425
4,352,5263,6.868896066882006
4,353,5296,6.926359516616314
4,354,5329,6.9649089885532
4,355,5351,6.953653522706036
4,356,5373,6.966126930951051
4,357,5436,6.947019867549669
4,358,5523,6.981531776208582
4,359,5543,6.990979613927476
4,360,5539,7.016609496298971
4,361,5532,6.98879248011569
4,362,5517,7.040239260467645
4,363,5553,6.9753286511795425
4,364,5568,7.005567528735632
4,365,5598,7.041086102179349
4,366,5631,7.051500621559225
4,367,5643,7.010987063618643
4,368,5702,7.0294633461943175
4,369,5743,7.065296883162111
4,370,5765,7.117085862966175
4,371,5812,7.07639366827254
4,372,5824,7.065247252747253
4,373,5818,7.050876589893434
4,374,5808,7.004820936639119
4,375,5794,7.005350362443908
4,376,5804,7.004651964162647
4,377,5851,6.958297726884293
4,378,5884,6.973147518694765
4,379,5881,6.995749022275123
4,380,5919,7.017401588106099
4,381,5937,7.024928415024423
4,382,5988,7.0125250501002006
4,383,6030,6.959701492537313
4,384,6069,6.936892404020432
4,385,6086,6.915379559645087
4,386,6153,6.941166910450187
4,387,6179,6.974591357824891
4,388,6234,6.969521976259224
4,389,6219,7.014632577584821
4,390,6186,7.0350792111218885
4,391,6181,6.977511729493609
4,392,6229,7.0370846042703485
4,393,6301,7.017298841453737
4,394,6333,6.99857887257224
4,395,6351,6.984569359156039
4,396,6443,7.004656216048424
4,397,6508,7.0205900430239705
4,398,6493,7.059910673032497
4,399,6555,7.015102974828375
4,400,6593,7.018959502502654
5,0,30,0.0
5,1,30,1.0
5,2,30,2.0
5,3,30,3.0
5,4,30,4.0
5,5,30,5.0
5,6,30,6.0
5,7,30,7.0
5,8,36,6.666666666666667
5,9,43,6.4186046511627906
5,10,50,6.38
5,11,56,6.589285714285714
5,12,62,6.854838709677419
5,13,64,7.609375
5,14,73,7.5479452054794525
5,15,76,8.210526315789474
5,16,82,8.536585365853659
5,17,86,9.093023255813954
5,18,93,9.333333333333334
5,19,104,9.057692307692308
5,20,114,8.719298245614034
5,21,117,8.863247863247864
5,22,126,8.984126984126984
5,23,135,8.807407407407407
5,24,141,8.546099290780141
5,25,149,8.610738255033556
5,26,154,8.75974025974026
5,27,156,9.083333333333334
5,28,164,9.103658536585366
5,29,165,9.66060606060606
5,30,169,9.875739644970414
5,31,178,9.792134831460674
5,32,170,7.294117647058823
5,33,171,7.6725146198830405
5,34,181,7.790055248618785
5,35,187,7.866310160427807
5,36,183,7.890710382513661
5,37,188,7.861702127659575
5,38,186,7.704301075268817
5,39,198,7.570707070707071
5,40,203,7.384236453201971
5,41,207,7.714975845410628
5,42,201,7.721393034825871
5,43,209,7.779904306220096
5,44,210,7.319047619047619
5,45,219,7.17351598173516
5,46,219,6.767123287671233
5,47,220,7.2681818181818185
5,48,227,7.317180616740088
5,49,229,7.541484716157205
5,50,232,7.573275862068965
5,51,238,7.823529411764706
5,52,234,7.576923076923077
5,53,236,7.61864406779661
5,54,243,7.304526748971194
5,55,248,7.504032258064516
5,56,243,7.530864197530864
5,57,250,7.42
5,58,250,7.408
5,59,262,7.488549618320611
5,60,267,7.3745318352059925
5,61,263,7.262357414448669
5,62,258,7.593023255813954
5,63,268,7.369402985074627
5,64,263,7.178707224334601
5,65,275,7.218181818181818
5,66,283,7.519434628975265
5,67,273,7.714285714285714
5,68,273,7.446886446886447
5,69,276,7.605072463768116
5,70,272,7.544117647058823
5,71,273,7.758241758241758
5,72,272,7.713235294117647
5,73,271,7.291512915129151
5,74,278,7.276978417266187
5,75,283,7.3674911660777385
5,76,288,7.243055555555555
5,77,295,7.271186440677966
5,78,313,7.02555910543131
5,79,307,7.127035830618892
5,80,310,7.125806451612903
5,81,309,7.330097087378641
5,82,310,7.648387096774194
5,83,322,7.270186335403727
5,84,309,7.475728155339806
5,85,318,7.437106918238993
5,86,324,7.2253086419753085
5,87,339,7.117994100294985
5,88,337,6.84272997032641
5,89,332,6.719879518072289
5,90,346,6.638728323699422
5,91,358,6.689944134078212
5,92,362,6.8535911602209945
5,93,357,6.798319327731092
5,94,370,6.859459459459459
5,95,382,6.9162303664921465
5,96,388,6.935567010309279
5,97,393,7.127226463104326
5,98,397,7.405541561712846
5,99,400,7.34
5,100,413,7.300242130750605
5,101,416,7.314903846153846
5,102,424,7.22877358490566
5,103,413,6.88861985472155
5,104,416,7.0360576923076925
5,105,415,7.024096385542169
5,106,416,7.0985576923076925
5,107,408,7.227941176470588
5,108,412,7.589805825242719
5,109,415,7.412048192771084
5,110,412,7.194174757281553
5,111,411,7.209245742092458
5,112,430,7.141860465116279
5,113,436,7.002293577981652
5,114,432,7.127314814814815
5,115,448,7.169642857142857
5,116,447,7.210290827740492
5,117,459,7.239651416122005
5,118,461,6.9869848156182215
5,119,468,7.138888888888889
5,120,460,7.280434782608696
5,121,459,7.315904139433552
5,122,463,7.382289416846652
5,123,458,7.347161572052402
5,124,463,7.345572354211663
5,125,461,7.258134490238612
5,126,483,7.024844720496894
5,127,483,7.062111801242236
5,128,482,7.126556016597511
5,129,474,7.135021097046414
5,130,481,7.145530145530145
5,131,496,7.241935483870968
5,132,496,7.294354838709677
5,133,494,7.131578947368421
5,134,501,6.836327345309381
5,135,514,6.846303501945525
5,136,512,6.810546875
5,137,499,6.959919839679359
5,138,502,7.02988047808765
5,139,513,6.920077972709552
5,140,509,6.893909626719057
5,141,500,6.866
5,142,499,6.937875751503006
5,143,509,7.043222003929273
5,144,507,7.236686390532545
5,145,495,7.361616161616162
5,146,498,7.325301204819277
5,147,509,7.300589390962672
5,148,508,7.2263779527559056
5,149,499,7.132264529058117
5,150,506,7.08893280632411
5,151,521,6.8982725527831095
5,152,535,6.994392523364486
5,153,527,6.905123339658444
5,154,524,7.1183206106870225
5,155,507,7.088757396449704
5,156,491,7.146639511201629
5,157,494,7.232793522267206
5,158,489,7.038854805725971
5,159,494,7.0910931174089065
5,160,512,7.08984375
5,161,512,7.146484375
5,162,500,7.16
5,163,519,6.926782273603083
5,164,519,6.965317919075145
5,165,524,6.900763358778626
5,166,525,6.92
5,167,528,7.041666666666667
5,168,521,7.019193857965451
5,169,526,7.064638783269962
5,170,528,7.15719696969697
5,171,521,7.032629558541267
5,172,521,7.0786948176583495
5,173,519,7.194605009633912
5,174,527,7.045540796963947
5,175,536,7.07089552238806
5,176,538,7.12453531598513
5,177,540,7.016666666666667
5,178,536,7.125
5,179,543,7.066298342541437
5,180,538,7.118959107806692
5,181,551,7.043557168784029
5,182,542,7.1162361623616235
5,183,539,7.072356215213358
5,184,532,6.966165413533835
5,185,518,7.162162162162162
5,186,529,7.3081285444234405
5,187,525,7.226666666666667
5,188,525,7.316190476190476
5,189,543,7.274401473296501
5,190,557,7.233393177737882
5,191,558,7.302867383512544
5,192,551,7.143375680580762
5,193,557,7.0754039497307
5,194,563,7.072824156305506
5,195,562,7.129893238434164
5,196,563,7.175843694493783
5,197,561,7.208556149732621
5,198,579,7.1070811744386875
5,199,581,7.115318416523236
5,200,588,7.105442176870748
5,201,599,6.981636060100167
5,202,608,7.077302631578948
5,203,614,6.890879478827362
5,204,628,7.028662420382165
5,205,633,7.0315955766192735
5,206,621,7.138486312399356
5,207,625,7.2176
5,208,614,7.078175895765472
5,209,631,6.992076069730587
5,210,631,6.960380348652932
5,211,638,7.172413793103448
5,212,646,7.094427244582043
5,213,651,6.9738863287250386
5,214,652,7.101226993865031
5,215,652,7.125766871165644
5,216,657,7.127853881278539
5,217,652,7.090490797546012
5,218,663,7.134238310708899
5,219,663,7.125188536953243
5,220,670,6.885074626865672
5,221,678,6.76401179941003
5,222,702,6.864672364672365
5,223,704,6.889204545454546
5,224,705,6.917730496453901
5,225,693,7.095238095238095
5,226,687,7.211062590975255
5,227,673,7.258543833580981
5,228,678,7.303834808259587
5,229,677,7.239290989660266
5,230,679,7.419734904270987
5,231,662,7.264350453172206
5,232,683,7.134699853587116
5,233,682,7.30058651026393
5,234,691,7.198263386396527
5,235,674,7.143916913946588
5,236,667,7.280359820089955
5,237,683,7.216691068814056
5,238,681,7.095447870778267
5,239,694,7.020172910662824
5,240,696,6.985632183908046
5,241,707,7.101838755304102
5,242,708,7.070621468926554
5,243,710,7.152112676056338
5,244,721,7.160887656033287
5,245,733,7.227830832196453
5,246,765,7.109803921568627
5,247,780,7.126923076923077
5,248,775,7.065806451612903
5,249,784,7.095663265306122
5,250,800,7.07875
5,251,774,7.118863049095607
5,252,768,7.072916666666667
5,253,778,7.188946015424165
5,254,786,6.923664122137405
5,255,795,6.9446540880503145
5,256,794,7.025188916876575
5,257,806,7.006203473945409
5,258,819,6.916971916971917
5,259,833,7.066026410564226
5,260,834,7.05515587529976
5,261,854,6.9882903981264635
5,262,842,6.954869358669834
5,263,828,7.01207729468599
5,264,829,7.048250904704463
5,265,835,6.9425149700598805
5,266,839,6.966626936829559
5,267,853,6.955451348182884
5,268,857,6.9323220536756125
5,269,859,6.875436554132713
5,270,858,6.798368298368298
5,271,857,6.863477246207701
5,272,872,6.996559633027523
5,273,860,7.095348837209302
5,274,848,7.126179245283019
5,275,840,7.108333333333333
5,276,841,6.988109393579072
5,277,846,7.048463356973995
5,278,853,7.021101992966003
5,279,847,7.0554899645808735
5,280,853,6.858147713950762
5,281,853,6.862837045720985
5,282,856,6.9264018691588785
5,283,867,6.8835063437139565
5,284,888,6.853603603603603
5,285,894,6.824384787472035
5,286,904,6.9303097345132745
5,287,901,6.9578246392896785
5,288,902,7.042128603104213
5,289,898,7.027839643652562
5,290,882,7.0
5,291,879,7.0113765642775885
5,292,891,6.986531986531986
5,293,899,7.011123470522803
5,294,885,6.938983050847457
5,295,877,7.069555302166477
5,296,879,7.1149032992036405
5,297,881,7.155505107832009
5,298,860,7.140697674418605
5,299,847,7.002361275088548
5,300,861,6.846689895470384
5,301,859,6.824214202561118
5,302,856,6.9485981308411215
5,303,858,6.9557109557109555
5,304,857,6.9521586931155195
5,305,876,7.037671232876712
5,306,871,6.988518943742824
5,307,882,6.913832199546485
5,308,884,6.760180995475113
5,309,880,6.718181818181818
5,310,879,6.778156996587031
5,311,889,6.8953880764904385
5,312,881,7.032917139614075
5,313,895,7.106145251396648
5,314,924,7.029220779220779
5,315,920,7.168478260869565
5,316,923,7.069339111592632
5,317,917,6.971646673936751
5,318,926,6.862850971922247
5,319,928,6.917025862068965
5,320,916,6.985807860262009
5,321,921,6.965255157437568
5,322,916,6.995633187772926
5,323,922,7.035791757049892
5,324,931,6.995703544575725
5,325,921,6.981541802388708
5,326,932,7.024678111587983
5,327,953,6.961175236096537
5,328,946,7.038054968287526
5,329,959,6.921793534932221
5,330,955,6.969633507853403
5,331,939,6.8498402555910545
5,332,950,6.984210526315789
5,333,959,6.927007299270073
5,334,956,6.9759414225941425
5,335,968,6.9235537190082646
5,336,966,6.9399585921325055
5,337,945,6.88994708994709
5,338,962,6.877338877338877
5,339,1001,6.84015984015984
5,340,1002,6.942115768463074
5,341,1000,6.959
5,342,1004,6.991035856573705
5,343,1033,6.818973862536302
5,344,1018,6.857563850687622
5,345,1029,7.077745383867833
5,346,1048,6.95324427480916
5,347,1038,6.858381502890174
5,348,1044,6.718390804597701
5,349,1046,6.808795411089866
5,350,1059,6.796033994334278
5,351,1046,6.88527724665392
5,352,1041,6.89433237271854
5,353,1043,6.811121764141898
5,354,1045,6.826794258373206
5,355,1055,6.936492890995261
5,356,1074,6.8975791433891995
5,357,1075,6.756279069767442
5,358,1091,6.813932172318974
5,359,1086,6.818600368324125
5,360,1081,6.809435707678076
5,361,1069,6.784845650140318
5,362,1061,6.872761545711593
5,363,1076,6.766728624535316
5,364,1074,6.771880819366853
5,365,1083,6.806094182825484
5,366,1105,6.790045248868778
5,367,1107,6.896115627822945
5,368,1115,6.941704035874439
5,369,1093,7.011893870082342
5,370,1083,7.0655586334256695
5,371,1092,6.9743589743589745
5,372,1108,7.052346570397112
5,373,1103,7.119673617407072
5,374,1113,7.0341419586702605
5,375,1097,6.980856882406563
5,376,1111,6.811881188118812
5,377,1129,6.847652790079716
5,378,1142,6.871278458844133
5,379,1130,6.9504424778761065
5,380,1133,7.075904677846426
5,381,1136,7.09330985915493
5,382,1111,7.091809180918092
5,383,1093,7.177493138151876
5,384,1109,6.9585211902614965
5,385,1112,6.942446043165468
5,386,1124,6.973309608540926
5,387,1089,6.98989898989899
5,388,1092,7.101648351648351
5,389,1082,7.021256931608133
5,390,1073,6.896551724137931
5,391,1075,7.01953488372093
5,392,1086,7.037753222836096
5,393,1075,6.982325581395349
5,394,1102,6.966424682395644
5,395,1113,6.945193171608266
5,396,1126,7.023978685612788
5,397,1120,6.983928571428572
5,398,1136,6.998239436619718
5,399,1130,6.948672566371681
5,400,1142,6.974605954465849
6,0,30,0.0
6,1,30,1.0
6,2,30,2.0
6,3,30,3.0
6,4,30,4.0
6,5,30,5.0
6,6,29,6.0
6,7,29,7.0
6,8,34,6.823529411764706
6,9,38,7.0
6,10,48,6.333333333333333
6,11,56,6.089285714285714
6,12,60,6.616666666666666
6,13,61,7.491803278688525
6,14,66,7.787878787878788
6,15,70,8.285714285714286
6,16,73,8.904109589041095
6,17,76,9.394736842105264
6,18,80,9.875
6,19,96,9.0625
6,20,109,8.862385321100918
6,21,113,9.327433628318584
6,22,123,9.43089430894309
6,23,124,9.669354838709678
6,24,128,9.890625
6,25,135,9.985185185185186
6,26,140,10.278571428571428
6,27,148,10.283783783783784
6,28,161,9.75776397515528
6,29,164,10.115853658536585
6,30,173,10.086705202312139
6,31,173,9.751445086705202
6,32,170,7.4941176470588236
6,33,184,7.646739130434782
6,34,192,7.963541666666667
6,35,204,8.053921568627452
6,36,217,8.046082949308756
6,37,227,8.05726872246696
6,38,230,8.134782608695652
6,39,238,8.218487394957982
6,40,239,8.334728033472803
6,41,255,8.035294117647059
6,42,262,8.16030534351145
6,43,266,7.932330827067669
6,44,265,7.769811320754717
6,45,265,7.90188679245283
6,46,269,8.107806691449815
6,47,280,8.032142857142857
6,48,288,8.086805555555555
6,49,294,8.071428571428571
6,50,304,7.8519736842105265
6,51,303,7.594059405940594
6,52,299,7.501672240802676
6,53,312,7.576923076923077
6,54,316,7.408227848101266
6,55,315,7.501587301587302
6,56,329,7.35258358662614
6,57,329,7.452887537993921
6,58,344,7.386627906976744
6,59,340,7.279411764705882
6,60,345,7.510144927536232
6,61,349,7.467048710601719
6,62,349,7.535816618911174
6,63,350,7.517142857142857
6,64,359,7.584958217270195
6,65,370,7.575675675675676
6,66,379,7.453825857519789
6,67,370,7.267567567567568
6,68,381,7.307086614173229
6,69,375,7.168
6,70,380,7.255263157894737
6,71,383,7.558746736292428
6,72,393,7.7201017811704835
6,73,401,7.670822942643391
6,74,411,7.583941605839416
6,75,428,7.142523364485982
6,76,439,7.323462414578588
6,77,446,7.354260089686099
6,78,464,7.303879310344827
6,79,466,7.324034334763948
6,80,467,7.218415417558886
6,81,479,7.379958246346555
6,82,493,7.36105476673428
6,83,503,7.345924453280318
6,84,510,7.474509803921569
6,85,534,7.299625468164794
6,86,537,7.165735567970205
6,87,555,7.232432432432432
6,88,540,7.3351851851851855
6,89,535,7.373831775700935
6,90,552,7.516304347826087
6,91,571,7.322241681260945
6,92,573,7.338568935427574
6,93,578,7.198961937716263
6,94,584,7.303082191780822
6,95,580,7.391379310344828
6,96,601,7.292845257903494
6,97,607,7.4200988467874796
6,98,609,7.609195402298851
6,99,623,7.57784911717496
6,100,632,7.436708860759493
6,101,646,7.295665634674923
6,102,647,7.134466769706337
6,103,639,7.028169014084507
6,104,629,7.106518282988871
6,105,637,7.3171114599686025
6,106,635,7.522834645669291
6,107,618,7.451456310679611
6,108,625,7.4848
6,109,632,7.468354430379747
6,110,623,7.417335473515249
6,111,640,7.46875
6,112,638,7.310344827586207
6,113,646,7.368421052631579
6,114,662,7.138972809667674
6,115,657,7.1567732115677325
6,116,665,7.28421052631579
6,117,660,7.175757575757576
6,118,654,7.143730886850153
6,119,662,7.149546827794562
6,120,665,7.120300751879699
6,121,676,7.062130177514793
6,122,682,6.989736070381231
6,123,695,7.053237410071943
6,124,699,7.113018597997139
6,125,719,6.9582753824756605
6,126,718,6.835654596100278
6,127,724,6.912983425414365
6,128,711,6.855133614627285
6,129,713,6.908835904628331
6,130,728,6.825549450549451
6,131,737,6.948439620081411
6,132,758,7.031662269129288
6,133,768,6.89453125
6,134,794,6.838790931989925
6,135,786,6.842239185750636
6,136,790,6.9670886075949365
6,137,804,6.930348258706467
6,138,818,6.992665036674817
6,139,836,7.001196172248804
6,140,853,7.159437280187573
6,141,869,7.0299194476409665
6,142,862,7.177494199535963
6,143,877,7.183580387685291
6,144,891,7.005611672278339
6,145,905,7.075138121546962
6,146,927,7.001078748651564
6,147,926,6.903887688984881
6,148,929,6.93756727664155
6,149,931,6.900107411385607
6,150,932,7.110515021459228
6,151,955,7.124607329842932
6,152,972,7.040123456790123
6,153,983,7.111902339776195
6,154,980,7.103061224489796
6,155,977,7.210849539406346
6,156,1005,7.180099502487562
6,157,1026,7.111111111111111
6,158,1025,7.185365853658537
6,159,1030,7.151456310679611
6,160,1034,7.067698259187621
6,161,1044,7.077586206896552
6,162,1043,7.026845637583893
6,163,1059,7.19452313503305
6,164,1057,7.204351939451278
6,165,1043,7.275167785234899
6,166,1074,7.125698324022347
6,167,1074,6.994413407821229
6,168,1092,7.035714285714286
6,169,1101,6.987284287011807
6,170,1117,6.983885407341092
6,171,1132,7.095406360424028
6,172,1145,7.176419213973799
6,173,1158,7.213298791018998
6,174,1172,7.3668941979522184
6,175,1161,7.301464254952627
6,176,1151,7.175499565595135
6,177,1159,7.226056945642796
6,178,1153,7.264527320034692
6,179,1178,7.089134125636672
6,180,1181,7.026248941574936
6,181,1178,7.161290322580645
6,182,1203,7.120532003325021
6,183,1221,7.115479115479116
6,184,1227,7.008964955175224
6,185,1235,6.97246963562753
6,186,1234,7.019448946515397
6,187,1262,6.946117274167987
6,188,1257,7.005568814638027
6,189,1246,6.963884430176565
6,190,1266,6.894944707740916
6,191,1279,6.9523064894448785
6,192,1288,7.032608695652174
6,193,1309,6.989304812834225
6,194,1338,7.017937219730942
6,195,1356,7.036135693215339
6,196,1359,7.060338484179543
6,197,1357,7.06484893146647
6,198,1361,7.098457016899339
6,199,1352,6.971153846153846
6,200,1374,7.065502183406114
6,201,1392,7.00933908045977
6,202,1421,7.017593244194229
6,203,1430,6.985314685314686
6,204,1437,7.079331941544885
6,205,1417,7.196894848270995
6,206,1411,7.290574060949681
6,207,1443,7.204435204435204
6,208,1477,7.156398104265403
6,209,1466,7.212824010914052
6,210,1494,7.051539491298527
6,211,1512,7.0548941798941796
6,212,1535,7.187622149837134
6,213,1580,7.083544303797468
6,214,1595,7.0025078369905955
6,215,1616,7.008663366336633
6,216,1618,6.988257107540173
6,217,1599,7.013758599124452
6,218,1611,7.025450031036623
6,219,1636,7.146699266503667
6,220,1667,7.132573485302939
6,221,1685,7.023145400593472
6,222,1698,6.916372202591284
6,223,1723,6.962275101567034
6,224,1726,7.048088064889919
6,225,1742,7.071756601607348
6,226,1784,6.942264573991031
6,227,1766,7.027746319365798
6,228,1791,7.1457286432160805
6,229,1797,7.12632164718976
6,230,1856,7.086206896551724
6,231,1869,7.1567683253076515
6,232,1902,7.163512092534175
6,233,1900,7.16578947368421
6,234,1918,7.118352450469239
6,235,1941,7.097372488408037
6,236,1936,7.200413223140496
6,237,1931,7.133609528741585
6,238,1927,7.146341463414634
6,239,1964,7.0025458248472505
6,240,1998,6.993493493493493
6,241,2026,7.052319842053307
6,242,2050,7.08
6,243,2056,7.114785992217898
6,244,2068,7.215183752417795
6,245,2087,7.192620987062769
6,246,2140,7.211214953271028
6,247,2141,7.198038299859879
6,248,2137,7.077211043518952
6,249,2157,7.108484005563282
6,250,2183,7.112230874942739
6,251,2202,7.128519527702089
6,252,2234,7.052820053715309
6,253,2242,7.008474576271187
6,254,2262,7.08841732979664
6,255,2264,7.160777385159011
6,256,2299,7.197042192257503
6,257,2294,7.138186573670445
6,258,2293,7.200610553859573
6,259,2315,7.175377969762419
6,260,2346,7.178601875532822
6,261,2378,7.04121110176619
6,262,2397,7.0638297872340425
6,263,2420,7.003719008264463
6,264,2452,7.117455138662317
6,265,2467,7.072557762464532
6,266,2500,7.112
6,267,2508,7.017543859649122
6,268,2489,6.973081558858979
6,269,2507,6.981252493019546
6,270,2548,6.948979591836735
6,271,2593,6.9267258002313925
6,272,2637,7.0386803185438
6,273,2630,7.04638783269962
6,274,2644,7.012102874432678
6,275,2655,7.014312617702449
6,276,2706,7.05949741315595
6,277,2776,7.014769452449568
6,278,2794,7.1123836793128135
6,279,2782,7.113587347232207
6,280,2777,7.141519625495139
6,281,2770,7.125631768953069
6,282,2748,7.127001455604075
6,283,2780,7.037769784172662
6,284,2819,7.004966300106421
6,285,2826,7.037154989384288
6,286,2866,6.987090020935101
6,287,2934,6.948534423994547
6,288,3003,6.875790875790876
6,289,2988,7.027443105756359
6,290,3009,7.032568959787305
6,291,2996,6.968624833110814
6,292,3039,6.963145771635406
6,293,3019,6.976151043391852
6,294,3014,7.0471134704711345
6,295,3063,7.083578191315704
6,296,3092,7.027813712807244
6,297,3124,6.971190781049936
6,298,3182,6.988372093023256
6,299,3191,7.015042306486995
6,300,3215,7.079937791601866
6,301,3273,7.121600977696303
6,302,3303,7.0608537693006355
6,303,3323,7.016852241950045
6,304,3369,6.984861976847729
6,305,3385,6.958050221565731
6,306,3369,6.972098545562481
6,307,3384,6.986702127659575
6,308,3398,7.030900529723366
6,309,3419,7.1067563615092135
6,310,3475,7.130359712230216
6,311,3470,7.15821325648415
6,312,3529,7.088977047322188
6,313,3574,7.064633463905988
6,314,3590,7.053760445682451
6,315,3634,7.081177765547606
6,316,3638,7.156129741616272
6,317,3685,7.191316146540027
6,318,3682,7.158881042911461
6,319,3676,7.150707290533188
6,320,3728,7.107027896995708
6,321,3747,7.102748865759274
6,322,3747,7.051240992794235
6,323,3770,7.0111405835543765
6,324,3823,7.001307873397855
6,325,3885,6.994594594594594
6,326,3892,6.968139773895169
6,327,3931,6.9460697023658104
6,328,3959,6.935337206365244
6,329,3975,6.976100628930817
6,330,4039,6.972270363951473
6,331,4062,7.001477104874446
6,332,4085,7.070257037943697
6,333,4159,7.0646790093772545
6,334,4218,7.077287814129919
6,335,4244,7.038407163053723
6,336,4295,7.027939464493597
6,337,4362,7.026364053186612
6,338,4382,7.06777727065267
6,339,4440,7.035135135135135
6,340,4455,7.035241301907969
6,341,4463,7.021062065874972
6,342,4453,7.028295531102628
6,343,4485,7.005128205128205
6,344,4476,7.0583109919571045
6,345,4567,7.049704401138603
6,346,4610,7.0529284164859005
6,347,4685,6.948986125933831
6,348,4683,6.962630792227205
6,349,4733,6.994929220367632
6,350,4821,6.949180667911222
6,351,4822,6.9541683948569055
6,352,4851,7.047412904555761
6,353,4852,7.037716405605936
6,354,4892,7.065821749795584
6,355,4936,7.0241085899513775
6,356,4978,6.961430293290478
6,357,5038,6.902739182215165
6,358,5130,6.8693957115009745
6,359,5108,6.934220830070478
6,360,5130,6.987524366471735
6,361,5153,7.046768872501455
6,362,5157,7.123327515997673
6,363,5136,7.087227414330218
6,364,5135,7.170009737098344
6,365,5140,7.176459143968872
6,366,5179,7.17918517088241
6,367,5231,7.109730453068247
6,368,5240,7.045229007633588
6,369,5254,7.059383326988961
6,370,5321,7.023115955647435
6,371,5347,6.981297924069572
6,372,5361,6.959895541876516
6,373,5393,6.952901909883182
6,374,5376,7.011346726190476
6,375,5385,6.981058495821727
6,376,5422,6.981556621172999
6,377,5408,6.997041420118343
6,378,5439,6.936936936936937
6,379,5532,6.946493130874909
6,380,5566,6.957240388070428
6,381,5562,6.991549802229414
6,382,5523,7.000181061017563
6,383,5491,7.048260790384266
6,384,5561,6.99802193850027
6,385,5575,6.995156950672646
6,386,5574,7.041083602439899
6,387,5605,7.08206958073149
6,388,5691,6.975575470040415
6,389,5762,6.909232905241236
6,390,5786,6.916349809885932
6,391,5781,6.9173153433662
6,392,5805,6.945908699397071
6,393,5835,6.925449871465296
6,394,5850,6.974700854700854
6,395,5889,6.9881134318220415
6,396,5971,7.027968514486686
6,397,6017,7.049858733588167
6,398,6153,7.008126117341134
6,399,6194,7.036486922828543
6,400,6282,7.054122890799109
7,0,30,0.0
7,1,30,1.0
7,2,30,2.0
7,3,30,3.0
7,4,30,4.0
7,5,30,5.0
7,6,30,6.0
7,7,30,7.0
7,8,34,7.0588235294117645
7,9,40,6.85
7,10,44,7.136363636363637
7,11,49,7.3061224489795915
7,12,50,8.14
7,13,59,7.745762711864407
7,14,59,8.745762711864407
7,15,63,8.88888888888889
7,16,68,9.161764705882353
7,17,81,8.530864197530864
7,18,91,8.428571428571429
7,19,94,9.02127659574468
7,20,99,9.313131313131313
7,21,102,9.764705882352942
7,22,102,10.147058823529411
7,23,106,10.273584905660377
7,24,114,9.850877192982455
7,25,123,9.959349593495935
7,26,137,9.678832116788321
7,27,147,9.387755102040817
7,28,160,9.34375
7,29,170,9.547058823529412
7,30,174,9.689655172413794
7,31,176,10.204545454545455
7,32,163,7.736196319018405
7,33,173,7.543352601156069
7,34,184,7.5978260869565215
7,35,196,7.540816326530612
7,36,222,7.211711711711712
7,37,234,7.427350427350428
7,38,238,7.571428571428571
7,39,258,7.775193798449612
7,40,258,7.728682170542636
7,41,272,7.6911764705882355
7,42,283,7.784452296819788
7,43,281,8.05693950177936
7,44,290,8.210344827586207
7,45,295,7.9932203389830505
7,46,308,7.987012987012987
7,47,326,7.754601226993865
7,48,322,7.60248447204969
7,49,331,7.755287009063444
7,50,328,7.902439024390244
7,51,334,8.029940119760479
7,52,347,8.043227665706052
7,53,356,8.129213483146067
7,54,362,8.024861878453038
7,55,367,8.160762942779291
7,56,382,8.172774869109947
7,57,390,8.028205128205128
7,58,401,7.785536159600998
7,59,429,7.783216783216783
7,60,440,7.706818181818182
7,61,434,7.670506912442396
7,62,441,7.696145124716553
7,63,449,7.5167037861915365
7,64,466,7.330472103004292
7,65,473,7.38477801268499
7,66,482,7.54149377593361
7,67,490,7.634693877551021
7,68,498,7.771084337349397
7,69,501,7.696606786427146
7,70,521,7.671785028790787
7,71,522,7.741379310344827
7,72,526,7.821292775665399
7,73,538,7.657992565055762
7,74,548,7.771897810218978
7,75,554,7.563176895306859
7,76,568,7.52112676056338
7,77,573,7.462478184991274
7,78,598,7.317725752508361
7,79,612,7.339869281045751
7,80,623,7.425361155698234
7,81,646,7.438080495356037
7,82,650,7.5892307692307694
7,83,664,7.7379518072289155
7,84,656,7.714939024390244
7,85,650,7.804615384615385
7,86,668,7.769461077844311
7,87,682,7.690615835777126
7,88,698,7.70487106017192
7,89,710,7.55774647887324
7,90,738,7.388888888888889
7,91,751,7.3515312916111855
7,92,760,7.3276315789473685
7,93,765,7.36078431372549
7,94,777,7.541827541827542
7,95,790,7.5708860759493675
7,96,792,7.407828282828283
7,97,819,7.315018315018315
7,98,844,7.119668246445498
7,99,853,7.1465416178194605
7,100,854,7.071428571428571
7,101,870,6.931034482758621
7,102,874,7.028604118993135
7,103,871,7.1182548794489096
7,104,877,7.165336374002281
7,105,894,7.199105145413871
7,106,917,7.176663031624864
7,107,926,7.381209503239741
7,108,947,7.300950369588173
7,109,985,7.19492385786802
7,110,989,7.059656218402426
7,111,1011,6.986152324431256
7,112,1025,6.954146341463415
7,113,1068,7.007490636704119
7,114,1074,7.093109869646183
7,115,1069,7.199251637043966
7,116,1080,7.2212962962962965
7,117,1095,7.340639269406393
7,118,1111,7.365436543654366
7,119,1108,7.277978339350181
7,120,1121,7.190900981266726
7,121,1165,7.206866952789699
7,122,1186,7.2419898819561555
7,123,1201,7.324729392173189
7,124,1192,7.307885906040268
7,125,1191,7.17968094038623
7,126,1209,7.140612076095947
7,127,1226,7.114192495921697
7,128,1208,7.163079470198675
7,129,1213,7.319868095630667
7,130,1248,7.345352564102564
7,131,1248,7.277243589743589
7,132,1247,7.319967923015237
7,133,1276,7.289184952978056
7,134,1305,7.0873563218390805
7,135,1313,7.113480578827113
7,136,1345,7.044609665427509
7,137,1358,7.0419734904270985
7,138,1351,7.116950407105848
7,139,1351,7.073279052553664
7,140,1356,7.092182890855457
7,141,1372,6.944606413994169
7,142,1387,7.106705118961788
7,143,1404,7.04985754985755
7,144,1421,6.985221674876847
7,145,1428,7.072128851540616
7,146,1434,7.0843793584379355
7,147,1446,7.053941908713693
7,148,1452,7.013085399449036
7,149,1468,7.111716621253406
7,150,1499,7.156771180787191
7,151,1511,7.214427531436135
7,152,1500,7.254666666666667
7,153,1492,7.2117962466487935
7,154,1503,7.091151031270792
7,155,1553,7.043142305215712
7,156,1580,6.891772151898734
7,157,1604,6.943266832917706
7,158,1626,7.029520295202952
7,159,1654,6.918379685610641
7,160,1658,7.044632086851628
7,161,1647,7.0467516697024895
7,162,1649,7.144329896907217
7,163,1691,7.097575399172087
7,164,1696,7.147995283018868
7,165,1709,7.1410181392627265
7,166,1747,7.053234115626789
7,167,1763,7.103800340328985
7,168,1771,7.140033879164314
7,169,1768,7.278280542986425
7,170,1791,7.186487995533222
7,171,1784,7.172085201793722
7,172,1803,7.056017748197449
7,173,1790,7.115083798882681
7,174,1803,7.090404880754298
7,175,1840,7.173369565217391
7,176,1847,7.278289117487818
7,177,1856,7.216594827586207
7,178,1852,7.22354211663067
7,179,1864,7.190450643776824
7,180,1899,7.179041600842549
7,181,1925,7.181298701298702
7,182,1906,7.160020986358867
7,183,1906,7.256558237145855
7,184,1941,7.166924265842349
7,185,1948,7.086755646817249
7,186,1960,7.16734693877551
7,187,1985,7.128463476070529
7,188,2019,7.1198613174839025
7,189,2030,7.028078817733991
7,190,2060,6.994174757281553
7,191,2053,7.051631758402338
7,192,2057,7.061254253767623
7,193,2086,7.13039309683605
7,194,2090,7.052153110047847
7,195,2106,7.084995251661918
7,196,2153,7.073385973060845
7,197,2171,7.069553201289728
7,198,2205,7.081632653061225
7,199,2222,7.151215121512151
7,200,2263,7.141405214317278
7,201,2278,7.2071992976295
7,202,2263,7.2593901900132565
7,203,2275,7.182857142857143
7,204,2314,7.179775280898877
7,205,2329,7.189781021897811
7,206,2382,7.135180520570949
7,207,2369,7.1709582102152805
7,208,2371,7.143821172501054
7,209,2382,7.130142737195634
7,210,2411,7.1559518871837415
7,211,2427,7.072929542645241
7,212,2449,7.179665169456921
7,213,2503,7.176588094286855
7,214,2518,7.104050833995235
7,215,2498,7.106885508406726
7,216,2513,7.077994428969359
7,217,2521,7.166600555335185
7,218,2490,7.1546184738955825
7,219,2554,7.2607674236491775
7,220,2568,7.230140186915888
7,221,2602,7.246348962336664
7,222,2607,7.182201764480245
7,223,2644,7.095688350983359
7,224,2660,7.111654135338346
7,225,2662,7.131855747558227
7,226,2701,7.116993706034802
7,227,2734,7.09583028529627
7,228,2771,7.047275351858535
7,229,2729,6.991572004397215
7,230,2768,6.928468208092486
7,231,2796,6.98032904148784
7,232,2818,7.013129879347055
7,233,2887,7.078281953585036
7,234,2881,7.076709475876432
7,235,2920,7.028424657534247
7,236,2903,7.155012056493283
7,237,2943,7.186544342507645
7,238,3003,7.129204129204129
7,239,3005,7.082529118136439
7,240,2994,7.059786239144956
7,241,2997,7.051718385051719
7,242,3058,7.025179856115108
7,243,3058,7.057226945716154
7,244,3075,6.975934959349593
7,245,3115,6.936115569823435
7,246,3128,6.998721227621483
7,247,3135,6.994258373205741
7,248,3133,6.985317586977338
7,249,3135,6.987240829346092
7,250,3160,7.034177215189874
7,251,3157,7.096610706366804
7,252,3181,7.12637535366237
7,253,3212,7.110523038605231
7,254,3209,7.13462137737613
7,255,3271,7.0642005502904315
7,256,3276,7.132783882783883
7,257,3288,7.11374695863747
7,258,3295,7.068285280728376
7,259,3314,7.013880506940254
7,260,3268,6.970318237454101
7,261,3281,7.02407802499238
7,262,3319,6.979511901175052
7,263,3342,6.991921005385996
7,264,3356,7.0929678188319425
7,265,3361,7.094614698006546
7,266,3401,7.118494560423405
7,267,3410,7.122873900293255
7,268,3466,7.019907674552798
7,269,3487,7.113277889303126
7,270,3544,7.108352144469526
7,271,3531,7.077881619937695
7,272,3578,7.012017887087758
7,273,3601,6.98500416550958
7,274,3617,7.0884711086535805
7,275,3651,7.098329224869898
7,276,3670,7.120708446866485
7,277,3643,7.1523469667856165
7,278,3682,7.138240086909288
7,279,3634,7.1986791414419375
7,280,3662,7.114964500273075
7,281,3717,7.0780199085283835
7,282,3721,7.055092717011556
7,283,3756,7.058839190628328
7,284,3745,7.014686248331108
7,285,3747,7.061115559113958
7,286,3803,7.039442545358927
7,287,3839,6.994269340974212
7,288,3844,7.014568158168575
7,289,3878,6.9430118617844245
7,290,3875,6.950967741935484
7,291,3874,6.984254001032524
7,292,3892,7.0246659815005135
7,293,3883,7.09837754313675
7,294,3923,7.087178179964313
7,295,3957,7.023502653525398
7,296,3991,6.9491355549987475
7,297,4040,6.966831683168317
7,298,4066,6.970241023118544
7,299,4134,6.902273826802129
7,300,4177,6.966004309312904
7,301,4207,7.071547420965058
7,302,4261,7.07157944144567
7,303,4316,6.948331788693235
7,304,4338,6.894421392346704
7,305,4347,6.833448355187485
7,306,4355,6.877841561423651
7,307,4367,6.949164185940004
7,308,4406,6.952337721289151
7,309,4440,6.996171171171171
7,310,4466,7.061128526645768
7,311,4500,7.101333333333334
7,312,4558,7.0199648968845985
7,313,4601,7.0158661160617255
7,314,4585,7.025954198473283
7,315,4631,6.998704383502483
7,316,4662,6.9603174603174605
7,317,4664,6.972341337907376
7,318,4724,7.004445385266723
7,319,4727,6.976517876031309
7,320,4790,7.021294363256785
7,321,4796,6.967264386989157
7,322,4830,6.9888198757763975
7,323,4841,7.023135715761207
7,324,4879,7.038737446197992
7,325,4895,7.027170582226762
7,326,4919,7.078674527342956
7,327,4884,7.112203112203113
7,328,4937,7.009925055701843
7,329,4947,6.951283606225996
7,330,4970,7.008853118712274
7,331,5004,7.025179856115108
7,332,5036,6.9976171564733916
7,333,5110,6.989041095890411
7,334,5168,7.042569659442725
7,335,5192,7.046610169491525
7,336,5243,7.081632653061225
7,337,5308,7.049547852298417
7,338,5332,7.056264066016504
7,339,5384,6.970839524517087
7,340,5435,6.932106715731371
7,341,5477,6.958736534599233
7,342,5536,6.948157514450867
7,343,5560,6.982553956834533
7,344,5605,6.956289027653881
7,345,5601,7.018211033743975
7,346,5645,6.998759964570416
7,347,5668,7.052752293577981
7,348,5687,7.0585545982064355
7,349,5763,7.060211695297588
7,350,5782,7.0494638533379455
7,351,5803,7.074271928312942
7,352,5796,7.077639751552795
7,353,5821,7.074042260779935
7,354,5845,7.007014542343883
7,355,5874,6.991828396322778
7,356,5914,6.993405478525533
7,357,5922,7.0131712259371835
7,358,5997,6.9849924962481245
7,359,6037,7.0056319363922475
7,360,6085,7.058668857847165
7,361,6083,7.008548413611705
7,362,6113,6.956486176999836
7,363,6143,6.996255901025558
7,364,6188,6.973981900452489
7,365,6156,7.0227420402859
7,366,6194,7.004197610590895
7,367,6191,7.018898400904539
7,368,6231,7.0174931792649655
7,369,6214,6.981010621177985
7,370,6262,6.96039603960396
7,371,6265,6.958818834796489
7,372,6289,6.984576244235967
7,373,6270,7.011642743221691
7,374,6285,7.026252983293556
7,375,6278,7.0151322077094616
7,376,6293,7.038296519942794
7,377,6303,7.003331746787244
7,378,6347,6.940759413896329
7,379,6392,6.927252816020025
7,380,6390,6.96885758998435
7,381,6396,7.005003126954347
7,382,6466,6.908289514382926
7,383,6565,6.8571210967250575
7,384,6550,6.89969465648855
7,385,6591,6.913214990138067
7,386,6627,6.897238569488456
7,387,6649,6.948262896676192
7,388,6670,6.920539730134933
7,389,6779,6.9137040861484
7,390,6717,6.964418639273485
7,391,6802,6.951925904145839
7,392,6794,6.989549602590521
7,393,6847,6.9796991383087486
7,394,6931,6.949357957004761
7,395,6930,6.904473304473305
7,396,6962,6.904768744613617
7,397,6925,6.892129963898917
7,398,6985,6.883894058697209
7,399,6986,6.931291153736043
7,400,6948,6.942429476108233
8,0,30,0.0
8,1,30,1.0
8,2,30,2.0
8,3,30,3.0
8,4,30,4.0
8,5,30,5.0
8,6,30,6.0
8,7,30,7.0
8,8,34,7.0588235294117645
8,9,40,6.85
8,10,51,6.1568627450980395
8,11,54,6.7592592592592595
8,12,56,7.482142857142857
8,13,63,7.5396825396825395
8,14,69,7.797101449275362
8,15,75,7.933333333333334
8,16,80,8.175
8,17,89,8.247191011235955
8,18,98,8.214285714285714
8,19,101,8.653465346534654
8,20,112,8.625
8,21,116,8.862068965517242
8,22,123,8.951219512195122
8,23,134,9.134328358208956
8,24,146,9.301369863013699
8,25,152,9.368421052631579
8,26,163,9.47239263803681
8,27,180,9.327777777777778
8,28,187,9.459893048128341
8,29,198,9.121212121212121
8,30,209,8.966507177033494
8,31,219,9.127853881278538
8,32,203,7.5911330049261085
8,33,218,7.605504587155964
8,34,230,7.626086956521739
8,35,257,7.190661478599222
8,36,268,7.507462686567164
8,37,291,7.426116838487973
8,38,296,7.706081081081081
8,39,313,7.699680511182109
8,40,323,8.077399380804954
8,41,339,7.952802359882006
8,42,343,7.763848396501458
8,43,342,7.997076023391813
8,44,353,7.8696883852691215
8,45,380,7.847368421052631
8,46,390,7.9051282051282055
8,47,405,7.790123456790123
8,48,421,7.641330166270784
8,49,436,7.58256880733945
8,50,449,7.739420935412027
8,51,447,8.134228187919463
8,52,465,7.967741935483871
8,53,460,8.032608695652174
8,54,474,8.189873417721518
8,55,477,7.809224318658281
8,56,479,7.561586638830898
8,57,482,7.682572614107884
8,58,481,7.675675675675675
8,59,496,7.717741935483871
8,60,510,7.568627450980392
8,61,511,7.540117416829745
8,62,519,7.485549132947977
8,63,538,7.516728624535316
8,64,543,7.5911602209944755
8,65,565,7.410619469026549
8,66,568,7.450704225352113
8,67,576,7.300347222222222
8,68,581,7.342512908777969
8,69,604,7.263245033112582
8,70,625,7.168
8,71,613,7.249592169657422
8,72,622,7.226688102893891
8,73,659,7.213960546282246
8,74,679,7.325478645066274
8,75,689,7.111756168359942
8,76,717,7.139470013947001
8,77,747,7.128514056224899
8,78,777,7.084942084942085
8,79,794,6.969773299748111
8,80,791,7.259165613147914
8,81,775,7.330322580645161
8,82,786,7.55470737913486
8,83,806,7.641439205955335
8,84,805,7.66832298136646
8,85,817,7.5703794369645045
8,86,847,7.384887839433294
8,87,831,7.200962695547533
8,88,875,6.882285714285715
8,89,885,6.874576271186441
8,90,885,6.989830508474577
8,91,889,7.073115860517436
8,92,911,7.250274423710208
8,93,930,7.3
8,94,939,7.308839190628328
8,95,944,7.366525423728813
8,96,969,7.234262125902993
8,97,993,7.094662638469285
8,98,1010,6.934653465346535
8,99,1014,7.096646942800789
8,100,1002,7.006986027944111
8,101,1030,7.181553398058252
8,102,1030,7.297087378640777
8,103,1020,7.37156862745098
8,104,1046,7.357552581261951
8,105,1061,7.163996229971724
8,106,1095,7.004566210045662
8,107,1094,6.985374771480805
8,108,1123,7.071237756010686
8,109,1158,7.088946459412781
8,110,1163,7.092003439380911
8,111,1169,7.112917023096664
8,112,1194,7.154941373534339
8,113,1218,7.233990147783251
8,114,1215,7.181893004115226
8,115,1227,7.163814180929095
8,116,1221,7.117117117117117
8,117,1276,6.997648902821316
8,118,1294,7.051777434312211
8,119,1297,7.131842713955281
8,120,1328,7.207078313253012
8,121,1358,7.124447717231222
8,122,1367,7.104608632040966
8,123,1384,7.046965317919075
8,124,1383,7.021691973969631
8,125,1375,7.1294545454545455
8,126,1394,7.215925394548063
8,127,1410,7.243971631205674
8,128,1435,7.367247386759582
8,129,1435,7.303135888501743
8,130,1466,7.1684856753069575
8,131,1467,7.129516019086571
8,132,1518,7.020421607378129
8,133,1516,7.12269129287599
8,134,1518,7.113965744400527
8,135,1531,7.19268451992162
8,136,1530,7.069281045751634
8,137,1558,7.062259306803594
8,138,1558,7.069319640564827
8,139,1548,7.114341085271318
8,140,1556,6.993573264781491
8,141,1587,7.023944549464399
8,142,1634,6.984700122399021
8,143,1642,6.9792935444579784
8,144,1664,6.971153846153846
8,145,1653,6.963702359346643
8,146,1684,7.0
8,147,1667,6.993401319736053
8,148,1660,7.15
8,149,1702,7.119271445358402
8,150,1725,6.943188405797102
8,151,1741,6.971280873061459
8,152,1752,6.946917808219178
8,153,1797,6.948247078464107
8,154,1832,7.007096069868996
8,155,1832,7.022379912663755
8,156,1853,6.99784133837021
8,157,1873,7.068873465029364
8,158,1878,7.047923322683706
8,159,1887,7.036565977742448
8,160,1884,7.106687898089172
8,161,1901,7.176223040504997
8,162,1924,7.125779625779626
8,163,1923,7.131045241809672
8,164,1930,7.127461139896373
8,165,1961,7.018867924528302
8,166,1990,7.007035175879397
8,167,1997,7.032548823234852
8,168,1987,7.026673376950177
8,169,2021,7.195942602671945
8,170,2013,7.243417784401391
8,171,2050,7.18780487804878
8,172,2058,7.1511175898931
8,173,2074,7.210703953712633
8,174,2047,7.241328773815339
8,175,2026,7.2156959526159925
8,176,2023,7.166089965397924
8,177,2032,7.070866141732283
8,178,2054,7.0973709834469325
8,179,2085,7.003357314148681
8,180,2123,6.910504003768253
8,181,2171,6.870566559189314
8,182,2176,6.880055147058823
8,183,2195,6.885649202733485
8,184,2183,6.889143380668805
8,185,2179,6.888480954566315
8,186,2218,6.876014427412083
8,187,2225,6.958651685393258
8,188,2240,6.947767857142857
8,189,2262,6.967285587975243
8,190,2263,6.995581087052585
8,191,2277,6.9227053140096615
8,192,2328,7.027491408934708
8,193,2364,7.072335025380711
8,194,2395,7.124425887265136
8,195,2390,6.978661087866109
8,196,2373,7.065318162663296
8,197,2353,7.079048023799405
8,198,2384,7.0629194630872485
8,199,2439,6.98769987699877
8,200,2423,6.997111019397441
8,201,2458,6.965012205044752
8,202,2500,7.008
8,203,2521,7.000396667988893
8,204,2536,7.024447949526814
8,205,2536,6.975552050473186
8,206,2551,6.990591924735398
8,207,2596,6.989214175654854
8,208,2581,6.920185974428516
8,209,2588,6.9872488408037094
8,210,2636,6.958270106221548
8,211,2650,6.916981132075471
8,212,2646,6.967120181405896
8,213,2665,6.993621013133208
8,214,2653,6.846965699208443
8,215,2684,6.848733233979136
8,216,2717,6.908354803091645
8,217,2728,6.975806451612903
8,218,2754,7.059549745824255
8,219,2762,6.994207096307024
8,220,2804,6.9276034236804565
8,221,2839,6.85699189855583
8,222,2841,6.859204505455826
8,223,2871,6.84813653779171
8,224,2882,6.863289382373352
8,225,2893,6.907708261320429
8,226,2922,6.945927446954141
8,227,2922,6.878507871321013
8,228,2946,6.831296673455533
8,229,2957,6.896854920527562
8,230,2932,6.9345156889495225
8,231,2935,6.9386712095400345
8,232,2946,6.960624575695859
8,233,2953,7.005418218760583
8,234,3004,6.985685752330227
8,235,3006,6.919827012641384
8,236,3053,6.888961677038978
8,237,3102,6.819148936170213
8,238,3137,6.852087982148549
8,239,3190,6.820062695924765
8,240,3173,6.933816577371573
8,241,3175,6.951181102362205
8,242,3173,6.918373778758273
8,243,3163,6.957951312045527
8,244,3158,6.955034832172261
8,245,3189,6.937284415177172
8,246,3232,6.934096534653466
8,247,3270,6.887155963302752
8,248,3246,6.9562538508934075
8,249,3282,7.0551492992078
8,250,3318,7.0533453887884265
8,251,3361,7.030050580184469
8,252,3352,7.077267303102626
8,253,3374,6.9937759336099585
8,254,3392,6.930719339622642
8,255,3425,6.986277372262774
8,256,3441,7.099680325486777
8,257,3423,7.109553023663453
8,258,3420,7.138011695906433
8,259,3419,7.140976893828605
8,260,3452,7.106894553881808
8,261,3471,7.036300777873811
8,262,3509,6.929039612425193
8,263,3518,6.92353610005685
8,264,3510,6.964102564102564
8,265,3530,6.997450424929179
8,266,3565,7.013183730715287
8,267,3586,6.965699944227552
8,268,3610,6.930470914127424
8,269,3648,6.935855263157895
8,270,3706,6.8694009713977335
8,271,3720,6.835752688172043
8,272,3750,6.836
8,273,3787,6.86110377607605
8,274,3788,7.001319957761352
8,275,3799,6.941563569360358
8,276,3815,7.014678899082568
8,277,3837,7.010946051602815
8,278,3814,7.0534871525957
8,279,3830,7.02402088772846
8,280,3822,6.9649398220826795
8,281,3847,6.984143488432545
8,282,3863,6.96764172922599
8,283,3866,7.011639937920331
8,284,3874,7.094217862674238
8,285,3927,7.125795772854596
8,286,3892,7.032631038026722
8,287,3861,7.0852110852110854
8,288,3866,7.054837040869115
8,289,3944,6.9939148073022315
8,290,3971,6.974313774867792
8,291,4005,6.9218476903870165
8,292,3985,6.935508155583438
8,293,4018,6.931557989049279
8,294,4001,7.01599600099975
8,295,3991,7.049611626158858
8,296,3980,7.058291457286432
8,297,3976,7.111167002012072
8,298,3990,7.032832080200501
8,299,4065,7.006888068880689
8,300,4087,6.975532175189626
8,301,4080,7.0019607843137255
8,302,4092,6.9853372434017595
8,303,4089,6.988505747126437
8,304,4127,6.964623212987642
8,305,4178,6.993058879846816
8,306,4167,7.021358291336693
8,307,4182,6.988522238163558
8,308,4250,6.938588235294118
8,309,4260,6.90962441314554
8,310,4246,6.927225624116816
8,311,4232,6.956994328922495
8,312,4236,6.997403210576015
8,313,4220,6.958056872037915
8,314,4211,7.052956542388981
8,315,4237,7.055699787585556
8,316,4288,7.027285447761194
8,317,4291,7.037986483337217
8,318,4357,6.969474408997017
8,319,4390,6.954441913439635
8,320,4437,6.937345052963714
8,321,4506,6.948513093652907
8,322,4487,6.93202585246267
8,323,4472,6.98144007155635
8,324,4469,6.950548221078541
8,325,4464,6.961693548387097
8,326,4458,6.963436518618215
8,327,4435,6.983089064261556
8,328,4455,7.021548821548822
8,329,4488,6.943627450980392
8,330,4470,6.95413870246085
8,331,4491,6.989757292362503
8,332,4500,6.910222222222222
8,333,4530,6.9101545253863135
8,334,4575,6.875191256830601
8,335,4545,6.844664466446645
8,336,4570,6.90109409190372
8,337,4578,6.980996068152032
8,338,4575,7.051803278688524
8,339,4549,7.041767421411299
8,340,4544,7.026408450704225
8,341,4518,7.005090748118636
8,342,4548,6.9848284960422165
8,343,4572,6.936789151356081
8,344,4615,6.983315276273022
8,345,4637,7.022428294155704
8,346,4643,7.000215377988369
8,347,4598,7.039364941278817
8,348,4632,6.999136442141624
8,349,4646,7.03486870426173
8,350,4671,6.986940697923357
8,351,4617,7.0056313623565085
8,352,4641,7.038138332255979
8,353,4682,6.895771038017941
8,354,4678,6.887345019238991
8,355,4691,6.9298657002771265
8,356,4681,6.957274086733604
8,357,4702,6.998723947256487
8,358,4734,6.9583861427967895
8,359,4805,6.982310093652445
8,360,4813,7.002077706212342
8,361,4841,7.045445155959513
8,362,4882,6.9768537484637445
8,363,4927,6.941343616805359
8,364,4873,6.944387441001436
8,365,4851,6.995670995670996
8,366,4863,6.978202755500719
8,367,4915,6.958901322482197
8,368,4946,6.948443186413264
8,369,4957,6.9487593302400645
8,370,4979,6.932717413135168
8,371,5002,6.980407836865254
8,372,5040,6.9283730158730155
8,373,5060,6.909881422924901
8,374,5096,6.981554160125588
8,375,5091,7.059909644470634
8,376,5087,7.071161784942009
8,377,5068,7.023283346487767
8,378,5104,6.969435736677116
8,379,5141,6.933670492122155
8,380,5169,6.907912555620043
8,381,5160,6.958527131782946
8,382,5184,6.960841049382716
8,383,5205,7.004034582132565
8,384,5222,7.114515511298353
8,385,5212,7.150997697620875
8,386,5274,7.107129313613955
8,387,5331,7.027949728006003
8,388,5360,6.977798507462687
8,389,5326,6.996620352985355
8,390,5342,6.987083489329839
8,391,5366,6.976705180767797
8,392,5401,6.979818552119978
8,393,5415,6.9846722068328715
8,394,5505,6.930971843778384
8,395,5580,6.955017921146953
8,396,5614,7.013537584609904
8,397,5619,6.99537284214273
8,398,5673,7.046888771373172
8,399,5678,7.048080309968299
8,400,5703,7.021742942311064
9,0,30,0.0
9,1,30,1.0
9,2,30,2.0
9,3,30,3.0
9,4,30,4.0
9,5,30,5.0
9,6,30,6.0
9,7,30,7.0
9,8,37,6.486486486486487
9,9,41,6.7560975609756095
9,10,45,7.066666666666666
9,11,53,6.849056603773585
9,12,61,6.819672131147541
9,13,64,7.25
9,14,65,8.03076923076923
9,15,69,8.289855072463768
9,16,71,8.605633802816902
9,17,75,8.973333333333333
9,18,76,9.289473684210526
9,19,83,9.024096385542169
9,20,89,9.123595505617978
9,21,95,9.263157894736842
9,22,98,9.846938775510203
9,23,101,10.297029702970297
9,24,103,10.58252427184466
9,25,111,10.225225225225225
9,26,116,10.456896551724139
9,27,126,9.936507936507937
9,28,134,9.917910447761194
9,29,150,9.626666666666667
9,30,148,9.527027027027026
9,31,155,9.483870967741936
9,32,148,8.18918918918919
9,33,153,8.50326797385621
9,34,159,8.50314465408805
9,35,168,8.44047619047619
9,36,176,8.227272727272727
9,37,194,7.974226804123711
9,38,196,8.270408163265307
9,39,200,8.445
9,40,214,8.098130841121495
9,41,220,8.627272727272727
9,42,229,8.593886462882097
9,43,233,8.257510729613735
9,44,246,8.06910569105691
9,45,254,8.196850393700787
9,46,265,8.150943396226415
9,47,271,8.361623616236162
9,48,289,8.221453287197232
9,49,283,8.134275618374557
9,50,276,8.18840579710145
9,51,282,8.067375886524824
9,52,289,8.373702422145328
9,53,288,8.32986111111111
9,54,298,8.208053691275168
9,55,303,7.9372937293729375
9,56,311,7.990353697749196
9,57,303,7.6138613861386135
9,58,304,7.792763157894737
9,59,315,7.85079365079365
9,60,328,7.746951219512195
9,61,342,7.707602339181286
9,62,354,7.68361581920904
9,63,370,7.6
9,64,396,7.232323232323233
9,65,421,7.2304038004750595
9,66,416,7.300480769230769
9,67,406,7.463054187192118
9,68,407,7.6093366093366095
9,69,409,7.63080684596577
9,70,419,7.673031026252984
9,71,446,7.582959641255606
9,72,478,7.46652719665272
9,73,494,7.261133603238866
9,74,501,7.431137724550898
9,75,504,7.454365079365079
9,76,513,7.456140350877193
9,77,522,7.626436781609195
9,78,518,7.785714285714286
9,79,524,7.6965648854961835
9,80,527,7.7798861480075905
9,81,546,7.446886446886447
9,82,565,7.361061946902655
9,83,579,7.381692573402418
9,84,586,7.322525597269625
9,85,601,7.316139767054908
9,86,613,7.396411092985318
9,87,632,7.3465189873417724
9,88,641,7.391575663026521
9,89,646,7.530959752321982
9,90,640,7.534375
9,91,639,7.666666666666667
9,92,668,7.682634730538922
9,93,665,7.651127819548872
9,94,666,7.629129129129129
9,95,659,7.685887708649469
9,96,677,7.59231905465288
9,97,688,7.603197674418604
9,98,701,7.629101283880171
9,99,731,7.538987688098495
9,100,730,7.445205479452055
9,101,756,7.358465608465608
9,102,769,7.395318595578674
9,103,784,7.565051020408164
9,104,793,7.448928121059269
9,105,808,7.235148514851486
9,106,821,7.285018270401949
9,107,838,7.4176610978520285
9,108,857,7.576429404900817
9,109,884,7.585972850678733
9,110,885,7.584180790960452
9,111,902,7.523281596452328
9,112,894,7.492170022371365
9,113,907,7.374862183020948
9,114,911,7.380900109769484
9,115,921,7.423452768729642
9,116,950,7.626315789473685
9,117,964,7.630705394190872
9,118,971,7.539649845520082
9,119,991,7.456104944500504
9,120,1016,7.297244094488189
9,121,1027,7.286270691333982
9,122,1059,7.420207743153918
9,123,1072,7.25839552238806
9,124,1071,7.376283846872083
9,125,1070,7.320560747663551
9,126,1084,7.2444649446494465
9,127,1078,7.280148423005566
9,128,1070,7.411214953271028
9,129,1093,7.260750228728271
9,130,1086,7.445672191528545
9,131,1101,7.384196185286103
9,132,1109,7.318304779080252
9,133,1127,7.28393966282165
9,134,1137,7.3597185576077395
9,135,1161,7.2118863049095605
9,136,1168,7.257705479452055
9,137,1161,7.15848406546081
9,138,1179,7.10178117048346
9,139,1183,7.174133558748943
9,140,1208,7.153973509933775
9,141,1231,7.150284321689683
9,142,1250,7.244
9,143,1277,7.204385277995302
9,144,1277,7.0830070477682066
9,145,1279,7.1923377638780295
9,146,1291,7.217660728117738
9,147,1308,7.191131498470948
9,148,1343,7.239017125837677
9,149,1348,7.094213649851632
9,150,1367,7.17117776152158
9,151,1356,7.162979351032448
9,152,1367,7.228237015362107
9,153,1359,7.2781456953642385
9,154,1386,7.1731601731601735
9,155,1420,7.131690140845071
9,156,1444,7.166897506925208
9,157,1439,7.206393328700487
9,158,1430,7.113286713286714
9,159,1442,7.11373092926491
9,160,1447,7.15549412577747
9,161,1426,7.262272089761571
9,162,1446,7.338174273858921
9,163,1458,7.374485596707819
9,164,1483,7.2771409305461905
9,165,1498,7.1675567423230975
9,166,1494,7.27710843373494
9,167,1528,7.208115183246074
9,168,1533,7.112198303979126
9,169,1524,7.060367454068241
9,170,1528,7.0680628272251305
9,171,1557,7.068079640333975
9,172,1561,6.953235105701474
9,173,1566,6.936781609195402
9,174,1563,6.990403071017274
9,175,1566,7.059386973180077
9,176,1564,7.062020460358056
9,177,1571,7.086569064290261
9,178,1554,7.199485199485199
9,179,1591,7.07605279698303
9,180,1609,7.013051584835301
9,181,1658,6.955367913148372
9,182,1670,6.869461077844312
9,183,1674,6.866188769414576
9,184,1665,7.003603603603604
9,185,1667,7.050389922015597
9,186,1697,6.998821449616971
9,187,1672,7.116028708133971
9,188,1702,7.011163337250294
9,189,1678,7.127532777115614
9,190,1701,6.969429747207525
9,191,1711,6.952074810052601
9,192,1692,6.9367612293144205
9,193,1684,6.9560570071258905
9,194,1717,6.924868957483984
9,195,1723,6.861868833430064
9,196,1720,6.973837209302325
9,197,1725,6.889855072463768
9,198,1729,6.9531521110468475
9,199,1746,7.048682703321878
9,200,1755,6.956695156695156
9,201,1761,6.853492333901192
9,202,1785,6.699159663865546
9,203,1812,6.74448123620309
9,204,1832,6.756550218340611
9,205,1860,6.810215053763441
9,206,1873,6.841430859583556
9,207,1862,6.9860365198711065
9,208,1829,7.042099507927829
9,209,1838,7.064200217627857
9,210,1876,7.041044776119403
9,211,1882,7.109989373007439
9,212,1888,7.041313559322034
9,213,1885,7.099204244031831
9,214,1884,7.121549893842888
9,215,1886,7.081124072110287
9,216,1899,7.005265929436545
9,217,1899,6.976303317535545
9,218,1902,7.022082018927445
9,219,1897,7.014760147601476
9,220,1895,7.070184696569921
9,221,1868,7.080835117773019
9,222,1903,7.099842354177614
9,223,1917,7.145018257694314
9,224,1892,7.172832980972516
9,225,1915,7.130026109660575
9,226,1937,7.094992256066082
9,227,1948,7.048767967145791
9,228,1963,7.074375955170657
9,229,2013,7.072528564331843
9,230,2014,7.057100297914598
9,231,2031,6.922698178237321
9,232,1993,6.935775213246362
9,233,2005,6.8598503740648376
9,234,2009,6.923842707814833
9,235,2006,6.9252243270189435
9,236,2037,6.970544918998527
9,237,2082,6.9649375600384245
9,238,2123,6.935939707960434
9,239,2165,7.007390300230947
9,240,2186,6.998627630375115
9,241,2222,7.001350135013501
9,242,2251,6.969346956908041
9,243,2283,6.96802452912834
9,244,2274,7.064643799472296
9,245,2282,7.156879929886065
9,246,2289,7.036697247706422
9,247,2323,7.1076194575979335
9,248,2345,7.004264392324094
9,249,2405,6.971725571725572
9,250,2400,6.962916666666667
9,251,2418,7.0012406947890815
9,252,2487,7.024125452352232
9,253,2491,7.128061019670815
9,254,2520,7.150793650793651
9,255,2508,7.187001594896332
9,256,2543,7.181675186787259
9,257,2540,7.2708661417322835
9,258,2532,7.32345971563981
9,259,2564,7.234009360374415
9,260,2556,7.105633802816901
9,261,2592,7.089506172839506
9,262,2619,7.042382588774341
9,263,2647,7.108802417831507
9,264,2686,7.104244229337304
9,265,2693,7.082435945042703
9,266,2727,6.972863953061973
9,267,2721,7.042263873575891
9,268,2701,7.132173269159571
9,269,2712,7.1415929203539825
9,270,2749,7.09094216078574
9,271,2743,7.094422165512213
9,272,2793,7.0171858216971
9,273,2769,7.041531238714337
9,274,2735,7.079707495429616
9,275,2729,7.120923415170392
9,276,2735,7.157586837294333
9,277,2750,7.131272727272727
9,278,2749,7.100400145507457
9,279,2789,7.050197203298674
9,280,2827,7.01096568800849
9,281,2823,6.964222458377613
9,282,2803,7.006778451658937
9,283,2803,7.094541562611488
9,284,2833,7.038122132015531
9,285,2854,7.014015416958655
9,286,2876,7.007649513212796
9,287,2914,7.0360329444063145
9,288,2916,6.99039780521262
9,289,2931,7.009553053565336
9,290,2981,7.02079838980208
9,291,3031,6.976245463543385
9,292,3044,6.984559789750328
9,293,3092,6.94404915912031
9,294,3071,6.973949853467926
9,295,3092,7.025549805950841
9,296,3095,6.976413570274636
9,297,3111,7.040501446480231
9,298,3112,7.089331619537275
9,299,3153,7.081192515065017
9,300,3171,7.138757489750867
9,301,3170,7.045425867507887
9,302,3169,7.043862417166299
9,303,3203,7.064314704964096
9,304,3224,7.074441687344913
9,305,3227,7.1468856523086455
9,306,3249,7.225300092336103
9,307,3297,7.173491052471944
9,308,3335,7.181409295352323
9,309,3388,7.112160566706021
9,310,3410,7.046041055718475
9,311,3385,7.091580502215657
9,312,3383,7.009754655631097
9,313,3379,7.023083752589524
9,314,3388,7.046930342384888
9,315,3403,7.066118131060828
9,316,3420,6.9865497076023395
9,317,3464,7.077944572748268
9,318,3493,7.040652734039508
9,319,3537,6.981057393271134
9,320,3548,6.928974069898534
9,321,3513,6.916310845431255
9,322,3542,6.994353472614343
9,323,3576,7.038031319910514
9,324,3602,7.038867295946696
9,325,3624,7.049116997792495
9,326,3645,7.023868312757202
9,327,3652,7.021358159912377
9,328,3701,7.058902999189408
9,329,3692,7.098862405200434
9,330,3712,7.072737068965517
9,331,3794,6.985239852398524
9,332,3792,6.887130801687764
9,333,3839,6.904141703568638
9,334,3857,6.990147783251231
9,335,3859,7.094843223633066
9,336,3890,7.154498714652957
9,337,3922,7.09586945436002
9,338,3934,7.086426029486527
9,339,3969,7.058704963466869
9,340,3989,7.055903735271998
9,341,4010,7.096009975062344
9,342,4057,7.063100813408923
9,343,4100,7.084634146341464
9,344,4126,7.063499757634513
9,345,4195,7.0507747318236
9,346,4185,7.072640382317801
9,347,4240,7.029716981132076
9,348,4278,7.043010752688172
9,349,4296,7.139664804469274
9,350,4325,7.135953757225433
9,351,4347,7.111111111111111
9,352,4410,7.0646258503401365
9,353,4436,7.013300270513977
9,354,4454,7.0047148630444545
9,355,4484,6.984611953612846
9,356,4540,7.0187224669603525
9,357,4555,6.978265642151482
9,358,4592,7.010235191637631
9,359,4592,7.062282229965157
9,360,4712,6.9968166383701185
9,361,4752,7.020622895622895
9,362,4752,6.997474747474747
9,363,4756,7.057401177460051
9,364,4729,7.09050539226052
9,365,4802,7.0964181591003745
9,366,4809,7.087544187980869
9,367,4822,7.1223558689340525
9,368,4865,7.036587872559096
9,369,4876,7.052296964725184
9,370,4913,7.081620191329127
9,371,4922,7.04754164973588
9,372,4925,7.0643654822335025
9,373,4969,7.03179714228215
9,374,5034,7.023440603893524
9,375,5031,7.010932220234546
9,376,5100,6.981764705882353
9,377,5136,6.96047507788162
9,378,5165,6.9151984511132625
9,379,5213,6.937655860349127
9,380,5232,6.897362385321101
9,381,5268,6.957668944570995
9,382,5316,6.993227990970655
9,383,5322,6.9552799699361145
9,384,5343,7.0608272506082725
9,385,5389,7.058637966227501
9,386,5423,7.0512631384842335
9,387,5444,7.030308596620133
9,388,5496,7.028566229985444
9,389,5496,7.038937409024745
9,390,5543,7.061699440736064
9,391,5568,7.033045977011494
9,392,5545,7.050676284941389
9,393,5607,7.099875156054932
9,394,5604,7.066202712348322
9,395,5631,7.053454093411472
9,396,5589,7.03918411164788
9,397,5535,7.074977416440831
9,398,5558,7.048578625404822
9,399,5603,7.02730679992861
9,400,5627,7.030566909543274
