iteration,year,population_size,average_age
0,0,20,0.0
0,1,20,1.0
0,2,20,2.0
0,3,20,3.0
0,4,20,4.0
0,5,20,5.0
0,6,20,6.0
0,7,20,7.0
0,8,20,8.0
0,9,22,7.7727272727272725
0,10,24,8.041666666666666
0,11,30,7.233333333333333
0,12,33,7.484848484848484
0,13,40,7.0
0,14,42,7.619047619047619
0,15,43,8.418604651162791
0,16,45,9.0
0,17,47,9.404255319148936
0,18,50,9.06
0,19,52,9.51923076923077
0,20,55,9.945454545454545
0,21,55,10.0
0,22,62,9.548387096774194
0,23,66,9.409090909090908
0,24,71,9.67605633802817
0,25,78,9.551282051282051
0,26,81,9.691358024691358
0,27,90,9.555555555555555
0,28,91,9.615384615384615
0,29,95,9.378947368421052
0,30,94,9.563829787234043
0,31,101,9.554455445544555
0,32,94,7.74468085106383
0,33,94,8.127659574468085
0,34,98,8.285714285714286
0,35,99,8.484848484848484
0,36,108,8.601851851851851
0,37,111,9.018018018018019
0,38,122,8.71311475409836
0,39,125,8.864
0,40,127,8.976377952755906
0,41,124,9.161290322580646
0,42,131,9.213740458015268
0,43,137,9.116788321167883
0,44,132,8.840909090909092
0,45,142,8.514084507042254
0,46,145,8.062068965517241
0,47,145,8.393103448275863
0,48,146,7.993150684931507
0,49,145,7.834482758620689
0,50,150,8.246666666666666
0,51,152,8.177631578947368
0,52,160,8.15625
0,53,161,8.304347826086957
0,54,170,8.076470588235294
0,55,165,8.103030303030303
0,56,164,8.097560975609756
0,57,158,8.069620253164556
0,58,155,8.025806451612903
0,59,157,8.02547770700637
0,60,161,8.31055900621118
0,61,169,8.08284023668639
0,62,172,7.819767441860465
0,63,170,7.829411764705882
0,64,180,7.883333333333334
0,65,187,7.791443850267379
0,66,204,7.313725490196078
0,67,202,7.623762376237623
0,68,208,7.697115384615385
0,69,207,7.995169082125604
0,70,213,8.004694835680752
0,71,214,7.799065420560748
0,72,217,7.43778801843318
0,73,209,7.339712918660287
0,74,213,7.483568075117371
0,75,214,7.621495327102804
0,76,235,7.2893617021276595
0,77,247,7.113360323886639
0,78,238,7.277310924369748
0,79,242,7.5041322314049586
0,80,240,7.520833333333333
0,81,243,7.650205761316872
0,82,242,7.8347107438016526
0,83,228,8.280701754385966
0,84,217,8.258064516129032
0,85,222,7.878378378378378
0,86,235,7.782978723404256
0,87,228,7.754385964912281
0,88,226,7.982300884955753
0,89,221,8.063348416289593
0,90,230,8.160869565217391
0,91,233,8.004291845493562
0,92,242,7.702479338842975
0,93,244,7.319672131147541
0,94,244,7.557377049180328
0,95,248,7.721774193548387
0,96,246,7.752032520325203
0,97,245,7.906122448979592
0,98,240,7.829166666666667
0,99,232,7.7155172413793105
0,100,228,7.907894736842105
0,101,234,7.833333333333333
0,102,231,7.567099567099567
0,103,232,7.267241379310345
0,104,225,7.488888888888889
0,105,224,7.223214285714286
0,106,220,7.404545454545454
0,107,228,7.254385964912281
0,108,229,7.126637554585153
0,109,215,7.134883720930232
0,110,214,7.0607476635514015
0,111,221,7.298642533936651
0,112,217,7.709677419354839
0,113,228,7.723684210526316
0,114,232,7.724137931034483
0,115,236,7.495762711864407
0,116,237,7.5021097046413505
0,117,238,7.6722689075630255
0,118,234,7.44017094017094
0,119,230,7.643478260869565
0,120,220,7.486363636363636
0,121,215,7.469767441860465
0,122,211,7.530805687203792
0,123,219,7.2465753424657535
0,124,213,7.23943661971831
0,125,211,7.0
0,126,204,7.142156862745098
0,127,205,7.360975609756098
0,128,212,7.34433962264151
0,129,215,7.432558139534883
0,130,213,7.488262910798122
0,131,221,7.411764705882353
0,132,228,7.3201754385964914
0,133,223,7.502242152466367
0,134,223,7.977578475336323
0,135,222,7.783783783783784
0,136,214,7.714953271028038
0,137,210,7.328571428571428
0,138,210,7.223809523809524
0,139,208,7.658653846153846
0,140,212,7.613207547169812
0,141,221,7.6289592760181
0,142,224,7.678571428571429
0,143,224,7.705357142857143
0,144,229,7.567685589519651
0,145,225,7.644444444444445
0,146,227,7.572687224669603
0,147,221,7.4343891402714934
0,148,204,7.5588235294117645
0,149,203,7.428571428571429
0,150,205,7.482926829268293
0,151,207,7.497584541062802
0,152,207,7.927536231884058
0,153,209,7.717703349282297
0,154,208,7.586538461538462
0,155,210,7.4904761904761905
0,156,210,7.29047619047619
0,157,219,7.324200913242009
0,158,211,7.327014218009479
0,159,214,7.289719626168225
0,160,215,7.21860465116279
0,161,209,7.358851674641149
0,162,209,6.976076555023924
0,163,202,7.188118811881188
0,164,199,7.316582914572864
0,165,201,7.2835820895522385
0,166,190,7.031578947368421
0,167,190,6.6421052631578945
0,168,190,7.078947368421052
0,169,188,7.23936170212766
0,170,188,7.26595744680851
0,171,187,7.491978609625669
0,172,183,7.39344262295082
0,173,181,7.629834254143646
0,174,188,7.76063829787234
0,175,195,7.605128205128205
0,176,202,7.5594059405940595
0,177,188,7.414893617021277
0,178,185,7.448648648648649
0,179,176,7.579545454545454
0,180,177,7.6892655367231635
0,181,187,7.540106951871658
0,182,190,7.294736842105263
0,183,191,7.408376963350785
0,184,187,7.508021390374331
0,185,186,7.618279569892473
0,186,177,7.9209039548022595
0,187,181,7.751381215469613
0,188,174,7.844827586206897
0,189,168,7.732142857142857
0,190,170,7.547058823529412
0,191,176,7.505681818181818
0,192,178,7.421348314606742
0,193,169,7.337278106508876
0,194,184,7.461956521739131
0,195,178,7.297752808988764
0,196,173,7.265895953757226
0,197,165,7.03030303030303
0,198,166,7.409638554216867
0,199,166,7.445783132530121
0,200,167,7.610778443113772
0,201,166,7.843373493975903
0,202,164,7.7560975609756095
0,203,169,7.763313609467455
0,204,171,7.4035087719298245
0,205,177,6.983050847457627
0,206,183,7.081967213114754
0,207,186,7.166666666666667
0,208,183,7.409836065573771
0,209,184,7.217391304347826
0,210,178,6.99438202247191
0,211,182,7.21978021978022
0,212,184,7.559782608695652
0,213,187,7.508021390374331
0,214,173,7.7514450867052025
0,215,183,7.666666666666667
0,216,191,7.7486910994764395
0,217,201,7.920398009950249
0,218,206,8.092233009708737
0,219,216,7.953703703703703
0,220,210,7.804761904761905
0,221,209,7.894736842105263
0,222,219,7.707762557077626
0,223,220,7.781818181818182
0,224,218,7.81651376146789
0,225,221,7.755656108597285
0,226,222,7.621621621621622
0,227,213,7.793427230046948
0,228,207,7.990338164251208
0,229,211,7.739336492890995
0,230,217,7.880184331797235
0,231,212,7.952830188679245
0,232,212,8.20754716981132
0,233,211,8.156398104265403
0,234,227,7.60352422907489
0,235,231,7.675324675324675
0,236,234,7.269230769230769
0,237,229,6.899563318777292
0,238,227,6.590308370044053
0,239,223,6.7309417040358746
0,240,215,7.097674418604651
0,241,212,7.367924528301887
0,242,203,7.635467980295567
0,243,204,7.495098039215686
0,244,204,7.754901960784314
0,245,206,7.762135922330097
0,246,206,7.936893203883495
0,247,202,8.089108910891088
0,248,202,8.212871287128714
0,249,190,7.863157894736842
0,250,196,7.510204081632653
0,251,192,7.65625
0,252,193,7.487046632124352
0,253,194,7.510309278350515
0,254,192,7.526041666666667
0,255,183,7.524590163934426
0,256,178,7.438202247191011
0,257,178,7.657303370786517
0,258,173,7.404624277456647
0,259,169,7.4674556213017755
0,260,172,7.808139534883721
0,261,181,7.281767955801105
0,262,176,7.454545454545454
0,263,185,7.356756756756757
0,264,174,7.281609195402299
0,265,176,7.1875
0,266,173,7.526011560693641
0,267,179,7.4972067039106145
0,268,182,7.461538461538462
0,269,182,7.384615384615385
0,270,187,7.363636363636363
0,271,177,7.1807909604519775
0,272,168,7.184523809523809
0,273,171,7.643274853801169
0,274,172,7.761627906976744
0,275,164,7.701219512195122
0,276,161,7.832298136645963
0,277,163,7.969325153374233
0,278,161,7.708074534161491
0,279,159,7.421383647798742
0,280,162,6.91358024691358
0,281,155,6.974193548387097
0,282,157,6.987261146496815
0,283,154,7.025974025974026
0,284,144,7.173611111111111
0,285,155,7.148387096774194
0,286,149,7.610738255033557
0,287,158,7.481012658227848
0,288,157,7.439490445859873
0,289,146,7.821917808219178
0,290,146,7.815068493150685
0,291,147,7.476190476190476
0,292,149,7.221476510067114
0,293,140,7.364285714285714
0,294,141,7.404255319148936
0,295,136,7.360294117647059
0,296,129,7.75968992248062
0,297,127,8.220472440944881
0,298,123,8.048780487804878
0,299,118,8.177966101694915
0,300,120,8.008333333333333
0,301,124,7.887096774193548
0,302,127,7.905511811023622
0,303,131,7.885496183206107
0,304,132,7.265151515151516
0,305,125,7.152
0,306,121,7.181818181818182
0,307,115,6.965217391304348
0,308,110,6.918181818181818
0,309,111,7.5225225225225225
0,310,111,7.72972972972973
0,311,109,8.055045871559633
0,312,108,7.861111111111111
0,313,119,7.4789915966386555
0,314,125,7.168
0,315,124,7.096774193548387
0,316,119,7.378151260504202
0,317,122,7.540983606557377
0,318,121,7.115702479338843
0,319,119,7.310924369747899
0,320,122,7.188524590163935
0,321,125,7.216
0,322,130,7.107692307692307
0,323,127,7.086614173228346
0,324,120,6.958333333333333
0,325,121,6.801652892561983
0,326,116,6.577586206896552
0,327,120,6.325
0,328,117,6.888888888888889
0,329,113,6.6902654867256635
0,330,108,6.824074074074074
0,331,106,6.886792452830188
0,332,103,7.349514563106796
0,333,102,7.470588235294118
0,334,97,7.628865979381444
0,335,89,7.595505617977528
0,336,91,7.186813186813187
0,337,94,6.861702127659575
0,338,95,6.821052631578947
0,339,91,6.945054945054945
0,340,91,7.362637362637362
0,341,96,7.21875
0,342,94,7.287234042553192
0,343,91,7.285714285714286
0,344,88,7.625
0,345,84,8.05952380952381
0,346,86,7.72093023255814
0,347,87,7.206896551724138
0,348,87,7.241379310344827
0,349,84,6.940476190476191
0,350,78,7.576923076923077
0,351,79,7.050632911392405
0,352,81,7.185185185185185
0,353,80,7.2875
0,354,87,7.137931034482759
0,355,86,7.069767441860465
0,356,84,7.011904761904762
0,357,83,6.963855421686747
0,358,80,7.2125
0,359,79,7.506329113924051
0,360,76,7.578947368421052
0,361,71,7.830985915492958
0,362,70,8.2
0,363,60,8.133333333333333
0,364,57,8.719298245614034
0,365,54,8.5
0,366,51,8.333333333333334
0,367,50,8.24
0,368,50,8.62
0,369,50,8.06
0,370,50,7.82
0,371,50,7.44
0,372,46,6.630434782608695
0,373,46,6.673913043478261
0,374,44,6.590909090909091
0,375,47,6.9787234042553195
0,376,50,6.68
0,377,50,7.02
0,378,50,7.02
0,379,52,7.4423076923076925
0,380,46,7.173913043478261
0,381,44,6.909090909090909
0,382,43,7.372093023255814
0,383,41,7.609756097560975
0,384,42,8.261904761904763
0,385,43,8.046511627906977
0,386,42,7.571428571428571
0,387,43,6.511627906976744
0,388,38,6.2368421052631575
0,389,41,6.121951219512195
0,390,44,6.2272727272727275
0,391,44,6.863636363636363
0,392,46,6.760869565217392
0,393,46,6.608695652173913
0,394,48,7.291666666666667
0,395,50,7.52
0,396,52,6.8076923076923075
0,397,55,7.1454545454545455
0,398,59,6.915254237288136
0,399,63,6.936507936507937
0,400,61,7.163934426229508
1,0,20,0.0
1,1,20,1.0
1,2,20,2.0
1,3,20,3.0
1,4,20,4.0
1,5,20,5.0
1,6,20,6.0
1,7,20,7.0
1,8,20,8.0
1,9,23,7.826086956521739
1,10,25,8.12
1,11,30,7.6
1,12,32,8.0625
1,13,35,8.285714285714286
1,14,40,8.125
1,15,42,8.333333333333334
1,16,46,8.521739130434783
1,17,48,8.666666666666666
1,18,49,9.10204081632653
1,19,59,8.389830508474576
1,20,66,8.393939393939394
1,21,68,8.632352941176471
1,22,71,8.295774647887324
1,23,77,8.272727272727273
1,24,81,8.691358024691358
1,25,83,9.265060240963855
1,26,87,9.275862068965518
1,27,88,9.943181818181818
1,28,93,9.989247311827956
1,29,97,9.824742268041238
1,30,103,9.718446601941748
1,31,114,9.236842105263158
1,32,109,7.889908256880734
1,33,119,7.453781512605042
1,34,128,7.4375
1,35,133,7.7593984962406015
1,36,144,7.8125
1,37,148,7.972972972972973
1,38,155,8.180645161290322
1,39,163,8.220858895705522
1,40,162,8.469135802469136
1,41,170,8.341176470588236
1,42,176,8.568181818181818
1,43,184,8.668478260869565
1,44,184,8.5
1,45,184,8.304347826086957
1,46,189,8.02116402116402
1,47,191,8.047120418848168
1,48,197,8.228426395939087
1,49,204,8.5
1,50,203,8.714285714285714
1,51,200,8.17
1,52,213,8.093896713615024
1,53,222,8.013513513513514
1,54,220,8.113636363636363
1,55,233,8.004291845493562
1,56,242,7.884297520661157
1,57,250,7.812
1,58,254,8.047244094488189
1,59,250,7.932
1,60,246,8.317073170731707
1,61,248,8.100806451612904
1,62,247,8.384615384615385
1,63,254,8.539370078740157
1,64,256,8.546875
1,65,254,8.803149606299213
1,66,258,8.817829457364342
1,67,253,8.561264822134387
1,68,254,8.51968503937008
1,69,258,8.372093023255815
1,70,256,8.09765625
1,71,252,7.920634920634921
1,72,262,8.026717557251908
1,73,259,7.683397683397684
1,74,264,7.863636363636363
1,75,265,7.513207547169811
1,76,266,7.661654135338346
1,77,275,7.498181818181818
1,78,268,7.399253731343284
1,79,264,7.484848484848484
1,80,252,7.507936507936508
1,81,251,7.605577689243028
1,82,253,7.691699604743083
1,83,260,7.776923076923077
1,84,259,7.864864864864865
1,85,272,7.959558823529412
1,86,277,8.072202166064981
1,87,289,7.885813148788928
1,88,300,7.873333333333333
1,89,302,7.867549668874172
1,90,312,7.798076923076923
1,91,309,7.948220064724919
1,92,305,8.104918032786886
1,93,297,8.057239057239057
1,94,287,8.048780487804878
1,95,288,8.01736111111111
1,96,293,8.143344709897612
1,97,288,7.944444444444445
1,98,283,7.939929328621908
1,99,283,7.459363957597173
1,100,287,7.2543554006968645
1,101,289,7.2387543252595155
1,102,294,7.261904761904762
1,103,299,7.454849498327759
1,104,298,7.644295302013423
1,105,296,7.793918918918919
1,106,299,7.421404682274248
1,107,294,7.629251700680272
1,108,298,7.708053691275167
1,109,291,7.6632302405498285
1,110,290,7.3517241379310345
1,111,295,7.386440677966101
1,112,294,7.445578231292517
1,113,283,7.4946996466431095
1,114,287,7.557491289198606
1,115,281,7.462633451957295
1,116,281,7.5088967971530245
1,117,285,7.252631578947368
1,118,286,7.195804195804196
1,119,281,6.914590747330961
1,120,287,6.993031358885017
1,121,290,7.334482758620689
1,122,291,7.350515463917525
1,123,283,7.5477031802120145
1,124,285,7.463157894736842
1,125,288,7.649305555555555
1,126,282,7.8546099290780145
1,127,291,7.402061855670103
1,128,287,7.2473867595818815
1,129,274,7.456204379562044
1,130,281,7.124555160142349
1,131,268,7.190298507462686
1,132,264,7.268939393939394
1,133,261,7.3869731800766285
1,134,267,7.52808988764045
1,135,260,7.8076923076923075
1,136,252,7.722222222222222
1,137,250,7.94
1,138,254,7.866141732283465
1,139,252,7.753968253968254
1,140,253,7.8063241106719365
1,141,258,7.786821705426356
1,142,249,7.975903614457831
1,143,243,7.958847736625515
1,144,245,7.914285714285715
1,145,240,7.791666666666667
1,146,232,7.827586206896552
1,147,221,7.8099547511312215
1,148,231,7.558441558441558
1,149,232,7.314655172413793
1,150,236,7.283898305084746
1,151,236,7.521186440677966
1,152,225,7.711111111111111
1,153,219,7.931506849315069
1,154,231,7.606060606060606
1,155,226,7.716814159292035
1,156,227,7.6255506607929515
1,157,226,7.752212389380531
1,158,216,7.560185185185185
1,159,220,7.695454545454545
1,160,218,7.610091743119266
1,161,219,7.52054794520548
1,162,216,7.569444444444445
1,163,219,7.6118721461187215
1,164,219,7.470319634703197
1,165,218,7.6880733944954125
1,166,211,7.791469194312796
1,167,212,7.65566037735849
1,168,212,7.627358490566038
1,169,218,7.339449541284404
1,170,214,7.149532710280374
1,171,211,7.578199052132701
1,172,217,7.682027649769585
1,173,226,7.274336283185841
1,174,217,7.018433179723503
1,175,213,6.957746478873239
1,176,219,7.410958904109589
1,177,223,7.686098654708521
1,178,215,7.2
1,179,217,7.350230414746544
1,180,214,7.196261682242991
1,181,224,7.111607142857143
1,182,216,7.199074074074074
1,183,221,7.352941176470588
1,184,235,7.05531914893617
1,185,231,6.757575757575758
1,186,229,6.641921397379913
1,187,220,6.590909090909091
1,188,221,6.796380090497737
1,189,220,6.85
1,190,222,6.797297297297297
1,191,215,7.2372093023255815
1,192,213,7.44131455399061
1,193,199,7.557788944723618
1,194,202,7.603960396039604
1,195,199,7.914572864321608
1,196,206,7.815533980582524
1,197,204,7.696078431372549
1,198,197,7.807106598984771
1,199,192,8.067708333333334
1,200,190,7.605263157894737
1,201,191,7.712041884816754
1,202,190,7.578947368421052
1,203,184,7.407608695652174
1,204,184,7.315217391304348
1,205,185,7.4324324324324325
1,206,183,7.3497267759562845
1,207,174,7.252873563218391
1,208,184,7.244565217391305
1,209,177,7.259887005649717
1,210,174,7.241379310344827
1,211,173,7.242774566473988
1,212,163,7.638036809815951
1,213,162,7.697530864197531
1,214,152,8.098684210526315
1,215,143,8.251748251748252
1,216,138,8.079710144927537
1,217,140,7.728571428571429
1,218,140,8.092857142857143
1,219,146,7.863013698630137
1,220,147,7.918367346938775
1,221,140,7.35
1,222,143,6.972027972027972
1,223,149,6.805369127516778
1,224,160,7.00625
1,225,162,7.395061728395062
1,226,165,7.642424242424243
1,227,162,7.487654320987654
1,228,161,7.478260869565218
1,229,167,7.077844311377246
1,230,173,6.884393063583815
1,231,174,6.879310344827586
1,232,170,6.952941176470588
1,233,159,7.037735849056604
1,234,163,7.147239263803681
1,235,159,7.427672955974843
1,236,160,7.33125
1,237,161,7.15527950310559
1,238,161,7.285714285714286
1,239,164,7.225609756097561
1,240,164,7.579268292682927
1,241,167,7.730538922155689
1,242,173,7.479768786127168
1,243,167,7.275449101796407
1,244,164,7.5060975609756095
1,245,157,7.369426751592357
1,246,153,7.647058823529412
1,247,143,7.503496503496503
1,248,142,7.492957746478873
1,249,150,7.326666666666667
1,250,146,7.712328767123288
1,251,159,7.40251572327044
1,252,158,7.727848101265823
1,253,162,7.185185185185185
1,254,172,7.122093023255814
1,255,174,7.316091954022989
1,256,166,7.271084337349397
1,257,169,7.023668639053255
1,258,173,7.393063583815029
1,259,188,6.930851063829787
1,260,187,7.336898395721925
1,261,195,7.5948717948717945
1,262,196,7.571428571428571
1,263,194,7.5
1,264,199,7.532663316582915
1,265,202,7.732673267326732
1,266,203,7.502463054187192
1,267,195,7.733333333333333
1,268,194,7.680412371134021
1,269,195,7.466666666666667
1,270,207,7.768115942028985
1,271,204,7.970588235294118
1,272,206,8.033980582524272
1,273,221,7.719457013574661
1,274,218,7.6192660550458715
1,275,199,7.708542713567839
1,276,200,7.645
1,277,189,7.333333333333333
1,278,182,7.6208791208791204
1,279,186,7.704301075268817
1,280,180,7.5055555555555555
1,281,178,7.792134831460674
1,282,181,7.823204419889502
1,283,188,7.414893617021277
1,284,186,7.349462365591398
1,285,186,7.279569892473118
1,286,188,7.340425531914893
1,287,187,7.262032085561497
1,288,179,7.631284916201118
1,289,170,7.8
1,290,167,7.74251497005988
1,291,165,7.787878787878788
1,292,175,7.28
1,293,177,7.548022598870056
1,294,178,7.370786516853933
1,295,181,7.541436464088398
1,296,187,7.577540106951871
1,297,188,7.164893617021277
1,298,198,7.171717171717172
1,299,197,7.385786802030457
1,300,198,7.4393939393939394
1,301,188,7.574468085106383
1,302,182,7.554945054945055
1,303,187,7.566844919786096
1,304,174,7.080459770114943
1,305,179,7.4748603351955305
1,306,175,7.96
1,307,176,8.073863636363637
1,308,171,8.2046783625731
1,309,176,8.215909090909092
1,310,174,8.189655172413794
1,311,168,8.089285714285714
1,312,167,8.023952095808383
1,313,167,8.2874251497006
1,314,157,8.0828025477707
1,315,153,7.784313725490196
1,316,148,7.668918918918919
1,317,140,7.435714285714286
1,318,135,7.503703703703704
1,319,131,7.3816793893129775
1,320,139,7.597122302158273
1,321,146,7.890410958904109
1,322,149,7.718120805369128
1,323,157,7.834394904458598
1,324,143,7.580419580419581
1,325,143,7.65034965034965
1,326,163,7.012269938650307
1,327,163,7.177914110429448
1,328,167,7.0119760479041915
1,329,161,7.267080745341615
1,330,158,7.272151898734177
1,331,161,7.3105590062111805
1,332,154,7.298701298701299
1,333,157,7.592356687898089
1,334,155,7.709677419354839
1,335,149,7.4630872483221475
1,336,141,7.581560283687943
1,337,138,7.405797101449275
1,338,144,7.743055555555555
1,339,146,7.760273972602739
1,340,143,7.6923076923076925
1,341,142,7.669014084507042
1,342,138,7.22463768115942
1,343,137,7.299270072992701
1,344,132,7.287878787878788
1,345,135,7.525925925925926
1,346,134,7.753731343283582
1,347,135,7.888888888888889
1,348,141,7.659574468085107
1,349,138,7.7898550724637685
1,350,146,7.397260273972603
1,351,148,7.195945945945946
1,352,149,7.154362416107382
1,353,142,7.352112676056338
1,354,142,7.676056338028169
1,355,151,7.556291390728477
1,356,150,7.56
1,357,152,7.644736842105263
1,358,146,7.493150684931507
1,359,146,7.328767123287672
1,360,151,7.662251655629139
1,361,156,6.987179487179487
1,362,146,6.760273972602739
1,363,145,6.682758620689655
1,364,147,7.210884353741497
1,365,142,7.091549295774648
1,366,152,7.046052631578948
1,367,150,7.3533333333333335
1,368,148,7.3108108108108105
1,369,144,7.597222222222222
1,370,143,7.4825174825174825
1,371,148,7.371621621621622
1,372,155,7.148387096774194
1,373,160,7.1875
1,374,161,7.136645962732919
1,375,160,6.90625
1,376,156,7.076923076923077
1,377,159,7.018867924528302
1,378,162,7.037037037037037
1,379,156,7.32051282051282
1,380,155,7.264516129032258
1,381,155,7.464516129032258
1,382,160,7.41875
1,383,165,7.327272727272727
1,384,162,7.148148148148148
1,385,165,7.484848484848484
1,386,158,7.474683544303797
1,387,156,7.5256410256410255
1,388,156,7.314102564102564
1,389,156,7.487179487179487
1,390,164,7.4939024390243905
1,391,165,7.333333333333333
1,392,163,7.552147239263804
1,393,166,7.536144578313253
1,394,164,7.4939024390243905
1,395,162,7.5
1,396,164,7.591463414634147
1,397,158,7.7784810126582276
1,398,153,7.875816993464053
1,399,147,8.156462585034014
1,400,147,8.238095238095237
2,0,20,0.0
2,1,20,1.0
2,2,20,2.0
2,3,20,3.0
2,4,20,4.0
2,5,20,5.0
2,6,20,6.0
2,7,20,7.0
2,8,20,8.0
2,9,21,8.571428571428571
2,10,25,8.04
2,11,28,8.071428571428571
2,12,32,7.9375
2,13,34,8.411764705882353
2,14,37,8.64864864864865
2,15,42,8.5
2,16,46,8.673913043478262
2,17,50,8.9
2,18,52,9.51923076923077
2,19,53,9.962264150943396
2,20,59,9.508474576271187
2,21,63,9.841269841269842
2,22,71,9.619718309859154
2,23,74,9.567567567567568
2,24,69,9.840579710144928
2,25,65,10.046153846153846
2,26,68,10.073529411764707
2,27,71,10.507042253521126
2,28,76,10.328947368421053
2,29,80,9.6375
2,30,90,9.244444444444444
2,31,91,9.098901098901099
2,32,90,7.455555555555556
2,33,100,7.18
2,34,108,7.194444444444445
2,35,109,7.08256880733945
2,36,105,7.514285714285714
2,37,112,7.848214285714286
2,38,111,8.27927927927928
2,39,115,8.773913043478261
2,40,115,9.2
2,41,117,9.487179487179487
2,42,122,9.081967213114755
2,43,121,9.363636363636363
2,44,123,9.609756097560975
2,45,126,9.142857142857142
2,46,133,8.481203007518797
2,47,140,8.128571428571428
2,48,140,8.392857142857142
2,49,142,8.183098591549296
2,50,143,8.461538461538462
2,51,151,8.172185430463577
2,52,152,7.9605263157894735
2,53,159,7.867924528301887
2,54,159,8.119496855345911
2,55,155,8.387096774193548
2,56,162,8.487654320987655
2,57,165,8.884848484848485
2,58,166,8.957831325301205
2,59,175,8.142857142857142
2,60,174,8.60344827586207
2,61,168,8.255952380952381
2,62,178,8.039325842696629
2,63,179,8.268156424581006
2,64,181,8.220994475138122
2,65,186,7.682795698924731
2,66,183,7.737704918032787
2,67,180,7.816666666666666
2,68,186,7.60752688172043
2,69,183,7.961748633879782
2,70,189,8.470899470899472
2,71,190,8.226315789473684
2,72,199,8.105527638190955
2,73,193,8.020725388601036
2,74,193,7.823834196891192
2,75,197,7.928934010152284
2,76,196,7.545918367346939
2,77,197,7.6091370558375635
2,78,197,7.401015228426396
2,79,197,7.527918781725888
2,80,194,7.628865979381444
2,81,207,7.628019323671498
2,82,211,7.682464454976303
2,83,207,7.859903381642512
2,84,205,7.926829268292683
2,85,205,7.931707317073171
2,86,210,7.647619047619048
2,87,209,7.746411483253588
2,88,213,7.563380281690141
2,89,214,7.345794392523365
2,90,213,7.605633802816901
2,91,225,7.546666666666667
2,92,231,7.1731601731601735
2,93,229,7.366812227074236
2,94,229,7.489082969432315
2,95,233,7.592274678111588
2,96,233,7.639484978540772
2,97,228,7.899122807017544
2,98,229,7.9475982532751095
2,99,234,7.884615384615385
2,100,237,7.932489451476793
2,101,249,7.481927710843373
2,102,250,7.284
2,103,251,7.442231075697211
2,104,244,7.430327868852459
2,105,243,7.674897119341564
2,106,251,7.836653386454183
2,107,256,7.91796875
2,108,249,7.891566265060241
2,109,258,8.023255813953488
2,110,265,7.966037735849056
2,111,267,8.02247191011236
2,112,278,7.719424460431655
2,113,275,7.916363636363636
2,114,271,7.856088560885609
2,115,282,7.75177304964539
2,116,281,7.868327402135232
2,117,287,7.686411149825784
2,118,289,7.460207612456747
2,119,293,7.675767918088737
2,120,293,7.658703071672355
2,121,290,7.637931034482759
2,122,290,7.506896551724138
2,123,293,7.283276450511946
2,124,301,7.232558139534884
2,125,308,7.181818181818182
2,126,303,7.438943894389439
2,127,318,7.364779874213837
2,128,322,7.586956521739131
2,129,317,7.37223974763407
2,130,314,7.624203821656051
2,131,313,7.706070287539936
2,132,310,7.603225806451613
2,133,304,7.7894736842105265
2,134,308,7.646103896103896
2,135,297,7.242424242424242
2,136,297,7.185185185185185
2,137,297,7.245791245791246
2,138,294,7.173469387755102
2,139,298,7.083892617449664
2,140,297,7.252525252525253
2,141,297,7.141414141414141
2,142,301,7.235880398671096
2,143,298,7.466442953020135
2,144,301,7.229235880398671
2,145,293,7.112627986348123
2,146,300,7.203333333333333
2,147,288,7.225694444444445
2,148,291,7.484536082474227
2,149,290,7.620689655172414
2,150,301,7.212624584717608
2,151,294,7.241496598639456
2,152,293,7.416382252559727
2,153,288,7.5
2,154,281,7.644128113879003
2,155,288,7.256944444444445
2,156,289,7.100346020761246
2,157,293,6.914675767918089
2,158,286,6.926573426573427
2,159,276,7.054347826086956
2,160,279,7.186379928315413
2,161,274,7.368613138686132
2,162,275,7.341818181818182
2,163,271,7.568265682656826
2,164,261,7.693486590038314
2,165,258,7.565891472868217
2,166,272,7.301470588235294
2,167,268,6.973880597014926
2,168,264,6.912878787878788
2,169,268,6.843283582089552
2,170,255,7.129411764705883
2,171,260,7.138461538461539
2,172,266,7.2105263157894735
2,173,263,7.612167300380228
2,174,265,7.516981132075472
2,175,260,7.438461538461539
2,176,261,7.233716475095785
2,177,253,7.399209486166008
2,178,256,7.2734375
2,179,253,7.529644268774703
2,180,253,7.664031620553359
2,181,257,7.330739299610895
2,182,250,7.436
2,183,246,7.711382113821138
2,184,259,7.544401544401544
2,185,268,7.462686567164179
2,186,269,7.275092936802974
2,187,269,7.20817843866171
2,188,275,7.3090909090909095
2,189,274,7.186131386861314
2,190,280,6.9678571428571425
2,191,264,7.113636363636363
2,192,261,7.3486590038314175
2,193,255,7.556862745098039
2,194,256,7.76171875
2,195,255,7.745098039215686
2,196,238,7.647058823529412
2,197,254,7.610236220472441
2,198,253,7.6561264822134385
2,199,256,7.47265625
2,200,242,7.169421487603306
2,201,236,7.220338983050848
2,202,236,7.279661016949152
2,203,237,7.341772151898734
2,204,226,7.676991150442478
2,205,219,7.684931506849315
2,206,230,7.334782608695652
2,207,230,7.391304347826087
2,208,245,7.089795918367347
2,209,237,7.0928270042194095
2,210,236,7.283898305084746
2,211,226,7.486725663716814
2,212,229,7.318777292576419
2,213,233,7.227467811158799
2,214,225,7.191111111111111
2,215,222,7.490990990990991
2,216,225,7.613333333333333
2,217,214,7.752336448598131
2,218,216,7.7407407407407405
2,219,213,7.572769953051643
2,220,210,8.119047619047619
2,221,218,7.931192660550459
2,222,209,7.478468899521531
2,223,216,7.106481481481482
2,224,218,7.215596330275229
2,225,210,7.266666666666667
2,226,216,7.648148148148148
2,227,206,7.490291262135922
2,228,202,7.727722772277228
2,229,201,8.014925373134329
2,230,194,8.051546391752577
2,231,192,8.119791666666666
2,232,187,8.037433155080214
2,233,184,7.842391304347826
2,234,182,7.648351648351649
2,235,171,7.608187134502924
2,236,175,7.508571428571429
2,237,176,7.75
2,238,181,7.955801104972376
2,239,179,7.837988826815643
2,240,180,7.572222222222222
2,241,168,7.178571428571429
2,242,165,7.115151515151515
2,243,165,7.206060606060606
2,244,167,7.2155688622754495
2,245,163,7.03680981595092
2,246,158,7.4113924050632916
2,247,163,6.877300613496932
2,248,166,7.072289156626506
2,249,167,7.161676646706587
2,250,163,7.41717791411043
2,251,159,7.553459119496855
2,252,152,7.684210526315789
2,253,151,7.456953642384106
2,254,148,7.621621621621622
2,255,146,7.787671232876712
2,256,137,7.583941605839416
2,257,136,7.720588235294118
2,258,134,7.686567164179104
2,259,130,7.6
2,260,128,7.203125
2,261,121,7.024793388429752
2,262,116,7.474137931034483
2,263,105,7.771428571428571
2,264,99,7.414141414141414
2,265,97,7.206185567010309
2,266,95,7.484210526315789
2,267,102,7.470588235294118
2,268,104,6.855769230769231
2,269,106,6.471698113207547
2,270,110,6.390909090909091
2,271,108,6.398148148148148
2,272,110,6.527272727272727
2,273,103,6.407766990291262
2,274,105,6.3238095238095235
2,275,104,6.365384615384615
2,276,101,6.900990099009901
2,277,104,6.846153846153846
2,278,103,6.980582524271845
2,279,99,7.02020202020202
2,280,97,7.195876288659794
2,281,98,7.030612244897959
2,282,96,7.510416666666667
2,283,96,7.447916666666667
2,284,100,7.13
2,285,103,6.941747572815534
2,286,103,7.067961165048544
2,287,98,7.010204081632653
2,288,102,6.901960784313726
2,289,102,7.186274509803922
2,290,99,7.5353535353535355
2,291,98,7.816326530612245
2,292,105,7.523809523809524
2,293,110,7.381818181818182
2,294,113,7.123893805309734
2,295,111,7.072072072072072
2,296,103,6.427184466019417
2,297,104,6.798076923076923
2,298,106,7.084905660377358
2,299,104,7.0
2,300,105,7.228571428571429
2,301,108,6.981481481481482
2,302,113,7.0
2,303,118,6.915254237288136
2,304,123,6.634146341463414
2,305,129,6.457364341085271
2,306,131,6.473282442748092
2,307,136,6.669117647058823
2,308,135,6.770370370370371
2,309,141,6.74468085106383
2,310,140,6.835714285714285
2,311,134,7.3283582089552235
2,312,133,7.368421052631579
2,313,133,7.669172932330827
2,314,135,7.518518518518518
2,315,139,7.374100719424461
2,316,132,7.507575757575758
2,317,138,7.239130434782608
2,318,142,7.267605633802817
2,319,135,6.792592592592593
2,320,130,6.976923076923077
2,321,128,7.46875
2,322,119,7.65546218487395
2,323,115,7.7043478260869565
2,324,115,7.895652173913043
2,325,117,7.965811965811966
2,326,116,8.224137931034482
2,327,117,8.376068376068377
2,328,110,8.10909090909091
2,329,110,7.881818181818182
2,330,112,7.883928571428571
2,331,101,7.415841584158416
2,332,94,7.351063829787234
2,333,92,7.467391304347826
2,334,101,6.910891089108911
2,335,105,7.152380952380953
2,336,99,7.232323232323233
2,337,95,7.757894736842105
2,338,94,8.25531914893617
2,339,94,7.5638297872340425
2,340,95,6.989473684210527
2,341,98,6.908163265306122
2,342,91,6.989010989010989
2,343,84,7.690476190476191
2,344,86,7.77906976744186
2,345,80,8.15
2,346,77,7.753246753246753
2,347,80,7.7
2,348,84,7.488095238095238
2,349,81,7.197530864197531
2,350,83,7.180722891566265
2,351,84,7.214285714285714
2,352,78,7.243589743589744
2,353,75,7.466666666666667
2,354,75,7.56
2,355,67,7.791044776119403
2,356,67,8.134328358208956
2,357,68,8.117647058823529
2,358,75,7.88
2,359,78,8.153846153846153
2,360,73,7.63013698630137
2,361,71,7.901408450704225
2,362,66,7.954545454545454
2,363,68,7.911764705882353
2,364,63,7.079365079365079
2,365,70,7.2
2,366,74,7.297297297297297
2,367,73,6.657534246575342
2,368,65,6.384615384615385
2,369,67,6.104477611940299
2,370,71,6.084507042253521
2,371,70,6.557142857142857
2,372,71,6.464788732394366
2,373,72,6.291666666666667
2,374,70,6.557142857142857
2,375,73,6.671232876712328
2,376,70,7.0
2,377,77,6.636363636363637
2,378,75,6.946666666666666
2,379,71,7.056338028169014
2,380,67,7.104477611940299
2,381,70,6.728571428571429
2,382,69,6.6521739130434785
2,383,64,6.734375
2,384,64,6.921875
2,385,59,6.88135593220339
2,386,57,7.0701754385964914
2,387,58,7.103448275862069
2,388,56,7.0
2,389,54,7.0
2,390,58,6.637931034482759
2,391,59,6.6440677966101696
2,392,60,6.75
2,393,60,6.933333333333334
2,394,61,7.295081967213115
2,395,61,7.442622950819672
2,396,57,7.245614035087719
2,397,53,8.056603773584905
2,398,49,8.36734693877551
2,399,45,8.422222222222222
2,400,49,7.857142857142857
3,0,20,0.0
3,1,20,1.0
3,2,20,2.0
3,3,20,3.0
3,4,20,4.0
3,5,20,5.0
3,6,20,6.0
3,7,20,7.0
3,8,19,8.0
3,9,21,8.142857142857142
3,10,23,8.347826086956522
3,11,25,8.6
3,12,30,8.0
3,13,31,8.290322580645162
3,14,32,9.0
3,15,37,8.64864864864865
3,16,39,9.153846153846153
3,17,42,9.428571428571429
3,18,46,9.326086956521738
3,19,46,9.847826086956522
3,20,47,10.446808510638299
3,21,50,10.34
3,22,54,10.296296296296296
3,23,58,9.879310344827585
3,24,57,10.649122807017545
3,25,60,10.85
3,26,64,10.0625
3,27,69,9.73913043478261
3,28,70,9.385714285714286
3,29,74,9.337837837837839
3,30,78,9.23076923076923
3,31,83,9.614457831325302
3,32,76,7.381578947368421
3,33,77,7.688311688311688
3,34,80,8.0125
3,35,83,8.566265060240964
3,36,84,9.119047619047619
3,37,94,9.042553191489361
3,38,96,9.229166666666666
3,39,103,9.048543689320388
3,40,111,9.018018018018019
3,41,111,8.612612612612613
3,42,113,8.247787610619469
3,43,109,7.7889908256880735
3,44,114,8.008771929824562
3,45,118,8.35593220338983
3,46,118,8.813559322033898
3,47,115,8.634782608695652
3,48,115,8.808695652173913
3,49,125,8.632
3,50,139,7.625899280575539
3,51,136,8.110294117647058
3,52,134,7.91044776119403
3,53,134,7.880597014925373
3,54,140,7.935714285714286
3,55,137,8.065693430656934
3,56,139,8.474820143884893
3,57,141,8.21985815602837
3,58,149,8.060402684563758
3,59,155,7.961290322580645
3,60,155,8.141935483870968
3,61,161,7.807453416149069
3,62,167,7.508982035928144
3,63,169,7.8698224852071
3,64,166,7.86144578313253
3,65,174,7.735632183908046
3,66,182,7.774725274725275
3,67,178,7.449438202247191
3,68,182,7.329670329670329
3,69,185,7.610810810810811
3,70,189,7.788359788359788
3,71,196,7.714285714285714
3,72,193,7.424870466321243
3,73,189,7.253968253968254
3,74,193,7.072538860103627
3,75,186,7.155913978494624
3,76,189,6.841269841269841
3,77,190,6.910526315789474
3,78,195,7.543589743589743
3,79,198,7.5
3,80,198,7.681818181818182
3,81,189,7.978835978835979
3,82,194,7.896907216494846
3,83,193,7.756476683937824
3,84,184,7.755434782608695
3,85,181,7.795580110497237
3,86,190,7.831578947368421
3,87,194,7.412371134020619
3,88,201,7.248756218905473
3,89,196,6.719387755102041
3,90,183,6.737704918032787
3,91,185,7.054054054054054
3,92,200,7.02
3,93,193,7.269430051813472
3,94,190,7.3
3,95,187,7.25668449197861
3,96,194,7.108247422680412
3,97,195,7.138461538461539
3,98,188,7.388297872340425
3,99,183,7.109289617486339
3,100,189,6.941798941798941
3,101,182,7.153846153846154
3,102,185,7.237837837837838
3,103,195,7.256410256410256
3,104,199,7.0201005025125625
3,105,195,7.133333333333334
3,106,193,6.83419689119171
3,107,195,6.958974358974359
3,108,202,6.955445544554456
3,109,195,7.097435897435897
3,110,180,7.25
3,111,177,7.327683615819209
3,112,166,7.506024096385542
3,113,164,7.304878048780488
3,114,165,7.484848484848484
3,115,159,7.578616352201258
3,116,162,7.407407407407407
3,117,160,7.16875
3,118,160,7.2125
3,119,164,7.189024390243903
3,120,160,6.9875
3,121,161,6.944099378881988
3,122,157,7.3312101910828025
3,123,157,6.993630573248407
3,124,148,6.972972972972973
3,125,145,7.2620689655172415
3,126,148,7.256756756756757
3,127,149,7.302013422818792
3,128,155,7.187096774193549
3,129,153,7.562091503267974
3,130,156,7.608974358974359
3,131,155,7.232258064516129
3,132,160,7.01875
3,133,154,7.064935064935065
3,134,150,7.226666666666667
3,135,146,7.410958904109589
3,136,139,7.755395683453237
3,137,136,7.389705882352941
3,138,132,7.46969696969697
3,139,137,7.547445255474453
3,140,138,7.181159420289855
3,141,140,7.428571428571429
3,142,133,7.097744360902255
3,143,131,7.015267175572519
3,144,131,7.305343511450381
3,145,130,7.2384615384615385
3,146,133,7.368421052631579
3,147,126,7.841269841269841
3,148,131,7.687022900763359
3,149,132,7.621212121212121
3,150,131,7.679389312977099
3,151,132,7.5
3,152,128,7.9140625
3,153,127,7.551181102362205
3,154,127,7.251968503937008
3,155,123,6.902439024390244
3,156,128,7.2578125
3,157,128,7.296875
3,158,129,7.054263565891473
3,159,139,6.83453237410072
3,160,139,6.76978417266187
3,161,136,6.867647058823529
3,162,133,6.451127819548872
3,163,135,6.681481481481481
3,164,130,7.007692307692308
3,165,128,7.671875
3,166,129,7.457364341085271
3,167,136,7.154411764705882
3,168,134,7.007462686567164
3,169,135,6.955555555555556
3,170,130,6.892307692307693
3,171,125,7.08
3,172,121,7.595041322314049
3,173,124,7.766129032258065
3,174,124,7.540322580645161
3,175,124,7.709677419354839
3,176,125,7.832
3,177,136,7.955882352941177
3,178,134,8.380597014925373
3,179,134,8.052238805970148
3,180,128,7.5078125
3,181,121,7.198347107438017
3,182,118,7.788135593220339
3,183,118,8.084745762711865
3,184,125,7.304
3,185,126,6.436507936507937
3,186,125,6.632
3,187,129,6.922480620155039
3,188,136,7.044117647058823
3,189,138,6.615942028985507
3,190,139,6.820143884892087
3,191,139,7.302158273381295
3,192,134,7.335820895522388
3,193,136,7.235294117647059
3,194,143,7.370629370629371
3,195,151,7.423841059602649
3,196,149,7.402684563758389
3,197,154,7.818181818181818
3,198,150,7.72
3,199,145,7.958620689655173
3,200,149,7.657718120805369
3,201,156,7.602564102564102
3,202,156,8.038461538461538
3,203,154,8.025974025974026
3,204,152,8.19078947368421
3,205,159,7.6918238993710695
3,206,166,7.379518072289157
3,207,169,7.295857988165681
3,208,166,7.765060240963855
3,209,163,7.766871165644171
3,210,167,7.700598802395209
3,211,166,7.5843373493975905
3,212,162,7.666666666666667
3,213,157,7.917197452229299
3,214,156,8.224358974358974
3,215,148,8.18918918918919
3,216,158,7.556962025316456
3,217,148,7.641891891891892
3,218,150,8.526666666666667
3,219,149,8.590604026845638
3,220,147,8.156462585034014
3,221,147,7.557823129251701
3,222,135,7.651851851851852
3,223,140,7.757142857142857
3,224,133,7.473684210526316
3,225,131,7.656488549618321
3,226,131,7.557251908396947
3,227,130,7.553846153846154
3,228,125,7.76
3,229,119,7.840336134453781
3,230,123,7.91869918699187
3,231,105,8.2
3,232,106,7.867924528301887
3,233,102,7.637254901960785
3,234,100,7.09
3,235,100,7.68
3,236,101,7.752475247524752
3,237,104,7.903846153846154
3,238,100,8.17
3,239,95,7.831578947368421
3,240,99,7.525252525252525
3,241,93,7.623655913978495
3,242,96,7.895833333333333
3,243,100,7.18
3,244,96,7.604166666666667
3,245,101,7.257425742574258
3,246,101,7.306930693069307
3,247,100,7.65
3,248,95,7.905263157894737
3,249,93,8.096774193548388
3,250,91,7.9010989010989015
3,251,96,8.09375
3,252,94,7.851063829787234
3,253,97,7.752577319587629
3,254,94,7.957446808510638
3,255,95,7.989473684210527
3,256,89,8.157303370786517
3,257,96,7.822916666666667
3,258,90,7.522222222222222
3,259,83,7.867469879518072
3,260,91,7.725274725274725
3,261,91,7.362637362637362
3,262,101,7.00990099009901
3,263,98,7.1938775510204085
3,264,96,7.458333333333333
3,265,91,7.516483516483516
3,266,89,7.325842696629214
3,267,94,7.446808510638298
3,268,98,7.622448979591836
3,269,97,7.958762886597938
3,270,99,7.707070707070707
3,271,105,7.076190476190476
3,272,109,6.944954128440367
3,273,111,6.738738738738738
3,274,112,6.973214285714286
3,275,110,7.1909090909090905
3,276,114,7.324561403508772
3,277,118,7.3559322033898304
3,278,117,7.0085470085470085
3,279,117,7.119658119658119
3,280,120,7.641666666666667
3,281,117,7.427350427350428
3,282,121,7.487603305785124
3,283,121,7.818181818181818
3,284,129,7.3565891472868215
3,285,126,7.317460317460317
3,286,125,7.496
3,287,125,7.768
3,288,133,7.639097744360902
3,289,129,7.441860465116279
3,290,123,7.227642276422764
3,291,123,7.382113821138211
3,292,126,7.436507936507937
3,293,127,7.818897637795276
3,294,123,7.512195121951219
3,295,117,7.717948717948718
3,296,120,7.633333333333334
3,297,115,7.756521739130434
3,298,123,7.162601626016261
3,299,124,7.379032258064516
3,300,120,7.15
3,301,121,6.9421487603305785
3,302,118,6.754237288135593
3,303,124,6.620967741935484
3,304,122,7.270491803278689
3,305,121,7.1570247933884295
3,306,119,7.067226890756302
3,307,124,7.104838709677419
3,308,130,7.2384615384615385
3,309,127,7.078740157480315
3,310,128,6.3828125
3,311,137,6.109489051094891
3,312,136,6.323529411764706
3,313,131,6.534351145038168
3,314,134,6.507462686567164
3,315,128,6.7421875
3,316,124,7.185483870967742
3,317,127,7.0
3,318,118,7.11864406779661
3,319,117,7.3076923076923075
3,320,121,7.2809917355371905
3,321,122,6.991803278688525
3,322,123,7.1138211382113825
3,323,118,7.084745762711864
3,324,119,7.126050420168068
3,325,120,6.975
3,326,120,6.9
3,327,123,7.260162601626016
3,328,124,6.903225806451613
3,329,113,7.123893805309734
3,330,111,7.243243243243243
3,331,120,7.025
3,332,117,7.333333333333333
3,333,118,7.194915254237288
3,334,119,7.243697478991597
3,335,124,7.193548387096774
3,336,123,6.788617886178862
3,337,126,6.817460317460317
3,338,128,6.9296875
3,339,130,7.161538461538462
3,340,117,7.153846153846154
3,341,112,7.473214285714286
3,342,107,7.598130841121495
3,343,106,7.6415094339622645
3,344,107,7.719626168224299
3,345,102,7.990196078431373
3,346,100,7.73
3,347,104,7.5673076923076925
3,348,96,7.9375
3,349,91,8.208791208791208
3,350,93,8.03225806451613
3,351,97,8.061855670103093
3,352,88,7.556818181818182
3,353,93,7.258064516129032
3,354,83,7.204819277108434
3,355,84,6.738095238095238
3,356,83,7.27710843373494
3,357,83,6.891566265060241
3,358,86,6.965116279069767
3,359,84,7.761904761904762
3,360,89,7.853932584269663
3,361,85,7.447058823529412
3,362,88,7.204545454545454
3,363,93,6.655913978494624
3,364,103,6.475728155339806
3,365,108,6.351851851851852
3,366,108,6.481481481481482
3,367,106,6.688679245283019
3,368,105,7.285714285714286
3,369,106,7.3584905660377355
3,370,106,7.764150943396227
3,371,106,7.811320754716981
3,372,100,7.66
3,373,102,7.480392156862745
3,374,104,8.153846153846153
3,375,112,7.580357142857143
3,376,111,7.297297297297297
3,377,112,7.419642857142857
3,378,108,7.333333333333333
3,379,113,7.831858407079646
3,380,110,7.663636363636364
3,381,112,7.464285714285714
3,382,113,7.168141592920354
3,383,111,7.387387387387387
3,384,112,7.160714285714286
3,385,112,7.241071428571429
3,386,115,6.921739130434783
3,387,112,7.125
3,388,116,7.396551724137931
3,389,119,7.310924369747899
3,390,120,7.25
3,391,114,7.552631578947368
3,392,110,7.8545454545454545
3,393,111,7.756756756756757
3,394,112,7.741071428571429
3,395,99,7.656565656565657
3,396,102,7.607843137254902
3,397,96,8.020833333333334
3,398,98,7.979591836734694
3,399,108,7.407407407407407
3,400,109,6.972477064220183
4,0,20,0.0
4,1,20,1.0
4,2,20,2.0
4,3,20,3.0
4,4,20,4.0
4,5,20,5.0
4,6,20,6.0
4,7,20,7.0
4,8,20,8.0
4,9,22,7.7727272727272725
4,10,24,8.041666666666666
4,11,30,7.233333333333333
4,12,32,7.71875
4,13,36,7.75
4,14,39,8.076923076923077
4,15,46,7.695652173913044
4,16,52,7.6923076923076925
4,17,57,7.9298245614035086
4,18,60,8.483333333333333
4,19,66,8.621212121212121
4,20,71,8.661971830985916
4,21,76,8.75
4,22,83,8.337349397590362
4,23,81,8.839506172839506
4,24,80,9.0
4,25,85,8.941176470588236
4,26,88,9.431818181818182
4,27,90,10.022222222222222
4,28,94,10.329787234042554
4,29,98,10.520408163265307
4,30,107,10.242990654205608
4,31,113,10.274336283185841
4,32,110,7.909090909090909
4,33,108,8.324074074074074
4,34,112,8.616071428571429
4,35,119,8.655462184873949
4,36,133,8.330827067669173
4,37,138,8.434782608695652
4,38,147,8.408163265306122
4,39,150,8.726666666666667
4,40,161,8.372670807453416
4,41,168,8.470238095238095
4,42,179,8.681564245810057
4,43,184,8.53804347826087
4,44,185,8.416216216216217
4,45,192,8.5625
4,46,197,8.725888324873097
4,47,203,8.87192118226601
4,48,205,8.878048780487806
4,49,209,8.985645933014354
4,50,220,8.836363636363636
4,51,234,8.67094017094017
4,52,248,8.088709677419354
4,53,254,7.913385826771654
4,54,268,7.6940298507462686
4,55,274,7.952554744525547
4,56,274,8.065693430656934
4,57,272,8.099264705882353
4,58,280,7.682142857142857
4,59,286,7.84965034965035
4,60,293,7.945392491467577
4,61,310,7.829032258064516
4,62,306,7.928104575163399
4,63,316,8.08860759493671
4,64,318,7.877358490566038
4,65,314,8.054140127388536
4,66,330,8.22121212121212
4,67,319,8.213166144200628
4,68,325,8.19076923076923
4,69,327,8.003058103975535
4,70,325,8.061538461538461
4,71,333,7.963963963963964
4,72,323,8.058823529411764
4,73,329,8.243161094224924
4,74,322,8.307453416149068
4,75,310,7.990322580645161
4,76,323,7.96594427244582
4,77,329,7.975683890577508
4,78,325,7.883076923076923
4,79,329,7.665653495440729
4,80,342,7.6988304093567255
4,81,338,7.9733727810650885
4,82,337,8.062314540059347
4,83,346,8.03757225433526
4,84,341,8.131964809384165
4,85,327,7.91131498470948
4,86,334,7.595808383233533
4,87,339,7.525073746312684
4,88,343,7.571428571428571
4,89,365,7.326027397260274
4,90,368,7.2146739130434785
4,91,374,7.43048128342246
4,92,374,7.347593582887701
4,93,377,7.538461538461538
4,94,376,7.6462765957446805
4,95,378,7.727513227513228
4,96,366,7.923497267759563
4,97,363,7.74931129476584
4,98,369,7.3983739837398375
4,99,371,7.39622641509434
4,100,368,7.491847826086956
4,101,366,7.699453551912568
4,102,380,7.6
4,103,369,7.7317073170731705
4,104,359,7.729805013927576
4,105,370,7.716216216216216
4,106,371,7.679245283018868
4,107,376,7.699468085106383
4,108,376,7.8962765957446805
4,109,380,7.7631578947368425
4,110,381,7.803149606299213
4,111,386,7.873056994818653
4,112,383,8.013054830287206
4,113,378,8.142857142857142
4,114,373,7.994638069705094
4,115,376,7.675531914893617
4,116,373,7.825737265415549
4,117,368,7.836956521739131
4,118,373,7.624664879356568
4,119,378,7.515873015873016
4,120,384,7.716145833333333
4,121,378,7.695767195767195
4,122,383,7.579634464751958
4,123,381,7.650918635170604
4,124,370,7.618918918918919
4,125,384,7.3515625
4,126,383,7.5248041775456915
4,127,388,7.162371134020619
4,128,380,7.46578947368421
4,129,380,7.589473684210526
4,130,378,7.298941798941799
4,131,369,7.582655826558265
4,132,364,7.626373626373627
4,133,363,7.81267217630854
4,134,377,7.888594164456234
4,135,385,7.7272727272727275
4,136,376,7.569148936170213
4,137,385,7.005194805194805
4,138,387,7.093023255813954
4,139,390,7.01025641025641
4,140,400,7.3175
4,141,393,7.1653944020356235
4,142,394,7.4873096446700504
4,143,379,7.253298153034301
4,144,384,7.450520833333333
4,145,396,7.484848484848484
4,146,393,7.56234096692112
4,147,395,7.417721518987341
4,148,389,7.4755784061696655
4,149,385,7.696103896103896
4,150,384,7.497395833333333
4,151,372,7.327956989247312
4,152,367,7.397820163487738
4,153,363,7.297520661157025
4,154,357,7.212885154061625
4,155,345,7.246376811594203
4,156,353,7.260623229461756
4,157,350,7.297142857142857
4,158,359,7.303621169916434
4,159,376,7.13031914893617
4,160,368,6.951086956521739
4,161,372,7.080645161290323
4,162,373,7.2761394101876675
4,163,375,7.216
4,164,366,7.199453551912568
4,165,354,7.307909604519774
4,166,354,7.601694915254237
4,167,346,7.598265895953757
4,168,360,7.602777777777778
4,169,347,7.723342939481268
4,170,350,7.734285714285714
4,171,335,7.776119402985074
4,172,335,7.808955223880597
4,173,336,7.708333333333333
4,174,330,7.763636363636364
4,175,331,7.836858006042296
4,176,336,7.898809523809524
4,177,328,7.646341463414634
4,178,328,7.472560975609756
4,179,331,7.404833836858006
4,180,323,7.408668730650155
4,181,313,7.303514376996805
4,182,306,7.444444444444445
4,183,302,7.552980132450331
4,184,291,7.635738831615121
4,185,301,7.634551495016611
4,186,296,7.91554054054054
4,187,296,7.476351351351352
4,188,304,6.9506578947368425
4,189,306,7.098039215686274
4,190,312,6.881410256410256
4,191,309,6.983818770226537
4,192,311,7.083601286173633
4,193,309,7.288025889967638
4,194,310,7.129032258064516
4,195,301,7.348837209302325
4,196,288,7.274305555555555
4,197,277,7.126353790613718
4,198,276,7.043478260869565
4,199,276,7.2101449275362315
4,200,273,7.201465201465202
4,201,262,7.133587786259542
4,202,267,7.048689138576779
4,203,263,7.102661596958175
4,204,268,7.156716417910448
4,205,268,7.149253731343284
4,206,272,7.297794117647059
4,207,280,7.185714285714286
4,208,281,7.192170818505338
4,209,278,7.025179856115108
4,210,279,6.971326164874552
4,211,276,6.952898550724638
4,212,263,6.931558935361217
4,213,260,6.95
4,214,261,7.0344827586206895
4,215,256,7.0546875
4,216,259,7.0926640926640925
4,217,255,7.137254901960785
4,218,250,7.132
4,219,249,7.244979919678715
4,220,244,7.204918032786885
4,221,237,7.189873417721519
4,222,248,7.125
4,223,239,7.2594142259414225
4,224,228,7.2894736842105265
4,225,226,7.676991150442478
4,226,226,7.8097345132743365
4,227,223,7.457399103139013
4,228,219,7.808219178082192
4,229,217,7.447004608294931
4,230,209,7.138755980861244
4,231,201,7.1840796019900495
4,232,195,6.892307692307693
4,233,189,7.121693121693122
4,234,190,7.326315789473684
4,235,182,7.43956043956044
4,236,180,7.322222222222222
4,237,175,7.64
4,238,181,7.419889502762431
4,239,187,7.149732620320855
4,240,180,7.522222222222222
4,241,183,7.185792349726776
4,242,161,7.031055900621118
4,243,167,7.017964071856287
4,244,159,6.886792452830188
4,245,158,6.860759493670886
4,246,153,6.921568627450981
4,247,147,7.0272108843537415
4,248,143,7.510489510489511
4,249,146,7.52054794520548
4,250,151,7.403973509933775
4,251,149,7.597315436241611
4,252,143,7.300699300699301
4,253,141,7.297872340425532
4,254,149,7.248322147651007
4,255,144,7.097222222222222
4,256,145,7.0
4,257,142,6.908450704225352
4,258,148,7.094594594594595
4,259,149,7.046979865771812
4,260,143,7.174825174825175
4,261,147,7.040816326530612
4,262,142,6.880281690140845
4,263,138,7.340579710144928
4,264,142,7.47887323943662
4,265,147,7.115646258503402
4,266,146,7.109589041095891
4,267,139,7.388489208633094
4,268,140,7.335714285714285
4,269,132,7.2272727272727275
4,270,124,6.935483870967742
4,271,123,7.056910569105691
4,272,116,7.405172413793103
4,273,118,7.627118644067797
4,274,119,7.361344537815126
4,275,127,7.125984251968504
4,276,124,7.32258064516129
4,277,119,7.34453781512605
4,278,125,7.136
4,279,123,7.032520325203252
4,280,126,7.26984126984127
4,281,121,6.933884297520661
4,282,125,6.88
4,283,123,6.934959349593496
4,284,123,7.146341463414634
4,285,127,7.196850393700787
4,286,124,7.411290322580645
4,287,118,7.737288135593221
4,288,115,7.721739130434782
4,289,108,7.657407407407407
4,290,107,7.672897196261682
4,291,111,7.162162162162162
4,292,108,7.111111111111111
4,293,106,6.915094339622642
4,294,103,6.718446601941747
4,295,106,7.0
4,296,103,7.029126213592233
4,297,97,7.11340206185567
4,298,92,7.576086956521739
4,299,90,7.855555555555555
4,300,89,7.887640449438202
4,301,89,7.584269662921348
4,302,86,7.406976744186046
4,303,85,7.976470588235294
4,304,79,8.215189873417721
4,305,82,7.865853658536586
4,306,82,7.585365853658536
4,307,77,7.987012987012987
4,308,72,7.986111111111111
4,309,69,7.3478260869565215
4,310,74,7.783783783783784
4,311,76,7.842105263157895
4,312,71,7.676056338028169
4,313,70,7.9714285714285715
4,314,65,7.815384615384615
4,315,65,8.107692307692307
4,316,67,8.059701492537313
4,317,70,7.9714285714285715
4,318,65,7.6
4,319,65,7.276923076923077
4,320,63,7.349206349206349
4,321,60,7.233333333333333
4,322,58,7.396551724137931
4,323,61,7.344262295081967
4,324,58,7.672413793103448
4,325,55,8.49090909090909
4,326,54,8.185185185185185
4,327,50,7.7
4,328,48,7.541666666666667
4,329,46,8.108695652173912
4,330,43,6.930232558139535
4,331,44,7.2272727272727275
4,332,41,7.024390243902439
4,333,42,6.785714285714286
4,334,45,7.266666666666667
4,335,43,6.767441860465116
4,336,47,6.297872340425532
4,337,49,6.3061224489795915
4,338,52,6.884615384615385
4,339,52,7.5
4,340,50,7.14
4,341,56,6.892857142857143
4,342,53,6.471698113207547
4,343,53,6.245283018867925
4,344,51,6.666666666666667
4,345,54,6.462962962962963
4,346,53,7.037735849056604
4,347,50,7.98
4,348,46,8.195652173913043
4,349,44,8.159090909090908
4,350,46,8.76086956521739
4,351,52,8.288461538461538
4,352,52,7.211538461538462
4,353,54,7.2592592592592595
4,354,55,7.5636363636363635
4,355,54,7.5
4,356,54,7.185185185185185
4,357,52,7.4423076923076925
4,358,52,7.9423076923076925
4,359,50,7.46
4,360,49,7.836734693877551
4,361,48,7.645833333333333
4,362,46,7.891304347826087
4,363,46,8.23913043478261
4,364,48,7.75
4,365,50,7.4
4,366,49,7.163265306122449
4,367,53,6.867924528301887
4,368,54,6.092592592592593
4,369,52,6.788461538461538
4,370,54,6.388888888888889
4,371,49,6.591836734693878
4,372,47,6.914893617021277
4,373,46,6.717391304347826
4,374,46,7.239130434782608
4,375,45,7.666666666666667
4,376,44,7.7727272727272725
4,377,40,7.675
4,378,41,7.487804878048781
4,379,41,7.878048780487805
4,380,38,7.394736842105263
4,381,41,7.2439024390243905
4,382,41,7.536585365853658
4,383,42,8.333333333333334
4,384,39,8.128205128205128
4,385,39,8.615384615384615
4,386,36,8.25
4,387,40,7.875
4,388,39,8.051282051282051
4,389,37,8.08108108108108
4,390,38,8.105263157894736
4,391,34,7.882352941176471
4,392,32,8.6875
4,393,35,8.342857142857143
4,394,39,8.205128205128204
4,395,35,7.857142857142857
4,396,33,7.666666666666667
4,397,32,7.375
4,398,30,7.133333333333334
4,399,31,7.32258064516129
4,400,32,7.4375
5,0,20,0.0
5,1,20,1.0
5,2,20,2.0
5,3,20,3.0
5,4,20,4.0
5,5,20,5.0
5,6,20,6.0
5,7,20,7.0
5,8,20,8.0
5,9,21,8.142857142857142
5,10,29,6.620689655172414
5,11,33,6.696969696969697
5,12,37,6.864864864864865
5,13,39,6.794871794871795
5,14,42,7.238095238095238
5,15,44,7.863636363636363
5,16,44,8.863636363636363
5,17,48,9.041666666666666
5,18,50,9.64
5,19,52,9.75
5,20,54,9.981481481481481
5,21,60,9.533333333333333
5,22,63,9.65079365079365
5,23,67,10.014925373134329
5,24,74,9.972972972972974
5,25,76,9.894736842105264
5,26,81,9.74074074074074
5,27,88,9.840909090909092
5,28,88,10.125
5,29,92,10.043478260869565
5,30,92,9.76086956521739
5,31,98,9.214285714285714
5,32,97,7.793814432989691
5,33,107,7.97196261682243
5,34,111,8.126126126126126
5,35,116,7.836206896551724
5,36,117,8.179487179487179
5,37,118,7.915254237288136
5,38,114,8.157894736842104
5,39,112,8.401785714285714
5,40,111,9.072072072072071
5,41,109,9.155963302752294
5,42,120,8.908333333333333
5,43,123,9.121951219512194
5,44,140,8.5
5,45,151,7.814569536423841
5,46,158,7.943037974683544
5,47,171,7.947368421052632
5,48,176,8.005681818181818
5,49,169,7.928994082840236
5,50,171,8.029239766081872
5,51,169,8.1301775147929
5,52,170,8.094117647058823
5,53,165,8.115151515151515
5,54,155,8.0
5,55,150,7.666666666666667
5,56,159,7.572327044025157
5,57,159,7.710691823899371
5,58,165,7.696969696969697
5,59,162,7.864197530864198
5,60,164,7.908536585365853
5,61,167,8.209580838323353
5,62,165,7.963636363636364
5,63,165,8.133333333333333
5,64,160,8.06875
5,65,161,8.15527950310559
5,66,165,7.454545454545454
5,67,165,7.460606060606061
5,68,174,7.787356321839081
5,69,163,7.429447852760736
5,70,164,7.475609756097561
5,71,170,7.4
5,72,168,7.517857142857143
5,73,168,7.630952380952381
5,74,171,7.450292397660819
5,75,168,7.440476190476191
5,76,168,7.690476190476191
5,77,166,7.951807228915663
5,78,174,7.344827586206897
5,79,173,7.595375722543353
5,80,167,7.592814371257485
5,81,172,7.325581395348837
5,82,176,7.545454545454546
5,83,178,7.780898876404494
5,84,171,7.824561403508772
5,85,185,7.405405405405405
5,86,176,7.409090909090909
5,87,166,7.391566265060241
5,88,172,7.1395348837209305
5,89,176,7.607954545454546
5,90,177,7.6440677966101696
5,91,184,7.413043478260869
5,92,189,7.396825396825397
5,93,185,7.4324324324324325
5,94,183,7.590163934426229
5,95,182,7.604395604395604
5,96,181,7.878453038674033
5,97,174,8.080459770114942
5,98,168,7.875
5,99,168,8.029761904761905
5,100,161,8.118012422360248
5,101,161,8.614906832298137
5,102,158,8.240506329113924
5,103,149,8.154362416107382
5,104,141,8.035460992907801
5,105,142,6.915492957746479
5,106,144,7.055555555555555
5,107,141,7.723404255319149
5,108,139,7.697841726618705
5,109,142,7.232394366197183
5,110,137,7.817518248175182
5,111,143,8.0
5,112,142,8.225352112676056
5,113,143,8.041958041958042
5,114,145,7.6482758620689655
5,115,146,7.595890410958904
5,116,150,7.18
5,117,150,7.073333333333333
5,118,152,7.2368421052631575
5,119,157,6.917197452229299
5,120,160,6.89375
5,121,163,7.361963190184049
5,122,157,7.598726114649682
5,123,157,7.808917197452229
5,124,162,7.87037037037037
5,125,167,7.712574850299402
5,126,169,7.449704142011834
5,127,175,7.571428571428571
5,128,175,7.805714285714286
5,129,175,7.851428571428571
5,130,172,7.517441860465116
5,131,171,7.748538011695906
5,132,170,7.482352941176471
5,133,171,7.631578947368421
5,134,172,8.05813953488372
5,135,172,8.459302325581396
5,136,179,8.30167597765363
5,137,184,8.092391304347826
5,138,187,8.085561497326204
5,139,191,7.947643979057592
5,140,191,7.963350785340314
5,141,205,8.073170731707316
5,142,205,7.639024390243902
5,143,206,7.601941747572815
5,144,212,7.523584905660377
5,145,209,7.822966507177034
5,146,214,7.58411214953271
5,147,212,7.768867924528302
5,148,207,7.6231884057971016
5,149,216,7.550925925925926
5,150,217,7.88479262672811
5,151,215,8.046511627906977
5,152,213,7.995305164319249
5,153,216,7.75
5,154,229,7.689956331877729
5,155,231,7.848484848484849
5,156,232,7.952586206896552
5,157,236,7.987288135593221
5,158,246,8.040650406504065
5,159,252,7.9603174603174605
5,160,250,8.0
5,161,245,8.061224489795919
5,162,256,7.84765625
5,163,250,8.164
5,164,251,8.215139442231076
5,165,241,7.904564315352697
5,166,240,7.558333333333334
5,167,250,7.176
5,168,245,7.122448979591836
5,169,253,7.430830039525691
5,170,263,7.144486692015209
5,171,275,6.9381818181818184
5,172,282,7.1063829787234045
5,173,295,6.898305084745763
5,174,302,7.046357615894039
5,175,306,7.003267973856209
5,176,311,7.057877813504823
5,177,310,6.887096774193548
5,178,324,6.753086419753086
5,179,326,6.898773006134969
5,180,335,7.223880597014926
5,181,336,7.291666666666667
5,182,336,7.544642857142857
5,183,325,7.276923076923077
5,184,325,7.32
5,185,312,7.596153846153846
5,186,311,7.614147909967846
5,187,312,7.391025641025641
5,188,311,7.758842443729904
5,189,305,7.783606557377049
5,190,301,7.78405315614618
5,191,300,7.986666666666666
5,192,300,7.743333333333333
5,193,299,7.501672240802676
5,194,286,7.2027972027972025
5,195,283,7.247349823321555
5,196,289,7.318339100346021
5,197,290,7.379310344827586
5,198,292,7.482876712328767
5,199,286,7.388111888111888
5,200,297,7.498316498316498
5,201,308,7.483766233766234
5,202,298,7.557046979865772
5,203,285,7.508771929824562
5,204,289,7.5190311418685125
5,205,283,7.4522968197879855
5,206,279,7.566308243727598
5,207,282,7.358156028368795
5,208,272,7.360294117647059
5,209,283,7.402826855123675
5,210,274,7.394160583941606
5,211,269,7.639405204460966
5,212,281,7.548042704626335
5,213,291,7.515463917525773
5,214,294,7.091836734693878
5,215,293,7.4436860068259385
5,216,286,7.681818181818182
5,217,283,7.756183745583039
5,218,264,7.662878787878788
5,219,256,7.80078125
5,220,260,7.476923076923077
5,221,267,7.393258426966292
5,222,268,7.436567164179104
5,223,270,7.37037037037037
5,224,274,7.434306569343065
5,225,269,7.41635687732342
5,226,275,7.247272727272727
5,227,274,7.324817518248175
5,228,273,7.34065934065934
5,229,287,7.170731707317073
5,230,279,7.297491039426523
5,231,289,7.211072664359862
5,232,288,7.375
5,233,289,7.4567474048442905
5,234,300,7.53
5,235,297,7.518518518518518
5,236,285,7.722807017543859
5,237,280,7.492857142857143
5,238,288,7.239583333333333
5,239,297,7.299663299663299
5,240,305,7.18688524590164
5,241,297,7.01010101010101
5,242,279,7.243727598566308
5,243,273,7.267399267399267
5,244,268,7.492537313432836
5,245,262,7.522900763358779
5,246,263,7.467680608365019
5,247,258,7.616279069767442
5,248,259,7.8301158301158305
5,249,258,7.662790697674419
5,250,259,7.555984555984556
5,251,257,7.509727626459144
5,252,245,7.383673469387755
5,253,234,7.418803418803419
5,254,231,7.658008658008658
5,255,231,7.744588744588745
5,256,221,7.683257918552036
5,257,220,7.545454545454546
5,258,210,7.59047619047619
5,259,219,7.666666666666667
5,260,218,7.362385321100917
5,261,215,7.427906976744186
5,262,214,7.672897196261682
5,263,215,7.404651162790698
5,264,203,7.5073891625615765
5,265,203,7.5911330049261085
5,266,198,7.757575757575758
5,267,199,7.7537688442211055
5,268,207,7.299516908212561
5,269,201,7.2835820895522385
5,270,202,7.173267326732673
5,271,194,7.092783505154639
5,272,188,7.0638297872340425
5,273,192,7.432291666666667
5,274,189,7.5661375661375665
5,275,188,7.51595744680851
5,276,183,7.759562841530054
5,277,173,8.121387283236995
5,278,167,7.934131736526946
5,279,173,7.23121387283237
5,280,181,7.0220994475138125
5,281,179,6.759776536312849
5,282,186,6.204301075268817
5,283,192,6.328125
5,284,194,6.577319587628866
5,285,191,6.947643979057592
5,286,197,6.893401015228426
5,287,184,7.2228260869565215
5,288,183,7.33879781420765
5,289,185,7.4324324324324325
5,290,185,7.297297297297297
5,291,188,7.50531914893617
5,292,204,7.171568627450981
5,293,206,7.029126213592233
5,294,200,7.02
5,295,195,7.158974358974359
5,296,193,7.181347150259067
5,297,193,7.518134715025907
5,298,193,7.632124352331606
5,299,192,7.427083333333333
5,300,188,7.632978723404255
5,301,197,7.33502538071066
5,302,195,7.348717948717948
5,303,202,7.594059405940594
5,304,205,7.4
5,305,216,7.342592592592593
5,306,207,6.93719806763285
5,307,203,7.12807881773399
5,308,204,7.240196078431373
5,309,198,7.166666666666667
5,310,191,6.9319371727748695
5,311,195,6.769230769230769
5,312,191,7.2565445026178015
5,313,181,7.5911602209944755
5,314,189,7.375661375661376
5,315,192,7.203125
5,316,202,7.173267326732673
5,317,199,7.211055276381909
5,318,210,6.938095238095238
5,319,203,6.9507389162561575
5,320,209,6.875598086124402
5,321,209,7.157894736842105
5,322,197,7.7055837563451774
5,323,188,7.585106382978723
5,324,192,7.703125
5,325,193,7.549222797927461
5,326,190,7.652631578947369
5,327,192,7.442708333333333
5,328,181,7.679558011049724
5,329,184,7.407608695652174
5,330,187,7.2994652406417115
5,331,189,7.507936507936508
5,332,200,7.105
5,333,189,7.4603174603174605
5,334,192,7.541666666666667
5,335,198,7.782828282828283
5,336,203,7.822660098522167
5,337,198,7.6767676767676765
5,338,208,7.3798076923076925
5,339,218,7.165137614678899
5,340,208,7.086538461538462
5,341,212,6.735849056603773
5,342,217,6.8986175115207375
5,343,214,7.266355140186916
5,344,211,7.308056872037914
5,345,211,7.14218009478673
5,346,215,7.334883720930232
5,347,210,7.466666666666667
5,348,215,7.534883720930233
5,349,221,7.592760180995475
5,350,221,7.895927601809955
5,351,233,7.824034334763948
5,352,237,7.6455696202531644
5,353,239,7.2677824267782425
5,354,241,7.215767634854772
5,355,239,7.489539748953975
5,356,232,7.637931034482759
5,357,234,7.632478632478633
5,358,239,7.355648535564853
5,359,240,7.016666666666667
5,360,242,6.8264462809917354
5,361,245,7.040816326530612
5,362,251,7.143426294820717
5,363,239,7.188284518828452
5,364,237,7.270042194092827
5,365,247,7.619433198380567
5,366,248,7.875
5,367,240,7.816666666666666
5,368,252,7.579365079365079
5,369,253,7.213438735177865
5,370,259,7.447876447876448
5,371,265,7.313207547169811
5,372,256,7.37109375
5,373,257,7.264591439688716
5,374,268,7.376865671641791
5,375,261,7.409961685823755
5,376,257,7.614785992217898
5,377,263,7.5893536121673
5,378,264,7.571969696969697
5,379,267,7.550561797752809
5,380,272,7.602941176470588
5,381,271,7.324723247232472
5,382,274,7.3321167883211675
5,383,273,7.293040293040293
5,384,277,7.465703971119134
5,385,264,7.659090909090909
5,386,280,7.7178571428571425
5,387,291,7.865979381443299
5,388,302,7.8841059602649
5,389,293,7.784982935153583
5,390,291,7.378006872852234
5,391,293,7.32764505119454
5,392,298,7.208053691275167
5,393,305,7.170491803278688
5,394,299,7.3879598662207355
5,395,298,7.144295302013423
5,396,319,7.047021943573668
5,397,321,7.317757009345795
5,398,315,7.4
5,399,332,7.36144578313253
5,400,336,7.425595238095238
6,0,20,0.0
6,1,20,1.0
6,2,20,2.0
6,3,20,3.0
6,4,20,4.0
6,5,20,5.0
6,6,20,6.0
6,7,20,7.0
6,8,20,8.0
6,9,23,7.826086956521739
6,10,25,8.12
6,11,29,7.862068965517241
6,12,33,7.787878787878788
6,13,35,8.285714285714286
6,14,37,8.405405405405405
6,15,41,8.487804878048781
6,16,45,8.511111111111111
6,17,45,9.133333333333333
6,18,52,8.423076923076923
6,19,55,8.727272727272727
6,20,55,9.363636363636363
6,21,61,9.344262295081966
6,22,65,9.246153846153845
6,23,69,9.333333333333334
6,24,78,9.064102564102564
6,25,82,9.207317073170731
6,26,83,9.506024096385541
6,27,90,9.555555555555555
6,28,96,9.604166666666666
6,29,103,9.640776699029127
6,30,108,9.731481481481481
6,31,111,9.99099099099099
6,32,104,6.961538461538462
6,33,106,7.528301886792453
6,34,114,7.2894736842105265
6,35,116,7.439655172413793
6,36,114,7.543859649122807
6,37,119,7.504201680672269
6,38,126,7.420634920634921
6,39,132,7.1893939393939394
6,40,137,7.5036496350364965
6,41,144,7.659722222222222
6,42,152,7.4144736842105265
6,43,151,7.860927152317881
6,44,154,8.363636363636363
6,45,160,8.5375
6,46,161,8.732919254658386
6,47,164,8.847560975609756
6,48,180,8.294444444444444
6,49,187,8.475935828877006
6,50,188,7.941489361702128
6,51,190,8.08421052631579
6,52,188,8.287234042553191
6,53,196,8.005102040816327
6,54,205,7.7073170731707314
6,55,217,7.741935483870968
6,56,219,7.712328767123288
6,57,213,8.286384976525822
6,58,220,8.172727272727272
6,59,225,7.88
6,60,229,8.16593886462882
6,61,240,8.154166666666667
6,62,240,7.7375
6,63,239,7.841004184100418
6,64,236,7.9025423728813555
6,65,236,8.088983050847459
6,66,231,8.575757575757576
6,67,239,8.518828451882845
6,68,243,8.427983539094651
6,69,251,8.01593625498008
6,70,261,7.724137931034483
6,71,254,7.606299212598425
6,72,264,7.2272727272727275
6,73,266,7.383458646616542
6,74,262,7.484732824427481
6,75,253,7.5059288537549405
6,76,252,7.551587301587301
6,77,244,7.913934426229508
6,78,245,7.8244897959183675
6,79,255,7.337254901960784
6,80,263,7.448669201520913
6,81,274,7.2773722627737225
6,82,275,7.389090909090909
6,83,264,7.299242424242424
6,84,271,7.387453874538745
6,85,266,7.6992481203007515
6,86,265,8.045283018867925
6,87,261,8.32567049808429
6,88,253,8.367588932806324
6,89,260,8.338461538461539
6,90,259,8.247104247104247
6,91,261,8.199233716475096
6,92,263,8.247148288973383
6,93,262,8.095419847328245
6,94,250,8.416
6,95,238,8.365546218487395
6,96,235,8.54468085106383
6,97,223,8.376681614349776
6,98,223,8.390134529147982
6,99,224,8.303571428571429
6,100,220,8.340909090909092
6,101,211,8.507109004739336
6,102,207,8.444444444444445
6,103,211,8.14218009478673
6,104,213,7.929577464788732
6,105,222,7.900900900900901
6,106,225,7.586666666666667
6,107,228,7.399122807017544
6,108,228,7.4298245614035086
6,109,226,7.367256637168142
6,110,217,7.460829493087558
6,111,202,7.534653465346534
6,112,202,7.881188118811881
6,113,206,7.771844660194175
6,114,206,7.995145631067961
6,115,201,8.497512437810945
6,116,204,8.25
6,117,193,8.155440414507773
6,118,196,7.892857142857143
6,119,203,7.610837438423645
6,120,192,7.729166666666667
6,121,193,7.455958549222798
6,122,185,7.605405405405405
6,123,185,7.762162162162162
6,124,186,7.833333333333333
6,125,191,8.031413612565444
6,126,191,7.821989528795812
6,127,186,7.586021505376344
6,128,189,7.4867724867724865
6,129,177,7.502824858757062
6,130,176,7.801136363636363
6,131,174,7.827586206896552
6,132,177,7.971751412429379
6,133,171,7.491228070175438
6,134,174,7.672413793103448
6,135,177,7.564971751412429
6,136,173,7.930635838150289
6,137,181,8.138121546961326
6,138,184,8.0
6,139,184,7.532608695652174
6,140,193,7.295336787564767
6,141,200,7.205
6,142,202,7.321782178217822
6,143,197,7.365482233502538
6,144,193,7.3264248704663215
6,145,191,7.534031413612565
6,146,191,7.722513089005235
6,147,203,7.748768472906404
6,148,199,7.839195979899498
6,149,207,7.879227053140097
6,150,208,7.8173076923076925
6,151,216,7.62037037037037
6,152,212,8.00943396226415
6,153,221,7.864253393665158
6,154,213,7.647887323943662
6,155,204,7.544117647058823
6,156,210,7.633333333333334
6,157,210,7.661904761904762
6,158,205,7.492682926829269
6,159,201,7.422885572139304
6,160,201,7.721393034825871
6,161,207,7.318840579710145
6,162,205,7.404878048780488
6,163,204,7.573529411764706
6,164,213,7.234741784037559
6,165,217,7.28110599078341
6,166,211,7.1469194312796205
6,167,211,6.81042654028436
6,168,208,6.975961538461538
6,169,204,7.2254901960784315
6,170,211,7.156398104265403
6,171,211,7.327014218009479
6,172,208,7.274038461538462
6,173,202,7.346534653465347
6,174,203,7.497536945812808
6,175,190,7.678947368421053
6,176,193,7.66321243523316
6,177,186,7.387096774193548
6,178,186,7.209677419354839
6,179,188,7.069148936170213
6,180,191,7.052356020942408
6,181,193,6.787564766839378
6,182,192,6.973958333333333
6,183,196,7.137755102040816
6,184,196,7.086734693877551
6,185,203,7.009852216748769
6,186,199,7.236180904522613
6,187,185,7.264864864864865
6,188,186,7.17741935483871
6,189,187,6.893048128342246
6,190,193,6.917098445595855
6,191,193,6.896373056994818
6,192,181,6.895027624309392
6,193,185,6.9837837837837835
6,194,182,7.137362637362638
6,195,181,6.895027624309392
6,196,177,7.067796610169491
6,197,164,7.067073170731708
6,198,155,7.212903225806452
6,199,163,7.141104294478527
6,200,164,7.146341463414634
6,201,154,7.3441558441558445
6,202,151,7.556291390728477
6,203,141,7.950354609929078
6,204,130,7.884615384615385
6,205,127,7.952755905511811
6,206,126,7.809523809523809
6,207,137,7.328467153284672
6,208,137,7.474452554744525
6,209,136,7.154411764705882
6,210,139,7.2086330935251794
6,211,138,6.9855072463768115
6,212,141,7.170212765957447
6,213,130,7.046153846153846
6,214,125,7.256
6,215,125,7.04
6,216,122,7.090163934426229
6,217,119,7.126050420168068
6,218,117,7.3760683760683765
6,219,113,7.530973451327434
6,220,104,7.538461538461538
6,221,103,7.368932038834951
6,222,104,7.471153846153846
6,223,106,7.622641509433962
6,224,109,7.81651376146789
6,225,114,7.526315789473684
6,226,113,7.336283185840708
6,227,109,7.4495412844036695
6,228,104,7.75
6,229,106,7.490566037735849
6,230,106,7.622641509433962
6,231,109,7.853211009174312
6,232,112,7.660714285714286
6,233,107,7.710280373831775
6,234,103,7.495145631067961
6,235,98,7.530612244897959
6,236,99,7.98989898989899
6,237,103,7.718446601941747
6,238,105,7.980952380952381
6,239,106,7.716981132075472
6,240,116,7.387931034482759
6,241,119,7.739495798319328
6,242,116,7.620689655172414
6,243,119,7.4033613445378155
6,244,122,7.155737704918033
6,245,117,7.589743589743589
6,246,112,7.598214285714286
6,247,108,8.027777777777779
6,248,111,7.864864864864865
6,249,107,8.205607476635514
6,250,108,7.898148148148148
6,251,111,8.144144144144144
6,252,114,7.824561403508772
6,253,116,7.543103448275862
6,254,127,7.322834645669292
6,255,129,7.27906976744186
6,256,126,6.785714285714286
6,257,127,6.850393700787402
6,258,132,6.818181818181818
6,259,130,7.392307692307693
6,260,126,7.611111111111111
6,261,127,7.74015748031496
6,262,132,7.5
6,263,133,7.601503759398496
6,264,135,8.11111111111111
6,265,132,8.015151515151516
6,266,133,8.0
6,267,132,7.916666666666667
6,268,135,7.518518518518518
6,269,135,7.288888888888889
6,270,130,7.207692307692308
6,271,136,7.522058823529412
6,272,135,7.651851851851852
6,273,137,7.868613138686132
6,274,135,7.777777777777778
6,275,142,7.873239436619718
6,276,142,7.880281690140845
6,277,135,8.066666666666666
6,278,132,8.083333333333334
6,279,126,8.515873015873016
6,280,129,8.34108527131783
6,281,127,8.039370078740157
6,282,122,7.983606557377049
6,283,121,8.28099173553719
6,284,124,7.862903225806452
6,285,121,7.776859504132231
6,286,124,7.846774193548387
6,287,116,7.629310344827586
6,288,110,7.218181818181818
6,289,109,7.275229357798165
6,290,107,7.299065420560748
6,291,112,6.830357142857143
6,292,109,7.045871559633028
6,293,110,7.345454545454546
6,294,109,7.385321100917431
6,295,103,6.844660194174757
6,296,98,6.908163265306122
6,297,97,6.845360824742268
6,298,102,6.754901960784314
6,299,107,6.757009345794392
6,300,110,6.872727272727273
6,301,109,7.3119266055045875
6,302,113,7.460176991150442
6,303,110,7.3090909090909095
6,304,108,7.037037037037037
6,305,103,7.242718446601942
6,306,96,7.635416666666667
6,307,95,7.2
6,308,95,7.021052631578947
6,309,97,7.22680412371134
6,310,95,7.88421052631579
6,311,95,8.23157894736842
6,312,94,8.02127659574468
6,313,91,8.538461538461538
6,314,92,8.304347826086957
6,315,92,7.576086956521739
6,316,90,7.722222222222222
6,317,90,7.588888888888889
6,318,91,7.065934065934066
6,319,90,6.855555555555555
6,320,92,6.728260869565218
6,321,90,6.822222222222222
6,322,92,6.619565217391305
6,323,93,6.397849462365591
6,324,93,6.849462365591398
6,325,94,6.925531914893617
6,326,88,7.5227272727272725
6,327,84,8.011904761904763
6,328,84,7.869047619047619
6,329,80,7.525
6,330,79,7.455696202531645
6,331,75,7.493333333333333
6,332,77,7.48051948051948
6,333,75,7.68
6,334,80,7.6875
6,335,79,7.493670886075949
6,336,73,8.232876712328768
6,337,74,8.337837837837839
6,338,70,8.085714285714285
6,339,72,8.041666666666666
6,340,75,7.866666666666666
6,341,70,8.314285714285715
6,342,69,7.6521739130434785
6,343,72,7.597222222222222
6,344,66,7.212121212121212
6,345,64,7.375
6,346,63,7.126984126984127
6,347,61,7.459016393442623
6,348,62,7.467741935483871
6,349,60,7.416666666666667
6,350,58,7.241379310344827
6,351,61,7.655737704918033
6,352,66,7.515151515151516
6,353,66,7.878787878787879
6,354,65,8.246153846153845
6,355,62,8.258064516129032
6,356,58,7.775862068965517
6,357,52,7.923076923076923
6,358,55,7.6909090909090905
6,359,56,8.035714285714286
6,360,54,7.148148148148148
6,361,55,7.1454545454545455
6,362,54,7.5
6,363,57,7.4035087719298245
6,364,52,7.403846153846154
6,365,54,7.2592592592592595
6,366,55,7.254545454545455
6,367,52,7.115384615384615
6,368,53,6.754716981132075
6,369,59,6.813559322033898
6,370,56,6.982142857142857
6,371,63,6.888888888888889
6,372,58,6.672413793103448
6,373,56,7.0
6,374,56,7.142857142857143
6,375,57,7.7368421052631575
6,376,54,8.148148148148149
6,377,54,7.907407407407407
6,378,50,8.04
6,379,57,7.701754385964913
6,380,62,7.225806451612903
6,381,54,6.148148148148148
6,382,55,6.709090909090909
6,383,55,6.545454545454546
6,384,51,6.509803921568627
6,385,45,6.355555555555555
6,386,47,7.042553191489362
6,387,42,7.238095238095238
6,388,41,7.804878048780488
6,389,40,8.175
6,390,39,7.871794871794871
6,391,36,7.666666666666667
6,392,33,8.484848484848484
6,393,30,8.466666666666667
6,394,28,7.035714285714286
6,395,27,6.888888888888889
6,396,28,6.642857142857143
6,397,26,5.769230769230769
6,398,23,5.173913043478261
6,399,22,5.7727272727272725
6,400,22,6.181818181818182
7,0,20,0.0
7,1,20,1.0
7,2,20,2.0
7,3,20,3.0
7,4,20,4.0
7,5,20,5.0
7,6,20,6.0
7,7,20,7.0
7,8,20,8.0
7,9,25,7.2
7,10,30,6.833333333333333
7,11,36,6.527777777777778
7,12,42,6.166666666666667
7,13,46,6.543478260869565
7,14,50,6.94
7,15,54,7.351851851851852
7,16,55,8.2
7,17,57,8.807017543859649
7,18,65,8.6
7,19,67,9.17910447761194
7,20,79,8.632911392405063
7,21,84,9.011904761904763
7,22,88,9.443181818181818
7,23,92,9.597826086956522
7,24,96,9.90625
7,25,105,9.847619047619048
7,26,118,9.40677966101695
7,27,126,9.206349206349206
7,28,135,9.088888888888889
7,29,138,9.166666666666666
7,30,141,9.695035460992909
7,31,143,9.909090909090908
7,32,131,8.282442748091603
7,33,134,8.373134328358208
7,34,141,8.546099290780141
7,35,155,8.341935483870968
7,36,164,8.048780487804878
7,37,161,8.453416149068323
7,38,169,8.502958579881657
7,39,182,8.241758241758241
7,40,193,8.461139896373057
7,41,199,8.331658291457286
7,42,210,8.380952380952381
7,43,206,8.616504854368932
7,44,218,8.435779816513762
7,45,226,8.513274336283185
7,46,230,8.795652173913043
7,47,239,8.723849372384937
7,48,258,8.236434108527131
7,49,276,8.18840579710145
7,50,282,7.74113475177305
7,51,287,7.888501742160279
7,52,292,7.934931506849315
7,53,300,7.94
7,54,315,7.6
7,55,317,7.8107255520504735
7,56,301,7.823920265780731
7,57,307,7.55700325732899
7,58,319,7.614420062695925
7,59,314,8.044585987261147
7,60,317,8.094637223974763
7,61,308,8.019480519480519
7,62,314,7.936305732484076
7,63,330,7.763636363636364
7,64,339,7.755162241887906
7,65,337,7.869436201780416
7,66,336,8.178571428571429
7,67,321,8.059190031152648
7,68,321,8.037383177570094
7,69,321,7.978193146417445
7,70,324,7.932098765432099
7,71,327,7.63302752293578
7,72,330,7.672727272727273
7,73,327,7.669724770642202
7,74,335,7.674626865671642
7,75,340,7.826470588235294
7,76,333,7.738738738738738
7,77,335,7.597014925373134
7,78,336,7.5625
7,79,346,7.627167630057803
7,80,350,7.777142857142858
7,81,353,7.784702549575071
7,82,352,7.8522727272727275
7,83,349,7.512893982808023
7,84,341,7.653958944281525
7,85,348,7.646551724137931
7,86,356,7.707865168539326
7,87,346,7.76878612716763
7,88,357,7.781512605042017
7,89,360,7.916666666666667
7,90,354,7.771186440677966
7,91,360,7.388888888888889
7,92,362,7.541436464088398
7,93,347,7.564841498559078
7,94,345,7.707246376811594
7,95,343,7.75801749271137
7,96,348,7.732758620689655
7,97,342,7.549707602339181
7,98,349,7.501432664756447
7,99,348,7.531609195402299
7,100,336,7.729166666666667
7,101,342,7.669590643274854
7,102,352,7.71875
7,103,337,7.548961424332345
7,104,327,7.697247706422019
7,105,321,7.878504672897196
7,106,324,8.185185185185185
7,107,332,8.024096385542169
7,108,336,8.095238095238095
7,109,352,7.661931818181818
7,110,356,7.693820224719101
7,111,362,7.870165745856354
7,112,357,7.8767507002801125
7,113,347,7.876080691642652
7,114,347,7.717579250720461
7,115,346,7.734104046242774
7,116,344,7.75
7,117,346,7.838150289017341
7,118,356,7.823033707865169
7,119,361,7.922437673130194
7,120,359,7.852367688022284
7,121,358,7.706703910614525
7,122,349,7.787965616045845
7,123,332,7.731927710843373
7,124,346,7.745664739884393
7,125,353,7.730878186968838
7,126,369,7.813008130081301
7,127,359,7.543175487465181
7,128,351,7.586894586894587
7,129,334,7.7604790419161676
7,130,327,7.795107033639144
7,131,317,7.561514195583596
7,132,313,7.776357827476039
7,133,302,8.19205298013245
7,134,292,8.16095890410959
7,135,295,8.04406779661017
7,136,308,7.775974025974026
7,137,291,7.969072164948454
7,138,301,7.704318936877076
7,139,301,7.744186046511628
7,140,304,7.569078947368421
7,141,293,7.5426621160409555
7,142,288,7.572916666666667
7,143,286,7.6573426573426575
7,144,287,7.620209059233449
7,145,287,7.696864111498257
7,146,290,7.817241379310345
7,147,284,7.693661971830986
7,148,284,7.450704225352113
7,149,282,7.443262411347518
7,150,285,7.414035087719299
7,151,292,7.38013698630137
7,152,294,7.64625850340136
7,153,286,7.538461538461538
7,154,271,7.671586715867159
7,155,275,7.461818181818182
7,156,281,7.334519572953736
7,157,275,7.225454545454546
7,158,266,7.43609022556391
7,159,274,7.313868613138686
7,160,266,7.424812030075188
7,161,260,7.461538461538462
7,162,251,7.50996015936255
7,163,254,7.409448818897638
7,164,261,7.655172413793103
7,165,266,7.609022556390977
7,166,283,7.3568904593639575
7,167,283,7.3568904593639575
7,168,279,7.272401433691757
7,169,278,7.176258992805756
7,170,278,7.237410071942446
7,171,280,7.446428571428571
7,172,280,7.428571428571429
7,173,293,7.30716723549488
7,174,290,7.541379310344827
7,175,298,7.365771812080537
7,176,305,7.321311475409836
7,177,301,7.249169435215947
7,178,292,7.188356164383562
7,179,302,7.271523178807947
7,180,310,6.877419354838709
7,181,309,7.097087378640777
7,182,314,7.187898089171974
7,183,322,7.074534161490683
7,184,323,7.046439628482972
7,185,322,7.285714285714286
7,186,333,7.198198198198198
7,187,328,7.5
7,188,319,7.460815047021944
7,189,310,7.280645161290322
7,190,302,7.291390728476821
7,191,311,7.144694533762058
7,192,307,7.06514657980456
7,193,307,7.328990228013029
7,194,299,7.167224080267559
7,195,295,7.1661016949152545
7,196,298,7.375838926174497
7,197,302,7.403973509933775
7,198,306,7.300653594771242
7,199,314,7.509554140127388
7,200,306,7.303921568627451
7,201,297,7.104377104377105
7,202,288,7.347222222222222
7,203,293,7.197952218430034
7,204,286,7.258741258741258
7,205,269,7.390334572490707
7,206,269,7.245353159851301
7,207,266,7.492481203007519
7,208,251,7.645418326693227
7,209,253,7.482213438735178
7,210,249,7.554216867469879
7,211,238,7.30672268907563
7,212,233,7.257510729613734
7,213,241,7.360995850622406
7,214,241,7.190871369294606
7,215,252,7.011904761904762
7,216,257,7.101167315175097
7,217,251,7.298804780876494
7,218,256,7.28515625
7,219,253,7.517786561264822
7,220,253,7.6521739130434785
7,221,250,7.632
7,222,243,7.2139917695473255
7,223,242,7.115702479338843
7,224,242,7.194214876033058
7,225,254,6.905511811023622
7,226,257,6.918287937743191
7,227,249,7.136546184738956
7,228,234,7.14957264957265
7,229,230,7.473913043478261
7,230,227,7.634361233480176
7,231,227,7.621145374449339
7,232,241,7.331950207468879
7,233,248,7.032258064516129
7,234,250,7.184
7,235,261,6.996168582375479
7,236,261,7.019157088122605
7,237,261,7.1226053639846745
7,238,245,7.106122448979592
7,239,251,7.334661354581673
7,240,253,7.521739130434782
7,241,255,7.486274509803922
7,242,247,7.5465587044534415
7,243,245,7.522448979591837
7,244,242,7.380165289256198
7,245,240,7.2875
7,246,238,7.542016806722689
7,247,235,7.51063829787234
7,248,228,7.657894736842105
7,249,229,7.602620087336245
7,250,219,7.780821917808219
7,251,215,7.846511627906977
7,252,216,7.777777777777778
7,253,215,7.911627906976745
7,254,221,7.778280542986425
7,255,214,7.747663551401869
7,256,213,7.577464788732394
7,257,213,7.474178403755869
7,258,217,7.709677419354839
7,259,223,7.896860986547085
7,260,226,8.030973451327434
7,261,218,7.86697247706422
7,262,223,7.3408071748878925
7,263,222,7.513513513513513
7,264,225,7.502222222222223
7,265,221,7.624434389140271
7,266,224,7.517857142857143
7,267,215,7.665116279069768
7,268,218,7.669724770642202
7,269,222,7.702702702702703
7,270,219,7.872146118721461
7,271,231,7.848484848484849
7,272,230,7.956521739130435
7,273,242,7.917355371900826
7,274,240,7.775
7,275,243,7.732510288065844
7,276,240,7.4375
7,277,244,7.364754098360656
7,278,252,7.337301587301587
7,279,249,7.373493975903615
7,280,253,7.387351778656127
7,281,252,7.503968253968254
7,282,262,7.66412213740458
7,283,256,7.65625
7,284,253,7.5019762845849804
7,285,258,7.507751937984496
7,286,254,7.791338582677166
7,287,252,7.908730158730159
7,288,241,7.7012448132780085
7,289,234,7.760683760683761
7,290,220,7.668181818181818
7,291,225,7.671111111111111
7,292,219,7.712328767123288
7,293,225,7.257777777777778
7,294,239,7.355648535564853
7,295,230,7.386956521739131
7,296,235,7.638297872340425
7,297,235,7.480851063829787
7,298,224,7.352678571428571
7,299,220,7.6
7,300,206,7.669902912621359
7,301,203,7.778325123152709
7,302,200,7.785
7,303,203,7.596059113300493
7,304,204,7.578431372549019
7,305,215,7.362790697674418
7,306,212,7.35377358490566
7,307,212,7.584905660377358
7,308,210,7.480952380952381
7,309,218,7.587155963302752
7,310,205,7.712195121951219
7,311,197,7.979695431472082
7,312,201,8.08955223880597
7,313,197,8.142131979695431
7,314,190,8.194736842105263
7,315,188,8.28191489361702
7,316,190,8.242105263157894
7,317,186,8.209677419354838
7,318,187,7.887700534759358
7,319,190,7.3052631578947365
7,320,186,7.155913978494624
7,321,182,7.4945054945054945
7,322,182,7.769230769230769
7,323,178,7.696629213483146
7,324,169,7.887573964497041
7,325,165,7.739393939393939
7,326,168,7.898809523809524
7,327,162,7.444444444444445
7,328,170,7.264705882352941
7,329,166,7.036144578313253
7,330,172,6.9186046511627906
7,331,170,6.911764705882353
7,332,161,6.751552795031056
7,333,154,6.863636363636363
7,334,152,7.2894736842105265
7,335,157,7.1847133757961785
7,336,148,7.256756756756757
7,337,147,7.462585034013605
7,338,144,7.166666666666667
7,339,140,7.25
7,340,141,7.156028368794326
7,341,138,6.898550724637682
7,342,139,6.906474820143885
7,343,143,7.06993006993007
7,344,142,7.126760563380282
7,345,147,7.01360544217687
7,346,145,7.137931034482759
7,347,147,7.312925170068027
7,348,148,7.1824324324324325
7,349,133,7.496240601503759
7,350,133,7.443609022556391
7,351,128,7.21875
7,352,129,7.3023255813953485
7,353,116,7.422413793103448
7,354,117,7.6239316239316235
7,355,115,7.930434782608696
7,356,113,7.946902654867257
7,357,114,7.631578947368421
7,358,111,7.387387387387387
7,359,107,7.579439252336448
7,360,106,7.518867924528302
7,361,105,7.514285714285714
7,362,101,7.405940594059406
7,363,95,7.610526315789474
7,364,91,7.043956043956044
7,365,87,7.160919540229885
7,366,88,7.079545454545454
7,367,90,7.222222222222222
7,368,94,6.957446808510638
7,369,87,7.172413793103448
7,370,90,7.655555555555556
7,371,95,7.3052631578947365
7,372,90,7.4
7,373,86,7.3604651162790695
7,374,85,7.305882352941176
7,375,87,7.0344827586206895
7,376,84,6.666666666666667
7,377,80,7.1125
7,378,88,6.613636363636363
7,379,86,6.813953488372093
7,380,79,6.6075949367088604
7,381,78,6.935897435897436
7,382,79,6.7974683544303796
7,383,78,7.17948717948718
7,384,77,7.259740259740259
7,385,72,7.027777777777778
7,386,67,7.208955223880597
7,387,69,7.246376811594203
7,388,67,7.447761194029851
7,389,64,7.390625
7,390,65,7.6
7,391,67,7.6716417910447765
7,392,59,7.389830508474576
7,393,60,6.916666666666667
7,394,58,7.206896551724138
7,395,60,7.083333333333333
7,396,57,7.140350877192983
7,397,62,7.241935483870968
7,398,61,6.819672131147541
7,399,63,7.0476190476190474
7,400,61,6.967213114754099
8,0,20,0.0
8,1,20,1.0
8,2,20,2.0
8,3,20,3.0
8,4,20,4.0
8,5,20,5.0
8,6,20,6.0
8,7,20,7.0
8,8,20,8.0
8,9,23,7.434782608695652
8,10,27,7.185185185185185
8,11,31,7.129032258064516
8,12,33,7.2727272727272725
8,13,35,7.428571428571429
8,14,42,7.023809523809524
8,15,43,7.837209302325581
8,16,46,8.26086956521739
8,17,52,8.192307692307692
8,18,55,8.690909090909091
8,19,55,8.909090909090908
8,20,58,9.39655172413793
8,21,58,8.879310344827585
8,22,62,9.048387096774194
8,23,70,8.9
8,24,76,8.907894736842104
8,25,79,8.759493670886076
8,26,83,8.783132530120483
8,27,88,8.772727272727273
8,28,90,9.222222222222221
8,29,97,9.371134020618557
8,30,105,9.247619047619047
8,31,115,9.034782608695652
8,32,112,7.151785714285714
8,33,117,7.367521367521367
8,34,117,7.982905982905983
8,35,120,8.333333333333334
8,36,127,8.188976377952756
8,37,132,8.18939393939394
8,38,142,8.23943661971831
8,39,148,8.162162162162161
8,40,153,8.235294117647058
8,41,158,8.082278481012658
8,42,159,7.6918238993710695
8,43,160,7.725
8,44,162,7.654320987654321
8,45,155,7.961290322580645
8,46,154,8.415584415584416
8,47,160,8.34375
8,48,159,8.566037735849056
8,49,168,8.05952380952381
8,50,168,8.101190476190476
8,51,171,7.730994152046784
8,52,167,7.772455089820359
8,53,167,7.844311377245509
8,54,172,8.127906976744185
8,55,176,8.096590909090908
8,56,178,8.241573033707866
8,57,179,8.441340782122905
8,58,182,8.252747252747254
8,59,188,8.26063829787234
8,60,194,8.407216494845361
8,61,189,8.126984126984127
8,62,188,7.8138297872340425
8,63,193,7.2020725388601035
8,64,193,7.44559585492228
8,65,186,7.510752688172043
8,66,188,7.808510638297872
8,67,188,8.074468085106384
8,68,189,8.333333333333334
8,69,185,8.383783783783784
8,70,193,7.875647668393782
8,71,198,7.878787878787879
8,72,184,8.0
8,73,186,7.994623655913978
8,74,191,8.00523560209424
8,75,195,7.948717948717949
8,76,197,8.01015228426396
8,77,195,7.707692307692308
8,78,204,7.955882352941177
8,79,202,7.732673267326732
8,80,210,7.685714285714286
8,81,204,7.9411764705882355
8,82,201,7.432835820895522
8,83,203,7.704433497536946
8,84,204,7.534313725490196
8,85,211,7.184834123222749
8,86,215,7.4837209302325585
8,87,211,7.61611374407583
8,88,205,7.795121951219512
8,89,206,7.703883495145631
8,90,210,7.804761904761905
8,91,218,7.73394495412844
8,92,209,8.066985645933014
8,93,212,7.985849056603773
8,94,209,7.741626794258373
8,95,214,7.803738317757009
8,96,220,7.85
8,97,218,7.41743119266055
8,98,226,7.331858407079646
8,99,227,7.775330396475771
8,100,225,7.831111111111111
8,101,217,7.723502304147465
8,102,212,7.778301886792453
8,103,217,7.9308755760368665
8,104,220,7.822727272727272
8,105,226,7.756637168141593
8,106,219,7.493150684931507
8,107,221,7.316742081447964
8,108,221,7.262443438914027
8,109,211,7.2843601895734595
8,110,215,7.52093023255814
8,111,208,7.625
8,112,207,7.628019323671498
8,113,208,7.471153846153846
8,114,208,7.605769230769231
8,115,207,7.328502415458937
8,116,211,7.38388625592417
8,117,208,7.346153846153846
8,118,214,6.962616822429907
8,119,215,6.986046511627907
8,120,209,7.119617224880383
8,121,204,7.171568627450981
8,122,196,7.392857142857143
8,123,195,7.748717948717949
8,124,201,7.651741293532338
8,125,203,7.58128078817734
8,126,197,7.883248730964467
8,127,185,7.832432432432433
8,128,184,7.798913043478261
8,129,181,7.779005524861878
8,130,177,8.146892655367232
8,131,175,8.428571428571429
8,132,178,8.325842696629213
8,133,175,8.034285714285714
8,134,171,8.187134502923977
8,135,181,7.558011049723757
8,136,182,7.445054945054945
8,137,192,7.276041666666667
8,138,188,7.531914893617022
8,139,188,7.962765957446808
8,140,179,7.597765363128492
8,141,174,7.540229885057471
8,142,172,7.593023255813954
8,143,177,7.807909604519774
8,144,184,7.630434782608695
8,145,190,7.38421052631579
8,146,193,7.419689119170984
8,147,198,7.429292929292929
8,148,192,7.28125
8,149,200,7.17
8,150,209,7.086124401913875
8,151,196,7.020408163265306
8,152,199,7.150753768844221
8,153,192,7.25
8,154,192,7.348958333333333
8,155,185,7.167567567567567
8,156,186,7.413978494623656
8,157,184,7.782608695652174
8,158,187,7.470588235294118
8,159,191,7.638743455497382
8,160,194,7.484536082474227
8,161,189,7.761904761904762
8,162,192,7.604166666666667
8,163,189,7.428571428571429
8,164,193,7.212435233160622
8,165,191,7.183246073298429
8,166,184,7.288043478260869
8,167,178,7.47191011235955
8,168,180,7.738888888888889
8,169,184,7.565217391304348
8,170,179,7.4972067039106145
8,171,180,7.416666666666667
8,172,177,7.322033898305085
8,173,183,7.551912568306011
8,174,183,7.1530054644808745
8,175,178,7.337078651685394
8,176,190,7.152631578947369
8,177,183,7.185792349726776
8,178,183,7.327868852459017
8,179,183,7.579234972677596
8,180,183,7.639344262295082
8,181,182,7.637362637362638
8,182,176,7.721590909090909
8,183,180,7.527777777777778
8,184,168,6.880952380952381
8,185,172,6.569767441860465
8,186,163,6.871165644171779
8,187,155,6.929032258064516
8,188,154,7.4480519480519485
8,189,155,7.554838709677419
8,190,164,7.036585365853658
8,191,157,7.318471337579618
8,192,152,7.776315789473684
8,193,162,7.271604938271605
8,194,160,7.40625
8,195,163,7.331288343558282
8,196,164,7.176829268292683
8,197,169,7.242603550295858
8,198,172,6.866279069767442
8,199,172,6.645348837209302
8,200,178,6.522471910112359
8,201,172,6.5523255813953485
8,202,169,6.65680473372781
8,203,170,6.970588235294118
8,204,165,7.193939393939394
8,205,158,7.594936708860759
8,206,152,7.4605263157894735
8,207,162,7.203703703703703
8,208,166,7.240963855421687
8,209,162,7.222222222222222
8,210,160,7.0625
8,211,165,6.945454545454545
8,212,160,7.13125
8,213,152,7.3618421052631575
8,214,141,7.212765957446808
8,215,139,7.258992805755396
8,216,131,7.66412213740458
8,217,136,7.448529411764706
8,218,132,7.340909090909091
8,219,123,7.349593495934959
8,220,125,7.528
8,221,131,7.358778625954199
8,222,122,7.409836065573771
8,223,116,7.051724137931035
8,224,119,7.504201680672269
8,225,121,7.429752066115703
8,226,127,7.409448818897638
8,227,121,7.214876033057851
8,228,118,7.364406779661017
8,229,115,7.060869565217391
8,230,119,6.991596638655462
8,231,116,6.9655172413793105
8,232,115,6.643478260869565
8,233,115,6.852173913043479
8,234,118,6.745762711864407
8,235,120,6.891666666666667
8,236,120,6.766666666666667
8,237,116,6.543103448275862
8,238,114,6.859649122807017
8,239,111,7.054054054054054
8,240,110,7.2
8,241,108,7.314814814814815
8,242,110,7.345454545454546
8,243,117,6.914529914529915
8,244,115,6.6695652173913045
8,245,118,6.669491525423729
8,246,112,6.928571428571429
8,247,101,7.089108910891089
8,248,95,7.3052631578947365
8,249,85,7.258823529411765
8,250,81,7.444444444444445
8,251,79,7.810126582278481
8,252,83,7.204819277108434
8,253,80,7.1125
8,254,80,7.2125
8,255,87,6.839080459770115
8,256,89,6.932584269662922
8,257,85,6.7176470588235295
8,258,81,6.530864197530864
8,259,80,6.6375
8,260,83,6.36144578313253
8,261,85,7.094117647058823
8,262,85,7.105882352941176
8,263,81,7.197530864197531
8,264,74,7.648648648648648
8,265,73,7.863013698630137
8,266,71,7.845070422535211
8,267,64,7.953125
8,268,64,7.921875
8,269,59,8.203389830508474
8,270,56,8.25
8,271,53,7.90566037735849
8,272,48,8.020833333333334
8,273,41,8.268292682926829
8,274,41,7.926829268292683
8,275,40,8.0
8,276,37,7.891891891891892
8,277,37,8.243243243243244
8,278,42,7.880952380952381
8,279,44,7.295454545454546
8,280,43,6.4186046511627906
8,281,41,6.2926829268292686
8,282,41,6.487804878048781
8,283,41,6.682926829268292
8,284,40,7.55
8,285,40,7.7
8,286,36,7.388888888888889
8,287,37,7.405405405405405
8,288,40,6.975
8,289,39,7.487179487179487
8,290,35,7.914285714285715
8,291,37,6.945945945945946
8,292,37,7.1891891891891895
8,293,34,7.735294117647059
8,294,35,7.285714285714286
8,295,32,7.46875
8,296,33,7.878787878787879
8,297,35,7.285714285714286
8,298,35,8.0
8,299,32,8.1875
8,300,30,7.133333333333334
8,301,35,5.942857142857143
8,302,40,5.975
8,303,41,6.365853658536586
8,304,41,6.365853658536586
8,305,39,6.666666666666667
8,306,39,6.666666666666667
8,307,39,6.487179487179487
8,308,38,7.394736842105263
8,309,38,8.394736842105264
8,310,38,8.078947368421053
8,311,43,7.348837209302325
8,312,48,7.166666666666667
8,313,49,7.081632653061225
8,314,51,6.568627450980392
8,315,50,6.72
8,316,47,6.787234042553192
8,317,47,7.170212765957447
8,318,46,7.913043478260869
8,319,43,7.837209302325581
8,320,39,8.615384615384615
8,321,39,8.974358974358974
8,322,46,8.456521739130435
8,323,51,8.333333333333334
8,324,47,8.148936170212766
8,325,46,8.043478260869565
8,326,40,7.25
8,327,42,7.5
8,328,40,7.325
8,329,38,7.7631578947368425
8,330,34,8.058823529411764
8,331,35,7.8
8,332,38,7.631578947368421
8,333,41,7.390243902439025
8,334,43,7.0
8,335,43,7.395348837209302
8,336,45,6.444444444444445
8,337,47,5.9787234042553195
8,338,43,5.767441860465116
8,339,44,6.295454545454546
8,340,43,6.930232558139535
8,341,37,6.72972972972973
8,342,37,7.27027027027027
8,343,35,7.457142857142857
8,344,36,7.805555555555555
8,345,39,7.384615384615385
8,346,41,7.146341463414634
8,347,39,6.461538461538462
8,348,39,6.897435897435898
8,349,37,7.621621621621622
8,350,31,6.67741935483871
8,351,30,7.333333333333333
8,352,28,7.607142857142857
8,353,28,7.785714285714286
8,354,31,6.903225806451613
8,355,34,6.470588235294118
8,356,36,7.055555555555555
8,357,35,7.0
8,358,38,6.5
8,359,36,5.888888888888889
8,360,34,6.4411764705882355
8,361,29,6.482758620689655
8,362,28,6.5
8,363,27,7.185185185185185
8,364,31,7.129032258064516
8,365,35,6.542857142857143
8,366,35,7.171428571428572
8,367,33,7.393939393939394
8,368,39,6.384615384615385
8,369,41,6.634146341463414
8,370,34,6.205882352941177
8,371,34,6.382352941176471
8,372,35,7.0285714285714285
8,373,41,6.658536585365853
8,374,44,6.2272727272727275
8,375,44,6.068181818181818
8,376,43,6.395348837209302
8,377,41,6.829268292682927
8,378,38,7.105263157894737
8,379,33,7.7272727272727275
8,380,34,8.0
8,381,36,7.194444444444445
8,382,38,7.631578947368421
8,383,36,7.694444444444445
8,384,31,7.225806451612903
8,385,30,7.066666666666666
8,386,31,7.064516129032258
8,387,32,7.625
8,388,28,7.178571428571429
8,389,28,6.964285714285714
8,390,28,7.071428571428571
8,391,29,6.896551724137931
8,392,29,6.655172413793103
8,393,25,6.48
8,394,23,7.304347826086956
8,395,21,7.333333333333333
8,396,20,7.3
8,397,19,7.526315789473684
8,398,16,8.375
8,399,17,8.823529411764707
8,400,20,6.75
9,0,20,0.0
9,1,20,1.0
9,2,20,2.0
9,3,20,3.0
9,4,20,4.0
9,5,20,5.0
9,6,20,6.0
9,7,20,7.0
9,8,20,8.0
9,9,24,7.5
9,10,27,7.555555555555555
9,11,34,6.794117647058823
9,12,37,7.162162162162162
9,13,40,7.55
9,14,45,7.6
9,15,48,8.0625
9,16,54,8.055555555555555
9,17,57,8.140350877192983
9,18,58,8.879310344827585
9,19,61,9.262295081967213
9,20,70,8.942857142857143
9,21,77,9.03896103896104
9,22,81,9.444444444444445
9,23,88,9.613636363636363
9,24,94,9.77659574468085
9,25,103,9.79611650485437
9,26,110,9.754545454545454
9,27,120,9.65
9,28,128,9.921875
9,29,135,9.481481481481481
9,30,146,9.205479452054794
9,31,156,8.83974358974359
9,32,145,7.158620689655172
9,33,148,7.371621621621622
9,34,146,7.828767123287672
9,35,159,7.446540880503145
9,36,172,7.319767441860465
9,37,183,7.502732240437158
9,38,189,7.708994708994709
9,39,195,7.7846153846153845
9,40,199,7.969849246231155
9,41,204,8.240196078431373
9,42,205,8.029268292682927
9,43,209,8.086124401913876
9,44,205,7.975609756097561
9,45,206,8.354368932038835
9,46,211,8.28436018957346
9,47,219,8.493150684931507
9,48,216,8.50925925925926
9,49,223,8.327354260089686
9,50,225,8.182222222222222
9,51,223,8.394618834080717
9,52,224,8.357142857142858
9,53,234,8.098290598290598
9,54,239,7.824267782426778
9,55,241,7.858921161825726
9,56,250,7.64
9,57,248,7.693548387096774
9,58,241,7.796680497925311
9,59,248,7.786290322580645
9,60,260,7.938461538461539
9,61,262,7.854961832061068
9,62,260,7.6923076923076925
9,63,268,7.451492537313433
9,64,272,7.672794117647059
9,65,264,7.3106060606060606
9,66,271,7.228782287822878
9,67,259,7.579150579150579
9,68,259,7.833976833976834
9,69,263,7.863117870722434
9,70,250,7.856
9,71,246,7.971544715447155
9,72,259,7.861003861003861
9,73,262,8.083969465648854
9,74,253,8.071146245059289
9,75,253,8.379446640316205
9,76,250,8.52
9,77,256,8.359375
9,78,267,7.962546816479401
9,79,275,7.756363636363637
9,80,285,7.698245614035088
9,81,286,7.881118881118881
9,82,288,7.618055555555555
9,83,287,7.414634146341464
9,84,287,7.574912891986063
9,85,281,7.669039145907473
9,86,293,7.791808873720137
9,87,306,7.604575163398692
9,88,312,7.589743589743589
9,89,307,7.586319218241043
9,90,316,7.819620253164557
9,91,315,8.13015873015873
9,92,322,7.732919254658385
9,93,321,8.02803738317757
9,94,309,7.938511326860842
9,95,311,7.762057877813505
9,96,313,7.872204472843451
9,97,318,7.676100628930818
9,98,332,7.379518072289157
9,99,338,7.263313609467455
9,100,340,7.1647058823529415
9,101,337,7.317507418397626
9,102,348,7.35632183908046
9,103,322,7.245341614906832
9,104,316,7.319620253164557
9,105,321,7.510903426791277
9,106,320,7.8
9,107,320,7.50625
9,108,307,7.511400651465798
9,109,312,7.378205128205129
9,110,309,7.394822006472492
9,111,305,7.527868852459016
9,112,320,7.51875
9,113,323,7.681114551083591
9,114,324,7.820987654320987
9,115,323,7.761609907120743
9,116,324,7.839506172839506
9,117,308,7.873376623376624
9,118,314,7.786624203821656
9,119,307,7.583061889250814
9,120,302,7.569536423841059
9,121,302,7.599337748344371
9,122,309,7.660194174757281
9,123,311,7.755627009646302
9,124,310,7.47741935483871
9,125,311,7.633440514469453
9,126,316,7.705696202531645
9,127,317,7.798107255520505
9,128,315,7.895238095238096
9,129,300,7.576666666666667
9,130,291,7.725085910652921
9,131,293,7.709897610921502
9,132,288,7.763888888888889
9,133,296,7.398648648648648
9,134,297,7.420875420875421
9,135,303,7.485148514851486
9,136,307,7.351791530944626
9,137,299,7.444816053511706
9,138,299,7.408026755852843
9,139,298,7.651006711409396
9,140,301,7.787375415282392
9,141,301,8.053156146179402
9,142,317,7.6372239747634065
9,143,314,7.449044585987261
9,144,310,7.451612903225806
9,145,309,7.330097087378641
9,146,309,6.805825242718447
9,147,308,6.954545454545454
9,148,306,7.38562091503268
9,149,298,7.567114093959732
9,150,305,7.60327868852459
9,151,312,7.519230769230769
9,152,319,7.4858934169279
9,153,311,7.652733118971061
9,154,321,7.682242990654205
9,155,320,7.65625
9,156,317,7.488958990536277
9,157,314,7.480891719745223
9,158,305,7.4557377049180324
9,159,311,7.508038585209003
9,160,318,7.408805031446541
9,161,320,7.446875
9,162,312,7.528846153846154
9,163,302,7.440397350993377
9,164,303,7.488448844884489
9,165,307,7.482084690553746
9,166,301,7.106312292358804
9,167,293,7.170648464163823
9,168,303,7.297029702970297
9,169,302,7.52317880794702
9,170,299,7.608695652173913
9,171,299,7.802675585284281
9,172,301,7.667774086378738
9,173,296,7.820945945945946
9,174,295,7.776271186440678
9,175,286,7.972027972027972
9,176,295,7.969491525423729
9,177,284,8.045774647887324
9,178,280,7.839285714285714
9,179,292,7.705479452054795
9,180,284,7.619718309859155
9,181,287,7.56794425087108
9,182,279,7.562724014336918
9,183,283,7.639575971731449
9,184,271,7.841328413284133
9,185,269,7.598513011152416
9,186,261,7.436781609195402
9,187,260,6.961538461538462
9,188,268,6.9664179104477615
9,189,268,7.108208955223881
9,190,273,7.194139194139194
9,191,279,7.082437275985663
9,192,280,7.132142857142857
9,193,264,7.363636363636363
9,194,257,6.980544747081712
9,195,249,7.21285140562249
9,196,248,7.040322580645161
9,197,257,7.35408560311284
9,198,250,7.504
9,199,253,7.5019762845849804
9,200,253,7.490118577075099
9,201,249,7.542168674698795
9,202,254,7.448818897637795
9,203,246,7.158536585365853
9,204,253,7.213438735177865
9,205,251,7.103585657370518
9,206,256,7.22265625
9,207,253,7.221343873517786
9,208,262,7.320610687022901
9,209,259,7.637065637065637
9,210,272,7.319852941176471
9,211,262,7.293893129770993
9,212,257,7.443579766536965
9,213,249,7.594377510040161
9,214,246,7.609756097560975
9,215,244,7.635245901639344
9,216,250,7.884
9,217,243,7.534979423868313
9,218,233,7.6781115879828326
9,219,229,7.593886462882096
9,220,227,7.546255506607929
9,221,232,7.452586206896552
9,222,234,7.512820512820513
9,223,239,7.560669456066946
9,224,232,7.538793103448276
9,225,236,7.228813559322034
9,226,236,7.1440677966101696
9,227,242,7.177685950413223
9,228,248,6.983870967741935
9,229,245,7.2122448979591836
9,230,266,6.838345864661654
9,231,266,7.157894736842105
9,232,286,6.961538461538462
9,233,273,7.245421245421245
9,234,279,7.358422939068101
9,235,270,7.407407407407407
9,236,276,7.333333333333333
9,237,276,7.206521739130435
9,238,272,7.415441176470588
9,239,282,7.195035460992908
9,240,281,7.2064056939501775
9,241,279,7.362007168458781
9,242,280,7.514285714285714
9,243,258,7.244186046511628
9,244,258,7.337209302325581
9,245,266,7.37218045112782
9,246,268,7.384328358208955
9,247,265,7.456603773584906
9,248,269,7.371747211895911
9,249,276,7.449275362318841
9,250,273,7.509157509157509
9,251,273,7.443223443223443
9,252,260,7.373076923076923
9,253,261,7.183908045977011
9,254,267,7.086142322097379
9,255,266,7.101503759398496
9,256,274,7.368613138686132
9,257,277,7.166064981949458
9,258,276,7.068840579710145
9,259,277,7.2202166064981945
9,260,273,7.051282051282051
9,261,274,7.233576642335766
9,262,268,7.4664179104477615
9,263,270,7.640740740740741
9,264,273,7.750915750915751
9,265,276,7.615942028985507
9,266,273,7.637362637362638
9,267,267,7.546816479400749
9,268,274,7.383211678832117
9,269,261,7.478927203065134
9,270,252,7.253968253968254
9,271,244,7.475409836065574
9,272,241,7.609958506224066
9,273,234,8.188034188034187
9,274,240,7.9375
9,275,233,7.969957081545064
9,276,234,7.854700854700854
9,277,239,7.836820083682008
9,278,248,7.681451612903226
9,279,252,7.726190476190476
9,280,259,7.833976833976834
9,281,268,7.776119402985074
9,282,260,7.573076923076923
9,283,259,7.38996138996139
9,284,259,7.455598455598456
9,285,258,7.507751937984496
9,286,258,7.465116279069767
9,287,252,7.2936507936507935
9,288,250,7.46
9,289,256,7.25
9,290,263,7.197718631178708
9,291,270,7.348148148148148
9,292,265,7.09433962264151
9,293,256,7.44140625
9,294,258,7.441860465116279
9,295,263,7.779467680608365
9,296,257,7.610894941634241
9,297,258,7.430232558139535
9,298,258,7.507751937984496
9,299,256,7.3203125
9,300,256,7.140625
9,301,254,7.318897637795276
9,302,252,7.174603174603175
9,303,253,7.24901185770751
9,304,245,7.391836734693878
9,305,252,7.392857142857143
9,306,247,7.506072874493927
9,307,240,7.554166666666666
9,308,252,7.73015873015873
9,309,248,7.665322580645161
9,310,248,7.612903225806452
9,311,256,7.1953125
9,312,266,7.323308270676692
9,313,250,7.252
9,314,246,7.4227642276422765
9,315,239,7.589958158995816
9,316,229,7.558951965065503
9,317,223,7.394618834080718
9,318,230,7.278260869565218
9,319,237,7.434599156118144
9,320,237,7.215189873417722
9,321,247,6.979757085020243
9,322,246,6.894308943089431
9,323,248,6.959677419354839
9,324,253,6.853754940711463
9,325,255,6.87843137254902
9,326,245,7.224489795918367
9,327,244,7.012295081967213
9,328,246,7.199186991869919
9,329,249,7.2971887550200805
9,330,245,7.346938775510204
9,331,237,7.734177215189874
9,332,242,7.805785123966942
9,333,236,7.733050847457627
9,334,241,7.4896265560165975
9,335,237,7.708860759493671
9,336,231,7.645021645021645
9,337,232,7.448275862068965
9,338,224,7.491071428571429
9,339,222,7.45045045045045
9,340,215,7.511627906976744
9,341,221,7.452488687782806
9,342,217,7.580645161290323
9,343,217,7.32258064516129
9,344,215,7.865116279069768
9,345,219,7.712328767123288
9,346,217,7.460829493087558
9,347,209,7.574162679425838
9,348,203,7.763546798029557
9,349,190,7.931578947368421
9,350,194,7.845360824742268
9,351,190,7.031578947368421
9,352,199,6.924623115577889
9,353,201,6.9950248756218905
9,354,202,6.96039603960396
9,355,211,6.95260663507109
9,356,199,6.964824120603015
9,357,206,7.116504854368932
9,358,195,7.092307692307692
9,359,203,7.014778325123153
9,360,205,7.04390243902439
9,361,209,6.961722488038277
9,362,214,6.742990654205608
9,363,214,6.957943925233645
9,364,218,7.1422018348623855
9,365,221,6.918552036199095
9,366,221,7.122171945701357
9,367,213,7.145539906103286
9,368,209,7.430622009569378
9,369,201,7.552238805970149
9,370,211,7.265402843601896
9,371,212,7.09433962264151
9,372,204,7.397058823529412
9,373,207,7.507246376811594
9,374,201,7.557213930348259
9,375,210,7.395238095238096
9,376,212,6.976415094339623
9,377,205,7.024390243902439
9,378,201,7.2388059701492535
9,379,199,6.894472361809045
9,380,202,7.207920792079208
9,381,194,7.72680412371134
9,382,191,7.853403141361256
9,383,205,7.360975609756098
9,384,214,6.97196261682243
9,385,204,6.926470588235294
9,386,203,6.9507389162561575
9,387,203,6.980295566502463
9,388,205,6.912195121951219
9,389,207,6.840579710144928
9,390,206,6.742718446601942
9,391,206,7.20873786407767
9,392,195,7.487179487179487
9,393,190,7.378947368421053
9,394,191,7.2356020942408374
9,395,188,7.154255319148936
9,396,179,7.301675977653631
9,397,182,7.318681318681318
9,398,172,7.267441860465116
9,399,179,7.441340782122905
9,400,182,7.313186813186813
