iteration,year,population_size,average_age
0,0,20,0.0
0,1,20,1.0
0,2,20,2.0
0,3,20,3.0
0,4,20,4.0
0,5,20,5.0
0,6,20,6.0
0,7,20,7.0
0,8,20,8.0
0,9,21,8.571428571428571
0,10,24,8.375
0,11,27,8.333333333333334
0,12,31,8.129032258064516
0,13,37,7.648648648648648
0,14,40,8.0
0,15,47,7.659574468085107
0,16,48,8.479166666666666
0,17,51,8.92156862745098
0,18,53,9.547169811320755
0,19,54,10.351851851851851
0,20,55,11.145454545454545
0,21,56,11.357142857142858
0,22,56,11.678571428571429
0,23,59,12.033898305084746
0,24,65,11.092307692307692
0,25,81,9.703703703703704
0,26,85,9.905882352941177
0,27,87,10.206896551724139
0,28,94,10.329787234042554
0,29,95,10.421052631578947
0,30,99,10.777777777777779
0,31,104,10.721153846153847
0,32,90,8.755555555555556
0,33,95,8.726315789473684
0,34,95,9.421052631578947
0,35,97,9.711340206185566
0,36,102,9.117647058823529
0,37,106,9.018867924528301
0,38,111,9.27927927927928
0,39,116,9.836206896551724
0,40,128,9.53125
0,41,130,9.823076923076924
0,42,137,9.905109489051094
0,43,139,10.129496402877697
0,44,154,9.714285714285714
0,45,156,9.442307692307692
0,46,165,9.684848484848485
0,47,162,9.246913580246913
0,48,171,9.239766081871345
0,49,178,9.224719101123595
0,50,186,9.21505376344086
0,51,196,8.938775510204081
0,52,209,9.095693779904305
0,53,214,9.19158878504673
0,54,227,9.158590308370044
0,55,241,9.224066390041493
0,56,237,9.485232067510548
0,57,233,9.351931330472103
0,58,238,9.390756302521009
0,59,254,9.0
0,60,261,8.931034482758621
0,61,267,9.220973782771535
0,62,268,8.906716417910447
0,63,270,9.11111111111111
0,64,284,9.017605633802816
0,65,281,8.829181494661922
0,66,284,9.017605633802816
0,67,292,8.941780821917808
0,68,303,9.042904290429043
0,69,312,9.125
0,70,328,9.137195121951219
0,71,316,9.439873417721518
0,72,319,9.391849529780565
0,73,319,9.39498432601881
0,74,320,9.540625
0,75,324,9.401234567901234
0,76,333,8.714714714714715
0,77,336,8.62202380952381
0,78,351,8.566951566951566
0,79,361,8.969529085872576
0,80,348,9.040229885057471
0,81,342,8.845029239766081
0,82,338,9.0
0,83,355,9.112676056338028
0,84,355,8.780281690140844
0,85,368,8.747282608695652
0,86,364,8.703296703296703
0,87,368,8.793478260869565
0,88,379,8.569920844327177
0,89,397,8.574307304785894
0,90,398,8.540201005025125
0,91,390,8.71025641025641
0,92,390,8.92051282051282
0,93,395,9.141772151898735
0,94,407,8.960687960687961
0,95,427,8.962529274004684
0,96,423,8.905437352245864
0,97,427,8.733021077283372
0,98,429,8.536130536130536
0,99,437,8.382151029748284
0,100,426,8.424882629107982
0,101,423,8.659574468085106
0,102,425,8.814117647058824
0,103,426,8.661971830985916
0,104,424,8.68632075471698
0,105,414,8.673913043478262
0,106,413,8.682808716707022
0,107,424,8.89622641509434
0,108,427,8.969555035128806
0,109,440,8.920454545454545
0,110,431,8.960556844547563
0,111,432,9.016203703703704
0,112,433,8.780600461893764
0,113,447,8.78523489932886
0,114,444,8.822072072072071
0,115,438,8.687214611872147
0,116,446,8.632286995515695
0,117,452,8.378318584070797
0,118,459,8.420479302832245
0,119,454,8.26431718061674
0,120,448,8.424107142857142
0,121,452,8.595132743362832
0,122,445,8.752808988764045
0,123,452,8.929203539823009
0,124,459,8.81045751633987
0,125,477,8.656184486373165
0,126,476,8.443277310924369
0,127,495,8.232323232323232
0,128,500,7.924
0,129,500,8.092
0,130,493,8.306288032454361
0,131,495,8.157575757575758
0,132,487,8.338809034907598
0,133,480,8.55625
0,134,486,8.650205761316872
0,135,500,8.732
0,136,508,8.366141732283465
0,137,508,8.275590551181102
0,138,526,8.197718631178708
0,139,525,8.135238095238096
0,140,526,8.281368821292777
0,141,525,8.337142857142856
0,142,523,8.4302103250478
0,143,513,8.633528265107213
0,144,506,8.889328063241107
0,145,519,8.824662813102119
0,146,511,8.708414872798434
0,147,512,8.375
0,148,512,8.46484375
0,149,528,8.382575757575758
0,150,516,8.387596899224807
0,151,522,8.32567049808429
0,152,516,8.313953488372093
0,153,514,8.42023346303502
0,154,504,8.408730158730158
0,155,510,8.523529411764706
0,156,506,8.557312252964428
0,157,499,8.420841683366733
0,158,498,8.38152610441767
0,159,504,8.384920634920634
0,160,513,8.212475633528266
0,161,527,7.977229601518027
0,162,524,7.9751908396946565
0,163,539,7.8979591836734695
0,164,548,8.018248175182482
0,165,544,8.255514705882353
0,166,546,8.371794871794872
0,167,545,8.475229357798165
0,168,538,8.338289962825279
0,169,555,8.273873873873875
0,170,554,8.25812274368231
0,171,559,8.372093023255815
0,172,575,8.394782608695651
0,173,602,8.167774086378737
0,174,618,8.006472491909385
0,175,611,8.199672667757774
0,176,596,8.179530201342281
0,177,608,8.054276315789474
0,178,612,8.21078431372549
0,179,609,8.113300492610838
0,180,628,8.151273885350319
0,181,640,8.265625
0,182,641,8.316692667706707
0,183,637,8.281004709576138
0,184,634,8.102523659305994
0,185,621,8.462157809983896
0,186,647,8.34466769706337
0,187,646,8.43188854489164
0,188,661,8.48411497730711
0,189,660,8.263636363636364
0,190,661,8.29803328290469
0,191,664,8.33433734939759
0,192,662,8.237160120845921
0,193,666,7.972972972972973
0,194,658,7.946808510638298
0,195,658,7.9316109422492405
0,196,655,7.741984732824427
0,197,661,7.8472012102874436
0,198,655,7.934351145038168
0,199,640,8.009375
0,200,649,8.047765793528505
0,201,653,8.038284839203675
0,202,649,8.311248073959938
0,203,656,8.509146341463415
0,204,641,8.285491419656786
0,205,636,8.364779874213836
0,206,633,8.66824644549763
0,207,635,8.516535433070866
0,208,648,8.466049382716049
0,209,638,8.413793103448276
0,210,638,8.330721003134796
0,211,642,8.207165109034268
0,212,650,8.255384615384616
0,213,631,8.004754358161648
0,214,637,8.069073783359498
0,215,648,8.155864197530864
0,216,644,8.285714285714286
0,217,644,8.055900621118013
0,218,649,8.080123266563945
0,219,652,7.881901840490798
0,220,662,7.833836858006042
0,221,668,7.818862275449102
0,222,671,8.073025335320418
0,223,674,8.120178041543026
0,224,659,8.101669195751137
0,225,653,8.082695252679938
0,226,658,8.036474164133738
0,227,667,8.10494752623688
0,228,679,8.148748159057437
0,229,701,7.937232524964337
0,230,690,8.173913043478262
0,231,688,7.976744186046512
0,232,689,8.195936139332366
0,233,690,8.236231884057972
0,234,706,8.140226628895185
0,235,691,8.0
0,236,687,7.918486171761281
0,237,696,8.089080459770114
0,238,687,8.272197962154294
0,239,688,8.17732558139535
0,240,684,8.27046783625731
0,241,701,8.119828815977176
0,242,691,8.17655571635311
0,243,681,8.061674008810572
0,244,677,8.091580502215658
0,245,688,7.911337209302325
0,246,686,7.937317784256559
0,247,684,7.963450292397661
0,248,674,7.998516320474778
0,249,671,8.02682563338301
0,250,663,7.990950226244344
0,251,655,7.917557251908397
0,252,642,8.0202492211838
0,253,644,8.183229813664596
0,254,650,8.281538461538462
0,255,655,8.219847328244274
0,256,670,8.208955223880597
0,257,669,8.316890881913304
0,258,675,8.414814814814815
0,259,675,8.32
0,260,672,8.114583333333334
0,261,661,8.063540090771559
0,262,669,8.056801195814648
0,263,669,8.04932735426009
0,264,678,7.924778761061947
0,265,712,7.84691011235955
0,266,711,7.9957805907173
0,267,732,7.963114754098361
0,268,735,7.900680272108843
0,269,712,7.879213483146067
0,270,711,8.009845288326302
0,271,721,7.986130374479889
0,272,710,7.988732394366197
0,273,694,8.181556195965419
0,274,690,7.994202898550725
0,275,692,8.008670520231213
0,276,692,8.189306358381502
0,277,698,8.16189111747851
0,278,694,8.344380403458214
0,279,712,8.299157303370787
0,280,701,8.366619115549215
0,281,691,8.396526772793054
0,282,700,8.41
0,283,700,8.4
0,284,715,8.146853146853147
0,285,718,8.096100278551532
0,286,714,8.163865546218487
0,287,716,8.12290502793296
0,288,711,8.216596343178622
0,289,721,8.12760055478502
0,290,721,8.235783633841887
0,291,719,8.328233657858137
0,292,722,8.31163434903047
0,293,735,8.099319727891157
0,294,733,8.038199181446112
0,295,730,8.026027397260274
0,296,738,8.0420054200542
0,297,749,8.126835781041388
0,298,745,8.291275167785235
0,299,754,8.13660477453581
0,300,756,8.222222222222221
0,301,765,8.2
0,302,786,8.16030534351145
0,303,776,8.189432989690722
0,304,776,8.329896907216495
0,305,783,8.091954022988507
0,306,800,8.11
0,307,778,8.160668380462726
0,308,779,8.03594351732991
0,309,789,8.010139416983524
0,310,804,7.9216417910447765
0,311,804,7.9788557213930345
0,312,807,7.985130111524164
0,313,814,8.062653562653562
0,314,823,8.176184690157958
0,315,823,8.207776427703523
0,316,809,8.257107540173052
0,317,823,8.347509113001214
0,318,829,8.370325693606755
0,319,821,8.362971985383679
0,320,825,8.407272727272728
0,321,833,8.458583433373349
0,322,838,8.420047732696897
0,323,839,8.384982121573302
0,324,863,8.209733487833141
0,325,851,8.339600470035252
0,326,848,8.278301886792454
0,327,837,8.261648745519713
0,328,821,8.30694275274056
0,329,825,8.22060606060606
0,330,833,8.080432172869148
0,331,853,8.052754982415006
0,332,861,8.152148664343786
0,333,836,8.24401913875598
0,334,847,8.149940968122786
0,335,849,8.182567726737338
0,336,849,8.30035335689046
0,337,840,8.257142857142858
0,338,843,8.20047449584816
0,339,842,8.212589073634204
0,340,844,8.246445497630331
0,341,836,8.295454545454545
0,342,845,8.315976331360947
0,343,845,8.422485207100591
0,344,841,8.481569560047562
0,345,855,8.298245614035087
0,346,857,8.315052508751458
0,347,846,8.156028368794326
0,348,870,8.141379310344828
0,349,872,8.17545871559633
0,350,881,8.185017026106697
0,351,881,8.18161180476731
0,352,882,8.223356009070296
0,353,894,7.97986577181208
0,354,906,8.109271523178808
0,355,921,7.99457111834962
0,356,943,8.022269353128314
0,357,945,7.868783068783069
0,358,943,8.040296924708377
0,359,950,7.903157894736842
0,360,952,8.005252100840336
0,361,952,8.307773109243698
0,362,976,8.390368852459016
0,363,992,8.33366935483871
0,364,1017,8.194690265486726
0,365,1020,8.141176470588235
0,366,1023,8.04692082111437
0,367,1022,8.08317025440313
0,368,1031,8.099903006789525
0,369,1045,8.108133971291865
0,370,1046,8.15678776290631
0,371,1040,8.09423076923077
0,372,1033,8.054211035818005
0,373,1062,8.0
0,374,1060,8.04622641509434
0,375,1068,8.092696629213483
0,376,1084,8.059040590405903
0,377,1092,8.101648351648352
0,378,1083,8.226223453370269
0,379,1099,8.255686988171064
0,380,1081,8.291396854764107
0,381,1082,8.430683918669132
0,382,1082,8.309611829944547
0,383,1094,8.287020109689214
0,384,1090,8.076146788990826
0,385,1106,8.118444846292947
0,386,1096,8.146897810218977
0,387,1075,8.214883720930233
0,388,1079,8.25301204819277
0,389,1077,8.242339832869082
0,390,1056,8.245265151515152
0,391,1045,8.32822966507177
0,392,1041,8.333333333333334
0,393,1063,8.30197554092192
0,394,1074,8.317504655493483
0,395,1075,8.411162790697674
0,396,1078,8.435064935064934
0,397,1071,8.401493930905696
0,398,1082,8.336414048059149
0,399,1093,8.383348581884722
0,400,1099,8.333030027297543
1,0,20,0.0
1,1,20,1.0
1,2,20,2.0
1,3,20,3.0
1,4,20,4.0
1,5,20,5.0
1,6,20,6.0
1,7,20,7.0
1,8,20,8.0
1,9,23,7.826086956521739
1,10,24,8.458333333333334
1,11,26,8.73076923076923
1,12,32,7.90625
1,13,31,8.774193548387096
1,14,33,9.181818181818182
1,15,37,9.08108108108108
1,16,40,9.15
1,17,45,9.022222222222222
1,18,48,9.395833333333334
1,19,53,9.415094339622641
1,20,57,9.68421052631579
1,21,61,9.98360655737705
1,22,63,10.634920634920634
1,23,66,10.93939393939394
1,24,69,11.420289855072463
1,25,71,11.929577464788732
1,26,73,11.767123287671232
1,27,78,11.948717948717949
1,28,86,11.744186046511627
1,29,87,11.931034482758621
1,30,96,11.21875
1,31,105,10.923809523809524
1,32,97,7.845360824742268
1,33,102,8.009803921568627
1,34,108,8.50925925925926
1,35,113,8.929203539823009
1,36,117,9.376068376068377
1,37,120,9.633333333333333
1,38,126,9.642857142857142
1,39,139,9.323741007194245
1,40,140,9.571428571428571
1,41,148,9.14864864864865
1,42,150,9.513333333333334
1,43,155,9.780645161290323
1,44,167,9.41317365269461
1,45,169,9.70414201183432
1,46,173,9.763005780346822
1,47,182,9.521978021978022
1,48,180,9.572222222222223
1,49,183,9.868852459016393
1,50,194,9.65979381443299
1,51,203,9.211822660098521
1,52,203,9.320197044334975
1,53,209,9.5933014354067
1,54,209,9.61244019138756
1,55,213,9.314553990610328
1,56,212,9.278301886792454
1,57,231,8.926406926406926
1,58,224,8.977678571428571
1,59,227,9.185022026431717
1,60,239,8.92050209205021
1,61,240,8.979166666666666
1,62,247,8.88663967611336
1,63,256,8.703125
1,64,263,8.752851711026617
1,65,265,8.637735849056604
1,66,274,8.68978102189781
1,67,278,8.715827338129497
1,68,286,8.702797202797203
1,69,282,9.088652482269504
1,70,285,8.964912280701755
1,71,289,9.121107266435986
1,72,289,9.29757785467128
1,73,290,9.296551724137931
1,74,295,9.186440677966102
1,75,303,9.052805280528053
1,76,307,9.006514657980455
1,77,305,9.219672131147542
1,78,312,9.352564102564102
1,79,323,9.439628482972136
1,80,324,9.061728395061728
1,81,329,9.01823708206687
1,82,333,9.024024024024024
1,83,335,8.349253731343284
1,84,351,8.287749287749287
1,85,355,8.295774647887324
1,86,346,8.367052023121387
1,87,350,8.228571428571428
1,88,356,8.474719101123595
1,89,364,8.357142857142858
1,90,371,8.36388140161725
1,91,382,8.50523560209424
1,92,388,8.396907216494846
1,93,400,8.2875
1,94,404,8.264851485148515
1,95,394,8.370558375634518
1,96,405,8.222222222222221
1,97,413,8.41404358353511
1,98,418,8.466507177033494
1,99,414,8.446859903381643
1,100,419,8.520286396181385
1,101,411,8.805352798053528
1,102,415,8.286746987951807
1,103,440,8.127272727272727
1,104,449,8.175946547884188
1,105,435,8.193103448275862
1,106,429,8.216783216783217
1,107,431,8.046403712296984
1,108,428,8.086448598130842
1,109,430,8.172093023255814
1,110,441,8.095238095238095
1,111,450,8.26
1,112,454,8.257709251101321
1,113,482,8.03941908713693
1,114,488,7.797131147540983
1,115,481,8.074844074844075
1,116,481,8.076923076923077
1,117,488,8.145491803278688
1,118,487,8.127310061601642
1,119,480,8.408333333333333
1,120,470,8.551063829787234
1,121,474,8.447257383966244
1,122,466,8.158798283261802
1,123,468,8.027777777777779
1,124,461,8.390455531453362
1,125,479,8.22964509394572
1,126,481,8.222453222453222
1,127,483,8.285714285714286
1,128,500,8.24
1,129,510,8.301960784313726
1,130,515,8.403883495145632
1,131,511,8.403131115459882
1,132,493,8.330628803245435
1,133,501,8.13373253493014
1,134,494,8.265182186234817
1,135,486,8.419753086419753
1,136,490,8.348979591836734
1,137,498,8.319277108433734
1,138,500,8.232
1,139,493,8.196754563894523
1,140,487,8.19917864476386
1,141,481,8.02079002079002
1,142,487,8.078028747433265
1,143,483,8.010351966873706
1,144,488,7.774590163934426
1,145,483,7.886128364389234
1,146,483,8.120082815734989
1,147,484,8.15495867768595
1,148,492,8.365853658536585
1,149,508,8.253937007874017
1,150,507,8.254437869822485
1,151,507,8.140039447731755
1,152,491,8.360488798370673
1,153,488,8.366803278688524
1,154,493,8.411764705882353
1,155,501,8.445109780439122
1,156,519,8.19267822736031
1,157,525,8.278095238095238
1,158,524,8.24618320610687
1,159,515,8.299029126213592
1,160,535,8.19252336448598
1,161,526,8.114068441064639
1,162,533,8.148217636022514
1,163,540,8.137037037037038
1,164,536,8.138059701492537
1,165,538,8.12639405204461
1,166,523,8.395793499043977
1,167,513,8.339181286549708
1,168,519,8.354527938342967
1,169,534,8.235955056179776
1,170,539,8.359925788497216
1,171,557,8.211849192100539
1,172,581,8.039586919104991
1,173,581,7.924268502581755
1,174,579,8.032815198618307
1,175,566,8.210247349823321
1,176,561,8.29590017825312
1,177,557,8.278276481149012
1,178,539,8.142857142857142
1,179,550,8.270909090909091
1,180,558,8.365591397849462
1,181,547,8.544789762340036
1,182,533,8.70919324577861
1,183,528,8.761363636363637
1,184,514,8.671206225680933
1,185,529,8.567107750472589
1,186,525,8.491428571428571
1,187,507,8.7534516765286
1,188,491,8.723014256619145
1,189,477,8.283018867924529
1,190,463,8.39524838012959
1,191,466,8.414163090128755
1,192,478,8.225941422594142
1,193,470,8.37872340425532
1,194,478,8.303347280334728
1,195,486,8.320987654320987
1,196,475,8.463157894736842
1,197,480,8.275
1,198,468,8.081196581196581
1,199,463,8.187904967602591
1,200,471,8.292993630573248
1,201,477,8.442348008385745
1,202,466,8.67596566523605
1,203,478,8.51673640167364
1,204,484,8.475206611570249
1,205,481,8.636174636174637
1,206,479,8.379958246346556
1,207,471,8.48619957537155
1,208,461,8.143167028199565
1,209,457,7.901531728665208
1,210,459,7.723311546840959
1,211,445,7.757303370786516
1,212,443,7.939051918735892
1,213,442,7.997737556561086
1,214,443,8.243792325056434
1,215,443,8.381489841986456
1,216,427,8.37704918032787
1,217,424,8.375
1,218,427,8.402810304449648
1,219,433,8.170900692840647
1,220,438,8.052511415525114
1,221,442,7.861990950226244
1,222,439,8.132118451025057
1,223,437,8.08924485125858
1,224,438,7.897260273972603
1,225,453,8.004415011037528
1,226,457,8.017505470459518
1,227,451,7.802660753880266
1,228,439,7.849658314350798
1,229,442,8.02262443438914
1,230,456,7.881578947368421
1,231,443,7.986455981941309
1,232,439,8.056947608200456
1,233,441,8.104308390022675
1,234,451,8.042128603104214
1,235,455,7.894505494505495
1,236,450,7.948888888888889
1,237,444,7.923423423423423
1,238,427,7.985948477751757
1,239,424,8.058962264150944
1,240,418,8.16267942583732
1,241,415,8.062650602409638
1,242,411,8.08029197080292
1,243,400,8.0575
1,244,401,8.24438902743142
1,245,390,8.12051282051282
1,246,380,8.092105263157896
1,247,368,8.081521739130435
1,248,353,8.110481586402265
1,249,351,8.179487179487179
1,250,357,7.8879551820728295
1,251,356,8.053370786516854
1,252,365,7.7753424657534245
1,253,360,7.777777777777778
1,254,362,7.530386740331492
1,255,363,7.517906336088155
1,256,354,7.553672316384181
1,257,345,7.536231884057971
1,258,353,7.441926345609065
1,259,353,7.342776203966006
1,260,355,7.507042253521127
1,261,366,7.437158469945355
1,262,371,7.547169811320755
1,263,370,7.710810810810811
1,264,368,7.7853260869565215
1,265,378,7.772486772486772
1,266,372,7.771505376344086
1,267,371,7.679245283018868
1,268,366,7.871584699453552
1,269,356,7.800561797752809
1,270,360,7.855555555555555
1,271,368,7.929347826086956
1,272,360,7.9222222222222225
1,273,363,7.746556473829201
1,274,363,7.710743801652892
1,275,360,7.552777777777778
1,276,354,7.228813559322034
1,277,351,7.367521367521367
1,278,347,7.403458213256484
1,279,355,7.416901408450705
1,280,356,7.595505617977528
1,281,350,7.688571428571429
1,282,352,7.642045454545454
1,283,356,7.575842696629214
1,284,350,7.645714285714286
1,285,344,7.84593023255814
1,286,337,7.908011869436201
1,287,332,8.012048192771084
1,288,324,7.8734567901234565
1,289,333,7.8408408408408405
1,290,331,7.945619335347432
1,291,334,8.092814371257486
1,292,331,8.0
1,293,330,8.118181818181819
1,294,332,8.048192771084338
1,295,328,8.070121951219512
1,296,314,8.375796178343949
1,297,316,8.104430379746836
1,298,313,8.070287539936102
1,299,300,8.293333333333333
1,300,296,8.35472972972973
1,301,297,8.282828282828282
1,302,296,8.195945945945946
1,303,298,7.855704697986577
1,304,293,7.914675767918089
1,305,289,8.328719723183392
1,306,286,8.335664335664335
1,307,281,8.181494661921707
1,308,281,8.08185053380783
1,309,282,8.095744680851064
1,310,275,8.229090909090909
1,311,271,8.335793357933579
1,312,266,8.462406015037594
1,313,252,8.464285714285714
1,314,266,8.169172932330827
1,315,257,8.151750972762645
1,316,259,8.386100386100386
1,317,247,8.396761133603238
1,318,243,8.1440329218107
1,319,261,8.191570881226054
1,320,252,8.36111111111111
1,321,248,8.451612903225806
1,322,251,8.601593625498008
1,323,258,8.705426356589147
1,324,244,8.60655737704918
1,325,246,8.894308943089431
1,326,251,8.569721115537849
1,327,248,8.71774193548387
1,328,241,8.54356846473029
1,329,239,8.631799163179917
1,330,242,8.491735537190083
1,331,243,8.337448559670781
1,332,241,8.091286307053942
1,333,247,8.133603238866396
1,334,242,8.202479338842975
1,335,249,8.293172690763052
1,336,248,8.32258064516129
1,337,241,8.410788381742739
1,338,244,8.25
1,339,245,8.412244897959184
1,340,251,8.103585657370518
1,341,251,8.171314741035857
1,342,254,8.44488188976378
1,343,252,8.432539682539682
1,344,246,8.451219512195122
1,345,246,8.365853658536585
1,346,239,8.276150627615063
1,347,241,8.153526970954356
1,348,237,8.063291139240507
1,349,246,7.800813008130081
1,350,246,8.0
1,351,253,7.992094861660079
1,352,258,7.9728682170542635
1,353,253,8.0
1,354,247,8.089068825910932
1,355,250,8.004
1,356,245,7.918367346938775
1,357,260,8.073076923076924
1,358,261,7.954022988505747
1,359,254,7.803149606299213
1,360,271,7.874538745387454
1,361,274,7.875912408759124
1,362,266,8.139097744360901
1,363,264,8.261363636363637
1,364,263,8.250950570342205
1,365,265,8.50566037735849
1,366,264,8.424242424242424
1,367,266,8.533834586466165
1,368,283,8.286219081272085
1,369,286,8.276223776223777
1,370,292,8.167808219178083
1,371,294,7.925170068027211
1,372,279,8.197132616487455
1,373,285,8.228070175438596
1,374,282,8.439716312056738
1,375,284,8.443661971830986
1,376,285,8.115789473684211
1,377,295,7.986440677966102
1,378,290,7.820689655172414
1,379,277,7.689530685920578
1,380,280,7.935714285714286
1,381,282,8.209219858156029
1,382,284,8.169014084507042
1,383,284,7.904929577464789
1,384,275,8.02909090909091
1,385,276,8.01086956521739
1,386,280,7.9071428571428575
1,387,273,7.8388278388278385
1,388,271,7.892988929889299
1,389,268,7.835820895522388
1,390,260,8.03076923076923
1,391,257,8.190661478599221
1,392,267,7.977528089887641
1,393,269,8.037174721189592
1,394,262,8.164122137404581
1,395,262,7.923664122137405
1,396,251,8.047808764940239
1,397,248,8.09274193548387
1,398,251,8.203187250996017
1,399,247,8.437246963562753
1,400,246,8.439024390243903
2,0,20,0.0
2,1,20,1.0
2,2,20,2.0
2,3,20,3.0
2,4,20,4.0
2,5,20,5.0
2,6,20,6.0
2,7,20,7.0
2,8,20,8.0
2,9,24,7.5
2,10,29,7.0344827586206895
2,11,30,7.4
2,12,34,7.411764705882353
2,13,41,6.975609756097561
2,14,44,7.340909090909091
2,15,47,7.808510638297872
2,16,47,8.808510638297872
2,17,50,8.88
2,18,53,9.320754716981131
2,19,54,9.944444444444445
2,20,56,10.553571428571429
2,21,60,10.433333333333334
2,22,63,10.396825396825397
2,23,68,10.352941176470589
2,24,70,11.028571428571428
2,25,74,10.702702702702704
2,26,77,11.025974025974026
2,27,80,11.3375
2,28,89,10.842696629213483
2,29,93,11.086021505376344
2,30,97,10.938144329896907
2,31,103,10.757281553398059
2,32,92,8.282608695652174
2,33,97,8.216494845360824
2,34,97,8.360824742268042
2,35,100,8.59
2,36,100,9.09
2,37,106,9.226415094339623
2,38,107,9.439252336448599
2,39,108,9.435185185185185
2,40,109,9.311926605504587
2,41,109,8.706422018348624
2,42,114,8.596491228070175
2,43,121,8.586776859504132
2,44,123,8.869918699186991
2,45,130,8.615384615384615
2,46,135,8.777777777777779
2,47,142,8.711267605633802
2,48,147,8.761904761904763
2,49,145,8.772413793103448
2,50,144,8.902777777777779
2,51,146,9.219178082191782
2,52,142,9.450704225352112
2,53,150,9.206666666666667
2,54,148,9.66891891891892
2,55,152,9.263157894736842
2,56,149,9.369127516778523
2,57,159,9.10691823899371
2,58,168,8.595238095238095
2,59,169,8.840236686390533
2,60,169,8.751479289940828
2,61,174,8.798850574712644
2,62,174,8.695402298850574
2,63,176,8.823863636363637
2,64,177,8.983050847457626
2,65,185,8.85945945945946
2,66,193,9.0
2,67,201,8.746268656716419
2,68,199,8.748743718592964
2,69,199,8.71356783919598
2,70,203,8.630541871921181
2,71,214,8.47196261682243
2,72,215,8.255813953488373
2,73,226,8.38495575221239
2,74,223,8.41255605381166
2,75,216,8.62962962962963
2,76,228,8.491228070175438
2,77,229,8.720524017467248
2,78,234,8.850427350427351
2,79,231,8.757575757575758
2,80,237,8.856540084388186
2,81,239,9.100418410041842
2,82,234,9.02991452991453
2,83,239,9.271966527196653
2,84,238,9.180672268907562
2,85,244,9.237704918032787
2,86,255,8.823529411764707
2,87,249,8.831325301204819
2,88,247,9.186234817813766
2,89,254,9.377952755905511
2,90,254,9.051181102362206
2,91,253,8.798418972332016
2,92,253,8.707509881422926
2,93,239,8.393305439330543
2,94,240,8.666666666666666
2,95,253,8.652173913043478
2,96,260,8.373076923076923
2,97,267,8.097378277153558
2,98,256,8.19921875
2,99,257,8.132295719844358
2,100,259,8.08108108108108
2,101,269,7.95910780669145
2,102,274,7.923357664233577
2,103,275,8.305454545454545
2,104,286,8.643356643356643
2,105,287,8.89198606271777
2,106,298,8.90268456375839
2,107,301,8.661129568106313
2,108,290,8.672413793103448
2,109,296,8.68581081081081
2,110,295,8.627118644067796
2,111,301,8.747508305647841
2,112,304,8.6875
2,113,309,8.760517799352751
2,114,318,8.446540880503145
2,115,342,8.324561403508772
2,116,340,8.305882352941177
2,117,335,8.277611940298508
2,118,332,8.38855421686747
2,119,334,8.431137724550899
2,120,335,8.307462686567165
2,121,329,8.43161094224924
2,122,326,8.757668711656441
2,123,327,8.62691131498471
2,124,331,8.61631419939577
2,125,332,8.906626506024097
2,126,331,8.719033232628398
2,127,337,8.599406528189911
2,128,345,8.655072463768116
2,129,340,9.105882352941176
2,130,336,9.261904761904763
2,131,327,9.162079510703364
2,132,328,8.820121951219512
2,133,331,8.716012084592146
2,134,323,8.885448916408668
2,135,323,8.975232198142415
2,136,317,8.826498422712934
2,137,314,8.665605095541402
2,138,320,8.40625
2,139,318,8.333333333333334
2,140,310,8.57741935483871
2,141,315,8.019047619047619
2,142,328,7.996951219512195
2,143,333,8.36936936936937
2,144,327,8.250764525993883
2,145,339,8.230088495575222
2,146,345,8.165217391304347
2,147,344,8.375
2,148,350,8.417142857142856
2,149,362,8.146408839779005
2,150,369,8.306233062330623
2,151,376,7.9787234042553195
2,152,376,8.090425531914894
2,153,387,8.093023255813954
2,154,382,8.243455497382199
2,155,388,8.36340206185567
2,156,392,8.39795918367347
2,157,399,8.431077694235588
2,158,396,8.487373737373737
2,159,390,8.474358974358974
2,160,387,8.684754521963825
2,161,391,8.491048593350383
2,162,392,8.239795918367347
2,163,394,8.00253807106599
2,164,395,8.131645569620254
2,165,408,8.161764705882353
2,166,409,8.200488997555013
2,167,411,8.104622871046228
2,168,403,8.200992555831265
2,169,401,8.296758104738155
2,170,401,8.501246882793017
2,171,414,8.316425120772946
2,172,414,8.43719806763285
2,173,406,8.58128078817734
2,174,405,8.511111111111111
2,175,426,8.448356807511738
2,176,429,8.512820512820513
2,177,418,8.373205741626794
2,178,418,8.289473684210526
2,179,423,8.037825059101655
2,180,432,7.898148148148148
2,181,431,7.955916473317865
2,182,422,8.092417061611375
2,183,408,8.122549019607844
2,184,402,8.335820895522389
2,185,398,8.424623115577889
2,186,392,8.303571428571429
2,187,401,8.339152119700747
2,188,405,8.365432098765432
2,189,400,8.335
2,190,403,8.014888337468983
2,191,408,8.075980392156863
2,192,392,8.11734693877551
2,193,397,8.219143576826196
2,194,390,8.474358974358974
2,195,379,8.448548812664908
2,196,394,8.230964467005077
2,197,392,8.21173469387755
2,198,381,8.010498687664041
2,199,369,7.753387533875339
2,200,374,7.834224598930481
2,201,382,7.945026178010472
2,202,383,8.130548302872063
2,203,377,8.209549071618037
2,204,371,8.11320754716981
2,205,372,8.134408602150538
2,206,372,8.39247311827957
2,207,363,8.462809917355372
2,208,359,8.186629526462395
2,209,352,8.264204545454545
2,210,360,7.7972222222222225
2,211,350,7.64
2,212,348,7.956896551724138
2,213,337,8.28486646884273
2,214,342,8.228070175438596
2,215,341,8.117302052785924
2,216,348,8.137931034482758
2,217,353,7.835694050991502
2,218,363,7.776859504132231
2,219,358,7.9860335195530725
2,220,354,7.853107344632768
2,221,359,7.623955431754875
2,222,350,7.711428571428572
2,223,352,7.7414772727272725
2,224,355,7.738028169014084
2,225,344,7.877906976744186
2,226,346,7.621387283236994
2,227,341,7.6627565982404695
2,228,342,7.985380116959064
2,229,347,7.962536023054755
2,230,352,8.119318181818182
2,231,361,8.168975069252078
2,232,364,8.244505494505495
2,233,356,8.103932584269662
2,234,345,8.08695652173913
2,235,332,8.0
2,236,325,8.03076923076923
2,237,327,7.996941896024465
2,238,327,7.9327217125382266
2,239,334,7.949101796407185
2,240,327,8.073394495412844
2,241,337,8.041543026706231
2,242,347,8.230547550432277
2,243,339,8.238938053097344
2,244,342,8.011695906432749
2,245,336,8.008928571428571
2,246,330,8.066666666666666
2,247,326,8.003067484662576
2,248,329,8.264437689969604
2,249,335,7.973134328358209
2,250,336,7.919642857142857
2,251,329,7.835866261398176
2,252,328,7.8689024390243905
2,253,327,8.085626911314984
2,254,326,7.8128834355828225
2,255,325,8.021538461538462
2,256,314,7.971337579617835
2,257,313,7.913738019169329
2,258,313,8.035143769968052
2,259,309,7.951456310679611
2,260,312,8.070512820512821
2,261,313,8.146964856230031
2,262,300,8.05
2,263,305,8.226229508196722
2,264,296,8.22635135135135
2,265,295,8.403389830508475
2,266,292,8.462328767123287
2,267,276,8.195652173913043
2,268,284,7.929577464788732
2,269,283,8.123674911660778
2,270,284,8.147887323943662
2,271,282,8.23049645390071
2,272,274,8.211678832116789
2,273,268,7.932835820895522
2,274,276,7.7644927536231885
2,275,279,8.039426523297491
2,276,278,7.838129496402877
2,277,281,7.8861209964412815
2,278,286,8.048951048951048
2,279,289,8.131487889273357
2,280,291,7.993127147766323
2,281,293,7.935153583617748
2,282,288,8.072916666666666
2,283,296,7.9324324324324325
2,284,289,7.737024221453288
2,285,302,7.811258278145695
2,286,306,7.65359477124183
2,287,307,7.941368078175896
2,288,310,8.225806451612904
2,289,311,8.109324758842444
2,290,312,8.137820512820513
2,291,305,8.518032786885247
2,292,302,8.456953642384105
2,293,285,8.410526315789474
2,294,276,8.119565217391305
2,295,276,8.326086956521738
2,296,285,8.196491228070176
2,297,292,8.10958904109589
2,298,293,7.890784982935154
2,299,299,8.123745819397993
2,300,292,8.479452054794521
2,301,305,8.249180327868853
2,302,308,8.308441558441558
2,303,301,8.451827242524917
2,304,278,8.410071942446043
2,305,279,8.175627240143369
2,306,271,8.195571955719558
2,307,264,8.31439393939394
2,308,269,8.011152416356877
2,309,270,8.155555555555555
2,310,277,8.184115523465705
2,311,281,7.879003558718861
2,312,286,7.800699300699301
2,313,293,8.040955631399317
2,314,309,7.6375404530744335
2,315,313,7.562300319488818
2,316,312,7.503205128205129
2,317,315,7.644444444444445
2,318,311,7.967845659163987
2,319,310,8.067741935483872
2,320,307,8.087947882736156
2,321,303,8.023102310231023
2,322,301,7.946843853820598
2,323,295,8.0
2,324,287,7.961672473867596
2,325,290,7.703448275862069
2,326,288,8.11111111111111
2,327,289,8.283737024221454
2,328,283,8.19434628975265
2,329,278,8.154676258992806
2,330,281,7.9537366548042705
2,331,285,7.852631578947369
2,332,276,8.03623188405797
2,333,273,8.256410256410257
2,334,273,8.043956043956044
2,335,276,8.014492753623188
2,336,283,7.893992932862191
2,337,289,7.986159169550173
2,338,281,8.177935943060499
2,339,277,8.487364620938628
2,340,277,8.346570397111913
2,341,285,8.36140350877193
2,342,276,8.344202898550725
2,343,266,8.278195488721805
2,344,253,8.201581027667984
2,345,257,7.961089494163424
2,346,256,8.12109375
2,347,246,8.089430894308943
2,348,248,8.0
2,349,237,8.004219409282701
2,350,238,8.092436974789916
2,351,247,8.068825910931174
2,352,251,8.08366533864542
2,353,253,8.08300395256917
2,354,253,8.118577075098814
2,355,252,8.087301587301587
2,356,260,8.015384615384615
2,357,253,8.197628458498023
2,358,250,8.22
2,359,244,8.577868852459016
2,360,229,8.406113537117903
2,361,228,8.219298245614034
2,362,225,8.262222222222222
2,363,228,8.100877192982455
2,364,224,7.883928571428571
2,365,228,7.495614035087719
2,366,241,7.485477178423237
2,367,237,7.4641350210970465
2,368,236,7.6525423728813555
2,369,244,7.540983606557377
2,370,246,7.711382113821138
2,371,256,7.91015625
2,372,270,8.114814814814816
2,373,255,8.2
2,374,250,8.252
2,375,245,8.412244897959184
2,376,234,8.739316239316238
2,377,242,8.03305785123967
2,378,244,8.012295081967213
2,379,244,8.061475409836065
2,380,254,7.7795275590551185
2,381,252,7.992063492063492
2,382,240,8.0375
2,383,243,8.156378600823045
2,384,255,8.011764705882353
2,385,257,8.089494163424124
2,386,251,8.00796812749004
2,387,258,8.003875968992247
2,388,258,7.961240310077519
2,389,260,8.123076923076923
2,390,258,7.810077519379845
2,391,254,7.826771653543307
2,392,242,8.03305785123967
2,393,244,8.118852459016393
2,394,237,8.345991561181435
2,395,241,8.41908713692946
2,396,246,8.524390243902438
2,397,243,8.094650205761317
2,398,237,8.30379746835443
2,399,230,8.41304347826087
2,400,229,8.187772925764191
3,0,20,0.0
3,1,20,1.0
3,2,20,2.0
3,3,20,3.0
3,4,20,4.0
3,5,20,5.0
3,6,20,6.0
3,7,20,7.0
3,8,20,8.0
3,9,24,7.5
3,10,29,7.0344827586206895
3,11,32,7.28125
3,12,32,8.28125
3,13,34,8.352941176470589
3,14,36,8.833333333333334
3,15,38,8.921052631578947
3,16,41,9.195121951219512
3,17,45,9.133333333333333
3,18,48,9.395833333333334
3,19,51,9.784313725490197
3,20,54,9.814814814814815
3,21,53,9.88679245283019
3,22,58,9.948275862068966
3,23,62,10.241935483870968
3,24,63,11.063492063492063
3,25,61,11.819672131147541
3,26,64,11.8125
3,27,64,11.046875
3,28,63,11.412698412698413
3,29,68,11.5
3,30,78,10.512820512820513
3,31,76,10.763157894736842
3,32,71,8.338028169014084
3,33,74,8.95945945945946
3,34,70,9.657142857142857
3,35,72,9.944444444444445
3,36,75,10.16
3,37,78,9.871794871794872
3,38,81,8.88888888888889
3,39,82,8.792682926829269
3,40,87,9.03448275862069
3,41,85,8.941176470588236
3,42,90,8.666666666666666
3,43,97,8.70103092783505
3,44,95,9.010526315789473
3,45,93,9.46236559139785
3,46,88,9.795454545454545
3,47,86,10.162790697674419
3,48,90,9.21111111111111
3,49,93,9.46236559139785
3,50,102,8.568627450980392
3,51,101,8.811881188118813
3,52,100,9.29
3,53,104,9.673076923076923
3,54,107,9.36448598130841
3,55,105,9.380952380952381
3,56,105,9.761904761904763
3,57,113,9.52212389380531
3,58,113,9.415929203539823
3,59,114,9.385964912280702
3,60,115,9.017391304347827
3,61,112,8.455357142857142
3,62,115,8.373913043478261
3,63,118,8.169491525423728
3,64,116,8.318965517241379
3,65,119,8.470588235294118
3,66,123,8.398373983739837
3,67,126,8.76984126984127
3,68,125,9.0
3,69,122,8.98360655737705
3,70,123,8.878048780487806
3,71,128,9.25
3,72,133,9.218045112781954
3,73,136,9.117647058823529
3,74,134,9.029850746268657
3,75,128,8.484375
3,76,133,8.368421052631579
3,77,133,8.75187969924812
3,78,140,8.278571428571428
3,79,145,8.317241379310344
3,80,141,8.51063829787234
3,81,136,8.580882352941176
3,82,141,8.368794326241135
3,83,138,8.326086956521738
3,84,136,8.308823529411764
3,85,143,8.251748251748252
3,86,137,7.766423357664234
3,87,141,7.98581560283688
3,88,139,8.352517985611511
3,89,132,8.674242424242424
3,90,128,8.7421875
3,91,135,8.8
3,92,132,8.537878787878787
3,93,128,8.8515625
3,94,126,8.753968253968255
3,95,127,8.51968503937008
3,96,125,8.064
3,97,125,8.448
3,98,122,8.655737704918034
3,99,129,8.604651162790697
3,100,134,8.343283582089553
3,101,136,8.463235294117647
3,102,136,8.448529411764707
3,103,145,8.296551724137931
3,104,135,8.407407407407407
3,105,133,8.563909774436091
3,106,133,8.781954887218046
3,107,133,8.466165413533835
3,108,142,8.556338028169014
3,109,143,8.468531468531468
3,110,137,8.620437956204379
3,111,145,8.351724137931035
3,112,145,8.613793103448275
3,113,146,8.513698630136986
3,114,136,8.705882352941176
3,115,132,8.727272727272727
3,116,135,8.607407407407408
3,117,142,8.32394366197183
3,118,142,8.26056338028169
3,119,146,8.301369863013699
3,120,154,7.941558441558442
3,121,154,7.259740259740259
3,122,152,7.217105263157895
3,123,160,7.36875
3,124,154,7.6558441558441555
3,125,153,7.980392156862745
3,126,153,8.215686274509803
3,127,150,8.146666666666667
3,128,147,8.149659863945578
3,129,150,8.34
3,130,148,8.405405405405405
3,131,155,8.63225806451613
3,132,157,8.719745222929935
3,133,159,8.440251572327044
3,134,160,8.35
3,135,157,8.59235668789809
3,136,162,8.117283950617283
3,137,160,8.2
3,138,168,8.470238095238095
3,139,163,8.521472392638037
3,140,162,8.012345679012345
3,141,156,7.878205128205129
3,142,153,7.888888888888889
3,143,154,8.38961038961039
3,144,153,8.555555555555555
3,145,152,8.421052631578947
3,146,147,8.639455782312925
3,147,152,8.697368421052632
3,148,155,8.8
3,149,164,8.695121951219512
3,150,166,8.825301204819278
3,151,165,8.963636363636363
3,152,158,8.854430379746836
3,153,161,8.782608695652174
3,154,158,8.753164556962025
3,155,149,8.87248322147651
3,156,141,8.645390070921986
3,157,138,8.746376811594203
3,158,138,8.934782608695652
3,159,140,9.192857142857143
3,160,145,9.26206896551724
3,161,145,9.289655172413793
3,162,154,8.974025974025974
3,163,163,8.699386503067485
3,164,167,8.419161676646707
3,165,164,8.640243902439025
3,166,164,8.615853658536585
3,167,162,8.253086419753087
3,168,151,7.403973509933775
3,169,151,7.80794701986755
3,170,158,7.848101265822785
3,171,157,7.898089171974522
3,172,160,7.73125
3,173,167,7.748502994011976
3,174,172,8.116279069767442
3,175,175,7.977142857142857
3,176,170,8.152941176470588
3,177,175,7.828571428571428
3,178,179,8.106145251396647
3,179,184,8.375
3,180,181,8.685082872928177
3,181,186,8.844086021505376
3,182,190,8.91578947368421
3,183,192,8.645833333333334
3,184,196,8.35204081632653
3,185,198,8.075757575757576
3,186,193,8.341968911917098
3,187,194,8.38659793814433
3,188,200,8.075
3,189,201,8.034825870646767
3,190,201,7.965174129353234
3,191,197,8.035532994923859
3,192,210,8.014285714285714
3,193,209,8.210526315789474
3,194,206,8.344660194174757
3,195,211,8.4739336492891
3,196,222,8.378378378378379
3,197,221,8.32579185520362
3,198,236,7.9491525423728815
3,199,245,7.910204081632653
3,200,244,7.963114754098361
3,201,253,7.980237154150197
3,202,257,8.011673151750973
3,203,248,8.129032258064516
3,204,256,8.05078125
3,205,261,8.260536398467433
3,206,262,8.427480916030534
3,207,261,8.18007662835249
3,208,257,8.521400778210117
3,209,254,8.007874015748031
3,210,261,7.957854406130268
3,211,274,7.806569343065694
3,212,276,7.898550724637682
3,213,290,7.996551724137931
3,214,287,8.066202090592334
3,215,295,8.122033898305085
3,216,296,8.199324324324325
3,217,297,8.057239057239057
3,218,309,7.711974110032362
3,219,308,7.928571428571429
3,220,318,7.578616352201258
3,221,331,7.350453172205438
3,222,333,7.717717717717718
3,223,335,7.82089552238806
3,224,337,8.13946587537092
3,225,340,8.126470588235295
3,226,341,8.454545454545455
3,227,340,8.376470588235295
3,228,343,8.446064139941692
3,229,350,8.72
3,230,355,8.467605633802817
3,231,364,8.445054945054945
3,232,368,8.42663043478261
3,233,384,8.5078125
3,234,377,8.432360742705571
3,235,375,8.386666666666667
3,236,365,8.56986301369863
3,237,361,8.382271468144044
3,238,366,8.357923497267759
3,239,359,8.217270194986073
3,240,355,8.2
3,241,356,8.27808988764045
3,242,351,8.196581196581196
3,243,359,8.264623955431755
3,244,368,8.320652173913043
3,245,381,8.498687664041995
3,246,380,8.523684210526316
3,247,375,8.589333333333334
3,248,376,8.236702127659575
3,249,370,8.235135135135135
3,250,360,8.297222222222222
3,251,363,8.198347107438016
3,252,354,8.149717514124294
3,253,365,7.972602739726027
3,254,363,8.005509641873278
3,255,372,8.026881720430108
3,256,377,8.063660477453581
3,257,377,8.411140583554376
3,258,383,8.328981723237598
3,259,388,8.52319587628866
3,260,386,8.419689119170984
3,261,395,8.20506329113924
3,262,393,8.30025445292621
3,263,404,8.336633663366337
3,264,395,8.281012658227848
3,265,396,8.628787878787879
3,266,382,8.772251308900524
3,267,369,8.409214092140921
3,268,368,8.578804347826088
3,269,366,8.453551912568306
3,270,361,8.637119113573407
3,271,351,8.786324786324787
3,272,345,8.747826086956522
3,273,348,8.614942528735632
3,274,334,8.553892215568862
3,275,346,8.208092485549132
3,276,353,8.076487252124647
3,277,345,8.246376811594203
3,278,345,8.359420289855073
3,279,354,8.110169491525424
3,280,341,8.439882697947214
3,281,341,8.219941348973608
3,282,328,8.509146341463415
3,283,319,8.351097178683386
3,284,327,8.232415902140673
3,285,329,8.206686930091186
3,286,331,8.441087613293051
3,287,322,8.630434782608695
3,288,319,8.630094043887148
3,289,325,8.606153846153846
3,290,329,8.516717325227964
3,291,321,8.54828660436137
3,292,325,8.544615384615385
3,293,329,8.56838905775076
3,294,338,8.050295857988166
3,295,333,8.06006006006006
3,296,330,8.045454545454545
3,297,340,8.135294117647058
3,298,338,8.446745562130177
3,299,340,8.617647058823529
3,300,351,8.381766381766381
3,301,344,8.531976744186046
3,302,351,8.424501424501425
3,303,338,8.49112426035503
3,304,340,8.602941176470589
3,305,325,8.424615384615384
3,306,309,8.605177993527509
3,307,302,9.062913907284768
3,308,302,8.870860927152318
3,309,308,8.594155844155845
3,310,306,8.562091503267974
3,311,312,8.653846153846153
3,312,309,8.741100323624595
3,313,318,8.940251572327044
3,314,322,9.198757763975156
3,315,315,9.203174603174602
3,316,304,9.289473684210526
3,317,308,9.068181818181818
3,318,329,8.753799392097264
3,319,334,8.467065868263473
3,320,334,8.523952095808383
3,321,324,8.533950617283951
3,322,330,8.533333333333333
3,323,339,8.569321533923304
3,324,331,8.634441087613293
3,325,327,8.923547400611621
3,326,319,9.128526645768025
3,327,321,8.722741433021806
3,328,312,8.525641025641026
3,329,319,8.482758620689655
3,330,333,8.438438438438439
3,331,342,8.426900584795321
3,332,353,8.322946175637394
3,333,356,8.390449438202246
3,334,354,8.536723163841808
3,335,368,8.410326086956522
3,336,362,8.624309392265193
3,337,360,8.73611111111111
3,338,359,8.314763231197771
3,339,367,8.024523160762943
3,340,381,8.062992125984252
3,341,368,8.0
3,342,369,7.967479674796748
3,343,379,8.147757255936675
3,344,384,8.25
3,345,391,8.442455242966751
3,346,392,8.436224489795919
3,347,394,8.434010152284264
3,348,398,8.412060301507537
3,349,403,8.59305210918114
3,350,395,8.549367088607594
3,351,406,8.411330049261084
3,352,423,8.321513002364066
3,353,428,8.36214953271028
3,354,428,8.36214953271028
3,355,423,8.177304964539006
3,356,417,8.235011990407674
3,357,411,8.459854014598541
3,358,404,8.792079207920793
3,359,405,8.804938271604938
3,360,394,8.639593908629442
3,361,392,8.39795918367347
3,362,397,8.26448362720403
3,363,397,8.395465994962217
3,364,389,8.172236503856041
3,365,406,8.017241379310345
3,366,417,7.96642685851319
3,367,412,7.919902912621359
3,368,401,7.798004987531172
3,369,409,8.246943765281173
3,370,414,8.214975845410628
3,371,412,8.325242718446601
3,372,420,8.483333333333333
3,373,410,8.419512195121952
3,374,412,8.49757281553398
3,375,428,8.397196261682243
3,376,428,8.189252336448599
3,377,420,8.404761904761905
3,378,437,8.405034324942791
3,379,437,8.521739130434783
3,380,428,8.41588785046729
3,381,411,8.501216545012165
3,382,414,8.446859903381643
3,383,419,8.36038186157518
3,384,427,8.278688524590164
3,385,417,8.2757793764988
3,386,412,8.169902912621358
3,387,413,8.312348668280872
3,388,433,7.94919168591224
3,389,422,8.054502369668246
3,390,410,8.080487804878048
3,391,409,8.06845965770171
3,392,400,8.1
3,393,388,8.353092783505154
3,394,388,8.52319587628866
3,395,402,8.310945273631841
3,396,417,8.350119904076738
3,397,430,7.965116279069767
3,398,418,7.944976076555024
3,399,420,7.9261904761904765
3,400,425,7.969411764705883
4,0,20,0.0
4,1,20,1.0
4,2,20,2.0
4,3,20,3.0
4,4,20,4.0
4,5,20,5.0
4,6,20,6.0
4,7,20,7.0
4,8,20,8.0
4,9,23,7.826086956521739
4,10,26,7.8076923076923075
4,11,28,8.178571428571429
4,12,29,8.862068965517242
4,13,31,9.225806451612904
4,14,34,9.323529411764707
4,15,35,10.028571428571428
4,16,39,9.897435897435898
4,17,44,9.659090909090908
4,18,47,9.97872340425532
4,19,48,10.75
4,20,53,10.641509433962264
4,21,56,10.821428571428571
4,22,60,10.816666666666666
4,23,61,11.245901639344263
4,24,61,11.852459016393443
4,25,65,11.938461538461539
4,26,67,12.402985074626866
4,27,78,11.512820512820513
4,28,82,11.560975609756097
4,29,85,11.929411764705883
4,30,91,11.714285714285714
4,31,92,11.728260869565217
4,32,78,7.884615384615385
4,33,77,8.441558441558442
4,34,77,9.12987012987013
4,35,78,9.679487179487179
4,36,80,10.4125
4,37,91,10.032967032967033
4,38,96,10.25
4,39,102,10.009803921568627
4,40,97,9.938144329896907
4,41,99,9.444444444444445
4,42,102,9.333333333333334
4,43,103,8.553398058252426
4,44,103,9.029126213592233
4,45,97,8.88659793814433
4,46,101,9.376237623762377
4,47,105,9.438095238095238
4,48,110,9.50909090909091
4,49,116,9.172413793103448
4,50,118,8.85593220338983
4,51,125,9.016
4,52,127,9.51968503937008
4,53,124,9.10483870967742
4,54,120,8.925
4,55,123,9.317073170731707
4,56,122,9.139344262295081
4,57,135,8.851851851851851
4,58,132,8.901515151515152
4,59,143,8.818181818181818
4,60,136,8.705882352941176
4,61,137,8.824817518248175
4,62,146,8.657534246575343
4,63,148,8.385135135135135
4,64,150,8.746666666666666
4,65,149,9.020134228187919
4,66,152,8.822368421052632
4,67,149,9.006711409395972
4,68,154,8.844155844155845
4,69,155,8.948387096774194
4,70,154,9.03896103896104
4,71,152,9.276315789473685
4,72,154,9.2987012987013
4,73,160,9.05
4,74,168,8.821428571428571
4,75,171,8.64327485380117
4,76,177,8.751412429378531
4,77,181,8.41988950276243
4,78,185,8.72972972972973
4,79,187,8.668449197860962
4,80,193,8.367875647668393
4,81,199,8.57286432160804
4,82,208,8.504807692307692
4,83,214,8.719626168224298
4,84,216,8.652777777777779
4,85,213,8.868544600938968
4,86,220,8.9
4,87,216,8.38888888888889
4,88,215,8.627906976744185
4,89,216,8.847222222222221
4,90,211,8.47867298578199
4,91,207,8.357487922705314
4,92,208,8.673076923076923
4,93,208,8.5625
4,94,217,8.695852534562212
4,95,219,8.949771689497718
4,96,217,8.824884792626728
4,97,213,9.12206572769953
4,98,216,8.731481481481481
4,99,212,8.63679245283019
4,100,215,9.102325581395348
4,101,216,9.171296296296296
4,102,216,9.069444444444445
4,103,226,8.601769911504425
4,104,232,8.663793103448276
4,105,244,8.381147540983607
4,106,242,8.541322314049587
4,107,252,8.468253968253968
4,108,259,8.54054054054054
4,109,265,8.29811320754717
4,110,264,8.333333333333334
4,111,259,8.44015444015444
4,112,268,8.440298507462687
4,113,268,8.291044776119403
4,114,273,8.098901098901099
4,115,287,8.181184668989546
4,116,288,8.600694444444445
4,117,293,8.948805460750853
4,118,288,8.881944444444445
4,119,278,8.79496402877698
4,120,273,8.897435897435898
4,121,283,8.745583038869258
4,122,296,8.966216216216216
4,123,295,8.867796610169492
4,124,309,8.669902912621358
4,125,302,8.788079470198676
4,126,295,8.864406779661017
4,127,304,8.713815789473685
4,128,313,8.322683706070288
4,129,309,8.37864077669903
4,130,323,8.241486068111454
4,131,325,8.350769230769231
4,132,344,8.473837209302326
4,133,347,8.351585014409222
4,134,347,8.63400576368876
4,135,352,8.446022727272727
4,136,349,8.300859598853869
4,137,356,8.46629213483146
4,138,359,8.540389972144848
4,139,361,8.609418282548477
4,140,359,8.997214484679665
4,141,361,8.822714681440443
4,142,355,8.48450704225352
4,143,349,8.707736389684813
4,144,362,8.734806629834255
4,145,366,8.3224043715847
4,146,354,8.330508474576272
4,147,355,8.526760563380282
4,148,369,8.444444444444445
4,149,388,8.492268041237113
4,150,394,8.195431472081218
4,151,395,8.255696202531645
4,152,391,8.432225063938619
4,153,389,8.524421593830334
4,154,398,8.512562814070352
4,155,396,8.280303030303031
4,156,399,8.456140350877194
4,157,402,8.68407960199005
4,158,402,8.781094527363184
4,159,404,8.80940594059406
4,160,400,8.88
4,161,396,9.113636363636363
4,162,398,8.889447236180905
4,163,404,8.48019801980198
4,164,402,8.58457711442786
4,165,423,8.425531914893616
4,166,421,8.548693586698338
4,167,413,8.365617433414043
4,168,415,8.556626506024097
4,169,427,8.494145199063231
4,170,425,8.621176470588235
4,171,427,8.634660421545668
4,172,420,8.59047619047619
4,173,426,8.36150234741784
4,174,440,8.370454545454546
4,175,442,8.21945701357466
4,176,451,8.199556541019955
4,177,462,8.432900432900434
4,178,464,8.27801724137931
4,179,468,8.213675213675213
4,180,465,8.16989247311828
4,181,464,8.282327586206897
4,182,463,8.32181425485961
4,183,463,8.306695464362852
4,184,473,8.456659619450317
4,185,478,8.315899581589958
4,186,477,8.568134171907756
4,187,482,8.45643153526971
4,188,479,8.400835073068894
4,189,488,8.39344262295082
4,190,496,8.336693548387096
4,191,482,8.408713692946058
4,192,477,8.465408805031446
4,193,472,8.444915254237289
4,194,459,8.213507625272332
4,195,456,8.528508771929825
4,196,469,8.518123667377399
4,197,477,8.345911949685535
4,198,479,8.336116910229645
4,199,470,8.448936170212766
4,200,464,8.476293103448276
4,201,467,8.396145610278372
4,202,486,8.119341563786008
4,203,495,8.173737373737374
4,204,503,8.345924453280318
4,205,503,8.429423459244532
4,206,499,8.412825651302605
4,207,502,8.45617529880478
4,208,498,8.532128514056225
4,209,487,8.44558521560575
4,210,485,8.455670103092784
4,211,488,8.211065573770492
4,212,494,8.37246963562753
4,213,489,8.464212678936605
4,214,489,8.462167689161554
4,215,505,8.299009900990098
4,216,505,8.253465346534654
4,217,501,8.265469061876248
4,218,493,8.494929006085192
4,219,492,8.302845528455284
4,220,487,8.242299794661191
4,221,506,8.25098814229249
4,222,508,8.149606299212598
4,223,511,8.072407045009784
4,224,512,8.087890625
4,225,509,8.349705304518665
4,226,512,8.3984375
4,227,503,8.516898608349901
4,228,497,8.575452716297788
4,229,498,8.32128514056225
4,230,494,8.348178137651821
4,231,496,8.421370967741936
4,232,502,8.276892430278885
4,233,490,8.189795918367347
4,234,478,8.399581589958158
4,235,468,8.333333333333334
4,236,453,8.390728476821192
4,237,459,8.459694989106755
4,238,444,8.704954954954955
4,239,428,8.63785046728972
4,240,433,8.732101616628176
4,241,441,8.71655328798186
4,242,435,8.622988505747127
4,243,429,8.587412587412587
4,244,431,8.619489559164734
4,245,435,8.783908045977011
4,246,451,8.28381374722838
4,247,460,7.98695652173913
4,248,452,8.017699115044248
4,249,439,8.072892938496583
4,250,444,8.195945945945946
4,251,447,8.176733780760626
4,252,440,8.425
4,253,437,8.649885583524027
4,254,434,9.018433179723502
4,255,433,8.870669745958429
4,256,437,8.695652173913043
4,257,430,8.146511627906976
4,258,429,7.892773892773893
4,259,425,8.094117647058823
4,260,415,8.35421686746988
4,261,416,7.894230769230769
4,262,416,8.01923076923077
4,263,415,8.142168674698794
4,264,420,8.092857142857143
4,265,412,8.242718446601941
4,266,410,8.317073170731707
4,267,417,8.237410071942445
4,268,420,8.34047619047619
4,269,430,8.334883720930232
4,270,424,8.349056603773585
4,271,428,8.317757009345794
4,272,420,8.630952380952381
4,273,429,8.55011655011655
4,274,418,8.488038277511961
4,275,430,8.42093023255814
4,276,430,8.344186046511627
4,277,427,8.245901639344263
4,278,444,8.27927927927928
4,279,459,8.176470588235293
4,280,451,8.241685144124169
4,281,452,8.283185840707965
4,282,451,8.321507760532151
4,283,459,8.270152505446623
4,284,464,8.286637931034482
4,285,451,8.212860310421286
4,286,443,8.146726862302483
4,287,450,8.002222222222223
4,288,453,7.9448123620309055
4,289,466,8.060085836909872
4,290,474,8.151898734177216
4,291,467,8.143468950749465
4,292,470,8.248936170212765
4,293,469,8.106609808102345
4,294,471,8.19108280254777
4,295,472,8.150423728813559
4,296,465,8.006451612903225
4,297,470,8.019148936170213
4,298,463,8.263498920086393
4,299,448,8.241071428571429
4,300,448,8.488839285714286
4,301,432,8.680555555555555
4,302,436,8.887614678899082
4,303,442,8.805429864253394
4,304,445,8.50561797752809
4,305,454,8.365638766519824
4,306,465,8.33763440860215
4,307,479,8.388308977035491
4,308,483,8.246376811594203
4,309,466,8.354077253218884
4,310,459,8.246187363834423
4,311,467,8.15203426124197
4,312,472,8.120762711864407
4,313,480,7.975
4,314,492,7.91869918699187
4,315,490,7.673469387755102
4,316,495,7.965656565656565
4,317,491,7.8492871690427695
4,318,475,7.818947368421052
4,319,483,8.049689440993788
4,320,485,7.896907216494846
4,321,493,7.95131845841785
4,322,505,7.982178217821782
4,323,509,7.921414538310413
4,324,514,8.035019455252918
4,325,505,8.122772277227723
4,326,489,7.848670756646217
4,327,492,8.136178861788618
4,328,479,8.204592901878915
4,329,469,8.484008528784647
4,330,473,8.490486257928119
4,331,466,8.268240343347639
4,332,471,8.35031847133758
4,333,493,8.1947261663286
4,334,498,8.200803212851406
4,335,480,8.279166666666667
4,336,471,8.583864118895965
4,337,468,8.705128205128204
4,338,460,8.560869565217391
4,339,461,8.535791757049891
4,340,433,8.570438799076213
4,341,441,8.204081632653061
4,342,434,8.069124423963133
4,343,439,8.170842824601367
4,344,433,8.226327944572748
4,345,419,8.517899761336515
4,346,412,8.764563106796116
4,347,412,8.759708737864077
4,348,411,8.761557177615572
4,349,408,8.781862745098039
4,350,410,8.751219512195123
4,351,406,8.657635467980295
4,352,404,8.693069306930694
4,353,412,8.41504854368932
4,354,419,8.503579952267303
4,355,412,8.449029126213592
4,356,413,8.094430992736077
4,357,424,8.11320754716981
4,358,413,7.929782082324455
4,359,412,8.026699029126213
4,360,404,8.131188118811881
4,361,408,7.965686274509804
4,362,421,7.826603325415677
4,363,437,7.810068649885584
4,364,440,7.909090909090909
4,365,435,8.055172413793104
4,366,430,8.237209302325581
4,367,426,8.300469483568076
4,368,434,8.205069124423963
4,369,441,8.229024943310657
4,370,432,8.092592592592593
4,371,436,8.100917431192661
4,372,426,8.147887323943662
4,373,427,8.074941451990632
4,374,414,8.009661835748792
4,375,409,7.997555012224939
4,376,413,7.9709443099273605
4,377,404,7.888613861386139
4,378,418,8.200956937799043
4,379,427,8.185011709601874
4,380,418,8.330143540669857
4,381,423,8.30260047281324
4,382,431,8.211136890951277
4,383,432,8.25462962962963
4,384,434,8.073732718894009
4,385,436,8.05045871559633
4,386,426,7.995305164319249
4,387,426,7.981220657276995
4,388,421,7.890736342042755
4,389,428,7.892523364485982
4,390,433,8.006928406466512
4,391,434,7.988479262672811
4,392,433,7.953810623556582
4,393,440,7.913636363636364
4,394,447,7.9284116331096195
4,395,453,8.019867549668874
4,396,464,8.032327586206897
4,397,458,8.037117903930131
4,398,451,7.658536585365853
4,399,451,7.957871396895787
4,400,449,7.853006681514477
5,0,20,0.0
5,1,20,1.0
5,2,20,2.0
5,3,20,3.0
5,4,20,4.0
5,5,20,5.0
5,6,20,6.0
5,7,20,7.0
5,8,20,8.0
5,9,23,7.826086956521739
5,10,27,7.518518518518518
5,11,35,6.571428571428571
5,12,40,6.625
5,13,49,6.224489795918367
5,14,56,6.321428571428571
5,15,57,7.192982456140351
5,16,58,7.775862068965517
5,17,60,8.416666666666666
5,18,60,9.116666666666667
5,19,59,9.542372881355933
5,20,60,10.033333333333333
5,21,65,10.0
5,22,72,9.5
5,23,74,9.45945945945946
5,24,77,10.051948051948052
5,25,80,10.25
5,26,85,10.411764705882353
5,27,88,10.840909090909092
5,28,93,11.204301075268818
5,29,94,11.191489361702128
5,30,99,11.575757575757576
5,31,102,11.215686274509803
5,32,98,9.020408163265307
5,33,105,8.80952380952381
5,34,113,8.823008849557523
5,35,119,8.983193277310924
5,36,117,8.794871794871796
5,37,116,9.086206896551724
5,38,116,9.551724137931034
5,39,120,9.941666666666666
5,40,125,9.816
5,41,121,10.28099173553719
5,42,128,9.9296875
5,43,132,9.522727272727273
5,44,132,9.212121212121213
5,45,131,9.022900763358779
5,46,132,9.568181818181818
5,47,137,9.992700729927007
5,48,146,9.719178082191782
5,49,153,9.176470588235293
5,50,154,9.597402597402597
5,51,154,9.402597402597403
5,52,161,9.341614906832298
5,53,161,8.894409937888199
5,54,162,8.851851851851851
5,55,165,8.884848484848485
5,56,177,8.581920903954803
5,57,179,8.927374301675977
5,58,177,8.480225988700566
5,59,186,8.672043010752688
5,60,196,8.785714285714286
5,61,196,8.51530612244898
5,62,205,8.521951219512195
5,63,204,8.612745098039216
5,64,209,8.61244019138756
5,65,219,8.643835616438356
5,66,210,8.866666666666667
5,67,211,8.559241706161137
5,68,216,8.76388888888889
5,69,217,9.110599078341014
5,70,220,9.136363636363637
5,71,219,9.251141552511415
5,72,227,9.140969162995594
5,73,227,9.30396475770925
5,74,232,9.211206896551724
5,75,222,9.14864864864865
5,76,233,9.184549356223176
5,77,237,9.40928270042194
5,78,225,8.964444444444444
5,79,225,8.395555555555555
5,80,231,8.614718614718615
5,81,235,8.319148936170214
5,82,228,8.355263157894736
5,83,238,8.474789915966387
5,84,241,8.323651452282158
5,85,244,8.426229508196721
5,86,243,8.37448559670782
5,87,247,8.587044534412955
5,88,248,8.725806451612904
5,89,250,8.76
5,90,254,8.5748031496063
5,91,255,8.549019607843137
5,92,260,8.453846153846154
5,93,251,8.207171314741036
5,94,261,8.206896551724139
5,95,270,8.018518518518519
5,96,268,8.328358208955224
5,97,275,8.221818181818183
5,98,281,8.359430604982206
5,99,270,8.107407407407408
5,100,283,8.180212014134275
5,101,295,8.284745762711864
5,102,299,8.107023411371237
5,103,306,7.882352941176471
5,104,312,7.538461538461538
5,105,301,7.8006644518272426
5,106,300,7.963333333333333
5,107,302,7.993377483443709
5,108,303,8.029702970297029
5,109,311,8.183279742765274
5,110,308,7.8896103896103895
5,111,317,7.9116719242902205
5,112,329,7.802431610942249
5,113,333,7.822822822822823
5,114,341,7.680351906158358
5,115,342,8.090643274853802
5,116,355,8.191549295774648
5,117,345,8.185507246376812
5,118,348,8.24712643678161
5,119,344,8.305232558139535
5,120,338,8.254437869822485
5,121,339,8.171091445427729
5,122,339,8.495575221238939
5,123,328,8.606707317073171
5,124,314,8.812101910828025
5,125,315,8.733333333333333
5,126,322,8.627329192546584
5,127,322,8.5527950310559
5,128,325,8.504615384615384
5,129,321,8.386292834890966
5,130,308,8.243506493506494
5,131,302,8.264900662251655
5,132,292,8.438356164383562
5,133,291,8.549828178694158
5,134,297,8.575757575757576
5,135,286,8.409090909090908
5,136,279,8.258064516129032
5,137,280,8.321428571428571
5,138,290,8.075862068965517
5,139,283,7.996466431095406
5,140,287,8.174216027874564
5,141,284,8.267605633802816
5,142,273,8.15018315018315
5,143,271,8.416974169741698
5,144,272,8.378676470588236
5,145,274,8.583941605839415
5,146,268,8.164179104477611
5,147,266,8.172932330827068
5,148,261,8.329501915708812
5,149,267,8.119850187265918
5,150,273,7.9010989010989015
5,151,272,7.794117647058823
5,152,274,7.894160583941606
5,153,273,7.750915750915751
5,154,270,7.774074074074074
5,155,277,7.750902527075812
5,156,272,7.948529411764706
5,157,269,8.304832713754648
5,158,267,8.352059925093632
5,159,263,8.673003802281368
5,160,264,8.481060606060606
5,161,269,8.048327137546469
5,162,267,7.764044943820225
5,163,276,7.666666666666667
5,164,271,7.793357933579336
5,165,257,7.782101167315175
5,166,253,7.936758893280633
5,167,250,8.136
5,168,250,8.356
5,169,239,8.673640167364017
5,170,232,8.456896551724139
5,171,230,8.556521739130435
5,172,230,8.582608695652175
5,173,234,8.209401709401709
5,174,236,7.813559322033898
5,175,230,7.891304347826087
5,176,217,7.9631336405529956
5,177,218,7.871559633027523
5,178,211,8.14218009478673
5,179,215,7.944186046511628
5,180,214,7.859813084112149
5,181,215,8.172093023255814
5,182,210,8.276190476190477
5,183,209,8.248803827751196
5,184,213,8.507042253521126
5,185,212,8.36320754716981
5,186,207,8.623188405797102
5,187,202,8.841584158415841
5,188,211,8.469194312796208
5,189,210,8.438095238095238
5,190,199,8.728643216080402
5,191,197,8.67005076142132
5,192,183,8.475409836065573
5,193,181,8.552486187845304
5,194,175,8.542857142857143
5,195,180,8.333333333333334
5,196,179,8.374301675977653
5,197,182,8.32967032967033
5,198,182,8.313186813186814
5,199,184,8.266304347826088
5,200,186,7.951612903225806
5,201,187,8.11229946524064
5,202,174,7.982758620689655
5,203,167,7.946107784431137
5,204,163,8.079754601226995
5,205,164,8.445121951219512
5,206,164,8.170731707317072
5,207,185,7.54054054054054
5,208,190,7.663157894736842
5,209,196,7.698979591836735
5,210,208,7.6201923076923075
5,211,226,7.367256637168142
5,212,239,7.497907949790795
5,213,243,7.444444444444445
5,214,243,7.814814814814815
5,215,239,8.01255230125523
5,216,246,7.833333333333333
5,217,241,7.91701244813278
5,218,231,7.956709956709957
5,219,221,8.276018099547512
5,220,220,8.595454545454546
5,221,223,8.426008968609866
5,222,221,8.470588235294118
5,223,221,8.633484162895927
5,224,230,8.395652173913044
5,225,232,8.056034482758621
5,226,234,7.905982905982906
5,227,231,7.606060606060606
5,228,228,7.732456140350878
5,229,228,7.771929824561403
5,230,237,7.8691983122362865
5,231,235,7.995744680851064
5,232,235,8.2
5,233,231,8.142857142857142
5,234,233,8.201716738197424
5,235,241,7.929460580912863
5,236,234,8.106837606837606
5,237,239,7.99581589958159
5,238,240,7.908333333333333
5,239,247,7.704453441295547
5,240,246,7.719512195121951
5,241,249,7.855421686746988
5,242,252,7.984126984126984
5,243,256,7.8125
5,244,261,7.9272030651340994
5,245,256,8.19140625
5,246,255,8.270588235294118
5,247,249,8.236947791164658
5,248,250,8.508
5,249,252,8.511904761904763
5,250,245,8.453061224489796
5,251,242,8.487603305785123
5,252,245,8.012244897959183
5,253,256,8.046875
5,254,266,8.319548872180452
5,255,271,8.25830258302583
5,256,262,8.301526717557252
5,257,253,8.442687747035572
5,258,255,8.52156862745098
5,259,248,8.633064516129032
5,260,246,8.373983739837398
5,261,241,8.369294605809129
5,262,240,8.304166666666667
5,263,243,8.135802469135802
5,264,243,8.345679012345679
5,265,248,8.02016129032258
5,266,247,8.080971659919028
5,267,250,8.156
5,268,247,7.834008097165992
5,269,246,7.82520325203252
5,270,247,7.959514170040486
5,271,254,7.822834645669292
5,272,245,7.995918367346939
5,273,239,8.288702928870293
5,274,251,8.155378486055778
5,275,259,7.957528957528957
5,276,271,8.025830258302584
5,277,283,7.703180212014134
5,278,288,7.506944444444445
5,279,294,7.622448979591836
5,280,284,7.971830985915493
5,281,281,8.03202846975089
5,282,272,8.143382352941176
5,283,265,8.483018867924528
5,284,258,8.60077519379845
5,285,261,8.727969348659004
5,286,267,8.340823970037453
5,287,267,8.415730337078651
5,288,264,8.761363636363637
5,289,255,8.909803921568628
5,290,259,8.536679536679536
5,291,263,8.403041825095057
5,292,257,8.326848249027238
5,293,258,8.511627906976743
5,294,254,8.523622047244094
5,295,248,8.213709677419354
5,296,248,8.459677419354838
5,297,248,8.32258064516129
5,298,258,8.15891472868217
5,299,256,8.3515625
5,300,259,8.146718146718147
5,301,264,8.170454545454545
5,302,264,8.223484848484848
5,303,253,8.529644268774703
5,304,255,8.407843137254902
5,305,256,8.26953125
5,306,253,8.5098814229249
5,307,256,8.7578125
5,308,261,8.808429118773946
5,309,259,8.687258687258687
5,310,252,8.591269841269842
5,311,254,8.503937007874017
5,312,255,8.066666666666666
5,313,248,8.241935483870968
5,314,248,8.419354838709678
5,315,248,8.334677419354838
5,316,245,8.640816326530611
5,317,244,8.80327868852459
5,318,245,8.66938775510204
5,319,245,8.808163265306122
5,320,239,8.98326359832636
5,321,250,9.068
5,322,255,8.686274509803921
5,323,247,8.692307692307692
5,324,249,8.325301204819278
5,325,255,8.419607843137255
5,326,252,8.515873015873016
5,327,255,8.68235294117647
5,328,259,8.698841698841699
5,329,257,8.793774319066149
5,330,267,8.565543071161049
5,331,278,8.384892086330936
5,332,277,8.342960288808664
5,333,277,8.205776173285198
5,334,276,8.38768115942029
5,335,277,8.03971119133574
5,336,279,8.014336917562725
5,337,289,7.86159169550173
5,338,289,7.927335640138408
5,339,294,8.166666666666666
5,340,297,8.131313131313131
5,341,303,8.158415841584159
5,342,301,8.186046511627907
5,343,309,8.05177993527508
5,344,314,7.977707006369426
5,345,316,7.658227848101266
5,346,331,7.682779456193353
5,347,323,7.7213622291021675
5,348,320,7.778125
5,349,329,8.012158054711247
5,350,329,8.02127659574468
5,351,323,8.176470588235293
5,352,332,8.409638554216867
5,353,340,8.33529411764706
5,354,331,8.422960725075528
5,355,318,8.144654088050315
5,356,316,8.16139240506329
5,357,310,7.974193548387097
5,358,314,8.26751592356688
5,359,322,8.108695652173912
5,360,318,8.141509433962264
5,361,313,8.21405750798722
5,362,322,7.838509316770186
5,363,325,7.704615384615384
5,364,311,7.697749196141479
5,365,304,7.904605263157895
5,366,303,8.310231023102311
5,367,302,8.254966887417218
5,368,298,8.624161073825503
5,369,294,8.435374149659864
5,370,293,8.337883959044369
5,371,289,8.086505190311419
5,372,289,8.141868512110726
5,373,280,8.482142857142858
5,374,275,8.501818181818182
5,375,265,8.09811320754717
5,376,267,8.235955056179776
5,377,272,8.481617647058824
5,378,273,8.56043956043956
5,379,282,8.429078014184396
5,380,283,8.360424028268552
5,381,281,8.220640569395018
5,382,283,8.265017667844523
5,383,272,8.110294117647058
5,384,278,8.097122302158274
5,385,288,7.989583333333333
5,386,287,7.850174216027875
5,387,289,8.01038062283737
5,388,287,7.895470383275262
5,389,283,8.141342756183745
5,390,281,8.238434163701067
5,391,286,8.188811188811188
5,392,285,7.992982456140351
5,393,284,8.06338028169014
5,394,283,7.872791519434629
5,395,278,7.787769784172662
5,396,281,7.8861209964412815
5,397,301,7.617940199335548
5,398,300,7.653333333333333
5,399,303,7.887788778877888
5,400,301,8.112956810631228
6,0,20,0.0
6,1,20,1.0
6,2,20,2.0
6,3,20,3.0
6,4,20,4.0
6,5,20,5.0
6,6,20,6.0
6,7,20,7.0
6,8,20,8.0
6,9,21,8.571428571428571
6,10,24,8.375
6,11,27,8.333333333333334
6,12,28,9.0
6,13,31,9.03225806451613
6,14,32,9.71875
6,15,33,10.393939393939394
6,16,37,9.72972972972973
6,17,42,9.452380952380953
6,18,45,9.755555555555556
6,19,50,9.68
6,20,52,9.884615384615385
6,21,53,10.679245283018869
6,22,59,10.288135593220339
6,23,59,11.288135593220339
6,24,65,10.784615384615385
6,25,69,10.956521739130435
6,26,69,11.202898550724637
6,27,74,11.378378378378379
6,28,79,11.594936708860759
6,29,83,11.63855421686747
6,30,86,11.581395348837209
6,31,89,11.191011235955056
6,32,75,7.946666666666666
6,33,73,8.753424657534246
6,34,74,9.486486486486486
6,35,73,9.794520547945206
6,36,80,9.7
6,37,90,9.255555555555556
6,38,93,9.580645161290322
6,39,93,9.688172043010752
6,40,95,9.694736842105263
6,41,98,9.040816326530612
6,42,95,9.494736842105263
6,43,99,9.474747474747474
6,44,99,9.282828282828282
6,45,103,9.097087378640778
6,46,103,9.407766990291263
6,47,103,9.233009708737864
6,48,107,9.074766355140186
6,49,116,9.017241379310345
6,50,127,8.496062992125983
6,51,130,8.246153846153845
6,52,134,8.544776119402986
6,53,139,8.345323741007194
6,54,141,8.567375886524824
6,55,138,9.27536231884058
6,56,146,8.924657534246576
6,57,147,8.673469387755102
6,58,148,8.45945945945946
6,59,151,8.56953642384106
6,60,152,8.855263157894736
6,61,160,8.1625
6,62,167,7.874251497005988
6,63,162,7.746913580246914
6,64,167,7.922155688622754
6,65,171,8.0
6,66,182,8.082417582417582
6,67,185,8.151351351351352
6,68,194,8.304123711340207
6,69,205,8.204878048780488
6,70,208,8.375
6,71,210,8.261904761904763
6,72,205,8.546341463414635
6,73,200,8.77
6,74,194,8.541237113402062
6,75,193,8.61658031088083
6,76,201,8.63681592039801
6,77,203,8.650246305418719
6,78,202,8.702970297029703
6,79,208,8.884615384615385
6,80,211,9.312796208530806
6,81,218,9.087155963302752
6,82,226,8.79203539823009
6,83,235,8.74468085106383
6,84,236,8.65677966101695
6,85,240,8.75
6,86,233,8.78969957081545
6,87,234,8.97008547008547
6,88,234,9.205128205128204
6,89,241,9.431535269709544
6,90,243,9.279835390946502
6,91,229,8.755458515283843
6,92,235,8.693617021276596
6,93,241,8.655601659751037
6,94,248,8.25
6,95,248,8.455645161290322
6,96,253,8.521739130434783
6,97,252,8.603174603174603
6,98,254,8.44488188976378
6,99,246,8.544715447154472
6,100,247,8.79757085020243
6,101,251,8.745019920318725
6,102,255,8.60392156862745
6,103,261,8.659003831417625
6,104,258,8.844961240310077
6,105,258,8.65891472868217
6,106,264,8.496212121212121
6,107,275,8.34909090909091
6,108,270,8.548148148148147
6,109,277,8.339350180505415
6,110,278,8.503597122302159
6,111,287,8.602787456445993
6,112,296,8.510135135135135
6,113,294,8.523809523809524
6,114,300,8.53
6,115,293,8.600682593856655
6,116,285,8.364912280701754
6,117,284,8.475352112676056
6,118,280,8.321428571428571
6,119,276,8.170289855072463
6,120,272,8.474264705882353
6,121,276,8.409420289855072
6,122,289,8.231833910034602
6,123,295,8.149152542372882
6,124,297,8.484848484848484
6,125,289,8.456747404844291
6,126,286,8.3006993006993
6,127,294,8.489795918367347
6,128,296,8.381756756756756
6,129,301,8.67109634551495
6,130,302,8.890728476821192
6,131,297,8.983164983164983
6,132,303,9.009900990099009
6,133,292,8.568493150684931
6,134,286,8.562937062937063
6,135,286,8.65034965034965
6,136,286,8.688811188811188
6,137,281,8.907473309608541
6,138,278,8.827338129496402
6,139,275,8.73090909090909
6,140,288,8.618055555555555
6,141,299,8.545150501672241
6,142,299,8.528428093645484
6,143,299,8.354515050167224
6,144,308,8.295454545454545
6,145,306,8.316993464052288
6,146,301,8.43189368770764
6,147,296,8.483108108108109
6,148,289,8.633217993079585
6,149,277,8.512635379061372
6,150,275,8.709090909090909
6,151,264,8.81439393939394
6,152,270,8.61111111111111
6,153,277,8.350180505415162
6,154,282,8.27659574468085
6,155,269,8.308550185873607
6,156,267,8.363295880149813
6,157,271,8.250922509225092
6,158,261,7.961685823754789
6,159,256,8.01171875
6,160,255,8.133333333333333
6,161,256,8.26953125
6,162,246,8.471544715447154
6,163,252,8.468253968253968
6,164,249,8.393574297188755
6,165,249,8.17269076305221
6,166,256,8.03125
6,167,255,7.956862745098039
6,168,250,7.984
6,169,248,7.830645161290323
6,170,252,7.599206349206349
6,171,261,7.567049808429119
6,172,264,7.6477272727272725
6,173,276,7.6231884057971016
6,174,267,7.4344569288389515
6,175,267,7.775280898876405
6,176,270,7.662962962962963
6,177,276,7.884057971014493
6,178,276,7.916666666666667
6,179,276,8.217391304347826
6,180,286,8.101398601398602
6,181,288,8.0625
6,182,289,7.982698961937716
6,183,290,8.127586206896552
6,184,295,8.091525423728813
6,185,289,8.162629757785467
6,186,293,8.150170648464163
6,187,294,8.285714285714286
6,188,290,8.03448275862069
6,189,283,7.855123674911661
6,190,280,8.010714285714286
6,191,278,8.071942446043165
6,192,285,7.989473684210527
6,193,281,8.12099644128114
6,194,282,8.48581560283688
6,195,273,8.50915750915751
6,196,270,8.385185185185184
6,197,283,8.236749116607774
6,198,286,8.356643356643357
6,199,284,8.549295774647888
6,200,280,8.539285714285715
6,201,269,8.41635687732342
6,202,273,8.326007326007327
6,203,279,8.28673835125448
6,204,282,8.106382978723405
6,205,278,8.327338129496402
6,206,280,8.146428571428572
6,207,279,8.261648745519713
6,208,276,7.978260869565218
6,209,291,7.907216494845361
6,210,302,7.662251655629139
6,211,310,7.687096774193549
6,212,314,7.582802547770701
6,213,318,7.610062893081761
6,214,321,7.831775700934579
6,215,321,7.651090342679128
6,216,320,8.084375
6,217,308,7.957792207792208
6,218,300,7.973333333333334
6,219,306,7.888888888888889
6,220,318,8.00943396226415
6,221,323,8.25077399380805
6,222,331,8.123867069486405
6,223,326,8.110429447852761
6,224,329,7.9787234042553195
6,225,331,8.006042296072508
6,226,342,8.078947368421053
6,227,332,8.03012048192771
6,228,325,8.203076923076923
6,229,317,8.082018927444794
6,230,329,7.963525835866261
6,231,330,7.736363636363636
6,232,329,7.835866261398176
6,233,330,7.918181818181818
6,234,329,8.231003039513677
6,235,332,8.433734939759036
6,236,320,8.3875
6,237,312,8.307692307692308
6,238,313,8.21405750798722
6,239,307,8.498371335504887
6,240,307,8.576547231270359
6,241,311,8.459807073954984
6,242,305,8.39672131147541
6,243,320,8.09375
6,244,311,8.257234726688102
6,245,303,7.966996699669967
6,246,304,8.161184210526315
6,247,303,8.330033003300331
6,248,293,8.310580204778157
6,249,288,8.15625
6,250,283,8.144876325088338
6,251,278,8.316546762589928
6,252,284,8.390845070422536
6,253,279,8.863799283154123
6,254,279,8.706093189964157
6,255,269,8.736059479553903
6,256,266,8.864661654135338
6,257,267,8.647940074906368
6,258,274,8.41970802919708
6,259,265,8.486792452830189
6,260,269,8.267657992565056
6,261,266,8.319548872180452
6,262,253,8.486166007905139
6,263,248,8.47983870967742
6,264,244,8.471311475409836
6,265,249,8.441767068273093
6,266,236,8.182203389830509
6,267,231,8.528138528138529
6,268,213,8.352112676056338
6,269,204,8.093137254901961
6,270,200,8.065
6,271,202,8.029702970297029
6,272,200,8.015
6,273,204,8.215686274509803
6,274,198,8.11111111111111
6,275,202,8.391089108910892
6,276,206,8.160194174757281
6,277,199,8.517587939698492
6,278,190,8.321052631578947
6,279,197,8.025380710659899
6,280,190,8.115789473684211
6,281,189,8.037037037037036
6,282,195,8.025641025641026
6,283,197,7.8578680203045685
6,284,196,7.790816326530612
6,285,200,7.775
6,286,210,7.476190476190476
6,287,211,7.6350710900473935
6,288,208,7.663461538461538
6,289,216,7.583333333333333
6,290,212,7.764150943396227
6,291,208,7.951923076923077
6,292,218,8.0
6,293,213,7.953051643192488
6,294,228,7.850877192982456
6,295,231,7.748917748917749
6,296,227,7.814977973568282
6,297,219,8.013698630136986
6,298,221,7.923076923076923
6,299,219,8.009132420091325
6,300,218,8.20183486238532
6,301,223,7.99103139013453
6,302,226,8.048672566371682
6,303,219,8.08675799086758
6,304,228,8.131578947368421
6,305,223,7.923766816143497
6,306,228,7.912280701754386
6,307,225,8.311111111111112
6,308,219,8.06392694063927
6,309,219,8.06392694063927
6,310,221,8.144796380090497
6,311,219,8.36986301369863
6,312,210,8.40952380952381
6,313,212,8.693396226415095
6,314,219,8.771689497716896
6,315,218,8.729357798165138
6,316,214,8.86448598130841
6,317,216,8.791666666666666
6,318,219,8.525114155251142
6,319,200,8.375
6,320,208,8.23076923076923
6,321,205,8.31219512195122
6,322,197,8.609137055837563
6,323,196,8.88265306122449
6,324,201,8.577114427860696
6,325,199,8.381909547738694
6,326,209,8.38755980861244
6,327,220,8.322727272727272
6,328,214,8.004672897196262
6,329,223,7.8475336322869955
6,330,219,7.876712328767123
6,331,222,8.103603603603604
6,332,217,8.44700460829493
6,333,223,8.708520179372197
6,334,217,8.935483870967742
6,335,209,8.904306220095695
6,336,215,8.73953488372093
6,337,215,8.720930232558139
6,338,212,8.683962264150944
6,339,210,8.776190476190477
6,340,213,9.183098591549296
6,341,220,9.186363636363636
6,342,232,9.02155172413793
6,343,226,8.853982300884956
6,344,225,8.866666666666667
6,345,231,8.675324675324676
6,346,228,8.543859649122806
6,347,228,8.850877192982455
6,348,218,9.013761467889909
6,349,217,8.534562211981568
6,350,221,8.57918552036199
6,351,227,8.409691629955947
6,352,230,8.204347826086957
6,353,226,8.004424778761061
6,354,240,7.845833333333333
6,355,246,7.735772357723577
6,356,246,8.004065040650406
6,357,248,7.963709677419355
6,358,244,8.032786885245901
6,359,244,7.918032786885246
6,360,241,8.116182572614107
6,361,241,8.282157676348548
6,362,238,8.617647058823529
6,363,240,8.679166666666667
6,364,235,8.838297872340426
6,365,238,8.382352941176471
6,366,240,8.095833333333333
6,367,243,8.189300411522634
6,368,242,8.161157024793388
6,369,251,7.936254980079681
6,370,238,8.130252100840336
6,371,234,8.02991452991453
6,372,237,8.029535864978904
6,373,238,8.193277310924369
6,374,241,8.390041493775934
6,375,242,8.677685950413224
6,376,231,8.675324675324676
6,377,228,8.416666666666666
6,378,219,8.310502283105023
6,379,212,8.235849056603774
6,380,204,8.299019607843137
6,381,197,8.436548223350254
6,382,199,8.597989949748744
6,383,192,8.911458333333334
6,384,193,8.958549222797927
6,385,193,8.875647668393782
6,386,184,8.603260869565217
6,387,177,8.435028248587571
6,388,173,8.254335260115607
6,389,174,8.080459770114942
6,390,165,8.10909090909091
6,391,164,8.048780487804878
6,392,164,8.5
6,393,158,8.41139240506329
6,394,154,8.337662337662337
6,395,152,8.5
6,396,145,8.53103448275862
6,397,146,8.561643835616438
6,398,148,8.486486486486486
6,399,141,8.801418439716311
6,400,140,8.864285714285714
7,0,20,0.0
7,1,20,1.0
7,2,20,2.0
7,3,20,3.0
7,4,20,4.0
7,5,20,5.0
7,6,20,6.0
7,7,20,7.0
7,8,20,8.0
7,9,21,8.571428571428571
7,10,23,8.73913043478261
7,11,27,8.296296296296296
7,12,29,8.655172413793103
7,13,34,7.852941176470588
7,14,40,7.175
7,15,40,8.175
7,16,40,9.175
7,17,43,9.465116279069768
7,18,46,9.630434782608695
7,19,45,10.022222222222222
7,20,48,9.708333333333334
7,21,50,10.14
7,22,52,10.538461538461538
7,23,58,10.344827586206897
7,24,61,10.78688524590164
7,25,60,11.15
7,26,68,10.338235294117647
7,27,71,10.28169014084507
7,28,73,10.58904109589041
7,29,79,10.113924050632912
7,30,80,10.625
7,31,82,9.951219512195122
7,32,75,8.28
7,33,80,8.7
7,34,78,9.41025641025641
7,35,76,9.960526315789474
7,36,79,10.544303797468354
7,37,84,10.738095238095237
7,38,89,10.48314606741573
7,39,87,9.942528735632184
7,40,91,10.021978021978022
7,41,91,10.0
7,42,93,10.344086021505376
7,43,89,10.617977528089888
7,44,89,10.887640449438202
7,45,95,10.294736842105262
7,46,91,10.186813186813186
7,47,90,10.777777777777779
7,48,87,11.0
7,49,89,11.07865168539326
7,50,91,10.648351648351648
7,51,92,10.630434782608695
7,52,91,10.241758241758241
7,53,95,9.547368421052632
7,54,97,9.65979381443299
7,55,102,9.911764705882353
7,56,111,9.36936936936937
7,57,113,9.876106194690266
7,58,114,10.008771929824562
7,59,110,10.081818181818182
7,60,111,9.792792792792794
7,61,117,9.128205128205128
7,62,113,9.097345132743364
7,63,118,8.771186440677965
7,64,116,9.137931034482758
7,65,117,9.282051282051283
7,66,121,9.231404958677686
7,67,122,8.860655737704919
7,68,126,8.841269841269842
7,69,134,8.798507462686567
7,70,141,8.5177304964539
7,71,144,9.041666666666666
7,72,144,8.895833333333334
7,73,140,9.357142857142858
7,74,141,9.134751773049645
7,75,145,9.006896551724138
7,76,146,9.315068493150685
7,77,148,9.39864864864865
7,78,149,9.671140939597315
7,79,148,10.054054054054054
7,80,147,9.782312925170068
7,81,155,9.612903225806452
7,82,149,9.845637583892618
7,83,152,9.296052631578947
7,84,153,9.392156862745098
7,85,153,9.281045751633988
7,86,157,9.140127388535031
7,87,157,8.97452229299363
7,88,165,8.67878787878788
7,89,160,9.00625
7,90,158,8.677215189873417
7,91,161,8.726708074534162
7,92,168,8.291666666666666
7,93,177,8.209039548022599
7,94,180,8.4
7,95,188,8.441489361702128
7,96,199,8.834170854271356
7,97,196,9.01530612244898
7,98,198,8.590909090909092
7,99,202,8.688118811881187
7,100,209,8.602870813397129
7,101,202,8.777227722772277
7,102,198,8.929292929292929
7,103,211,8.23222748815166
7,104,214,8.55607476635514
7,105,215,8.148837209302325
7,106,217,8.373271889400922
7,107,233,8.188841201716738
7,108,242,8.03305785123967
7,109,246,8.195121951219512
7,110,250,7.864
7,111,258,8.003875968992247
7,112,263,8.190114068441064
7,113,262,8.293893129770993
7,114,284,7.933098591549296
7,115,288,7.986111111111111
7,116,296,8.037162162162161
7,117,296,8.091216216216216
7,118,303,8.056105610561056
7,119,313,8.054313099041533
7,120,328,8.137195121951219
7,121,334,8.48502994011976
7,122,340,8.823529411764707
7,123,350,8.845714285714285
7,124,357,8.784313725490197
7,125,360,8.830555555555556
7,126,357,8.823529411764707
7,127,359,8.701949860724234
7,128,370,8.878378378378379
7,129,377,8.63395225464191
7,130,395,8.711392405063291
7,131,391,8.746803069053708
7,132,402,8.878109452736318
7,133,411,8.83941605839416
7,134,415,8.626506024096386
7,135,417,8.496402877697841
7,136,423,8.59338061465721
7,137,424,8.535377358490566
7,138,426,8.570422535211268
7,139,437,8.652173913043478
7,140,442,8.735294117647058
7,141,447,8.6331096196868
7,142,465,8.483870967741936
7,143,464,8.331896551724139
7,144,462,8.497835497835498
7,145,461,8.733188720173535
7,146,453,8.860927152317881
7,147,466,8.626609442060087
7,148,453,8.770419426048566
7,149,450,8.811111111111112
7,150,442,8.94343891402715
7,151,446,9.047085201793722
7,152,434,9.069124423963133
7,153,435,9.197701149425287
7,154,440,9.177272727272728
7,155,435,8.974712643678162
7,156,430,8.93720930232558
7,157,434,8.675115207373272
7,158,428,8.731308411214954
7,159,428,8.58177570093458
7,160,426,8.800469483568076
7,161,427,8.784543325526933
7,162,419,8.99761336515513
7,163,417,8.892086330935252
7,164,431,8.88631090487239
7,165,441,8.609977324263038
7,166,446,8.414798206278027
7,167,448,8.415178571428571
7,168,448,8.616071428571429
7,169,453,8.518763796909493
7,170,452,8.56858407079646
7,171,444,8.79954954954955
7,172,447,8.644295302013424
7,173,453,8.57615894039735
7,174,445,8.658426966292135
7,175,446,8.284753363228699
7,176,467,8.274089935760172
7,177,478,8.502092050209205
7,178,483,8.619047619047619
7,179,484,8.630165289256198
7,180,483,8.467908902691512
7,181,478,8.587866108786612
7,182,496,8.48991935483871
7,183,490,8.477551020408164
7,184,490,8.359183673469389
7,185,487,8.42299794661191
7,186,482,8.377593360995851
7,187,501,8.221556886227544
7,188,512,7.83203125
7,189,526,7.836501901140684
7,190,523,7.862332695984704
7,191,530,7.956603773584906
7,192,531,8.214689265536723
7,193,536,8.274253731343284
7,194,554,8.148014440433213
7,195,570,8.233333333333333
7,196,577,8.478336221837088
7,197,568,8.669014084507042
7,198,599,8.420701168614357
7,199,603,8.265339966832505
7,200,601,8.362728785357737
7,201,602,8.385382059800664
7,202,606,8.288778877887788
7,203,605,8.24793388429752
7,204,621,8.222222222222221
7,205,625,8.1584
7,206,635,8.111811023622048
7,207,647,8.139103554868624
7,208,644,8.113354037267081
7,209,651,8.2642089093702
7,210,638,8.172413793103448
7,211,631,8.35974643423138
7,212,648,8.087962962962964
7,213,651,8.09062980030722
7,214,645,8.313178294573643
7,215,639,8.286384976525822
7,216,624,8.383012820512821
7,217,613,8.430668841761827
7,218,612,8.40032679738562
7,219,608,8.4375
7,220,612,8.423202614379084
7,221,614,8.436482084690553
7,222,632,8.33860759493671
7,223,610,8.188524590163935
7,224,603,8.233830845771145
7,225,602,8.200996677740864
7,226,608,8.103618421052632
7,227,604,8.254966887417218
7,228,583,8.344768439108062
7,229,565,8.442477876106194
7,230,552,8.317028985507246
7,231,545,8.069724770642202
7,232,536,8.255597014925373
7,233,509,8.241650294695482
7,234,506,8.162055335968379
7,235,505,8.104950495049504
7,236,517,8.061895551257253
7,237,522,8.021072796934867
7,238,528,8.094696969696969
7,239,526,8.220532319391635
7,240,523,8.244741873804971
7,241,521,8.17274472168906
7,242,513,8.284600389863547
7,243,513,8.270955165692008
7,244,509,8.18271119842829
7,245,504,8.119047619047619
7,246,499,8.012024048096192
7,247,494,7.8582995951417
7,248,493,7.9452332657200815
7,249,502,7.8107569721115535
7,250,486,7.860082304526749
7,251,484,7.944214876033058
7,252,473,7.862579281183932
7,253,476,7.779411764705882
7,254,467,7.841541755888651
7,255,472,7.898305084745763
7,256,469,7.961620469083155
7,257,474,8.063291139240507
7,258,462,8.196969696969697
7,259,452,8.154867256637168
7,260,457,8.109409190371991
7,261,456,8.260964912280702
7,262,445,8.487640449438203
7,263,456,8.267543859649123
7,264,450,8.362222222222222
7,265,460,8.302173913043479
7,266,461,8.160520607375272
7,267,474,7.831223628691983
7,268,463,7.818574514038877
7,269,470,7.938297872340425
7,270,471,7.908704883227176
7,271,474,7.955696202531645
7,272,463,8.12742980561555
7,273,456,7.833333333333333
7,274,451,7.747228381374723
7,275,439,7.79498861047836
7,276,453,7.766004415011038
7,277,452,7.95575221238938
7,278,447,8.080536912751677
7,279,458,8.085152838427948
7,280,473,7.976744186046512
7,281,461,8.023861171366594
7,282,453,7.874172185430464
7,283,445,7.914606741573034
7,284,434,7.854838709677419
7,285,437,7.665903890160183
7,286,438,7.757990867579909
7,287,435,7.724137931034483
7,288,434,7.7949308755760365
7,289,428,7.960280373831775
7,290,431,8.037122969837586
7,291,431,8.097447795823665
7,292,429,8.013986013986013
7,293,425,8.103529411764706
7,294,416,7.8701923076923075
7,295,430,7.774418604651163
7,296,433,7.824480369515012
7,297,441,7.619047619047619
7,298,436,7.5963302752293576
7,299,429,7.662004662004662
7,300,428,7.752336448598131
7,301,445,7.559550561797753
7,302,437,7.640732265446224
7,303,447,7.733780760626399
7,304,450,7.733333333333333
7,305,449,7.908685968819599
7,306,443,7.817155756207675
7,307,448,7.966517857142857
7,308,455,7.986813186813187
7,309,448,7.977678571428571
7,310,447,8.205816554809843
7,311,442,8.210407239819004
7,312,449,8.256124721603564
7,313,442,8.115384615384615
7,314,445,7.930337078651686
7,315,432,7.731481481481482
7,316,427,7.913348946135831
7,317,427,7.950819672131147
7,318,427,8.079625292740047
7,319,414,8.280193236714975
7,320,398,8.35427135678392
7,321,393,8.407124681933842
7,322,396,8.313131313131313
7,323,395,8.237974683544303
7,324,395,8.050632911392405
7,325,398,8.150753768844222
7,326,390,8.356410256410257
7,327,392,8.191326530612244
7,328,404,7.688118811881188
7,329,396,7.997474747474747
7,330,409,7.767726161369193
7,331,402,8.124378109452737
7,332,400,8.0625
7,333,403,8.066997518610421
7,334,400,8.0825
7,335,384,8.1328125
7,336,387,8.263565891472869
7,337,393,8.05852417302799
7,338,391,8.08695652173913
7,339,385,7.9714285714285715
7,340,382,8.149214659685864
7,341,386,8.025906735751295
7,342,402,8.149253731343284
7,343,420,8.092857142857143
7,344,409,8.207823960880196
7,345,409,8.30073349633252
7,346,393,8.290076335877863
7,347,397,7.974811083123425
7,348,411,7.695863746958637
7,349,415,7.5204819277108435
7,350,420,7.795238095238095
7,351,431,7.786542923433875
7,352,433,8.066974595842956
7,353,429,8.093240093240093
7,354,436,7.793577981651376
7,355,443,7.853273137697517
7,356,455,7.90989010989011
7,357,466,7.916309012875536
7,358,471,7.883227176220807
7,359,490,7.944897959183673
7,360,505,8.15049504950495
7,361,499,8.356713426853707
7,362,495,8.664646464646465
7,363,501,8.445109780439122
7,364,496,8.4375
7,365,492,8.477642276422765
7,366,497,8.305835010060362
7,367,503,8.147117296222664
7,368,501,8.417165668662674
7,369,518,8.258687258687258
7,370,511,8.318982387475538
7,371,501,8.552894211576847
7,372,501,8.333333333333334
7,373,520,7.969230769230769
7,374,527,7.888045540796964
7,375,515,7.994174757281553
7,376,505,8.077227722772276
7,377,505,8.023762376237624
7,378,504,8.222222222222221
7,379,499,8.354709418837675
7,380,492,8.294715447154472
7,381,496,8.153225806451612
7,382,515,7.864077669902913
7,383,523,7.992351816443595
7,384,523,8.049713193116634
7,385,547,8.020109689213895
7,386,551,8.116152450090745
7,387,557,8.308797127468582
7,388,543,8.331491712707182
7,389,528,8.392045454545455
7,390,529,8.351606805293006
7,391,524,8.303435114503817
7,392,518,8.388030888030888
7,393,516,8.335271317829458
7,394,502,8.344621513944222
7,395,513,8.372319688109162
7,396,520,8.603846153846154
7,397,512,8.46875
7,398,504,8.456349206349206
7,399,490,8.448979591836734
7,400,484,8.239669421487603
8,0,20,0.0
8,1,20,1.0
8,2,20,2.0
8,3,20,3.0
8,4,20,4.0
8,5,20,5.0
8,6,20,6.0
8,7,20,7.0
8,8,20,8.0
8,9,23,7.826086956521739
8,10,29,7.0
8,11,30,7.733333333333333
8,12,29,8.620689655172415
8,13,31,9.0
8,14,37,8.378378378378379
8,15,43,7.72093023255814
8,16,43,8.720930232558139
8,17,42,9.547619047619047
8,18,45,9.266666666666667
8,19,48,9.229166666666666
8,20,50,9.62
8,21,53,9.88679245283019
8,22,51,10.450980392156863
8,23,51,11.0
8,24,51,11.549019607843137
8,25,58,11.03448275862069
8,26,59,10.508474576271187
8,27,64,9.78125
8,28,65,9.707692307692307
8,29,68,10.088235294117647
8,30,69,10.710144927536232
8,31,73,10.479452054794521
8,32,64,7.859375
8,33,65,8.492307692307692
8,34,65,9.292307692307693
8,35,70,9.557142857142857
8,36,65,9.723076923076922
8,37,67,10.0
8,38,72,9.402777777777779
8,39,84,8.511904761904763
8,40,87,8.425287356321839
8,41,87,8.022988505747126
8,42,88,8.727272727272727
8,43,94,8.73404255319149
8,44,93,8.505376344086022
8,45,98,8.581632653061224
8,46,98,8.224489795918368
8,47,104,8.692307692307692
8,48,105,8.571428571428571
8,49,111,8.64864864864865
8,50,110,8.49090909090909
8,51,113,8.451327433628318
8,52,118,8.627118644067796
8,53,124,8.491935483870968
8,54,127,8.771653543307087
8,55,130,9.03076923076923
8,56,133,9.24812030075188
8,57,137,8.832116788321168
8,58,139,8.892086330935252
8,59,139,8.820143884892087
8,60,146,8.575342465753424
8,61,146,8.13013698630137
8,62,142,8.014084507042254
8,63,143,8.286713286713287
8,64,150,8.406666666666666
8,65,150,8.44
8,66,153,8.4640522875817
8,67,156,8.121794871794872
8,68,161,7.956521739130435
8,69,166,8.0
8,70,178,8.05056179775281
8,71,188,7.7712765957446805
8,72,182,8.038461538461538
8,73,179,8.59217877094972
8,74,190,8.31578947368421
8,75,184,8.701086956521738
8,76,179,9.374301675977653
8,77,188,9.0
8,78,189,9.063492063492063
8,79,188,9.436170212765957
8,80,177,9.903954802259888
8,81,178,9.842696629213483
8,82,199,9.266331658291458
8,83,203,8.862068965517242
8,84,202,8.707920792079207
8,85,207,8.256038647342995
8,86,205,8.404878048780487
8,87,206,8.640776699029127
8,88,212,8.650943396226415
8,89,210,8.866666666666667
8,90,214,9.004672897196262
8,91,211,9.312796208530806
8,92,216,9.75462962962963
8,93,229,9.59825327510917
8,94,230,9.252173913043478
8,95,251,8.892430278884461
8,96,248,8.987903225806452
8,97,243,8.950617283950617
8,98,247,9.133603238866396
8,99,261,8.850574712643677
8,100,266,8.87593984962406
8,101,266,8.680451127819548
8,102,275,8.774545454545455
8,103,277,9.0
8,104,283,8.76678445229682
8,105,289,8.643598615916956
8,106,299,8.705685618729097
8,107,311,8.556270096463022
8,108,305,8.544262295081968
8,109,315,8.555555555555555
8,110,329,8.27355623100304
8,111,336,8.366071428571429
8,112,346,8.335260115606937
8,113,348,8.477011494252874
8,114,360,8.280555555555555
8,115,360,8.436111111111112
8,116,370,8.397297297297298
8,117,377,8.49867374005305
8,118,388,8.801546391752577
8,119,399,9.010025062656641
8,120,405,8.88888888888889
8,121,408,8.840686274509803
8,122,416,8.802884615384615
8,123,420,8.526190476190477
8,124,434,8.453917050691244
8,125,450,8.215555555555556
8,126,454,8.323788546255507
8,127,458,8.373362445414847
8,128,469,8.349680170575693
8,129,480,8.379166666666666
8,130,486,8.475308641975309
8,131,478,8.774058577405858
8,132,482,8.688796680497925
8,133,481,8.765072765072764
8,134,479,8.824634655532359
8,135,484,8.75
8,136,489,8.705521472392638
8,137,501,8.518962075848304
8,138,512,8.439453125
8,139,535,8.444859813084111
8,140,532,8.571428571428571
8,141,522,8.620689655172415
8,142,530,8.558490566037737
8,143,524,8.837786259541986
8,144,523,8.749521988527725
8,145,535,8.594392523364485
8,146,510,8.535294117647059
8,147,503,8.57455268389662
8,148,502,8.5
8,149,489,8.662576687116564
8,150,488,8.743852459016393
8,151,486,8.88888888888889
8,152,501,8.642714570858283
8,153,514,8.599221789883268
8,154,518,8.438223938223938
8,155,515,8.332038834951456
8,156,520,8.098076923076922
8,157,515,8.215533980582524
8,158,507,8.291913214990139
8,159,503,8.288270377733598
8,160,481,8.474012474012474
8,161,495,8.355555555555556
8,162,506,8.288537549407115
8,163,511,8.054794520547945
8,164,509,7.94106090373281
8,165,501,7.970059880239521
8,166,510,8.023529411764706
8,167,515,8.275728155339806
8,168,513,8.265107212475634
8,169,507,8.222879684418146
8,170,515,8.201941747572816
8,171,499,8.218436873747494
8,172,507,8.266272189349113
8,173,516,8.220930232558139
8,174,507,8.069033530571993
8,175,510,8.16078431372549
8,176,506,8.17786561264822
8,177,497,8.217303822937625
8,178,516,8.377906976744185
8,179,522,8.457854406130268
8,180,525,8.308571428571428
8,181,514,8.23929961089494
8,182,506,8.017786561264822
8,183,503,8.05168986083499
8,184,501,8.057884231536926
8,185,504,8.212301587301587
8,186,494,8.137651821862349
8,187,487,8.340862422997947
8,188,484,8.561983471074381
8,189,493,8.45841784989858
8,190,485,8.164948453608247
8,191,493,8.336713995943205
8,192,497,8.503018108651911
8,193,495,8.474747474747474
8,194,501,8.225548902195609
8,195,504,7.849206349206349
8,196,501,7.8562874251497
8,197,491,7.993890020366599
8,198,491,8.244399185336048
8,199,494,8.336032388663968
8,200,502,8.320717131474103
8,201,507,8.287968441814595
8,202,516,8.257751937984496
8,203,522,8.208812260536398
8,204,525,8.137142857142857
8,205,532,8.296992481203008
8,206,539,8.309833024118738
8,207,537,8.359404096834265
8,208,532,8.12406015037594
8,209,536,8.240671641791044
8,210,537,8.15828677839851
8,211,538,8.098513011152416
8,212,547,8.288848263254113
8,213,528,8.420454545454545
8,214,529,8.415879017013232
8,215,524,8.316793893129772
8,216,540,8.296296296296296
8,217,544,8.455882352941176
8,218,548,8.11861313868613
8,219,542,8.263837638376383
8,220,544,8.332720588235293
8,221,538,8.353159851301115
8,222,529,8.31758034026465
8,223,513,8.639376218323587
8,224,507,8.676528599605522
8,225,511,8.812133072407045
8,226,517,8.69825918762089
8,227,517,8.618955512572533
8,228,516,8.560077519379846
8,229,514,8.5
8,230,512,8.560546875
8,231,503,8.52286282306163
8,232,504,8.597222222222221
8,233,489,8.476482617586912
8,234,480,8.152083333333334
8,235,462,8.272727272727273
8,236,474,8.124472573839663
8,237,465,8.23225806451613
8,238,464,8.161637931034482
8,239,469,8.31769722814499
8,240,466,8.478540772532188
8,241,466,8.65236051502146
8,242,475,8.353684210526316
8,243,470,8.078723404255319
8,244,462,8.274891774891774
8,245,460,8.334782608695653
8,246,470,8.538297872340426
8,247,474,8.556962025316455
8,248,466,8.55793991416309
8,249,450,8.45111111111111
8,250,447,8.659955257270694
8,251,443,8.787810383747178
8,252,443,8.55530474040632
8,253,447,8.706935123042506
8,254,457,8.417943107221006
8,255,473,8.217758985200845
8,256,455,8.378021978021978
8,257,440,8.513636363636364
8,258,434,8.474654377880185
8,259,433,8.295612009237875
8,260,426,8.112676056338028
8,261,437,8.027459954233409
8,262,436,8.28211009174312
8,263,440,8.263636363636364
8,264,449,8.144766146993318
8,265,447,8.102908277404921
8,266,437,8.322654462242562
8,267,424,8.226415094339623
8,268,431,8.408352668213457
8,269,426,8.539906103286384
8,270,437,8.405034324942791
8,271,442,8.266968325791856
8,272,444,8.18018018018018
8,273,442,8.04524886877828
8,274,444,8.11936936936937
8,275,441,7.975056689342404
8,276,437,7.965675057208238
8,277,430,7.837209302325581
8,278,440,8.063636363636364
8,279,445,8.301123595505619
8,280,438,8.289954337899543
8,281,445,8.357303370786516
8,282,439,8.32118451025057
8,283,434,8.336405529953916
8,284,426,8.18075117370892
8,285,429,8.351981351981353
8,286,428,8.128504672897197
8,287,428,8.427570093457945
8,288,427,8.421545667447306
8,289,443,8.300225733634312
8,290,432,8.094907407407407
8,291,435,7.926436781609195
8,292,430,7.78139534883721
8,293,417,7.7745803357314145
8,294,396,8.065656565656566
8,295,406,8.167487684729064
8,296,404,7.955445544554456
8,297,394,8.01776649746193
8,298,404,8.022277227722773
8,299,409,8.075794621026894
8,300,424,7.976415094339623
8,301,433,7.988452655889145
8,302,440,8.177272727272728
8,303,433,8.083140877598153
8,304,438,8.084474885844749
8,305,439,8.020501138952165
8,306,435,7.866666666666666
8,307,433,7.983833718244804
8,308,421,7.983372921615202
8,309,431,7.937354988399072
8,310,429,7.981351981351981
8,311,432,7.962962962962963
8,312,427,8.009367681498828
8,313,415,8.057831325301205
8,314,423,7.952718676122932
8,315,425,8.218823529411765
8,316,435,7.917241379310345
8,317,440,8.070454545454545
8,318,428,8.093457943925234
8,319,419,8.24821002386635
8,320,427,8.053864168618267
8,321,405,8.135802469135802
8,322,393,8.193384223918574
8,323,393,8.183206106870228
8,324,391,8.092071611253196
8,325,393,8.055979643765903
8,326,395,8.283544303797468
8,327,411,8.111922141119221
8,328,415,7.980722891566265
8,329,410,7.943902439024391
8,330,401,7.830423940149626
8,331,384,7.841145833333333
8,332,364,8.030219780219781
8,333,363,7.862258953168044
8,334,361,8.013850415512465
8,335,352,8.039772727272727
8,336,354,8.070621468926554
8,337,365,8.213698630136987
8,338,383,8.135770234986945
8,339,356,8.106741573033707
8,340,354,7.946327683615819
8,341,348,8.066091954022989
8,342,332,8.087349397590362
8,343,333,8.138138138138139
8,344,329,8.130699088145896
8,345,326,7.935582822085889
8,346,332,7.97289156626506
8,347,323,8.210526315789474
8,348,315,8.24126984126984
8,349,319,8.22884012539185
8,350,315,8.025396825396825
8,351,312,8.048076923076923
8,352,302,7.956953642384106
8,353,298,7.798657718120805
8,354,302,7.990066225165563
8,355,293,8.228668941979523
8,356,282,8.24113475177305
8,357,279,8.3584229390681
8,358,286,8.195804195804195
8,359,285,8.319298245614036
8,360,283,8.349823321554771
8,361,275,8.210909090909091
8,362,272,8.169117647058824
8,363,268,8.074626865671641
8,364,279,7.709677419354839
8,365,270,7.911111111111111
8,366,275,7.96
8,367,270,8.051851851851852
8,368,270,7.992592592592593
8,369,269,8.297397769516728
8,370,258,8.050387596899224
8,371,250,8.2
8,372,247,8.11336032388664
8,373,255,7.972549019607843
8,374,257,8.272373540856032
8,375,255,8.050980392156863
8,376,257,8.1284046692607
8,377,253,8.66403162055336
8,378,246,8.434959349593496
8,379,251,7.840637450199203
8,380,252,7.888888888888889
8,381,249,7.911646586345381
8,382,248,7.923387096774194
8,383,232,7.974137931034483
8,384,228,7.885964912280702
8,385,222,7.954954954954955
8,386,219,8.02283105022831
8,387,224,8.075892857142858
8,388,230,7.965217391304348
8,389,226,8.163716814159292
8,390,234,7.982905982905983
8,391,235,7.9361702127659575
8,392,229,8.039301310043669
8,393,226,8.176991150442477
8,394,222,7.707207207207207
8,395,223,7.690582959641255
8,396,214,8.08411214953271
8,397,221,7.95475113122172
8,398,216,7.75462962962963
8,399,209,7.62200956937799
8,400,206,7.810679611650485
9,0,20,0.0
9,1,20,1.0
9,2,20,2.0
9,3,20,3.0
9,4,20,4.0
9,5,20,5.0
9,6,20,6.0
9,7,20,7.0
9,8,20,8.0
9,9,20,9.0
9,10,22,9.090909090909092
9,11,23,9.652173913043478
9,12,26,9.423076923076923
9,13,30,9.033333333333333
9,14,31,9.709677419354838
9,15,37,8.972972972972974
9,16,39,9.461538461538462
9,17,44,9.272727272727273
9,18,45,10.044444444444444
9,19,49,10.142857142857142
9,20,49,11.142857142857142
9,21,49,11.408163265306122
9,22,57,10.543859649122806
9,23,59,10.76271186440678
9,24,65,10.676923076923076
9,25,73,10.054794520547945
9,26,74,10.554054054054054
9,27,77,11.103896103896103
9,28,81,10.802469135802468
9,29,82,11.304878048780488
9,30,86,10.86046511627907
9,31,86,11.162790697674419
9,32,82,8.463414634146341
9,33,81,8.790123456790123
9,34,88,8.886363636363637
9,35,91,9.285714285714286
9,36,92,9.641304347826088
9,37,95,10.021052631578947
9,38,97,10.195876288659793
9,39,102,10.450980392156863
9,40,105,10.628571428571428
9,41,102,10.77450980392157
9,42,101,11.188118811881187
9,43,101,10.435643564356436
9,44,100,10.64
9,45,110,10.445454545454545
9,46,120,9.983333333333333
9,47,121,9.413223140495868
9,48,124,9.35483870967742
9,49,130,9.438461538461539
9,50,133,9.1203007518797
9,51,139,9.158273381294965
9,52,144,8.944444444444445
9,53,149,8.53020134228188
9,54,152,8.68421052631579
9,55,156,8.83974358974359
9,56,158,8.734177215189874
9,57,162,8.981481481481481
9,58,166,8.825301204819278
9,59,173,8.791907514450868
9,60,183,8.546448087431694
9,61,182,8.994505494505495
9,62,188,9.095744680851064
9,63,194,9.211340206185566
9,64,189,9.16931216931217
9,65,183,9.306010928961749
9,66,189,9.476190476190476
9,67,197,9.030456852791879
9,68,200,9.15
9,69,198,9.555555555555555
9,70,204,9.573529411764707
9,71,217,9.488479262672811
9,72,223,9.650224215246636
9,73,234,9.448717948717949
9,74,243,9.427983539094651
9,75,246,9.174796747967479
9,76,261,8.60536398467433
9,77,255,8.576470588235294
9,78,252,8.444444444444445
9,79,250,8.452
9,80,245,8.755102040816327
9,81,247,8.805668016194332
9,82,253,8.794466403162055
9,83,270,8.518518518518519
9,84,282,8.52482269503546
9,85,273,8.36996336996337
9,86,277,8.498194945848375
9,87,277,8.71841155234657
9,88,271,9.059040590405903
9,89,276,8.931159420289855
9,90,276,9.18840579710145
9,91,293,8.948805460750853
9,92,281,9.241992882562277
9,93,287,9.348432055749129
9,94,286,9.363636363636363
9,95,278,9.20863309352518
9,96,274,9.277372262773723
9,97,274,9.277372262773723
9,98,269,9.312267657992566
9,99,282,9.202127659574469
9,100,280,9.053571428571429
9,101,287,8.881533101045296
9,102,299,8.79598662207358
9,103,301,8.67109634551495
9,104,314,8.792993630573248
9,105,317,8.95583596214511
9,106,313,8.78594249201278
9,107,301,8.737541528239202
9,108,303,8.636963696369637
9,109,293,8.757679180887372
9,110,289,9.03114186851211
9,111,291,8.9553264604811
9,112,294,9.26530612244898
9,113,295,9.054237288135592
9,114,305,8.642622950819671
9,115,299,8.602006688963211
9,116,309,8.36569579288026
9,117,326,8.285276073619633
9,118,332,8.61144578313253
9,119,330,8.657575757575758
9,120,322,8.732919254658386
9,121,326,9.052147239263803
9,122,325,9.064615384615385
9,123,336,9.276785714285714
9,124,334,9.047904191616766
9,125,335,9.071641791044776
9,126,344,8.915697674418604
9,127,352,8.795454545454545
9,128,372,8.591397849462366
9,129,369,8.750677506775068
9,130,358,8.82122905027933
9,131,358,8.720670391061452
9,132,366,8.882513661202186
9,133,376,8.534574468085106
9,134,381,8.656167979002625
9,135,398,8.50502512562814
9,136,392,8.61734693877551
9,137,404,8.571782178217822
9,138,406,8.327586206896552
9,139,400,8.525
9,140,406,8.748768472906404
9,141,418,8.60047846889952
9,142,416,8.701923076923077
9,143,410,8.863414634146341
9,144,421,9.038004750593824
9,145,437,8.871853546910755
9,146,450,8.944444444444445
9,147,452,8.66150442477876
9,148,457,8.76586433260394
9,149,462,8.941558441558442
9,150,469,9.053304904051172
9,151,481,8.869022869022869
9,152,492,8.43089430894309
9,153,488,8.5
9,154,489,8.721881390593047
9,155,501,8.491017964071856
9,156,490,8.542857142857143
9,157,496,8.681451612903226
9,158,510,8.564705882352941
9,159,513,8.516569200779728
9,160,504,8.726190476190476
9,161,495,8.886868686868686
9,162,509,8.958742632612967
9,163,503,8.900596421471173
9,164,526,8.954372623574145
9,165,525,8.746666666666666
9,166,544,8.661764705882353
9,167,550,8.538181818181819
9,168,556,8.56115107913669
9,169,550,8.527272727272727
9,170,563,8.506216696269982
9,171,574,8.621951219512194
9,172,590,8.54406779661017
9,173,591,8.583756345177665
9,174,598,8.235785953177258
9,175,615,8.20650406504065
9,176,631,7.966719492868463
9,177,620,7.991935483870968
9,178,625,8.2336
9,179,626,8.217252396166135
9,180,641,8.073322932917316
9,181,658,8.106382978723405
9,182,658,8.358662613981762
9,183,682,8.35483870967742
9,184,695,8.512230215827339
9,185,719,8.367176634214186
9,186,722,8.3601108033241
9,187,723,8.345781466113417
9,188,717,8.446304044630404
9,189,708,8.529661016949152
9,190,696,8.535919540229886
9,191,705,8.249645390070922
9,192,709,8.273624823695345
9,193,724,8.334254143646408
9,194,738,8.31029810298103
9,195,745,8.238926174496644
9,196,741,8.352226720647772
9,197,726,8.303030303030303
9,198,734,8.38283378746594
9,199,734,8.565395095367847
9,200,750,8.44
9,201,759,8.487483530961791
9,202,754,8.208222811671087
9,203,758,8.12532981530343
9,204,768,8.161458333333334
9,205,763,8.129750982961992
9,206,768,8.049479166666666
9,207,785,8.14140127388535
9,208,786,8.207379134860052
9,209,794,8.268261964735517
9,210,798,8.302005012531328
9,211,794,8.200251889168765
9,212,794,8.217884130982368
9,213,795,8.133333333333333
9,214,797,8.257214554579674
9,215,806,8.191066997518611
9,216,802,8.192019950124688
9,217,781,8.261203585147246
9,218,799,8.346683354192741
9,219,804,8.471393034825871
9,220,811,8.52774352651048
9,221,816,8.459558823529411
9,222,812,8.32512315270936
9,223,806,8.214640198511166
9,224,809,8.221260815822003
9,225,810,8.202469135802469
9,226,815,8.468711656441718
9,227,814,8.326781326781326
9,228,806,8.220843672456576
9,229,809,8.454882571075402
9,230,786,8.466921119592875
9,231,792,8.436868686868687
9,232,795,8.383647798742139
9,233,797,8.331242158092849
9,234,798,8.442355889724311
9,235,800,8.42625
9,236,801,8.464419475655431
9,237,796,8.337939698492463
9,238,797,8.319949811794228
9,239,789,8.277566539923955
9,240,786,8.391857506361323
9,241,779,8.360718870346599
9,242,786,8.165394402035624
9,243,766,8.172323759791123
9,244,762,8.178477690288714
9,245,779,8.20410783055199
9,246,797,8.027603513174403
9,247,817,8.069767441860465
9,248,801,8.094881398252184
9,249,797,8.09284818067754
9,250,783,8.008939974457215
9,251,762,8.086614173228346
9,252,790,7.906329113924051
9,253,777,8.155727155727156
9,254,774,8.308785529715763
9,255,800,8.2875
9,256,807,8.138785625774473
9,257,806,8.168734491315137
9,258,812,7.951970443349754
9,259,802,8.07356608478803
9,260,805,8.012422360248447
9,261,794,8.124685138539043
9,262,799,8.178973717146434
9,263,783,8.254150702426564
9,264,785,8.261146496815286
9,265,787,8.381194409148666
9,266,778,8.2133676092545
9,267,790,8.315189873417722
9,268,786,8.548346055979644
9,269,776,8.661082474226804
9,270,772,8.537564766839377
9,271,747,8.465863453815262
9,272,750,8.448
9,273,761,8.446780551905388
9,274,772,8.251295336787564
9,275,770,8.046753246753246
9,276,786,7.982188295165394
9,277,785,8.08407643312102
9,278,806,7.983870967741935
9,279,812,7.777093596059113
9,280,811,7.758323057953144
9,281,797,7.816813048933501
9,282,817,7.738066095471236
9,283,824,7.895631067961165
9,284,829,8.072376357056696
9,285,823,8.048602673147023
9,286,827,8.009673518742442
9,287,851,7.853113983548766
9,288,861,8.030197444831591
9,289,850,8.18
9,290,841,8.196195005945302
9,291,833,8.230492196878751
9,292,814,8.298525798525798
9,293,809,8.432632880098888
9,294,820,8.475609756097562
9,295,825,8.536969696969697
9,296,833,8.483793517406962
9,297,832,8.397836538461538
9,298,841,8.297265160523187
9,299,837,8.129032258064516
9,300,831,7.957882069795427
9,301,849,8.0188457008245
9,302,857,8.121353558926488
9,303,840,8.157142857142857
9,304,847,8.113341204250295
9,305,860,8.048837209302325
9,306,847,8.059031877213695
9,307,845,8.181065088757396
9,308,846,8.141843971631205
9,309,857,8.078179696616102
9,310,866,7.894919168591224
9,311,881,7.948921679909194
9,312,875,7.918857142857143
9,313,869,7.953970080552359
9,314,872,8.09862385321101
9,315,864,8.12037037037037
9,316,892,8.145739910313901
9,317,907,8.124586549062844
9,318,889,8.129358830146233
9,319,880,8.205681818181818
9,320,872,8.056192660550458
9,321,893,8.02127659574468
9,322,883,8.02718006795017
9,323,890,8.140449438202246
9,324,903,7.900332225913621
9,325,920,7.922826086956522
9,326,901,8.016648168701442
9,327,890,8.003370786516854
9,328,887,8.166854565952649
9,329,880,8.148863636363636
9,330,883,8.249150622876558
9,331,907,8.2954796030871
9,332,914,8.287746170678338
9,333,903,8.097452934662236
9,334,906,7.934878587196468
9,335,886,7.8656884875846504
9,336,877,7.964652223489168
9,337,854,8.03864168618267
9,338,834,8.190647482014388
9,339,830,8.315662650602409
9,340,835,8.152095808383233
9,341,841,8.214030915576695
9,342,849,8.360424028268552
9,343,840,8.332142857142857
9,344,815,8.45398773006135
9,345,810,8.248148148148148
9,346,803,8.21544209215442
9,347,812,8.349753694581281
9,348,802,8.295511221945137
9,349,780,8.27948717948718
9,350,773,8.222509702457955
9,351,784,8.095663265306122
9,352,781,7.906530089628681
9,353,758,7.91688654353562
9,354,770,7.972727272727273
9,355,758,7.902374670184696
9,356,719,8.04172461752434
9,357,709,8.011283497884344
9,358,714,8.264705882352942
9,359,704,8.404829545454545
9,360,698,8.441260744985673
9,361,692,8.270231213872833
9,362,697,8.29842180774749
9,363,705,8.260992907801418
9,364,698,8.17191977077364
9,365,689,8.124818577648766
9,366,683,8.106881405563689
9,367,669,8.136023916292974
9,368,672,8.181547619047619
9,369,667,8.224887556221889
9,370,664,8.082831325301205
9,371,646,8.25232198142415
9,372,655,8.169465648854962
9,373,672,8.084821428571429
9,374,662,8.15105740181269
9,375,660,8.243939393939394
9,376,653,8.179173047473201
9,377,665,8.159398496240602
9,378,666,8.168168168168169
9,379,659,7.893778452200303
9,380,652,7.892638036809816
9,381,651,7.996927803379417
9,382,663,8.024132730015083
9,383,656,7.989329268292683
9,384,651,8.078341013824884
9,385,653,8.160796324655436
9,386,645,8.07906976744186
9,387,641,8.166926677067083
9,388,638,8.098746081504702
9,389,626,7.998402555910543
9,390,633,8.001579778830964
9,391,639,7.9358372456964
9,392,631,7.8462757527733755
9,393,628,7.845541401273885
9,394,618,7.771844660194175
9,395,618,7.697411003236246
9,396,629,7.742448330683625
9,397,631,7.903328050713154
9,398,608,7.8881578947368425
9,399,604,7.855960264900662
9,400,593,8.111298482293423
