iteration,year,population_size,average_age
0,0,20,0.0
0,1,20,1.0
0,2,20,2.0
0,3,19,3.0
0,4,19,4.0
0,5,19,5.0
0,6,19,6.0
0,7,19,7.0
0,8,19,8.0
0,9,27,6.0
0,10,31,6.096774193548387
0,11,39,5.641025641025641
0,12,43,5.465116279069767
0,13,39,5.641025641025641
0,14,41,6.317073170731708
0,15,44,6.704545454545454
0,16,46,7.217391304347826
0,17,51,7.333333333333333
0,18,59,7.203389830508475
0,19,56,8.017857142857142
0,20,58,8.275862068965518
0,21,66,8.151515151515152
0,22,74,7.364864864864865
0,23,85,6.682352941176471
0,24,93,6.645161290322581
0,25,95,6.747368421052632
0,26,95,7.221052631578948
0,27,95,7.568421052631579
0,28,95,7.463157894736842
0,29,97,7.608247422680412
0,30,96,8.020833333333334
0,31,95,7.873684210526315
0,32,101,6.574257425742574
0,33,112,6.169642857142857
0,34,118,6.0423728813559325
0,35,128,5.609375
0,36,130,6.246153846153846
0,37,137,6.430656934306569
0,38,147,6.374149659863946
0,39,145,6.413793103448276
0,40,145,6.475862068965517
0,41,136,6.955882352941177
0,42,143,6.923076923076923
0,43,150,6.653333333333333
0,44,153,6.699346405228758
0,45,162,6.54320987654321
0,46,160,6.7625
0,47,168,6.4523809523809526
0,48,163,7.116564417177914
0,49,169,6.988165680473373
0,50,175,7.085714285714285
0,51,177,7.146892655367232
0,52,180,7.05
0,53,181,6.9779005524861875
0,54,182,6.961538461538462
0,55,192,6.958333333333333
0,56,188,7.095744680851064
0,57,197,6.771573604060913
0,58,198,7.005050505050505
0,59,199,6.824120603015075
0,60,211,6.644549763033176
0,61,225,6.364444444444445
0,62,229,6.393013100436681
0,63,241,6.45643153526971
0,64,241,6.526970954356846
0,65,245,6.677551020408163
0,66,243,7.008230452674897
0,67,249,6.497991967871486
0,68,246,6.666666666666667
0,69,263,6.452471482889734
0,70,267,6.805243445692884
0,71,270,6.666666666666667
0,72,259,6.72972972972973
0,73,259,6.590733590733591
0,74,256,6.5234375
0,75,257,6.902723735408561
0,76,275,6.483636363636363
0,77,288,6.225694444444445
0,78,289,6.442906574394463
0,79,293,6.573378839590443
0,80,301,6.5215946843853825
0,81,307,6.3257328990228014
0,82,305,6.288524590163934
0,83,303,6.372937293729373
0,84,303,6.528052805280528
0,85,295,6.505084745762712
0,86,309,6.116504854368932
0,87,313,6.26517571884984
0,88,315,6.250793650793651
0,89,320,6.0375
0,90,325,6.126153846153846
0,91,319,6.112852664576803
0,92,332,6.0
0,93,340,6.041176470588235
0,94,340,6.470588235294118
0,95,345,6.594202898550725
0,96,340,6.535294117647059
0,97,344,6.287790697674419
0,98,343,6.481049562682216
0,99,335,6.340298507462687
0,100,348,6.353448275862069
0,101,356,6.126404494382022
0,102,367,6.100817438692098
0,103,375,6.266666666666667
0,104,375,6.429333333333333
0,105,381,6.398950131233596
0,106,373,6.07774798927614
0,107,374,6.125668449197861
0,108,366,6.554644808743169
0,109,361,6.753462603878116
0,110,365,6.865753424657535
0,111,360,6.472222222222222
0,112,355,6.445070422535212
0,113,352,6.676136363636363
0,114,354,6.8474576271186445
0,115,350,6.7942857142857145
0,116,350,6.437142857142857
0,117,362,6.469613259668508
0,118,373,6.2761394101876675
0,119,378,6.211640211640212
0,120,375,6.117333333333334
0,121,374,6.232620320855615
0,122,369,6.322493224932249
0,123,371,6.369272237196766
0,124,366,6.658469945355192
0,125,371,6.46900269541779
0,126,365,6.424657534246576
0,127,369,6.598915989159892
0,128,381,6.380577427821522
0,129,382,6.332460732984293
0,130,380,6.265789473684211
0,131,383,6.154046997389034
0,132,374,6.438502673796791
0,133,387,6.341085271317829
0,134,379,6.411609498680739
0,135,383,6.5013054830287205
0,136,384,6.557291666666667
0,137,389,6.4884318766066835
0,138,392,6.5
0,139,400,6.2275
0,140,411,6.236009732360097
0,141,414,6.236714975845411
0,142,414,6.316425120772947
0,143,431,6.352668213457076
0,144,443,6.327313769751693
0,145,450,6.3
0,146,444,6.448198198198198
0,147,455,6.410989010989011
0,148,452,6.643805309734513
0,149,484,6.487603305785124
0,150,502,6.312749003984064
0,151,500,6.446
0,152,499,6.675350701402806
0,153,512,6.67578125
0,154,492,6.7073170731707314
0,155,500,6.572
0,156,503,6.664015904572564
0,157,511,6.555772994129159
0,158,511,6.36986301369863
0,159,537,6.1415270018621975
0,160,535,6.085981308411215
0,161,541,6.062846580406655
0,162,557,5.940754039497307
0,163,540,6.04074074074074
0,164,531,6.094161958568738
0,165,539,6.076066790352504
0,166,546,6.206959706959707
0,167,566,6.0477031802120145
0,168,593,6.227655986509275
0,169,629,6.077901430842608
0,170,616,6.26948051948052
0,171,631,6.239302694136292
0,172,619,6.4781906300484655
0,173,630,6.385714285714286
0,174,626,6.378594249201278
0,175,625,6.3136
0,176,625,6.2608
0,177,634,6.26813880126183
0,178,664,6.188253012048193
0,179,675,6.180740740740741
0,180,683,6.278184480234261
0,181,678,6.1946902654867255
0,182,687,6.224163027656477
0,183,691,6.25904486251809
0,184,721,6.257975034674064
0,185,720,6.4430555555555555
0,186,717,6.408647140864714
0,187,722,6.3434903047091415
0,188,735,6.183673469387755
0,189,738,6.21409214092141
0,190,732,6.213114754098361
0,191,734,6.1580381471389645
0,192,737,6.208955223880597
0,193,737,6.207598371777476
0,194,765,6.074509803921568
0,195,757,6.177014531043593
0,196,765,6.189542483660131
0,197,785,6.1668789808917195
0,198,835,6.016766467065868
0,199,828,5.983091787439614
0,200,838,6.101431980906921
0,201,830,6.186746987951807
0,202,821,6.07673568818514
0,203,820,6.225609756097561
0,204,820,6.260975609756097
0,205,816,6.263480392156863
0,206,814,6.3525798525798525
0,207,844,6.327014218009479
0,208,839,6.384982121573302
0,209,839,6.33492252681764
0,210,865,6.30635838150289
0,211,873,6.216494845360825
0,212,899,5.958843159065628
0,213,891,6.072951739618406
0,214,889,5.885264341957256
0,215,897,5.874024526198439
0,216,907,6.006615214994487
0,217,899,6.081201334816463
0,218,898,6.276169265033408
0,219,900,6.2811111111111115
0,220,905,6.348066298342541
0,221,939,6.333333333333333
0,222,937,6.251867662753469
0,223,934,6.214132762312634
0,224,955,6.210471204188481
0,225,971,6.130792996910402
0,226,962,6.3170478170478175
0,227,933,6.287245444801715
0,228,942,6.165605095541402
0,229,936,6.185897435897436
0,230,940,6.327659574468085
0,231,995,6.1336683417085425
0,232,1001,6.030969030969031
0,233,1007,6.124131082423038
0,234,1030,5.978640776699029
0,235,1058,5.824196597353497
0,236,1055,5.8246445497630335
0,237,1057,5.970671712393567
0,238,1071,6.002801120448179
0,239,1076,6.077137546468402
0,240,1083,6.20129270544783
0,241,1089,6.143250688705234
0,242,1081,6.230342275670675
0,243,1109,6.167718665464382
0,244,1124,6.110320284697509
0,245,1130,6.1601769911504425
0,246,1131,6.2449160035366935
0,247,1146,6.149214659685864
0,248,1152,6.061631944444445
0,249,1174,6.166950596252129
0,250,1149,6.119234116623151
0,251,1140,6.054385964912281
0,252,1143,6.166229221347332
0,253,1164,5.948453608247423
0,254,1149,6.040034812880766
0,255,1127,6.073646850044366
0,256,1152,6.170138888888889
0,257,1132,6.254416961130742
0,258,1162,6.304647160068847
0,259,1144,6.398601398601398
0,260,1142,6.309106830122592
0,261,1157,6.2523768366465
0,262,1183,6.262045646661031
0,263,1198,6.176126878130217
0,264,1190,6.1873949579831935
0,265,1210,6.085950413223141
0,266,1194,6.292294807370184
0,267,1204,6.230897009966777
0,268,1215,6.287242798353909
0,269,1191,6.3727959697733
0,270,1200,6.420833333333333
0,271,1198,6.43906510851419
0,272,1193,6.378038558256496
0,273,1228,6.280944625407166
0,274,1228,6.149022801302932
0,275,1239,6.188054882970137
0,276,1262,6.180665610142631
0,277,1254,6.1419457735247205
0,278,1233,6.249797242497973
0,279,1232,6.340909090909091
0,280,1248,6.393429487179487
0,281,1255,6.346613545816733
0,282,1282,6.301092043681748
0,283,1288,6.119565217391305
0,284,1316,6.072188449848024
0,285,1368,6.030701754385965
0,286,1373,5.990531682447196
0,287,1405,6.002846975088968
0,288,1416,6.008474576271187
0,289,1419,6.10429880197322
0,290,1410,6.228368794326241
0,291,1427,6.088297126839524
0,292,1460,6.1061643835616435
0,293,1463,6.220095693779904
0,294,1493,6.203616878767582
0,295,1512,6.259920634920635
0,296,1528,6.270942408376963
0,297,1535,6.272964169381107
0,298,1535,6.290553745928339
0,299,1516,6.321240105540897
0,300,1528,6.302356020942408
0,301,1508,6.150530503978779
0,302,1512,6.1911375661375665
0,303,1504,6.28125
0,304,1474,6.25101763907734
0,305,1480,6.234459459459459
0,306,1487,6.261600537995965
0,307,1473,6.206381534283775
0,308,1480,6.201351351351351
0,309,1476,6.202574525745257
0,310,1468,6.320163487738419
0,311,1501,6.33377748167888
0,312,1526,6.266710353866317
0,313,1536,6.182291666666667
0,314,1527,6.089718402095612
0,315,1541,6.063595068137573
0,316,1553,6.10560206052801
0,317,1550,6.113548387096774
0,318,1583,6.183828174352495
0,319,1593,6.11864406779661
0,320,1591,6.1156505342551855
0,321,1608,6.121890547263682
0,322,1613,6.131432114073156
0,323,1640,6.09329268292683
0,324,1641,6.004265691651432
0,325,1592,6.0954773869346734
0,326,1599,6.143214509068168
0,327,1577,6.304375396322131
0,328,1566,6.3192848020434225
0,329,1599,6.271419637273296
0,330,1628,6.2481572481572485
0,331,1631,6.237277743715512
0,332,1642,6.338002436053594
0,333,1682,6.146848989298454
0,334,1697,6.203299941072481
0,335,1712,6.255841121495327
0,336,1713,6.134267367192061
0,337,1695,6.2306784660766965
0,338,1726,6.250869061413673
0,339,1738,6.288837744533947
0,340,1787,6.151091214325685
0,341,1841,6.107007061379685
0,342,1837,6.075666848121938
0,343,1800,6.19
0,344,1841,6.201520912547529
0,345,1864,6.277360515021459
0,346,1885,6.277453580901857
0,347,1906,6.250262329485834
0,348,1938,6.113003095975232
0,349,1925,6.145974025974026
0,350,1921,6.078604893284748
0,351,1942,6.168383110195674
0,352,1928,6.328319502074689
0,353,1923,6.418616744669786
0,354,1976,6.394736842105263
0,355,1984,6.373991935483871
0,356,2001,6.408295852073963
0,357,2001,6.346826586706647
0,358,1994,6.305917753259779
0,359,2019,6.321446260525012
0,360,2032,6.270177165354331
0,361,2010,6.243781094527363
0,362,2036,6.218565815324165
0,363,2039,6.1912702305051495
0,364,2032,6.218011811023622
0,365,2028,6.244082840236686
0,366,2044,6.186888454011742
0,367,2044,6.182974559686889
0,368,2037,6.24693176239568
0,369,2044,6.27348336594912
0,370,2066,6.167473378509197
0,371,2072,6.163127413127413
0,372,2105,6.1501187648456055
0,373,2140,6.17803738317757
0,374,2166,6.3079409048938135
0,375,2171,6.240442192538001
0,376,2161,6.220731142989357
0,377,2183,6.169491525423729
0,378,2215,6.173363431151242
0,379,2207,6.135478024467603
0,380,2184,6.196428571428571
0,381,2217,6.239963915200722
0,382,2201,6.238982280781463
0,383,2234,6.167860340196956
0,384,2289,6.150283966797728
0,385,2286,6.111548556430447
0,386,2313,6.166018158236057
0,387,2306,6.196877710320902
0,388,2299,6.240974336668117
0,389,2312,6.359429065743945
0,390,2354,6.260407816482583
0,391,2352,6.261904761904762
0,392,2366,6.242603550295858
0,393,2388,6.305276381909548
0,394,2410,6.219917012448133
0,395,2417,6.229623500206868
0,396,2462,6.1600324939073925
0,397,2463,6.225334957369062
0,398,2503,6.237315221733919
0,399,2504,6.192492012779553
0,400,2533,6.243979470983024
1,0,20,0.0
1,1,20,1.0
1,2,20,2.0
1,3,19,3.0
1,4,19,4.0
1,5,19,5.0
1,6,19,6.0
1,7,19,7.0
1,8,17,8.0
1,9,25,6.12
1,10,30,5.6
1,11,31,6.032258064516129
1,12,32,6.4375
1,13,40,5.525
1,14,38,6.368421052631579
1,15,38,7.368421052631579
1,16,46,6.8478260869565215
1,17,47,7.319148936170213
1,18,52,7.346153846153846
1,19,58,7.379310344827586
1,20,62,7.629032258064516
1,21,58,8.172413793103448
1,22,65,8.046153846153846
1,23,62,8.629032258064516
1,24,65,9.061538461538461
1,25,67,9.298507462686567
1,26,69,9.0
1,27,74,8.85135135135135
1,28,76,8.618421052631579
1,29,75,8.466666666666667
1,30,81,8.246913580246913
1,31,93,7.344086021505376
1,32,94,6.117021276595745
1,33,90,6.2444444444444445
1,34,91,6.571428571428571
1,35,97,6.639175257731959
1,36,102,6.931372549019608
1,37,107,6.869158878504673
1,38,101,7.0594059405940595
1,39,95,7.3578947368421055
1,40,98,7.153061224489796
1,41,109,6.541284403669724
1,42,110,6.918181818181818
1,43,111,7.009009009009009
1,44,119,6.445378151260504
1,45,122,6.524590163934426
1,46,125,5.76
1,47,133,5.819548872180451
1,48,137,6.262773722627737
1,49,135,6.481481481481482
1,50,135,6.911111111111111
1,51,138,7.130434782608695
1,52,144,6.965277777777778
1,53,148,6.777027027027027
1,54,142,6.676056338028169
1,55,147,6.312925170068027
1,56,161,6.0062111801242235
1,57,165,5.921212121212121
1,58,179,5.955307262569832
1,59,178,6.151685393258427
1,60,176,6.3522727272727275
1,61,164,6.378048780487805
1,62,168,6.553571428571429
1,63,160,6.7375
1,64,169,6.579881656804734
1,65,171,6.309941520467836
1,66,171,6.245614035087719
1,67,170,6.341176470588235
1,68,158,6.367088607594937
1,69,153,6.326797385620915
1,70,144,6.736111111111111
1,71,144,6.638888888888889
1,72,140,6.771428571428571
1,73,139,6.597122302158273
1,74,145,5.820689655172414
1,75,147,6.197278911564626
1,76,144,6.1875
1,77,139,6.345323741007194
1,78,137,5.824817518248175
1,79,137,6.233576642335766
1,80,138,6.579710144927536
1,81,145,6.537931034482758
1,82,149,6.3624161073825505
1,83,158,5.879746835443038
1,84,152,5.967105263157895
1,85,154,6.012987012987013
1,86,149,6.067114093959732
1,87,147,6.156462585034014
1,88,149,6.758389261744966
1,89,155,6.935483870967742
1,90,168,6.1726190476190474
1,91,168,6.613095238095238
1,92,171,7.005847953216374
1,93,181,6.502762430939226
1,94,191,6.397905759162303
1,95,195,6.205128205128205
1,96,196,6.142857142857143
1,97,193,6.139896373056994
1,98,196,5.8979591836734695
1,99,201,5.676616915422885
1,100,198,5.904040404040404
1,101,201,5.786069651741293
1,102,197,5.974619289340102
1,103,202,6.465346534653466
1,104,223,6.390134529147982
1,105,239,6.2092050209205025
1,106,235,6.165957446808511
1,107,247,5.995951417004049
1,108,260,6.161538461538462
1,109,269,6.319702602230484
1,110,268,6.276119402985074
1,111,276,6.344202898550725
1,112,275,6.196363636363636
1,113,268,6.208955223880597
1,114,270,5.95925925925926
1,115,279,5.978494623655914
1,116,289,5.982698961937716
1,117,294,6.2312925170068025
1,118,292,6.208904109589041
1,119,303,6.033003300330033
1,120,306,6.107843137254902
1,121,313,6.1309904153354635
1,122,326,6.294478527607362
1,123,336,6.142857142857143
1,124,355,5.988732394366197
1,125,365,5.879452054794521
1,126,369,5.831978319783198
1,127,372,5.93010752688172
1,128,392,5.959183673469388
1,129,393,5.9465648854961835
1,130,392,6.280612244897959
1,131,385,6.290909090909091
1,132,391,6.189258312020461
1,133,392,6.094387755102041
1,134,415,6.069879518072289
1,135,428,6.042056074766355
1,136,449,6.21826280623608
1,137,456,6.175438596491228
1,138,467,6.143468950749464
1,139,466,6.21244635193133
1,140,476,6.161764705882353
1,141,475,6.153684210526316
1,142,476,6.088235294117647
1,143,475,6.271578947368421
1,144,461,6.433839479392625
1,145,467,6.524625267665953
1,146,471,6.528662420382165
1,147,461,6.516268980477223
1,148,461,6.563991323210412
1,149,459,6.562091503267974
1,150,453,6.527593818984547
1,151,494,6.242914979757085
1,152,497,6.094567404426559
1,153,491,6.042769857433808
1,154,495,6.008080808080808
1,155,508,6.051181102362205
1,156,515,6.077669902912621
1,157,525,6.312380952380952
1,158,529,6.311909262759924
1,159,510,6.5
1,160,494,6.34412955465587
1,161,520,6.0442307692307695
1,162,529,5.896030245746692
1,163,528,5.823863636363637
1,164,510,6.023529411764706
1,165,510,5.892156862745098
1,166,513,6.165692007797271
1,167,522,6.1130268199233715
1,168,537,6.080074487895717
1,169,535,6.216822429906542
1,170,561,6.162210338680927
1,171,548,6.337591240875913
1,172,539,6.14100185528757
1,173,530,6.30377358490566
1,174,532,6.105263157894737
1,175,524,6.1316793893129775
1,176,520,6.25
1,177,528,6.009469696969697
1,178,523,5.97131931166348
1,179,525,5.965714285714285
1,180,535,5.955140186915888
1,181,520,6.186538461538461
1,182,502,6.344621513944223
1,183,519,6.341040462427745
1,184,513,6.46588693957115
1,185,511,6.465753424657534
1,186,506,6.1521739130434785
1,187,507,6.039447731755424
1,188,499,6.032064128256513
1,189,506,6.051383399209486
1,190,493,6.257606490872211
1,191,495,6.341414141414141
1,192,500,6.342
1,193,496,6.30241935483871
1,194,516,6.013565891472868
1,195,516,6.203488372093023
1,196,535,6.082242990654206
1,197,553,5.9656419529837255
1,198,550,5.792727272727273
1,199,527,5.874762808349146
1,200,517,6.06963249516441
1,201,491,6.236252545824847
1,202,491,6.4887983706720975
1,203,472,6.555084745762712
1,204,460,6.6347826086956525
1,205,481,6.602910602910603
1,206,495,6.347474747474747
1,207,501,6.149700598802395
1,208,508,6.206692913385827
1,209,511,6.1330724070450096
1,210,505,6.015841584158416
1,211,508,6.143700787401575
1,212,488,6.045081967213115
1,213,474,6.246835443037975
1,214,451,6.392461197339246
1,215,456,6.214912280701754
1,216,465,6.32258064516129
1,217,465,6.208602150537635
1,218,493,5.904665314401623
1,219,487,5.940451745379876
1,220,501,5.6626746506986025
1,221,517,5.6518375241779495
1,222,518,5.897683397683398
1,223,519,5.957610789980732
1,224,496,6.042338709677419
1,225,517,5.986460348162476
1,226,492,6.2317073170731705
1,227,512,6.103515625
1,228,516,6.087209302325581
1,229,514,6.097276264591439
1,230,520,6.217307692307692
1,231,511,6.10371819960861
1,232,531,5.8474576271186445
1,233,522,5.904214559386973
1,234,533,6.103189493433396
1,235,545,6.238532110091743
1,236,533,6.266416510318949
1,237,528,6.130681818181818
1,238,528,6.196969696969697
1,239,542,6.276752767527675
1,240,563,6.08348134991119
1,241,547,6.043875685557587
1,242,548,6.0510948905109485
1,243,552,5.851449275362318
1,244,557,5.662477558348295
1,245,550,5.892727272727273
1,246,537,5.878957169459963
1,247,552,6.007246376811594
1,248,583,5.9674099485420244
1,249,583,6.044596912521441
1,250,599,5.909849749582638
1,251,573,5.991273996509599
1,252,561,6.122994652406417
1,253,543,6.1178637200736645
1,254,540,6.190740740740741
1,255,534,6.123595505617978
1,256,524,6.166030534351145
1,257,523,6.225621414913958
1,258,525,6.308571428571429
1,259,523,6.321223709369025
1,260,522,6.404214559386973
1,261,524,6.2958015267175576
1,262,529,6.1795841209829865
1,263,519,6.250481695568401
1,264,532,6.347744360902255
1,265,544,6.314338235294118
1,266,544,6.209558823529412
1,267,549,6.131147540983607
1,268,556,5.9586330935251794
1,269,561,6.2281639928698755
1,270,559,5.966010733452594
1,271,560,5.732142857142857
1,272,571,5.915936952714536
1,273,566,6.265017667844523
1,274,574,6.517421602787456
1,275,569,6.430579964850615
1,276,570,6.38421052631579
1,277,566,6.450530035335689
1,278,570,6.61578947368421
1,279,596,6.439597315436242
1,280,565,6.332743362831859
1,281,584,6.140410958904109
1,282,573,6.448516579406632
1,283,593,6.386172006745363
1,284,579,6.164075993091537
1,285,572,6.3321678321678325
1,286,551,6.517241379310345
1,287,558,6.491039426523297
1,288,571,6.311733800350263
1,289,571,5.963222416812609
1,290,585,6.023931623931624
1,291,580,6.086206896551724
1,292,578,6.126297577854671
1,293,595,5.9714285714285715
1,294,594,6.057239057239057
1,295,580,6.137931034482759
1,296,580,6.189655172413793
1,297,566,6.27208480565371
1,298,586,6.163822525597269
1,299,566,6.1749116607773855
1,300,566,6.203180212014134
1,301,568,6.193661971830986
1,302,570,6.159649122807018
1,303,558,6.186379928315413
1,304,588,6.010204081632653
1,305,612,6.063725490196078
1,306,629,6.047694753577106
1,307,638,5.9420062695924765
1,308,639,5.827856025039123
1,309,651,5.987711213517665
1,310,655,5.876335877862595
1,311,643,6.055987558320373
1,312,645,6.021705426356589
1,313,669,5.943198804185351
1,314,666,5.891891891891892
1,315,680,5.9602941176470585
1,316,700,6.077142857142857
1,317,726,6.026170798898072
1,318,729,6.035665294924554
1,319,738,6.021680216802168
1,320,735,6.0
1,321,742,5.836927223719677
1,322,737,5.876526458616011
1,323,737,6.081411126187246
1,324,737,6.120759837177747
1,325,742,6.192722371967655
1,326,754,6.090185676392573
1,327,758,5.992084432717678
1,328,762,6.076115485564304
1,329,780,6.174358974358975
1,330,817,5.988984088127295
1,331,815,5.9668711656441715
1,332,819,6.1501831501831505
1,333,807,6.063197026022305
1,334,798,6.179197994987469
1,335,787,6.412960609911055
1,336,785,6.507006369426752
1,337,832,6.1875
1,338,834,6.196642685851319
1,339,846,6.197399527186761
1,340,845,6.063905325443787
1,341,827,6.029020556227327
1,342,859,6.051222351571595
1,343,857,6.012835472578763
1,344,835,6.265868263473054
1,345,825,6.458181818181818
1,346,846,6.42789598108747
1,347,858,6.417249417249417
1,348,841,6.407847800237812
1,349,837,6.278375149342891
1,350,842,6.2007125890736345
1,351,822,6.2274939172749395
1,352,826,6.308716707021792
1,353,815,6.251533742331288
1,354,801,6.36079900124844
1,355,795,6.353459119496855
1,356,789,6.245880861850444
1,357,778,6.366323907455013
1,358,814,6.242014742014742
1,359,841,6.089179548156956
1,360,847,5.910271546635183
1,361,838,5.929594272076372
1,362,842,5.918052256532066
1,363,849,5.9917550058892814
1,364,876,5.945205479452055
1,365,847,5.936245572609209
1,366,825,6.037575757575757
1,367,805,6.0186335403726705
1,368,773,6.2108667529107375
1,369,781,6.206145966709347
1,370,764,6.070680628272251
1,371,777,6.0476190476190474
1,372,760,6.197368421052632
1,373,782,5.962915601023018
1,374,793,5.891551071878941
1,375,801,5.903870162297129
1,376,796,6.082914572864322
1,377,798,6.043859649122807
1,378,786,6.262086513994911
1,379,783,6.157088122605364
1,380,774,6.260981912144703
1,381,746,6.424932975871314
1,382,745,6.212080536912752
1,383,746,6.463806970509383
1,384,750,6.516
1,385,773,6.239327296248383
1,386,775,6.009032258064516
1,387,776,5.913659793814433
1,388,796,5.842964824120603
1,389,806,5.98014888337469
1,390,821,6.123020706455542
1,391,807,6.1350681536555145
1,392,808,6.127475247524752
1,393,797,6.185696361355082
1,394,795,6.2477987421383645
1,395,811,6.088779284833539
1,396,810,6.172839506172839
1,397,843,6.105575326215896
1,398,842,6.192399049881235
1,399,821,6.213154689403167
1,400,810,6.22716049382716
2,0,20,0.0
2,1,20,1.0
2,2,19,2.0
2,3,19,3.0
2,4,19,4.0
2,5,19,5.0
2,6,19,6.0
2,7,19,7.0
2,8,18,8.0
2,9,20,8.1
2,10,26,7.0
2,11,41,5.073170731707317
2,12,49,5.081632653061225
2,13,52,5.6923076923076925
2,14,53,6.490566037735849
2,15,54,7.074074074074074
2,16,55,7.836363636363636
2,17,57,8.298245614035087
2,18,62,8.419354838709678
2,19,69,8.333333333333334
2,20,75,8.093333333333334
2,21,82,8.195121951219512
2,22,93,7.989247311827957
2,23,106,7.773584905660377
2,24,108,8.092592592592593
2,25,118,7.669491525423729
2,26,133,7.2631578947368425
2,27,143,7.230769230769231
2,28,162,7.092592592592593
2,29,177,6.994350282485875
2,30,190,6.947368421052632
2,31,209,7.133971291866029
2,32,202,6.341584158415841
2,33,204,6.303921568627451
2,34,218,6.39908256880734
2,35,226,6.747787610619469
2,36,241,6.771784232365145
2,37,265,6.373584905660377
2,38,273,6.5054945054945055
2,39,298,6.402684563758389
2,40,289,6.608996539792387
2,41,305,6.6819672131147545
2,42,319,6.705329153605016
2,43,316,6.882911392405063
2,44,328,6.847560975609756
2,45,329,6.90273556231003
2,46,328,7.2317073170731705
2,47,317,7.173501577287066
2,48,327,7.103975535168196
2,49,329,6.860182370820668
2,50,342,6.935672514619883
2,51,381,6.509186351706036
2,52,403,6.6600496277915635
2,53,405,6.454320987654321
2,54,438,6.189497716894977
2,55,424,6.431603773584905
2,56,429,6.473193473193473
2,57,418,6.770334928229665
2,58,423,6.789598108747045
2,59,453,6.359823399558499
2,60,479,6.267223382045929
2,61,497,6.138832997987928
2,62,519,6.300578034682081
2,63,514,6.155642023346304
2,64,541,6.018484288354898
2,65,533,6.272045028142589
2,66,563,6.211367673179396
2,67,562,6.5088967971530245
2,68,584,6.373287671232877
2,69,606,6.396039603960396
2,70,616,6.277597402597403
2,71,629,6.4451510333863276
2,72,624,6.657051282051282
2,73,622,6.704180064308682
2,74,659,6.5341426403641885
2,75,656,6.478658536585366
2,76,687,6.12372634643377
2,77,702,6.116809116809117
2,78,708,6.271186440677966
2,79,713,6.302945301542777
2,80,702,6.42022792022792
2,81,700,6.7057142857142855
2,82,702,6.643874643874644
2,83,732,6.385245901639344
2,84,719,6.484005563282337
2,85,755,6.260927152317881
2,86,779,6.442875481386393
2,87,804,6.509950248756219
2,88,804,6.507462686567164
2,89,782,6.466751918158568
2,90,832,6.329326923076923
2,91,849,6.268551236749117
2,92,870,6.304597701149425
2,93,857,6.402567094515753
2,94,878,6.390660592255125
2,95,920,6.066304347826087
2,96,913,6.1544359255202625
2,97,920,6.283695652173913
2,98,926,6.339092872570195
2,99,934,6.404710920770878
2,100,979,6.2727272727272725
2,101,1039,6.115495668912415
2,102,1086,5.98158379373849
2,103,1089,5.988062442607897
2,104,1120,5.982142857142857
2,105,1139,5.864793678665496
2,106,1133,5.926743159752869
2,107,1137,6.124890061565523
2,108,1138,6.276801405975395
2,109,1144,6.295454545454546
2,110,1159,6.317515099223469
2,111,1185,6.167932489451477
2,112,1178,6.235993208828523
2,113,1238,6.021001615508886
2,114,1264,5.9280063291139244
2,115,1268,6.047318611987381
2,116,1275,6.059607843137255
2,117,1273,6.120188531029065
2,118,1283,6.207326578332034
2,119,1290,6.4147286821705425
2,120,1327,6.339864355689525
2,121,1286,6.342146189735614
2,122,1256,6.552547770700637
2,123,1312,6.333841463414634
2,124,1332,6.277777777777778
2,125,1378,6.1756168359941945
2,126,1390,6.234532374100719
2,127,1425,5.978947368421053
2,128,1444,6.003462603878116
2,129,1466,6.115279672578445
2,130,1451,6.152997932460372
2,131,1460,6.206164383561644
2,132,1446,6.34923928077455
2,133,1447,6.400138217000691
2,134,1471,6.35350101971448
2,135,1489,6.275352585627938
2,136,1519,6.13100724160632
2,137,1534,6.111473272490222
2,138,1546,6.088615782664942
2,139,1572,6.031806615776081
2,140,1572,6.120229007633588
2,141,1563,6.125399872040947
2,142,1577,6.205453392517438
2,143,1594,6.148055207026349
2,144,1609,6.220633934120571
2,145,1644,6.180048661800487
2,146,1652,6.1325665859564165
2,147,1647,6.112932604735883
2,148,1680,6.150595238095238
2,149,1703,6.131532589547857
2,150,1699,6.1271336080047085
2,151,1679,6.213817748659917
2,152,1689,6.2297217288336295
2,153,1704,6.339788732394366
2,154,1735,6.4
2,155,1757,6.202048947068867
2,156,1769,6.033352176370831
2,157,1784,5.997757847533633
2,158,1782,5.993827160493828
2,159,1774,6.077226606538895
2,160,1751,6.243860651056539
2,161,1783,6.268648345485137
2,162,1786,6.318029115341545
2,163,1773,6.364354201917654
2,164,1818,6.313531353135313
2,165,1799,6.354641467481934
2,166,1765,6.393767705382436
2,167,1771,6.417843026538678
2,168,1763,6.336358479863868
2,169,1772,6.400112866817156
2,170,1801,6.215991116046641
2,171,1832,6.176310043668122
2,172,1840,6.094565217391304
2,173,1880,5.93031914893617
2,174,1927,5.858847950181629
2,175,1929,5.998963193364437
2,176,1924,6.051455301455301
2,177,1911,6.147043432757719
2,178,1925,6.22025974025974
2,179,1948,6.256160164271047
2,180,1965,6.250890585241731
2,181,1982,6.223007063572149
2,182,2030,6.138423645320197
2,183,2033,6.2331529758976885
2,184,2085,6.202877697841727
2,185,2101,6.027129938124703
2,186,2109,6.107159791370318
2,187,2087,6.107810253953042
2,188,2111,6.083846518237802
2,189,2104,6.086977186311787
2,190,2100,6.145714285714286
2,191,2083,6.2534805568891025
2,192,2111,6.189957366177167
2,193,2096,6.259541984732825
2,194,2081,6.3431042767900045
2,195,2132,6.235928705440901
2,196,2128,6.112781954887218
2,197,2137,5.9953205428170335
2,198,2127,6.148566055477198
2,199,2085,6.274340527577937
2,200,2113,6.147184098438239
2,201,2142,6.090569561157796
2,202,2171,6.06863196683556
2,203,2215,5.9575620767494355
2,204,2224,6.017086330935252
2,205,2195,6.092938496583144
2,206,2207,6.142727684639783
2,207,2189,6.241662859753312
2,208,2170,6.307373271889401
2,209,2160,6.372685185185185
2,210,2161,6.346598796853309
2,211,2176,6.361672794117647
2,212,2222,6.191269126912691
2,213,2184,6.170787545787546
2,214,2175,6.11264367816092
2,215,2175,6.080459770114943
2,216,2175,6.062988505747127
2,217,2222,6.053105310531053
2,218,2257,6.070447496677005
2,219,2235,6.112751677852349
2,220,2214,6.056910569105691
2,221,2248,6.029804270462633
2,222,2251,6.048867170146601
2,223,2272,6.108714788732394
2,224,2293,6.167466201482774
2,225,2330,6.13862660944206
2,226,2308,6.080155979202773
2,227,2339,5.997862334330911
2,228,2391,6.001672940192388
2,229,2411,6.031107424305268
2,230,2424,6.063531353135313
2,231,2422,6.139966969446738
2,232,2402,6.195670274771024
2,233,2435,6.159342915811088
2,234,2432,6.088815789473684
2,235,2445,6.166462167689161
2,236,2428,6.28006589785832
2,237,2417,6.402565163425734
2,238,2422,6.3026424442609414
2,239,2466,6.12043795620438
2,240,2498,6.16613290632506
2,241,2506,6.214684756584198
2,242,2500,6.2004
2,243,2492,6.197431781701445
2,244,2503,6.174590491410307
2,245,2522,6.160983346550357
2,246,2488,6.198553054662379
2,247,2498,6.269415532425941
2,248,2502,6.144284572342126
2,249,2527,6.134942619707163
2,250,2554,6.037196554424432
2,251,2576,6.108695652173913
2,252,2589,6.140594824256469
2,253,2609,6.181678804139517
2,254,2663,6.034547502816372
2,255,2693,5.977720014853324
2,256,2706,6.001847745750185
2,257,2685,5.975418994413408
2,258,2677,6.014568546880837
2,259,2707,6.009235315847802
2,260,2718,5.987490802060338
2,261,2719,6.0658330268481055
2,262,2673,6.2166105499438835
2,263,2668,6.256746626686657
2,264,2678,6.2113517550410755
2,265,2737,6.097552064303983
2,266,2772,6.157287157287158
2,267,2793,6.13390619405657
2,268,2767,6.086375135525841
2,269,2783,6.059288537549407
2,270,2779,6.0327455919395465
2,271,2785,6.137881508078995
2,272,2788,6.177546628407461
2,273,2776,6.171829971181556
2,274,2742,6.237053245805981
2,275,2711,6.230542235337514
2,276,2736,6.237938596491228
2,277,2766,6.180404916847433
2,278,2778,6.074154067674586
2,279,2842,5.960942997888811
2,280,2889,5.976462443752164
2,281,2909,5.973530422825713
2,282,2895,6.007253886010362
2,283,2914,5.977693891557996
2,284,2885,6.111265164644714
2,285,2874,6.14857341684064
2,286,2887,6.128160720471077
2,287,2900,6.114827586206896
2,288,2964,6.024628879892038
2,289,3008,5.9787234042553195
2,290,3069,5.927989573150864
2,291,3093,5.9013902360168125
2,292,3105,5.978421900161031
2,293,3111,6.0102860816457735
2,294,3114,6.00995504174695
2,295,3088,6.109455958549223
2,296,3052,6.118283093053735
2,297,3049,6.150213184650705
2,298,3078,6.19785575048733
2,299,3103,6.166935223976797
2,300,3150,6.061269841269842
2,301,3130,6.13482428115016
2,302,3137,6.089894803952821
2,303,3183,6.082312284008797
2,304,3201,6.040299906279288
2,305,3205,6.098283931357254
2,306,3220,6.099689440993789
2,307,3188,6.244040150564618
2,308,3157,6.151092809629395
2,309,3159,6.145615701171256
2,310,3174,6.0573408947700065
2,311,3200,6.005
2,312,3294,5.994231936854888
2,313,3316,6.0063329312424605
2,314,3304,6.043583535108959
2,315,3305,6.110136157337368
2,316,3332,6.108343337334934
2,317,3355,6.034575260804769
2,318,3400,6.069411764705882
2,319,3411,6.0577543242450895
2,320,3451,6.060562155896841
2,321,3471,6.025352924229328
2,322,3464,6.015588914549654
2,323,3470,6.104034582132565
2,324,3402,6.213403880070547
2,325,3419,6.167885346592571
2,326,3395,6.227982326951399
2,327,3416,6.153103044496487
2,328,3432,6.0941142191142195
2,329,3447,6.10850014505367
2,330,3500,6.092
2,331,3499,6.083738210917405
2,332,3504,6.07134703196347
2,333,3494,6.087864911276474
2,334,3517,6.011941996019335
2,335,3465,6.045021645021645
2,336,3405,6.116593245227606
2,337,3432,6.135489510489511
2,338,3400,6.191764705882353
2,339,3448,6.112238979118329
2,340,3517,6.084446971851009
2,341,3509,6.10487318324309
2,342,3494,6.138809387521466
2,343,3520,6.1045454545454545
2,344,3533,5.999716954429664
2,345,3528,6.090136054421769
2,346,3529,6.069991499008218
2,347,3578,6.013974287311347
2,348,3586,6.017289459007251
2,349,3635,6.064099037138927
2,350,3626,6.164920022062879
2,351,3615,6.230428769017981
2,352,3552,6.268862612612613
2,353,3519,6.264563796533106
2,354,3577,6.159910539558289
2,355,3630,6.1539944903581265
2,356,3648,6.139254385964913
2,357,3698,6.094916170903191
2,358,3720,6.048655913978495
2,359,3737,6.045223441263045
2,360,3733,6.087597106884544
2,361,3673,6.130683365096651
2,362,3652,6.193866374589266
2,363,3665,6.190723055934516
2,364,3658,6.1588299617277205
2,365,3694,6.1572820790471035
2,366,3749,6.078154174446519
2,367,3800,6.057894736842106
2,368,3845,6.066840052015604
2,369,3819,6.071222833202409
2,370,3793,6.077774848404957
2,371,3742,6.146178514163549
2,372,3803,6.167499342624244
2,373,3782,6.201480698043364
2,374,3796,6.265542676501581
2,375,3750,6.3448
2,376,3792,6.286919831223629
2,377,3821,6.2297827793771265
2,378,3869,6.116309123804601
2,379,3939,6.083777608530084
2,380,3987,6.042638575369953
2,381,3986,5.9977420973406925
2,382,3965,5.96015132408575
2,383,3958,5.99166245578575
2,384,3985,6.003764115432873
2,385,3971,6.083606144547973
2,386,4000,6.074
2,387,4004,6.134865134865135
2,388,4057,6.191520828198176
2,389,4114,6.222897423432183
2,390,4115,6.187849331713244
2,391,4098,6.182040019521718
2,392,4071,6.181773520019651
2,393,4020,6.227611940298507
2,394,4049,6.216102741417634
2,395,4128,6.140746124031008
2,396,4108,6.141187925998053
2,397,4129,6.1840639379995155
2,398,4200,6.089047619047619
2,399,4224,6.092092803030303
2,400,4305,6.084552845528456
3,0,20,0.0
3,1,20,1.0
3,2,20,2.0
3,3,20,3.0
3,4,20,4.0
3,5,20,5.0
3,6,19,6.0
3,7,18,7.0
3,8,18,8.0
3,9,24,6.75
3,10,25,7.04
3,11,29,6.931034482758621
3,12,36,6.055555555555555
3,13,38,6.684210526315789
3,14,39,7.435897435897436
3,15,43,7.651162790697675
3,16,42,7.976190476190476
3,17,46,7.195652173913044
3,18,47,7.638297872340425
3,19,41,8.21951219512195
3,20,42,8.238095238095237
3,21,39,8.846153846153847
3,22,41,8.439024390243903
3,23,43,9.0
3,24,48,8.125
3,25,53,7.735849056603773
3,26,64,7.046875
3,27,63,7.587301587301587
3,28,63,7.777777777777778
3,29,71,7.140845070422535
3,30,71,7.788732394366197
3,31,70,7.4
3,32,70,5.757142857142857
3,33,74,5.783783783783784
3,34,75,6.32
3,35,80,6.2375
3,36,81,6.061728395061729
3,37,82,6.2682926829268295
3,38,83,6.662650602409639
3,39,88,6.534090909090909
3,40,91,6.2967032967032965
3,41,90,6.411111111111111
3,42,97,6.22680412371134
3,43,96,6.25
3,44,97,6.525773195876289
3,45,107,6.037383177570093
3,46,109,6.229357798165138
3,47,109,6.706422018348624
3,48,113,6.902654867256637
3,49,124,6.306451612903226
3,50,118,6.338983050847458
3,51,133,5.93984962406015
3,52,149,5.832214765100671
3,53,150,5.96
3,54,153,5.777777777777778
3,55,152,5.690789473684211
3,56,156,5.75
3,57,149,6.046979865771812
3,58,163,5.54601226993865
3,59,151,5.71523178807947
3,60,153,5.738562091503268
3,61,153,5.771241830065359
3,62,149,6.228187919463087
3,63,148,6.0
3,64,151,6.397350993377484
3,65,149,6.604026845637584
3,66,146,6.472602739726027
3,67,145,6.503448275862069
3,68,155,6.32258064516129
3,69,159,6.150943396226415
3,70,149,6.402684563758389
3,71,149,6.268456375838926
3,72,142,6.676056338028169
3,73,140,6.485714285714286
3,74,138,6.869565217391305
3,75,135,7.140740740740741
3,76,137,7.109489051094891
3,77,134,6.835820895522388
3,78,138,6.8768115942028984
3,79,141,6.546099290780142
3,80,164,5.987804878048781
3,81,166,5.801204819277109
3,82,179,5.675977653631285
3,83,175,6.148571428571429
3,84,181,5.9502762430939224
3,85,178,6.185393258426966
3,86,183,6.80327868852459
3,87,184,6.918478260869565
3,88,187,6.919786096256685
3,89,198,6.409090909090909
3,90,209,6.2631578947368425
3,91,211,6.052132701421801
3,92,222,5.887387387387387
3,93,220,6.236363636363636
3,94,211,6.331753554502369
3,95,226,6.3053097345132745
3,96,233,6.364806866952789
3,97,244,6.122950819672131
3,98,252,6.218253968253968
3,99,266,6.109022556390977
3,100,272,6.209558823529412
3,101,270,6.2555555555555555
3,102,283,6.063604240282685
3,103,291,6.405498281786942
3,104,299,6.3478260869565215
3,105,293,6.242320819112628
3,106,299,6.137123745819398
3,107,306,6.124183006535947
3,108,310,6.248387096774193
3,109,317,6.321766561514195
3,110,319,6.253918495297806
3,111,328,6.134146341463414
3,112,335,6.1940298507462686
3,113,334,6.538922155688622
3,114,329,6.547112462006079
3,115,311,6.411575562700965
3,116,313,6.396166134185304
3,117,327,6.2629969418960245
3,118,326,6.552147239263804
3,119,322,6.388198757763975
3,120,324,6.388888888888889
3,121,324,6.308641975308642
3,122,325,6.415384615384616
3,123,322,6.428571428571429
3,124,317,6.38801261829653
3,125,316,6.436708860759493
3,126,329,6.376899696048632
3,127,327,6.351681957186544
3,128,346,6.063583815028902
3,129,357,6.126050420168068
3,130,361,6.191135734072022
3,131,369,6.211382113821138
3,132,358,6.136871508379889
3,133,346,6.410404624277457
3,134,359,6.4094707520891365
3,135,365,6.304109589041096
3,136,361,6.2908587257617725
3,137,376,6.167553191489362
3,138,373,5.96514745308311
3,139,377,6.068965517241379
3,140,369,6.124661246612466
3,141,352,6.46875
3,142,351,6.56980056980057
3,143,349,6.604584527220631
3,144,356,6.435393258426966
3,145,351,6.136752136752137
3,146,371,5.846361185983827
3,147,389,5.83547557840617
3,148,388,5.770618556701031
3,149,396,5.598484848484849
3,150,386,5.709844559585492
3,151,366,5.827868852459017
3,152,370,5.783783783783784
3,153,383,5.746736292428198
3,154,386,6.028497409326425
3,155,402,6.159203980099503
3,156,410,6.224390243902439
3,157,397,6.3501259445843825
3,158,385,6.106493506493506
3,159,392,6.247448979591836
3,160,392,6.290816326530612
3,161,408,5.7818627450980395
3,162,425,5.891764705882353
3,163,428,5.950934579439252
3,164,426,6.18075117370892
3,165,443,6.054176072234763
3,166,442,6.3099547511312215
3,167,445,6.341573033707865
3,168,443,6.250564334085778
3,169,448,6.270089285714286
3,170,470,6.061702127659575
3,171,473,6.2854122621564485
3,172,479,6.438413361169102
3,173,513,6.179337231968811
3,174,512,6.126953125
3,175,534,6.1367041198501875
3,176,551,6.201451905626135
3,177,557,6.061041292639138
3,178,572,5.874125874125874
3,179,545,5.959633027522936
3,180,549,5.983606557377049
3,181,535,6.02803738317757
3,182,523,6.168260038240918
3,183,522,6.273946360153257
3,184,514,6.375486381322958
3,185,539,6.410018552875695
3,186,568,6.220070422535211
3,187,574,6.005226480836237
3,188,566,6.1431095406360425
3,189,556,6.156474820143885
3,190,543,6.222836095764273
3,191,551,6.230490018148821
3,192,546,6.324175824175824
3,193,554,6.153429602888087
3,194,552,6.293478260869565
3,195,559,5.966010733452594
3,196,593,5.919055649241146
3,197,590,5.877966101694915
3,198,615,5.804878048780488
3,199,612,5.7859477124183005
3,200,625,5.728
3,201,612,5.722222222222222
3,202,633,5.8530805687203795
3,203,646,5.896284829721362
3,204,677,5.948301329394387
3,205,651,6.185867895545315
3,206,675,6.0414814814814815
3,207,671,6.014903129657228
3,208,662,6.009063444108762
3,209,663,6.184012066365008
3,210,667,6.256371814092954
3,211,655,6.13587786259542
3,212,651,5.9953917050691246
3,213,657,6.0228310502283104
3,214,649,6.177195685670262
3,215,645,6.263565891472868
3,216,665,6.154887218045113
3,217,644,6.186335403726708
3,218,639,6.195618153364633
3,219,618,6.215210355987055
3,220,606,6.396039603960396
3,221,621,6.278582930756844
3,222,636,6.05503144654088
3,223,640,6.15
3,224,648,6.2330246913580245
3,225,666,6.202702702702703
3,226,674,6.135014836795253
3,227,659,5.948406676783004
3,228,675,5.814814814814815
3,229,643,5.986003110419906
3,230,616,6.121753246753247
3,231,620,6.133870967741935
3,232,610,6.168852459016393
3,233,627,6.205741626794258
3,234,622,6.136655948553055
3,235,625,6.0768
3,236,598,5.961538461538462
3,237,603,5.93698175787728
3,238,592,6.14695945945946
3,239,610,6.147540983606557
3,240,615,6.195121951219512
3,241,608,6.386513157894737
3,242,601,6.5141430948419305
3,243,592,6.327702702702703
3,244,607,6.268533772652389
3,245,593,6.269814502529511
3,246,550,6.3127272727272725
3,247,527,6.15370018975332
3,248,511,6.046966731898239
3,249,518,6.0675675675675675
3,250,529,5.9886578449905485
3,251,541,6.033271719038817
3,252,537,5.934823091247672
3,253,563,5.781527531083482
3,254,543,5.961325966850829
3,255,545,5.981651376146789
3,256,530,6.1415094339622645
3,257,522,6.24904214559387
3,258,498,6.381526104417671
3,259,501,6.327345309381237
3,260,501,6.301397205588822
3,261,500,6.252
3,262,515,6.170873786407767
3,263,526,6.011406844106464
3,264,523,5.8891013384321225
3,265,535,6.009345794392523
3,266,569,6.012302284710017
3,267,575,6.165217391304348
3,268,570,6.250877192982456
3,269,542,6.145756457564576
3,270,554,6.106498194945848
3,271,572,5.893356643356643
3,272,590,5.964406779661017
3,273,580,5.827586206896552
3,274,593,5.772344013490725
3,275,606,5.871287128712871
3,276,606,5.83993399339934
3,277,620,5.877419354838709
3,278,630,6.006349206349206
3,279,626,6.123003194888179
3,280,631,6.049128367670365
3,281,628,6.0812101910828025
3,282,628,6.143312101910828
3,283,635,6.099212598425197
3,284,660,6.0196969696969695
3,285,666,6.009009009009009
3,286,707,5.9688826025459685
3,287,720,5.85
3,288,725,5.88
3,289,721,5.915395284327323
3,290,716,6.032122905027933
3,291,708,6.179378531073446
3,292,697,6.239598278335724
3,293,694,6.276657060518732
3,294,692,6.2485549132947975
3,295,722,6.106648199445983
3,296,718,6.211699164345404
3,297,743,6.0767160161507405
3,298,765,6.0967320261437905
3,299,755,6.021192052980132
3,300,760,5.99078947368421
3,301,753,6.059760956175299
3,302,767,5.973924380704042
3,303,779,5.7830551989730425
3,304,780,5.953846153846154
3,305,753,6.051792828685259
3,306,776,6.095360824742268
3,307,803,5.961394769613948
3,308,808,5.971534653465347
3,309,842,5.910926365795724
3,310,811,6.208384710234279
3,311,819,6.255189255189255
3,312,832,6.181490384615385
3,313,837,6.256869772998805
3,314,820,6.35609756097561
3,315,826,6.216707021791768
3,316,828,6.309178743961352
3,317,839,6.171632896305125
3,318,846,6.094562647754137
3,319,837,6.111111111111111
3,320,843,6.174377224199288
3,321,854,6.18384074941452
3,322,868,6.1036866359447
3,323,870,6.297701149425287
3,324,858,6.391608391608392
3,325,849,6.273262661955242
3,326,900,6.141111111111111
3,327,882,6.171201814058957
3,328,899,6.0578420467185765
3,329,946,6.0073995771670194
3,330,945,6.180952380952381
3,331,936,6.1239316239316235
3,332,938,6.110874200426439
3,333,921,6.228013029315961
3,334,875,6.306285714285714
3,335,911,6.093304061470911
3,336,907,6.080485115766263
3,337,941,6.014877789585547
3,338,941,6.125398512221041
3,339,952,6.149159663865547
3,340,941,6.064824654622742
3,341,942,5.990445859872612
3,342,958,5.991649269311065
3,343,929,6.106566200215285
3,344,929,6.077502691065662
3,345,938,6.150319829424307
3,346,953,6.097586568730326
3,347,942,6.057324840764331
3,348,960,6.021875
3,349,953,6.077649527806925
3,350,924,6.1688311688311686
3,351,912,6.180921052631579
3,352,887,6.218714768883879
3,353,888,6.190315315315315
3,354,905,6.249723756906078
3,355,913,6.173055859802847
3,356,906,6.301324503311259
3,357,906,6.153421633554084
3,358,941,5.945802337938363
3,359,946,5.881606765327696
3,360,950,5.957894736842105
3,361,923,6.026002166847237
3,362,916,6.122270742358078
3,363,919,6.205658324265506
3,364,928,6.234913793103448
3,365,935,6.131550802139038
3,366,915,6.049180327868853
3,367,939,5.996805111821086
3,368,948,5.899789029535865
3,369,957,5.932079414838036
3,370,943,6.005302226935313
3,371,954,6.235849056603773
3,372,943,6.4994697773064685
3,373,945,6.453968253968254
3,374,978,6.346625766871166
3,375,984,6.188008130081301
3,376,981,6.064220183486238
3,377,956,6.191422594142259
3,378,974,6.04517453798768
3,379,965,6.043523316062176
3,380,928,6.186422413793103
3,381,916,6.317685589519651
3,382,917,6.252998909487459
3,383,925,6.286486486486487
3,384,937,6.094983991462113
3,385,957,6.049111807732498
3,386,980,5.990816326530612
3,387,982,5.974541751527495
3,388,981,6.023445463812436
3,389,1008,5.947420634920635
3,390,1018,6.0746561886051085
3,391,1022,6.066536203522505
3,392,1020,6.133333333333334
3,393,1028,6.05544747081712
3,394,1047,5.999044890162368
3,395,1036,6.121621621621622
3,396,1026,6.076023391812866
3,397,1042,6.053742802303263
3,398,1044,6.200191570881226
3,399,1055,6.196208530805687
3,400,1065,6.08262910798122
4,0,20,0.0
4,1,20,1.0
4,2,20,2.0
4,3,20,3.0
4,4,20,4.0
4,5,20,5.0
4,6,20,6.0
4,7,20,7.0
4,8,20,8.0
4,9,27,6.666666666666667
4,10,33,6.2727272727272725
4,11,41,5.853658536585366
4,12,47,5.468085106382978
4,13,51,5.96078431372549
4,14,51,6.411764705882353
4,15,53,6.773584905660377
4,16,56,7.071428571428571
4,17,58,7.603448275862069
4,18,58,8.10344827586207
4,19,58,8.189655172413794
4,20,55,8.927272727272728
4,21,67,7.522388059701493
4,22,69,7.594202898550725
4,23,70,8.0
4,24,73,7.8493150684931505
4,25,76,7.592105263157895
4,26,82,7.451219512195122
4,27,90,7.4
4,28,89,7.752808988764045
4,29,86,8.453488372093023
4,30,97,8.144329896907216
4,31,97,8.288659793814434
4,32,94,7.574468085106383
4,33,97,7.288659793814433
4,34,99,7.242424242424242
4,35,119,6.689075630252101
4,36,122,6.450819672131147
4,37,129,6.5813953488372094
4,38,130,6.2
4,39,133,6.142857142857143
4,40,132,6.606060606060606
4,41,148,6.513513513513513
4,42,157,6.777070063694268
4,43,153,7.169934640522876
4,44,162,6.987654320987654
4,45,167,6.437125748502994
4,46,175,6.251428571428572
4,47,183,6.109289617486339
4,48,201,5.955223880597015
4,49,204,6.127450980392157
4,50,201,6.562189054726368
4,51,212,6.632075471698113
4,52,222,6.581081081081081
4,53,238,6.563025210084033
4,54,234,6.581196581196581
4,55,233,6.854077253218884
4,56,241,6.813278008298755
4,57,259,6.552123552123552
4,58,260,6.780769230769231
4,59,279,6.60573476702509
4,60,287,6.418118466898955
4,61,300,6.26
4,62,301,6.212624584717608
4,63,301,6.335548172757475
4,64,317,6.0157728706624605
4,65,328,6.289634146341464
4,66,334,6.517964071856287
4,67,312,6.4423076923076925
4,68,309,6.31715210355987
4,69,292,6.534246575342466
4,70,309,6.598705501618123
4,71,314,6.656050955414012
4,72,316,6.775316455696203
4,73,316,6.667721518987341
4,74,332,6.460843373493976
4,75,348,6.327586206896552
4,76,364,6.31043956043956
4,77,372,6.10752688172043
4,78,375,6.1066666666666665
4,79,357,6.4145658263305325
4,80,359,6.506963788300836
4,81,360,6.594444444444444
4,82,349,6.223495702005731
4,83,355,6.338028169014085
4,84,350,6.191428571428571
4,85,348,6.39367816091954
4,86,357,6.296918767507003
4,87,360,6.136111111111111
4,88,376,6.053191489361702
4,89,385,6.046753246753247
4,90,378,6.23015873015873
4,91,382,6.180628272251309
4,92,374,6.109625668449198
4,93,377,6.374005305039788
4,94,369,6.612466124661246
4,95,376,6.582446808510638
4,96,375,6.544
4,97,378,6.7592592592592595
4,98,381,6.640419947506562
4,99,413,6.549636803874092
4,100,436,6.41743119266055
4,101,437,6.324942791762013
4,102,424,6.474056603773585
4,103,413,6.5641646489104115
4,104,415,6.701204819277108
4,105,436,6.706422018348624
4,106,431,6.7331786542923435
4,107,447,6.541387024608501
4,108,452,6.584070796460177
4,109,463,6.464362850971923
4,110,466,6.493562231759657
4,111,473,6.325581395348837
4,112,464,6.532327586206897
4,113,475,6.32
4,114,478,6.324267782426778
4,115,477,6.436058700209643
4,116,494,6.370445344129554
4,117,502,6.221115537848606
4,118,512,6.099609375
4,119,516,6.195736434108527
4,120,510,6.264705882352941
4,121,496,6.199596774193548
4,122,506,6.2687747035573125
4,123,514,6.21011673151751
4,124,490,6.302040816326531
4,125,497,5.997987927565393
4,126,486,6.07201646090535
4,127,477,6.283018867924528
4,128,450,6.28
4,129,441,6.587301587301587
4,130,448,6.600446428571429
4,131,467,6.30406852248394
4,132,485,6.307216494845361
4,133,496,6.01008064516129
4,134,508,5.81496062992126
4,135,516,5.7984496124031
4,136,508,5.933070866141732
4,137,501,5.8982035928143715
4,138,492,6.126016260162602
4,139,489,6.466257668711656
4,140,495,6.193939393939394
4,141,497,6.2152917505030185
4,142,495,6.212121212121212
4,143,506,6.217391304347826
4,144,521,6.044145873320537
4,145,512,6.01171875
4,146,535,5.895327102803738
4,147,536,5.968283582089552
4,148,541,5.964879852125693
4,149,557,6.0341113105924595
4,150,567,6.079365079365079
4,151,563,6.103019538188277
4,152,572,6.173076923076923
4,153,579,6.1692573402417965
4,154,590,6.311864406779661
4,155,601,6.153078202995008
4,156,601,6.237936772046589
4,157,609,6.425287356321839
4,158,627,6.22488038277512
4,159,637,6.149136577708006
4,160,645,6.071317829457365
4,161,670,6.058208955223881
4,162,676,5.994082840236686
4,163,675,6.0562962962962965
4,164,657,6.141552511415525
4,165,645,6.30077519379845
4,166,637,6.5039246467817895
4,167,630,6.576190476190476
4,168,629,6.6120826709062
4,169,618,6.566343042071197
4,170,628,6.530254777070064
4,171,643,6.477449455676516
4,172,636,6.526729559748428
4,173,640,6.459375
4,174,691,6.276410998552822
4,175,694,6.302593659942363
4,176,709,6.150916784203103
4,177,711,6.133614627285513
4,178,714,6.0056022408963585
4,179,695,6.0071942446043165
4,180,689,5.921625544267053
4,181,700,6.062857142857143
4,182,688,6.087209302325581
4,183,709,5.856135401974612
4,184,721,6.069348127600555
4,185,733,6.207366984993179
4,186,757,6.04227212681638
4,187,749,6.118825100133511
4,188,767,6.169491525423729
4,189,763,6.1323722149410225
4,190,749,6.130841121495327
4,191,747,6.010709504685408
4,192,763,6.1192660550458715
4,193,757,6.240422721268164
4,194,753,6.184594953519256
4,195,763,6.09043250327654
4,196,753,6.211155378486056
4,197,742,6.284366576819407
4,198,744,6.127688172043011
4,199,742,6.121293800539084
4,200,726,6.207988980716253
4,201,747,6.192771084337349
4,202,763,6.0799475753604195
4,203,751,5.950732356857523
4,204,726,5.9421487603305785
4,205,761,6.0183968462549275
4,206,742,6.079514824797844
4,207,747,6.125836680053547
4,208,745,6.28993288590604
4,209,728,6.43956043956044
4,210,753,6.382470119521912
4,211,738,6.242547425474255
4,212,710,6.398591549295775
4,213,668,6.36377245508982
4,214,682,6.316715542521994
4,215,690,6.2898550724637685
4,216,693,6.288600288600288
4,217,707,6.206506364922206
4,218,706,6.2719546742209635
4,219,702,6.239316239316239
4,220,695,6.132374100719424
4,221,683,6.2503660322108345
4,222,651,6.278033794162827
4,223,636,6.514150943396227
4,224,635,6.423622047244095
4,225,644,6.304347826086956
4,226,641,6.230889235569423
4,227,683,6.1405563689604685
4,228,674,6.035608308605341
4,229,666,5.9774774774774775
4,230,687,5.946142649199418
4,231,698,5.989971346704871
4,232,675,5.955555555555556
4,233,668,6.022455089820359
4,234,680,6.069117647058824
4,235,685,6.1956204379562045
4,236,692,6.19364161849711
4,237,659,6.239757207890744
4,238,666,6.157657657657658
4,239,696,5.853448275862069
4,240,712,6.042134831460674
4,241,750,6.02
4,242,750,6.1546666666666665
4,243,743,6.348586810228802
4,244,751,6.387483355525966
4,245,752,6.23404255319149
4,246,741,6.178137651821863
4,247,737,6.17910447761194
4,248,739,6.110960757780785
4,249,748,6.105614973262032
4,250,782,5.937340153452685
4,251,770,5.972727272727273
4,252,789,6.20532319391635
4,253,799,6.225281602002503
4,254,817,6.16891064871481
4,255,817,6.310893512851897
4,256,842,6.376484560570071
4,257,866,6.2482678983833715
4,258,860,6.032558139534884
4,259,853,6.121922626025792
4,260,864,6.006944444444445
4,261,835,6.087425149700599
4,262,837,6.144563918757467
4,263,836,6.083732057416268
4,264,851,6.353701527614571
4,265,847,6.29279811097993
4,266,839,6.241954707985697
4,267,849,6.379269729093051
4,268,835,6.383233532934132
4,269,828,6.18719806763285
4,270,831,6.137184115523466
4,271,845,6.085207100591716
4,272,828,6.119565217391305
4,273,829,6.150784077201448
4,274,825,6.1866666666666665
4,275,818,6.375305623471883
4,276,825,6.258181818181818
4,277,838,6.20763723150358
4,278,842,6.014251781472684
4,279,861,6.073170731707317
4,280,891,6.0033670033670035
4,281,887,6.196166854565953
4,282,906,6.194260485651214
4,283,918,6.266884531590414
4,284,923,6.242686890574214
4,285,936,6.19017094017094
4,286,945,6.132275132275132
4,287,938,6.294243070362473
4,288,928,6.179956896551724
4,289,932,6.039699570815451
4,290,931,6.277121374865736
4,291,941,6.351753453772583
4,292,972,6.253086419753086
4,293,982,6.35132382892057
4,294,967,6.265770423991727
4,295,966,6.3602484472049685
4,296,977,6.148413510747186
4,297,978,6.141104294478527
4,298,983,6.100712105798576
4,299,984,6.280487804878049
4,300,979,6.292134831460674
4,301,991,6.2219979818365285
4,302,1011,6.045499505440159
4,303,1027,6.059396299902629
4,304,1027,6.140214216163583
4,305,1033,6.103581800580833
4,306,1037,6.180327868852459
4,307,1029,6.242954324586978
4,308,1046,6.17112810707457
4,309,1040,6.033653846153846
4,310,1065,6.188732394366197
4,311,1085,6.1815668202764975
4,312,1096,6.239051094890511
4,313,1097,6.178669097538742
4,314,1102,6.243194192377495
4,315,1122,6.209447415329768
4,316,1166,6.10377358490566
4,317,1119,6.223413762287757
4,318,1108,6.118231046931408
4,319,1120,6.132142857142857
4,320,1112,6.238309352517986
4,321,1127,6.196095829636202
4,322,1117,6.068934646374217
4,323,1150,6.044347826086956
4,324,1152,6.115451388888889
4,325,1163,6.058469475494411
4,326,1166,6.019725557461406
4,327,1126,6.059502664298401
4,328,1113,6.118598382749326
4,329,1124,6.237544483985765
4,330,1113,6.335130278526505
4,331,1121,6.328278322925959
4,332,1122,6.193404634581105
4,333,1167,6.212510711225364
4,334,1184,6.147804054054054
4,335,1209,6.062034739454094
4,336,1222,6.027004909983633
4,337,1194,6.1214405360134005
4,338,1209,6.244830438378825
4,339,1224,6.1495098039215685
4,340,1226,6.196574225122349
4,341,1237,6.1818916734033955
4,342,1224,6.130718954248366
4,343,1215,6.173662551440329
4,344,1227,6.11002444987775
4,345,1269,6.095350669818755
4,346,1271,6.161290322580645
4,347,1287,6.223776223776224
4,348,1294,6.171561051004637
4,349,1305,6.128735632183908
4,350,1318,6.166919575113809
4,351,1319,6.21986353297953
4,352,1305,6.171647509578544
4,353,1276,6.311128526645768
4,354,1295,6.325096525096525
4,355,1314,6.191019786910198
4,356,1326,6.223981900452489
4,357,1360,6.052205882352941
4,358,1374,6.129548762736536
4,359,1342,6.119970193740685
4,360,1342,6.269746646795827
4,361,1365,6.125274725274726
4,362,1375,6.182545454545455
4,363,1328,6.200301204819277
4,364,1322,6.263993948562784
4,365,1309,6.446906035141329
4,366,1321,6.381529144587434
4,367,1298,6.294298921417566
4,368,1311,6.217391304347826
4,369,1295,6.224710424710425
4,370,1288,6.172360248447205
4,371,1304,6.1142638036809815
4,372,1339,6.067214339058999
4,373,1350,5.978518518518518
4,374,1334,5.926536731634183
4,375,1336,5.951347305389222
4,376,1327,6.012057272042201
4,377,1336,6.0793413173652695
4,378,1343,6.157855547282204
4,379,1313,6.2772277227722775
4,380,1312,6.291158536585366
4,381,1307,6.254016832440704
4,382,1311,6.218916857360793
4,383,1315,6.065399239543726
4,384,1332,6.125375375375375
4,385,1326,6.187028657616893
4,386,1324,6.096676737160121
4,387,1308,6.178134556574924
4,388,1321,6.22558667676003
4,389,1297,6.235929067077872
4,390,1310,6.208396946564886
4,391,1338,6.123318385650224
4,392,1351,6.108808290155441
4,393,1387,6.089401586157174
4,394,1368,6.152777777777778
4,395,1376,6.192587209302325
4,396,1400,6.140714285714286
4,397,1427,6.189208128941836
4,398,1428,6.215686274509804
4,399,1443,6.0644490644490645
4,400,1441,6.081887578070784
5,0,20,0.0
5,1,20,1.0
5,2,20,2.0
5,3,19,3.0
5,4,19,4.0
5,5,19,5.0
5,6,19,6.0
5,7,18,7.0
5,8,18,8.0
5,9,22,7.363636363636363
5,10,28,6.571428571428571
5,11,32,6.625
5,12,36,6.388888888888889
5,13,38,6.578947368421052
5,14,45,6.088888888888889
5,15,49,6.510204081632653
5,16,54,6.2592592592592595
5,17,55,6.4363636363636365
5,18,58,6.275862068965517
5,19,62,6.596774193548387
5,20,57,7.2105263157894735
5,21,64,6.8125
5,22,68,6.838235294117647
5,23,71,7.225352112676056
5,24,72,7.638888888888889
5,25,77,7.5064935064935066
5,26,90,6.944444444444445
5,27,94,7.074468085106383
5,28,103,7.223300970873787
5,29,114,7.017543859649122
5,30,115,7.095652173913043
5,31,126,6.507936507936508
5,32,118,6.220338983050848
5,33,124,6.629032258064516
5,34,122,7.19672131147541
5,35,129,6.705426356589148
5,36,131,6.66412213740458
5,37,134,6.544776119402985
5,38,145,6.103448275862069
5,39,149,6.295302013422819
5,40,157,6.414012738853503
5,41,171,6.304093567251462
5,42,188,6.377659574468085
5,43,203,6.221674876847291
5,44,209,6.37799043062201
5,45,208,6.663461538461538
5,46,197,6.517766497461929
5,47,183,7.054644808743169
5,48,189,7.015873015873016
5,49,189,7.01058201058201
5,50,217,6.225806451612903
5,51,215,6.576744186046511
5,52,237,6.189873417721519
5,53,251,6.366533864541832
5,54,281,6.181494661921708
5,55,278,6.309352517985611
5,56,276,6.163043478260869
5,57,275,6.294545454545455
5,58,272,6.047794117647059
5,59,278,6.10431654676259
5,60,286,6.2027972027972025
5,61,295,6.213559322033898
5,62,302,6.440397350993377
5,63,330,6.221212121212122
5,64,339,6.3657817109144545
5,65,349,6.3810888252149
5,66,345,6.768115942028985
5,67,325,6.913846153846154
5,68,311,6.771704180064309
5,69,332,6.325301204819277
5,70,332,6.213855421686747
5,71,342,6.37719298245614
5,72,342,6.491228070175438
5,73,343,6.740524781341108
5,74,350,6.637142857142857
5,75,348,6.531609195402299
5,76,375,6.474666666666667
5,77,384,6.177083333333333
5,78,380,6.213157894736842
5,79,391,5.936061381074169
5,80,381,5.863517060367454
5,81,415,5.67710843373494
5,82,420,5.730952380952381
5,83,429,5.806526806526806
5,84,448,6.022321428571429
5,85,438,6.212328767123288
5,86,450,6.135555555555555
5,87,439,6.220956719817767
5,88,438,6.4908675799086755
5,89,436,6.261467889908257
5,90,452,6.451327433628318
5,91,461,6.275488069414317
5,92,457,6.433260393873085
5,93,476,5.98109243697479
5,94,493,5.963488843813387
5,95,482,6.016597510373444
5,96,495,6.03030303030303
5,97,477,6.079664570230608
5,98,478,5.874476987447698
5,99,470,6.042553191489362
5,100,472,5.987288135593221
5,101,470,6.178723404255319
5,102,466,6.405579399141631
5,103,488,6.090163934426229
5,104,489,6.059304703476482
5,105,493,6.0060851926977685
5,106,504,6.192460317460317
5,107,506,6.256916996047431
5,108,517,6.121856866537717
5,109,522,5.954022988505747
5,110,526,6.134980988593156
5,111,506,6.456521739130435
5,112,512,6.392578125
5,113,524,6.301526717557252
5,114,519,6.366088631984586
5,115,516,6.406976744186046
5,116,529,6.325141776937619
5,117,511,6.4129158512720155
5,118,513,6.282651072124756
5,119,519,6.258188824662813
5,120,513,6.413255360623782
5,121,520,6.375
5,122,531,6.4030131826742
5,123,548,6.377737226277373
5,124,560,6.3875
5,125,568,6.415492957746479
5,126,540,6.5018518518518515
5,127,537,6.558659217877095
5,128,544,6.391544117647059
5,129,539,6.283858998144712
5,130,536,6.369402985074627
5,131,541,6.33271719038817
5,132,554,6.241877256317689
5,133,570,6.2894736842105265
5,134,559,6.368515205724508
5,135,559,6.309481216457961
5,136,570,6.143859649122807
5,137,588,6.170068027210885
5,138,616,5.85551948051948
5,139,622,5.805466237942122
5,140,625,5.9104
5,141,620,5.987096774193549
5,142,612,6.160130718954249
5,143,596,6.174496644295302
5,144,618,6.224919093851133
5,145,627,6.330143540669856
5,146,638,6.136363636363637
5,147,645,6.162790697674419
5,148,668,5.9655688622754495
5,149,689,5.988388969521045
5,150,673,6.078751857355126
5,151,691,6.069464544138929
5,152,674,6.054896142433234
5,153,662,6.113293051359516
5,154,649,6.288135593220339
5,155,650,6.203076923076923
5,156,638,6.2962382445141065
5,157,639,6.22378716744914
5,158,660,6.177272727272728
5,159,655,5.948091603053435
5,160,674,6.089020771513353
5,161,663,6.03921568627451
5,162,676,5.986686390532545
5,163,689,6.056603773584905
5,164,683,6.039531478770132
5,165,660,6.198484848484848
5,166,651,6.43778801843318
5,167,633,6.436018957345971
5,168,652,6.242331288343558
5,169,655,6.1725190839694655
5,170,674,6.173590504451038
5,171,675,6.263703703703704
5,172,682,6.159824046920821
5,173,695,6.117985611510791
5,174,703,6.145092460881934
5,175,701,6.1697574893009985
5,176,672,6.1875
5,177,704,6.076704545454546
5,178,696,5.982758620689655
5,179,704,5.823863636363637
5,180,714,5.901960784313726
5,181,698,5.9756446991404015
5,182,720,6.070833333333334
5,183,714,6.0476190476190474
5,184,712,6.133426966292135
5,185,695,6.211510791366907
5,186,717,6.249651324965132
5,187,725,6.060689655172414
5,188,725,6.241379310344827
5,189,745,6.170469798657718
5,190,754,5.912466843501326
5,191,748,6.114973262032086
5,192,753,6.220451527224435
5,193,737,6.30257801899593
5,194,743,6.246298788694482
5,195,728,6.318681318681318
5,196,704,6.451704545454546
5,197,676,6.628698224852071
5,198,701,6.423680456490728
5,199,720,6.334722222222222
5,200,747,6.061579651941098
5,201,763,6.146788990825688
5,202,775,6.260645161290323
5,203,802,6.107231920199501
5,204,812,6.107142857142857
5,205,818,6.226161369193154
5,206,818,6.30562347188264
5,207,835,6.3053892215568865
5,208,857,6.235705950991832
5,209,874,6.257437070938215
5,210,885,6.071186440677966
5,211,873,6.123711340206185
5,212,899,6.042269187986652
5,213,869,6.223245109321058
5,214,875,6.236571428571429
5,215,855,6.343859649122807
5,216,867,6.122260668973472
5,217,906,6.026490066225166
5,218,948,6.188818565400844
5,219,941,6.10308182784272
5,220,973,5.937307297019527
5,221,984,5.990853658536586
5,222,989,5.975733063700708
5,223,981,6.097859327217125
5,224,978,6.301635991820041
5,225,986,6.255578093306288
5,226,964,6.236514522821577
5,227,1001,6.1568431568431565
5,228,1008,6.060515873015873
5,229,1039,5.982675649663138
5,230,1039,6.090471607314726
5,231,1053,5.952516619183286
5,232,1087,5.885924563017479
5,233,1091,5.924839596700275
5,234,1079,5.9156626506024095
5,235,1073,6.109040074557316
5,236,1060,6.200943396226415
5,237,1060,6.213207547169811
5,238,1065,6.24225352112676
5,239,1073,6.150046598322461
5,240,1085,6.082027649769585
5,241,1120,5.988392857142857
5,242,1119,6.06076854334227
5,243,1135,6.08193832599119
5,244,1144,6.106643356643357
5,245,1173,6.041773231031543
5,246,1160,6.095689655172414
5,247,1129,6.191319751992914
5,248,1122,6.197860962566845
5,249,1124,6.27491103202847
5,250,1130,6.327433628318584
5,251,1147,6.22667829119442
5,252,1196,6.127090301003345
5,253,1207,6.1574150787075395
5,254,1233,6.077047850770478
5,255,1212,6.21039603960396
5,256,1222,6.256137479541735
5,257,1207,6.31980115990058
5,258,1171,6.438087105038429
5,259,1167,6.32133676092545
5,260,1185,6.189029535864979
5,261,1180,6.258474576271187
5,262,1204,6.172757475083056
5,263,1229,6.217249796582587
5,264,1222,6.223404255319149
5,265,1232,6.112012987012987
5,266,1234,6.03484602917342
5,267,1216,6.160361842105263
5,268,1237,6.144704931285368
5,269,1226,6.062805872756933
5,270,1204,6.151993355481728
5,271,1198,6.308848080133556
5,272,1217,6.193097781429746
5,273,1229,6.267697314890155
5,274,1227,6.160554197229014
5,275,1248,6.138621794871795
5,276,1272,6.168238993710692
5,277,1274,5.978806907378336
5,278,1263,6.036421219319082
5,279,1272,5.994496855345912
5,280,1249,6.164931945556445
5,281,1233,6.252230332522303
5,282,1231,6.3070674248578396
5,283,1256,6.180732484076433
5,284,1271,6.112509834775767
5,285,1291,6.147172734314485
5,286,1306,6.229709035222052
5,287,1310,6.283206106870229
5,288,1349,6.16234247590808
5,289,1317,6.205770690964313
5,290,1325,6.243773584905661
5,291,1315,6.254752851711027
5,292,1279,6.266614542611415
5,293,1263,6.317498020585907
5,294,1260,6.347619047619047
5,295,1292,6.295665634674923
5,296,1319,6.212282031842305
5,297,1323,6.173847316704459
5,298,1325,6.192452830188679
5,299,1274,6.054945054945055
5,300,1272,6.065251572327044
5,301,1265,6.184189723320158
5,302,1255,6.2318725099601595
5,303,1269,6.191489361702128
5,304,1281,6.31928181108509
5,305,1273,6.319717203456403
5,306,1273,6.318931657501964
5,307,1271,6.214004720692368
5,308,1302,6.062980030721966
5,309,1295,6.122007722007722
5,310,1303,6.022256331542594
5,311,1283,6.089633671083399
5,312,1324,5.994712990936556
5,313,1321,6.06888720666162
5,314,1276,6.193573667711599
5,315,1261,6.299762093576526
5,316,1265,6.168379446640317
5,317,1271,6.258064516129032
5,318,1289,6.270752521334368
5,319,1305,6.30727969348659
5,320,1317,6.241457858769932
5,321,1351,6.145817912657291
5,322,1337,6.12490650710546
5,323,1319,6.153904473085671
5,324,1284,6.1993769470404985
5,325,1286,6.150077760497667
5,326,1303,6.165003837298542
5,327,1298,6.307395993836672
5,328,1283,6.4224473889321905
5,329,1289,6.470131885182312
5,330,1334,6.200899550224888
5,331,1338,5.997010463378176
5,332,1372,5.880466472303207
5,333,1406,5.88620199146515
5,334,1424,5.836376404494382
5,335,1425,5.965614035087719
5,336,1438,6.063282336578581
5,337,1407,6.243781094527363
5,338,1393,6.272792534099067
5,339,1401,6.1862955032119915
5,340,1406,6.281650071123756
5,341,1401,6.433261955745896
5,342,1425,6.350175438596491
5,343,1454,6.224896836313618
5,344,1488,6.065860215053763
5,345,1498,5.9652870493991985
5,346,1521,5.976988823142669
5,347,1528,6.043193717277487
5,348,1524,6.091863517060368
5,349,1527,6.192534381139489
5,350,1552,6.078608247422681
5,351,1532,6.272193211488251
5,352,1531,6.24101894186806
5,353,1559,6.246953175112251
5,354,1573,6.38652256834075
5,355,1565,6.346325878594249
5,356,1565,6.299680511182109
5,357,1543,6.313026571613739
5,358,1573,6.22949777495232
5,359,1570,6.294904458598726
5,360,1555,6.377491961414791
5,361,1567,6.238034460753031
5,362,1562,6.3079385403329065
5,363,1574,6.2604828462515885
5,364,1578,6.253485424588086
5,365,1609,6.139838408949658
5,366,1599,6.0819262038774236
5,367,1575,6.164444444444444
5,368,1599,6.176985616010006
5,369,1610,6.068322981366459
5,370,1628,6.128992628992629
5,371,1628,6.058353808353808
5,372,1633,6.301898346601347
5,373,1658,6.264776839565742
5,374,1670,6.27125748502994
5,375,1629,6.276243093922652
5,376,1624,6.395935960591133
5,377,1632,6.321691176470588
5,378,1610,6.414285714285715
5,379,1604,6.354738154613466
5,380,1595,6.376802507836991
5,381,1552,6.4375
5,382,1561,6.286995515695067
5,383,1586,6.1923076923076925
5,384,1593,6.0790960451977405
5,385,1616,5.928217821782178
5,386,1605,6.066043613707165
5,387,1577,6.178186429930247
5,388,1593,6.055241682360326
5,389,1596,6.0206766917293235
5,390,1634,6.011627906976744
5,391,1611,6.070142768466791
5,392,1623,6.179297597042514
5,393,1616,6.271039603960396
5,394,1657,6.1997585998793
5,395,1687,6.20746887966805
5,396,1696,6.201650943396227
5,397,1682,6.280023781212842
5,398,1661,6.216736905478627
5,399,1723,5.993035403366222
5,400,1729,6.013880855986119
6,0,20,0.0
6,1,20,1.0
6,2,20,2.0
6,3,20,3.0
6,4,20,4.0
6,5,19,5.0
6,6,19,6.0
6,7,19,7.0
6,8,19,8.0
6,9,25,6.84
6,10,27,7.2592592592592595
6,11,36,5.888888888888889
6,12,38,6.526315789473684
6,13,40,6.5
6,14,48,6.041666666666667
6,15,60,5.633333333333334
6,16,62,6.419354838709677
6,17,63,7.190476190476191
6,18,66,7.545454545454546
6,19,66,7.893939393939394
6,20,76,6.9868421052631575
6,21,87,6.459770114942529
6,22,90,6.644444444444445
6,23,94,6.797872340425532
6,24,111,6.063063063063063
6,25,124,5.959677419354839
6,26,132,6.234848484848484
6,27,135,6.4
6,28,129,6.8604651162790695
6,29,131,7.282442748091603
6,30,145,6.972413793103448
6,31,152,7.078947368421052
6,32,156,6.493589743589744
6,33,164,6.634146341463414
6,34,169,6.733727810650888
6,35,180,6.705555555555556
6,36,190,6.673684210526316
6,37,204,6.53921568627451
6,38,203,7.054187192118227
6,39,215,6.902325581395349
6,40,214,7.014018691588785
6,41,214,7.121495327102804
6,42,213,7.178403755868545
6,43,208,7.399038461538462
6,44,212,7.363207547169812
6,45,215,6.669767441860465
6,46,215,6.888372093023256
6,47,218,6.935779816513762
6,48,213,6.446009389671362
6,49,216,6.398148148148148
6,50,211,6.687203791469194
6,51,218,6.481651376146789
6,52,216,6.513888888888889
6,53,214,6.700934579439252
6,54,212,7.061320754716981
6,55,213,6.629107981220657
6,56,227,6.343612334801762
6,57,227,6.383259911894273
6,58,235,6.336170212765958
6,59,249,6.341365461847389
6,60,255,6.458823529411765
6,61,265,6.249056603773585
6,62,272,6.238970588235294
6,63,282,5.950354609929078
6,64,278,6.251798561151079
6,65,298,6.097315436241611
6,66,292,6.325342465753424
6,67,284,6.450704225352113
6,68,277,6.588447653429603
6,69,292,6.482876712328767
6,70,277,6.555956678700361
6,71,273,6.633699633699634
6,72,279,6.523297491039426
6,73,276,6.655797101449275
6,74,284,6.883802816901408
6,75,293,6.57679180887372
6,76,293,6.375426621160409
6,77,286,6.353146853146853
6,78,288,6.28125
6,79,279,6.279569892473118
6,80,274,6.408759124087592
6,81,284,6.352112676056338
6,82,300,6.09
6,83,305,6.00655737704918
6,84,311,5.987138263665595
6,85,297,6.262626262626263
6,86,290,6.141379310344828
6,87,283,6.127208480565371
6,88,266,6.007518796992481
6,89,271,5.885608856088561
6,90,265,5.826415094339622
6,91,272,5.8713235294117645
6,92,248,6.209677419354839
6,93,236,6.084745762711864
6,94,241,6.24896265560166
6,95,241,6.4896265560165975
6,96,250,6.508
6,97,244,6.713114754098361
6,98,260,6.303846153846154
6,99,258,6.162790697674419
6,100,248,6.258064516129032
6,101,244,5.885245901639344
6,102,228,6.324561403508772
6,103,231,6.354978354978355
6,104,220,6.259090909090909
6,105,221,6.497737556561086
6,106,210,6.442857142857143
6,107,218,6.298165137614679
6,108,201,6.432835820895522
6,109,195,6.938461538461539
6,110,207,6.318840579710145
6,111,204,5.995098039215686
6,112,207,6.043478260869565
6,113,202,6.089108910891089
6,114,207,6.270531400966184
6,115,202,6.579207920792079
6,116,198,6.585858585858586
6,117,193,6.803108808290156
6,118,192,6.494791666666667
6,119,201,6.263681592039801
6,120,212,6.221698113207547
6,121,207,5.995169082125604
6,122,205,6.35609756097561
6,123,194,6.561855670103093
6,124,178,6.443820224719101
6,125,179,6.603351955307263
6,126,185,6.45945945945946
6,127,194,5.798969072164948
6,128,189,5.894179894179894
6,129,204,5.661764705882353
6,130,217,5.714285714285714
6,131,214,5.714953271028038
6,132,212,6.004716981132075
6,133,204,6.220588235294118
6,134,190,6.536842105263158
6,135,189,6.703703703703703
6,136,190,6.636842105263158
6,137,192,6.59375
6,138,192,6.8125
6,139,200,6.66
6,140,212,6.40566037735849
6,141,238,6.260504201680672
6,142,229,5.9825327510917035
6,143,226,5.8628318584070795
6,144,220,6.259090909090909
6,145,232,6.456896551724138
6,146,249,6.542168674698795
6,147,262,6.1183206106870225
6,148,261,6.195402298850575
6,149,265,6.2
6,150,264,6.246212121212121
6,151,266,6.203007518796992
6,152,269,6.026022304832714
6,153,275,6.058181818181819
6,154,285,5.985964912280702
6,155,277,6.274368231046932
6,156,268,6.391791044776119
6,157,267,6.359550561797753
6,158,282,6.24822695035461
6,159,284,6.397887323943662
6,160,297,6.1952861952861955
6,161,313,6.003194888178914
6,162,319,6.106583072100314
6,163,325,6.049230769230769
6,164,304,6.032894736842105
6,165,296,5.95945945945946
6,166,295,6.257627118644068
6,167,290,6.086206896551724
6,168,290,6.2379310344827585
6,169,294,6.418367346938775
6,170,311,6.430868167202572
6,171,325,6.1753846153846155
6,172,326,6.104294478527607
6,173,335,6.074626865671642
6,174,334,6.077844311377246
6,175,340,5.8882352941176475
6,176,334,5.970059880239521
6,177,334,6.200598802395209
6,178,336,6.125
6,179,320,6.421875
6,180,311,6.678456591639871
6,181,308,6.9188311688311686
6,182,311,6.842443729903537
6,183,302,6.950331125827814
6,184,300,6.6033333333333335
6,185,309,6.3624595469255665
6,186,307,6.280130293159609
6,187,286,5.993006993006993
6,188,273,5.948717948717949
6,189,268,6.08955223880597
6,190,268,6.455223880597015
6,191,259,6.5675675675675675
6,192,265,6.1773584905660375
6,193,277,6.0324909747292415
6,194,283,5.939929328621908
6,195,281,6.092526690391459
6,196,272,6.018382352941177
6,197,271,5.929889298892989
6,198,266,6.315789473684211
6,199,263,6.448669201520913
6,200,263,6.600760456273764
6,201,265,6.584905660377358
6,202,280,5.957142857142857
6,203,292,5.852739726027397
6,204,295,5.779661016949152
6,205,283,5.770318021201414
6,206,270,6.237037037037037
6,207,279,6.225806451612903
6,208,279,6.129032258064516
6,209,273,6.2234432234432235
6,210,265,6.384905660377359
6,211,263,6.855513307984791
6,212,264,6.621212121212121
6,213,266,6.390977443609023
6,214,258,6.151162790697675
6,215,247,6.368421052631579
6,216,259,5.818532818532819
6,217,250,5.708
6,218,241,5.871369294605809
6,219,247,5.939271255060729
6,220,243,5.954732510288066
6,221,249,5.819277108433735
6,222,241,5.6970954356846475
6,223,242,6.066115702479339
6,224,239,6.2426778242677825
6,225,249,5.967871485943775
6,226,246,6.105691056910569
6,227,244,6.0
6,228,241,5.987551867219917
6,229,242,6.18595041322314
6,230,250,6.292
6,231,238,6.15546218487395
6,232,237,6.329113924050633
6,233,222,6.2207207207207205
6,234,230,6.230434782608696
6,235,234,6.256410256410256
6,236,241,5.970954356846473
6,237,254,5.9763779527559056
6,238,251,5.844621513944223
6,239,251,5.920318725099602
6,240,246,6.085365853658536
6,241,257,5.992217898832685
6,242,251,6.135458167330677
6,243,252,6.238095238095238
6,244,244,6.5
6,245,241,6.672199170124482
6,246,234,6.722222222222222
6,247,239,6.669456066945607
6,248,242,6.099173553719008
6,249,233,6.1931330472103
6,250,219,6.178082191780822
6,251,222,6.018018018018018
6,252,227,6.176211453744493
6,253,224,6.107142857142857
6,254,216,6.018518518518518
6,255,216,6.055555555555555
6,256,223,6.2825112107623315
6,257,224,6.098214285714286
6,258,226,6.212389380530974
6,259,233,6.081545064377682
6,260,234,6.299145299145299
6,261,250,5.844
6,262,251,5.916334661354582
6,263,247,5.939271255060729
6,264,250,6.064
6,265,259,5.857142857142857
6,266,245,5.575510204081633
6,267,256,5.6640625
6,268,247,5.955465587044534
6,269,243,5.958847736625515
6,270,232,6.172413793103448
6,271,225,6.208888888888889
6,272,223,6.403587443946188
6,273,223,6.461883408071749
6,274,218,6.422018348623853
6,275,205,6.46829268292683
6,276,199,6.839195979899498
6,277,207,6.695652173913044
6,278,207,6.420289855072464
6,279,217,6.221198156682028
6,280,228,5.87280701754386
6,281,246,6.028455284552845
6,282,255,5.670588235294118
6,283,254,5.74015748031496
6,284,251,6.127490039840637
6,285,240,6.108333333333333
6,286,239,6.2552301255230125
6,287,239,6.03765690376569
6,288,250,6.152
6,289,250,6.248
6,290,255,6.0549019607843135
6,291,263,5.745247148288973
6,292,250,6.056
6,293,247,6.17004048582996
6,294,247,6.182186234817814
6,295,252,6.253968253968254
6,296,251,6.382470119521912
6,297,239,6.389121338912134
6,298,246,6.333333333333333
6,299,241,6.390041493775934
6,300,238,6.420168067226891
6,301,246,5.857723577235772
6,302,247,5.862348178137652
6,303,249,6.016064257028113
6,304,244,6.25
6,305,253,6.138339920948616
6,306,243,6.473251028806584
6,307,234,6.534188034188034
6,308,233,6.716738197424893
6,309,230,6.565217391304348
6,310,238,6.466386554621849
6,311,233,6.2703862660944205
6,312,230,6.160869565217391
6,313,231,6.212121212121212
6,314,225,6.097777777777778
6,315,226,6.1415929203539825
6,316,234,6.17948717948718
6,317,226,6.247787610619469
6,318,223,6.322869955156951
6,319,210,6.40952380952381
6,320,220,6.318181818181818
6,321,226,5.933628318584071
6,322,216,6.217592592592593
6,323,234,5.85042735042735
6,324,237,5.679324894514768
6,325,243,5.617283950617284
6,326,243,5.720164609053498
6,327,237,5.7594936708860756
6,328,227,6.07488986784141
6,329,209,6.315789473684211
6,330,198,6.333333333333333
6,331,195,6.564102564102564
6,332,196,6.331632653061225
6,333,206,6.252427184466019
6,334,197,6.355329949238579
6,335,205,6.024390243902439
6,336,210,6.042857142857143
6,337,224,5.714285714285714
6,338,222,5.837837837837838
6,339,216,5.773148148148148
6,340,218,5.981651376146789
6,341,205,6.209756097560976
6,342,198,6.207070707070707
6,343,195,6.302564102564102
6,344,190,6.342105263157895
6,345,195,6.528205128205128
6,346,207,6.391304347826087
6,347,216,6.282407407407407
6,348,221,6.34841628959276
6,349,224,6.0625
6,350,226,5.8097345132743365
6,351,223,6.004484304932736
6,352,231,6.121212121212121
6,353,233,5.832618025751073
6,354,221,6.0588235294117645
6,355,226,6.376106194690266
6,356,218,6.527522935779817
6,357,224,6.59375
6,358,236,6.351694915254237
6,359,230,6.482608695652174
6,360,240,6.158333333333333
6,361,245,6.2
6,362,257,5.8599221789883265
6,363,263,5.783269961977187
6,364,273,6.0
6,365,267,5.97378277153558
6,366,276,5.963768115942029
6,367,273,6.0366300366300365
6,368,274,6.211678832116788
6,369,274,6.244525547445256
6,370,286,6.129370629370629
6,371,285,6.045614035087719
6,372,296,6.016891891891892
6,373,298,6.110738255033557
6,374,290,6.458620689655173
6,375,285,6.5964912280701755
6,376,278,6.607913669064748
6,377,299,6.391304347826087
6,378,310,6.174193548387096
6,379,306,6.362745098039215
6,380,306,6.366013071895424
6,381,304,6.059210526315789
6,382,323,5.786377708978328
6,383,328,5.7682926829268295
6,384,341,5.841642228739003
6,385,332,6.090361445783133
6,386,335,6.226865671641791
6,387,342,6.2631578947368425
6,388,336,6.050595238095238
6,389,343,6.099125364431487
6,390,362,6.077348066298343
6,391,358,6.332402234636872
6,392,374,6.053475935828877
6,393,376,6.289893617021277
6,394,382,6.293193717277487
6,395,385,6.324675324675325
6,396,366,6.60655737704918
6,397,382,6.5
6,398,407,6.1547911547911545
6,399,387,6.3462532299741605
6,400,389,6.133676092544987
7,0,20,0.0
7,1,20,1.0
7,2,20,2.0
7,3,20,3.0
7,4,20,4.0
7,5,20,5.0
7,6,20,6.0
7,7,20,7.0
7,8,20,8.0
7,9,24,7.5
7,10,32,6.375
7,11,38,6.2105263157894735
7,12,46,5.956521739130435
7,13,47,6.531914893617022
7,14,55,6.4363636363636365
7,15,63,6.492063492063492
7,16,65,7.153846153846154
7,17,66,7.4393939393939394
7,18,73,7.109589041095891
7,19,81,7.185185185185185
7,20,85,7.0
7,21,89,7.292134831460674
7,22,99,7.222222222222222
7,23,99,7.575757575757576
7,24,91,7.967032967032967
7,25,99,7.767676767676767
7,26,105,7.552380952380952
7,27,108,7.972222222222222
7,28,116,7.543103448275862
7,29,129,7.224806201550388
7,30,126,7.373015873015873
7,31,134,7.052238805970149
7,32,126,6.325396825396825
7,33,129,6.317829457364341
7,34,139,6.7913669064748206
7,35,148,6.763513513513513
7,36,156,6.826923076923077
7,37,158,6.89873417721519
7,38,163,6.723926380368098
7,39,182,6.357142857142857
7,40,188,6.654255319148936
7,41,202,6.48019801980198
7,42,202,6.381188118811881
7,43,212,6.259433962264151
7,44,219,6.360730593607306
7,45,227,6.136563876651983
7,46,240,6.0375
7,47,234,6.397435897435898
7,48,237,6.324894514767933
7,49,255,6.309803921568627
7,50,269,6.16728624535316
7,51,284,5.975352112676056
7,52,288,6.215277777777778
7,53,293,6.262798634812286
7,54,299,6.468227424749164
7,55,291,6.450171821305842
7,56,288,6.434027777777778
7,57,273,6.714285714285714
7,58,274,6.62043795620438
7,59,282,6.560283687943262
7,60,277,6.689530685920578
7,61,284,6.616197183098592
7,62,296,6.425675675675675
7,63,295,6.271186440677966
7,64,298,6.060402684563758
7,65,297,6.427609427609427
7,66,305,6.645901639344262
7,67,305,6.80655737704918
7,68,306,6.571895424836601
7,69,320,6.184375
7,70,317,6.369085173501578
7,71,314,6.417197452229299
7,72,317,6.334384858044164
7,73,320,6.10625
7,74,324,6.12962962962963
7,75,335,6.259701492537314
7,76,331,6.347432024169184
7,77,338,6.2485207100591715
7,78,322,6.03416149068323
7,79,327,6.107033639143731
7,80,337,6.035608308605341
7,81,343,6.084548104956268
7,82,352,6.213068181818182
7,83,349,6.255014326647564
7,84,350,6.3428571428571425
7,85,368,6.3478260869565215
7,86,388,6.11340206185567
7,87,390,6.184615384615385
7,88,382,6.31151832460733
7,89,401,6.261845386533666
7,90,397,6.138539042821159
7,91,406,6.071428571428571
7,92,410,6.35609756097561
7,93,408,6.348039215686274
7,94,407,6.582309582309582
7,95,419,6.637231503579952
7,96,455,6.1340659340659345
7,97,494,5.90080971659919
7,98,517,5.992263056092844
7,99,514,5.9319066147859925
7,100,532,5.977443609022556
7,101,553,5.925858951175407
7,102,556,6.037769784172662
7,103,528,6.25
7,104,533,6.3958724202626644
7,105,530,6.373584905660377
7,106,552,6.429347826086956
7,107,545,6.565137614678899
7,108,563,6.525754884547069
7,109,567,6.320987654320987
7,110,578,6.157439446366782
7,111,586,6.124573378839591
7,112,599,6.181969949916527
7,113,598,6.2274247491638794
7,114,594,6.395622895622895
7,115,598,6.423076923076923
7,116,594,6.533670033670034
7,117,612,6.3431372549019605
7,118,600,6.3133333333333335
7,119,595,6.213445378151261
7,120,624,6.1923076923076925
7,121,649,6.033898305084746
7,122,652,6.069018404907975
7,123,644,6.248447204968944
7,124,639,6.411580594679187
7,125,608,6.5180921052631575
7,126,579,6.6286701208981
7,127,580,6.6
7,128,589,6.3497453310696095
7,129,594,6.32996632996633
7,130,577,6.214904679376083
7,131,595,6.122689075630252
7,132,616,5.9480519480519485
7,133,606,5.991749174917492
7,134,599,6.031719532554257
7,135,591,6.16751269035533
7,136,592,6.214527027027027
7,137,584,6.351027397260274
7,138,582,6.381443298969073
7,139,592,6.405405405405405
7,140,616,6.39935064935065
7,141,620,6.391935483870967
7,142,624,6.350961538461538
7,143,616,6.290584415584416
7,144,609,6.308702791461412
7,145,613,6.132137030995106
7,146,602,6.053156146179402
7,147,598,6.285953177257525
7,148,613,6.239804241435563
7,149,631,6.096671949286846
7,150,642,6.183800623052959
7,151,634,6.247634069400631
7,152,623,6.271268057784912
7,153,619,6.234248788368336
7,154,632,6.294303797468355
7,155,625,6.1984
7,156,629,6.3116057233704295
7,157,603,6.474295190713101
7,158,617,6.1426256077795784
7,159,596,6.068791946308725
7,160,599,6.091819699499165
7,161,581,5.8588640275387265
7,162,582,5.907216494845361
7,163,582,6.036082474226804
7,164,582,6.02233676975945
7,165,579,5.94300518134715
7,166,586,5.931740614334471
7,167,573,6.237347294938918
7,168,573,6.184991273996509
7,169,590,6.033898305084746
7,170,595,6.0134453781512605
7,171,610,6.022950819672131
7,172,613,6.006525285481239
7,173,628,5.802547770700637
7,174,632,5.685126582278481
7,175,625,5.7104
7,176,642,5.738317757009346
7,177,620,5.909677419354839
7,178,638,6.031347962382445
7,179,633,6.118483412322274
7,180,646,6.065015479876161
7,181,620,6.246774193548387
7,182,609,6.285714285714286
7,183,630,6.257142857142857
7,184,634,6.230283911671925
7,185,632,6.098101265822785
7,186,617,6.034035656401945
7,187,641,6.02028081123245
7,188,645,5.9906976744186045
7,189,647,6.117465224111283
7,190,647,5.955177743431221
7,191,655,6.051908396946565
7,192,658,5.97112462006079
7,193,647,5.959814528593508
7,194,627,6.059011164274322
7,195,625,6.2352
7,196,616,6.316558441558442
7,197,633,6.3823064770932065
7,198,626,6.477635782747604
7,199,635,6.277165354330709
7,200,620,6.372580645161291
7,201,625,6.2352
7,202,641,5.875195007800312
7,203,644,5.881987577639752
7,204,658,5.905775075987842
7,205,660,6.115151515151515
7,206,658,5.831306990881459
7,207,638,6.015673981191223
7,208,631,5.89540412044374
7,209,615,5.879674796747968
7,210,608,5.996710526315789
7,211,612,6.222222222222222
7,212,604,6.177152317880795
7,213,592,6.283783783783784
7,214,596,6.454697986577181
7,215,610,6.319672131147541
7,216,621,6.396135265700483
7,217,610,6.547540983606558
7,218,622,6.245980707395498
7,219,640,6.09375
7,220,637,6.065934065934066
7,221,628,6.203821656050955
7,222,626,5.92332268370607
7,223,626,6.146964856230032
7,224,642,6.116822429906542
7,225,640,6.209375
7,226,626,6.246006389776358
7,227,627,6.299840510366826
7,228,640,6.3796875
7,229,647,6.387944358578053
7,230,645,6.444961240310078
7,231,631,6.316957210776545
7,232,628,6.214968152866242
7,233,631,6.19809825673534
7,234,614,6.4267100977198695
7,235,647,6.244204018547141
7,236,640,6.3078125
7,237,637,6.171114599686028
7,238,611,6.242225859247136
7,239,616,6.053571428571429
7,240,622,5.869774919614148
7,241,631,5.858954041204437
7,242,638,5.91692789968652
7,243,642,6.080996884735202
7,244,645,6.186046511627907
7,245,646,6.328173374613003
7,246,644,6.478260869565218
7,247,649,6.496147919876734
7,248,643,6.650077760497667
7,249,631,6.632329635499207
7,250,629,6.421303656597774
7,251,631,6.385103011093502
7,252,631,6.131537242472266
7,253,637,5.893249607535322
7,254,615,5.943089430894309
7,255,601,5.9484193011647255
7,256,614,6.237785016286645
7,257,636,6.290880503144654
7,258,641,6.159126365054602
7,259,650,6.087692307692308
7,260,641,6.1419656786271455
7,261,635,5.948031496062992
7,262,612,5.996732026143791
7,263,626,5.9696485623003195
7,264,601,6.054908485856905
7,265,593,5.949409780775717
7,266,600,6.126666666666667
7,267,588,6.312925170068027
7,268,599,6.265442404006678
7,269,611,6.191489361702128
7,270,624,6.141025641025641
7,271,624,5.809294871794871
7,272,629,5.740858505564388
7,273,650,5.6
7,274,636,5.797169811320755
7,275,640,5.925
7,276,624,6.028846153846154
7,277,625,6.1712
7,278,617,6.215559157212318
7,279,627,6.218500797448166
7,280,636,5.872641509433962
7,281,639,5.884194053208137
7,282,641,5.946957878315133
7,283,628,5.851910828025478
7,284,636,6.187106918238993
7,285,628,6.087579617834395
7,286,616,6.1185064935064934
7,287,605,6.034710743801653
7,288,594,5.9966329966329965
7,289,605,6.011570247933884
7,290,604,6.210264900662252
7,291,592,6.128378378378378
7,292,574,5.979094076655052
7,293,560,5.973214285714286
7,294,576,6.074652777777778
7,295,588,6.045918367346939
7,296,580,6.0568965517241375
7,297,569,5.889279437609842
7,298,559,5.7763864042933815
7,299,561,5.878787878787879
7,300,552,5.875
7,301,548,6.083941605839416
7,302,565,6.0194690265486726
7,303,550,6.22
7,304,564,6.065602836879433
7,305,572,6.141608391608392
7,306,557,6.11669658886894
7,307,585,5.952136752136752
7,308,597,5.8626465661641545
7,309,601,5.8885191347753745
7,310,590,6.022033898305085
7,311,595,6.129411764705883
7,312,582,6.261168384879725
7,313,572,6.368881118881119
7,314,584,6.210616438356165
7,315,585,6.222222222222222
7,316,581,6.206540447504303
7,317,572,6.213286713286713
7,318,593,6.1838111298482294
7,319,595,6.247058823529412
7,320,575,6.217391304347826
7,321,596,6.241610738255034
7,322,590,6.288135593220339
7,323,588,6.156462585034014
7,324,552,6.166666666666667
7,325,565,6.28141592920354
7,326,552,6.548913043478261
7,327,556,6.381294964028777
7,328,560,6.291071428571429
7,329,567,6.299823633156967
7,330,567,6.220458553791887
7,331,591,6.196277495769881
7,332,611,6.086743044189853
7,333,606,6.103960396039604
7,334,602,6.074750830564784
7,335,617,6.019448946515397
7,336,620,5.924193548387096
7,337,619,5.882067851373183
7,338,631,5.908082408874802
7,339,634,6.047318611987381
7,340,641,6.16380655226209
7,341,622,6.284565916398714
7,342,624,6.450320512820513
7,343,639,6.30359937402191
7,344,654,6.2782874617737
7,345,665,6.291729323308271
7,346,671,6.104321907600596
7,347,668,6.287425149700598
7,348,679,6.388807069219441
7,349,676,6.42603550295858
7,350,693,6.225108225108225
7,351,675,6.188148148148148
7,352,684,6.133040935672515
7,353,679,6.231222385861561
7,354,708,6.06638418079096
7,355,701,6.1155492154065625
7,356,708,6.312146892655368
7,357,706,6.403682719546742
7,358,718,6.341225626740947
7,359,737,5.995929443690637
7,360,737,5.896879240162822
7,361,761,5.819973718791064
7,362,764,5.952879581151833
7,363,761,5.968462549277267
7,364,781,6.011523687580025
7,365,812,5.995073891625616
7,366,819,6.1892551892551895
7,367,817,6.173806609547124
7,368,822,6.211678832116788
7,369,814,6.218673218673219
7,370,813,6.025830258302583
7,371,800,6.0625
7,372,806,6.259305210918114
7,373,806,6.220843672456576
7,374,821,6.082825822168088
7,375,837,6.209080047789725
7,376,840,6.158333333333333
7,377,853,6.1934349355216884
7,378,822,6.169099756690998
7,379,837,5.890083632019116
7,380,848,5.949292452830188
7,381,839,6.01668653158522
7,382,824,5.928398058252427
7,383,849,5.818610129564193
7,384,825,5.8945454545454545
7,385,838,5.9534606205250595
7,386,835,6.168862275449102
7,387,862,6.131090487238979
7,388,866,5.923787528868361
7,389,880,5.956818181818182
7,390,896,5.803571428571429
7,391,886,5.779909706546276
7,392,896,5.924107142857143
7,393,903,5.861572535991141
7,394,884,5.881221719457014
7,395,854,6.105386416861827
7,396,852,6.172535211267606
7,397,870,6.040229885057471
7,398,845,6.16094674556213
7,399,852,6.124413145539906
7,400,866,6.036951501154735
8,0,20,0.0
8,1,20,1.0
8,2,20,2.0
8,3,20,3.0
8,4,20,4.0
8,5,20,5.0
8,6,20,6.0
8,7,20,7.0
8,8,20,8.0
8,9,26,6.923076923076923
8,10,28,7.357142857142857
8,11,35,6.371428571428571
8,12,40,6.15
8,13,41,6.926829268292683
8,14,47,6.702127659574468
8,15,54,6.425925925925926
8,16,56,6.803571428571429
8,17,56,7.589285714285714
8,18,59,7.694915254237288
8,19,58,8.517241379310345
8,20,64,7.484375
8,21,70,7.057142857142857
8,22,74,7.378378378378378
8,23,71,8.084507042253522
8,24,77,7.4935064935064934
8,25,82,7.439024390243903
8,26,82,7.512195121951219
8,27,81,7.925925925925926
8,28,82,8.317073170731707
8,29,88,7.875
8,30,100,7.03
8,31,103,7.446601941747573
8,32,104,6.384615384615385
8,33,99,7.070707070707071
8,34,98,7.214285714285714
8,35,99,7.191919191919192
8,36,98,7.612244897959184
8,37,103,7.388349514563107
8,38,103,7.300970873786408
8,39,112,7.241071428571429
8,40,123,6.7560975609756095
8,41,128,6.1796875
8,42,129,5.790697674418604
8,43,131,6.251908396946565
8,44,145,6.186206896551724
8,45,148,6.20945945945946
8,46,144,6.229166666666667
8,47,156,6.294871794871795
8,48,154,6.48051948051948
8,49,150,6.66
8,50,167,6.233532934131737
8,51,163,6.337423312883436
8,52,165,6.484848484848484
8,53,167,6.365269461077844
8,54,176,6.346590909090909
8,55,175,6.457142857142857
8,56,180,6.594444444444444
8,57,178,6.5
8,58,177,6.350282485875706
8,59,175,6.725714285714286
8,60,182,6.56043956043956
8,61,174,6.752873563218391
8,62,188,6.579787234042553
8,63,184,6.842391304347826
8,64,187,6.946524064171123
8,65,193,6.709844559585492
8,66,196,6.760204081632653
8,67,197,6.756345177664975
8,68,194,6.783505154639175
8,69,205,6.721951219512195
8,70,214,6.514018691588785
8,71,225,6.302222222222222
8,72,218,6.178899082568807
8,73,221,5.909502262443439
8,74,222,5.918918918918919
8,75,227,5.964757709251101
8,76,228,6.285087719298246
8,77,233,6.180257510729613
8,78,234,6.081196581196581
8,79,244,6.065573770491803
8,80,266,5.87593984962406
8,81,271,5.6900369003690034
8,82,280,5.867857142857143
8,83,272,5.823529411764706
8,84,281,5.98220640569395
8,85,285,6.445614035087719
8,86,289,6.453287197231834
8,87,295,6.579661016949153
8,88,312,6.416666666666667
8,89,311,6.141479099678457
8,90,312,6.096153846153846
8,91,323,6.086687306501548
8,92,323,6.2631578947368425
8,93,344,5.813953488372093
8,94,342,6.119883040935672
8,95,340,6.264705882352941
8,96,340,6.597058823529411
8,97,338,6.547337278106509
8,98,350,6.2942857142857145
8,99,358,6.181564245810056
8,100,363,6.2809917355371905
8,101,355,6.28169014084507
8,102,369,6.094850948509485
8,103,371,6.013477088948787
8,104,388,6.103092783505154
8,105,397,6.1259445843828715
8,106,391,6.028132992327365
8,107,402,6.0721393034825875
8,108,411,6.085158150851582
8,109,420,6.238095238095238
8,110,405,6.377777777777778
8,111,403,6.2754342431761785
8,112,420,6.197619047619048
8,113,426,6.044600938967136
8,114,427,6.152224824355972
8,115,421,5.895486935866983
8,116,430,5.755813953488372
8,117,443,5.887133182844244
8,118,453,5.947019867549669
8,119,468,6.072649572649572
8,120,470,5.980851063829787
8,121,463,6.008639308855291
8,122,475,6.166315789473685
8,123,508,6.00984251968504
8,124,504,5.942460317460317
8,125,522,5.814176245210728
8,126,508,5.852362204724409
8,127,496,6.05241935483871
8,128,490,6.122448979591836
8,129,501,6.067864271457085
8,130,507,5.777120315581854
8,131,518,6.013513513513513
8,132,526,6.106463878326996
8,133,543,5.94659300184162
8,134,536,6.192164179104478
8,135,556,6.246402877697841
8,136,579,6.143350604490501
8,137,560,6.2160714285714285
8,138,585,6.044444444444444
8,139,583,5.9879931389365355
8,140,571,6.17338003502627
8,141,554,6.120938628158845
8,142,573,5.942408376963351
8,143,592,6.025337837837838
8,144,603,6.247097844112769
8,145,620,6.151612903225806
8,146,634,5.922712933753943
8,147,653,6.01531393568147
8,148,656,5.9375
8,149,658,6.001519756838905
8,150,663,6.04524886877828
8,151,666,6.13063063063063
8,152,673,6.089153046062407
8,153,696,6.1594827586206895
8,154,682,6.118768328445748
8,155,674,6.1513353115727005
8,156,693,6.215007215007215
8,157,700,6.1571428571428575
8,158,707,5.915134370579915
8,159,709,5.9915373765867415
8,160,749,5.9839786381842455
8,161,745,6.014765100671141
8,162,742,5.979784366576819
8,163,740,6.171621621621622
8,164,762,6.1430446194225725
8,165,759,6.108036890645586
8,166,747,6.350736278447122
8,167,774,6.17312661498708
8,168,800,5.9425
8,169,809,5.736711990111249
8,170,789,5.994930291508238
8,171,795,5.925786163522012
8,172,782,6.18542199488491
8,173,793,6.206809583858764
8,174,784,6.209183673469388
8,175,765,6.359477124183006
8,176,762,6.334645669291339
8,177,760,6.381578947368421
8,178,753,6.180610889774236
8,179,761,6.139290407358739
8,180,800,5.99375
8,181,793,6.031525851197983
8,182,807,5.923172242874845
8,183,811,5.963008631319359
8,184,815,6.001226993865031
8,185,805,6.160248447204969
8,186,788,6.24492385786802
8,187,768,6.34375
8,188,740,6.355405405405405
8,189,728,6.4848901098901095
8,190,741,6.379217273954116
8,191,773,6.274256144890039
8,192,772,6.314766839378239
8,193,768,6.212239583333333
8,194,790,6.077215189873418
8,195,771,6.190661478599222
8,196,769,6.195058517555267
8,197,755,6.0847682119205295
8,198,776,6.047680412371134
8,199,762,6.2349081364829395
8,200,795,6.184905660377359
8,201,795,6.171069182389937
8,202,783,6.163473818646232
8,203,808,6.017326732673268
8,204,825,5.871515151515151
8,205,826,6.038740920096853
8,206,814,6.287469287469287
8,207,813,6.34809348093481
8,208,831,6.304452466907341
8,209,828,6.342995169082125
8,210,843,6.294187425860024
8,211,867,6.199538638985006
8,212,901,6.18756936736959
8,213,914,5.927789934354486
8,214,953,5.8048268625393495
8,215,947,5.7740232312566
8,216,951,5.7308096740273395
8,217,958,5.806889352818372
8,218,971,5.877445932028836
8,219,964,6.0995850622406635
8,220,961,6.165452653485952
8,221,976,6.195696721311475
8,222,992,6.172379032258065
8,223,976,6.202868852459017
8,224,967,6.261633919338159
8,225,938,6.498933901918977
8,226,932,6.241416309012876
8,227,939,6.10223642172524
8,228,939,6.111821086261981
8,229,952,6.151260504201681
8,230,939,6.30457933972311
8,231,939,6.30457933972311
8,232,930,6.436559139784946
8,233,936,6.4252136752136755
8,234,916,6.398471615720524
8,235,927,6.467098166127292
8,236,931,6.326530612244898
8,237,921,6.293159609120521
8,238,938,6.122601279317697
8,239,948,6.114978902953586
8,240,940,6.177659574468085
8,241,932,6.203862660944206
8,242,930,6.204301075268817
8,243,966,6.187370600414079
8,244,986,6.240365111561866
8,245,998,6.130260521042084
8,246,979,6.219611848825332
8,247,992,6.183467741935484
8,248,989,6.194135490394338
8,249,987,6.055724417426545
8,250,1004,6.00796812749004
8,251,1008,6.071428571428571
8,252,1012,5.924901185770751
8,253,1032,6.092054263565892
8,254,1011,6.050445103857567
8,255,993,6.068479355488419
8,256,1008,6.051587301587301
8,257,1013,6.126357354392892
8,258,1022,6.090019569471624
8,259,1026,6.230019493177388
8,260,1027,6.160662122687439
8,261,1039,6.236766121270453
8,262,1066,6.156660412757974
8,263,1097,5.914311759343665
8,264,1090,6.084403669724771
8,265,1116,5.984767025089606
8,266,1144,5.909965034965035
8,267,1130,5.984070796460177
8,268,1132,6.032685512367491
8,269,1136,6.213028169014085
8,270,1125,6.265777777777778
8,271,1136,6.201584507042254
8,272,1128,6.294326241134752
8,273,1165,6.179399141630901
8,274,1187,6.101937657961247
8,275,1212,5.964521452145214
8,276,1195,6.015062761506276
8,277,1181,5.998306519898391
8,278,1209,6.095119933829611
8,279,1221,6.083538083538084
8,280,1241,5.976631748589847
8,281,1246,6.009630818619582
8,282,1271,5.847364280094414
8,283,1277,5.931088488645262
8,284,1312,5.946646341463414
8,285,1338,5.953662182361734
8,286,1330,6.013533834586466
8,287,1325,6.2181132075471695
8,288,1333,6.159789947486872
8,289,1334,6.12968515742129
8,290,1339,6.063480209111277
8,291,1330,6.074436090225564
8,292,1319,6.112206216830932
8,293,1317,6.109339407744875
8,294,1325,6.144150943396227
8,295,1340,5.9664179104477615
8,296,1349,6.0096367679762785
8,297,1338,5.920029895366218
8,298,1346,6.014115898959881
8,299,1331,6.113448534936138
8,300,1317,6.218678815489749
8,301,1358,6.167893961708395
8,302,1371,6.061998541210795
8,303,1328,6.288403614457831
8,304,1321,6.339894019682059
8,305,1273,6.416339355852317
8,306,1294,6.370942812982999
8,307,1274,6.379905808477237
8,308,1275,6.19686274509804
8,309,1288,6.217391304347826
8,310,1261,6.152260111022998
8,311,1243,6.212389380530974
8,312,1252,6.195686900958466
8,313,1280,6.08359375
8,314,1246,6.064205457463885
8,315,1230,6.143089430894309
8,316,1224,6.218954248366013
8,317,1200,6.175833333333333
8,318,1205,6.136099585062241
8,319,1211,6.175061932287366
8,320,1216,6.032072368421052
8,321,1209,5.983457402812242
8,322,1235,5.921457489878542
8,323,1239,6.1025020177562554
8,324,1250,6.1088
8,325,1203,6.219451371571072
8,326,1200,6.2683333333333335
8,327,1215,6.22798353909465
8,328,1202,6.149750415973378
8,329,1212,6.066006600660066
8,330,1217,6.181594083812654
8,331,1231,6.131600324939074
8,332,1229,6.1668022782750205
8,333,1233,6.209245742092458
8,334,1246,6.353130016051364
8,335,1192,6.325503355704698
8,336,1199,6.252710592160134
8,337,1185,6.162025316455696
8,338,1175,6.137021276595744
8,339,1136,6.177816901408451
8,340,1156,6.166089965397924
8,341,1141,6.174408413672217
8,342,1116,6.400537634408602
8,343,1138,6.299648506151143
8,344,1103,6.191296464188577
8,345,1121,6.121320249776985
8,346,1133,6.319505736981466
8,347,1152,6.253472222222222
8,348,1181,6.171041490262489
8,349,1186,6.136593591905565
8,350,1192,6.026006711409396
8,351,1210,6.0041322314049586
8,352,1217,6.081347576006573
8,353,1180,6.120338983050847
8,354,1218,5.912972085385879
8,355,1198,6.074290484140234
8,356,1189,6.119428090832632
8,357,1195,6.040167364016736
8,358,1226,5.9836867862969
8,359,1250,6.0896
8,360,1274,6.153846153846154
8,361,1287,6.126651126651127
8,362,1318,6.117602427921093
8,363,1319,5.955269143290372
8,364,1313,5.9504950495049505
8,365,1319,6.021986353297953
8,366,1296,6.125
8,367,1267,6.202052091554854
8,368,1264,6.231012658227848
8,369,1250,6.144
8,370,1268,6.123817034700315
8,371,1281,6.1483216237314595
8,372,1285,6.101945525291828
8,373,1285,6.066147859922179
8,374,1324,5.945619335347432
8,375,1339,5.911127707244212
8,376,1308,5.901376146788991
8,377,1270,5.991338582677165
8,378,1253,6.05267358339984
8,379,1239,6.206618240516546
8,380,1212,6.391089108910891
8,381,1231,6.428919577579204
8,382,1267,6.303078137332281
8,383,1307,6.231828615149197
8,384,1312,6.0495426829268295
8,385,1294,5.875579598145286
8,386,1302,6.019969278033794
8,387,1275,6.0729411764705885
8,388,1280,5.98359375
8,389,1236,6.11084142394822
8,390,1220,6.210655737704918
8,391,1197,6.234753550543024
8,392,1219,6.1968826907301064
8,393,1218,6.158456486042693
8,394,1212,6.191419141914191
8,395,1232,6.198863636363637
8,396,1243,6.230893000804505
8,397,1245,6.223293172690763
8,398,1222,6.132569558101473
8,399,1220,5.981967213114754
8,400,1233,5.939983779399838
9,0,20,0.0
9,1,20,1.0
9,2,20,2.0
9,3,20,3.0
9,4,20,4.0
9,5,20,5.0
9,6,20,6.0
9,7,20,7.0
9,8,20,8.0
9,9,22,8.181818181818182
9,10,24,8.416666666666666
9,11,30,7.533333333333333
9,12,33,7.393939393939394
9,13,39,7.102564102564102
9,14,48,6.520833333333333
9,15,51,6.196078431372549
9,16,56,6.267857142857143
9,17,62,6.564516129032258
9,18,60,7.466666666666667
9,19,61,8.229508196721312
9,20,63,8.19047619047619
9,21,70,8.142857142857142
9,22,78,7.5
9,23,85,7.152941176470589
9,24,97,6.77319587628866
9,25,94,6.5638297872340425
9,26,103,6.504854368932039
9,27,107,6.682242990654205
9,28,102,6.823529411764706
9,29,101,7.01980198019802
9,30,107,7.177570093457944
9,31,109,7.394495412844036
9,32,104,6.365384615384615
9,33,101,7.138613861386139
9,34,108,6.462962962962963
9,35,119,6.184873949579832
9,36,118,6.389830508474576
9,37,120,6.116666666666666
9,38,137,5.927007299270073
9,39,141,5.73758865248227
9,40,140,5.935714285714286
9,41,135,6.192592592592592
9,42,136,6.536764705882353
9,43,132,6.356060606060606
9,44,125,6.496
9,45,131,6.33587786259542
9,46,132,6.136363636363637
9,47,127,6.4015748031496065
9,48,137,5.897810218978102
9,49,131,5.740458015267175
9,50,122,6.245901639344262
9,51,125,6.56
9,52,125,6.696
9,53,123,6.569105691056911
9,54,134,6.201492537313433
9,55,128,6.2578125
9,56,141,6.205673758865248
9,57,150,6.3
9,58,153,5.816993464052287
9,59,156,6.185897435897436
9,60,166,5.801204819277109
9,61,167,5.700598802395209
9,62,171,6.0701754385964914
9,63,159,6.339622641509434
9,64,157,6.1847133757961785
9,65,171,5.619883040935672
9,66,176,5.625
9,67,178,5.797752808988764
9,68,188,6.0212765957446805
9,69,183,6.311475409836065
9,70,201,5.990049751243781
9,71,199,6.060301507537688
9,72,190,6.131578947368421
9,73,191,6.099476439790576
9,74,182,6.8076923076923075
9,75,197,6.5786802030456855
9,76,198,6.52020202020202
9,77,199,6.447236180904523
9,78,188,6.914893617021277
9,79,200,6.215
9,80,189,5.9523809523809526
9,81,194,6.134020618556701
9,82,192,5.75
9,83,187,5.9411764705882355
9,84,208,5.509615384615385
9,85,213,5.596244131455399
9,86,230,5.6347826086956525
9,87,226,5.8097345132743365
9,88,229,5.751091703056769
9,89,236,6.021186440677966
9,90,241,5.83402489626556
9,91,241,5.726141078838174
9,92,246,5.8861788617886175
9,93,225,6.333333333333333
9,94,228,6.359649122807017
9,95,243,5.987654320987654
9,96,232,5.9655172413793105
9,97,233,6.042918454935623
9,98,239,6.175732217573222
9,99,241,6.091286307053942
9,100,248,6.016129032258065
9,101,255,5.694117647058824
9,102,259,5.725868725868726
9,103,249,5.622489959839357
9,104,250,5.912
9,105,245,6.106122448979592
9,106,244,6.102459016393443
9,107,256,6.078125
9,108,262,5.942748091603053
9,109,251,5.868525896414343
9,110,253,5.620553359683795
9,111,254,5.6141732283464565
9,112,253,5.66798418972332
9,113,258,5.930232558139535
9,114,256,6.21484375
9,115,258,6.189922480620155
9,116,267,6.1835205992509366
9,117,266,6.011278195488722
9,118,278,5.841726618705036
9,119,268,5.9216417910447765
9,120,272,5.9963235294117645
9,121,272,6.1213235294117645
9,122,292,5.801369863013699
9,123,304,5.569078947368421
9,124,302,5.771523178807947
9,125,301,6.086378737541528
9,126,300,6.096666666666667
9,127,296,6.168918918918919
9,128,298,6.432885906040268
9,129,307,6.221498371335505
9,130,312,6.256410256410256
9,131,312,6.173076923076923
9,132,320,5.8875
9,133,342,5.874269005847953
9,134,354,5.838983050847458
9,135,363,5.920110192837465
9,136,369,5.8075880758807585
9,137,363,5.892561983471074
9,138,371,6.037735849056604
9,139,390,5.964102564102564
9,140,371,6.0431266846361185
9,141,358,6.368715083798882
9,142,373,6.466487935656836
9,143,365,6.682191780821918
9,144,364,6.524725274725275
9,145,356,6.629213483146067
9,146,348,6.545977011494253
9,147,347,6.239193083573487
9,148,341,6.222873900293255
9,149,344,6.308139534883721
9,150,336,6.532738095238095
9,151,350,6.3742857142857146
9,152,356,6.485955056179775
9,153,373,6.225201072386059
9,154,386,6.005181347150259
9,155,379,5.986807387862797
9,156,382,6.099476439790576
9,157,394,5.8604060913705585
9,158,397,5.9395465994962215
9,159,380,6.071052631578947
9,160,361,6.18005540166205
9,161,367,6.269754768392371
9,162,368,6.355978260869565
9,163,381,6.133858267716535
9,164,374,6.251336898395722
9,165,371,6.226415094339623
9,166,364,6.318681318681318
9,167,362,6.3646408839779
9,168,352,6.292613636363637
9,169,355,6.377464788732395
9,170,357,6.266106442577031
9,171,356,6.23876404494382
9,172,358,5.9636871508379885
9,173,362,5.7707182320441985
9,174,385,5.888311688311688
9,175,387,5.816537467700258
9,176,380,6.018421052631579
9,177,371,6.115902964959568
9,178,377,6.172413793103448
9,179,386,6.269430051813472
9,180,383,6.234986945169712
9,181,380,6.15
9,182,372,6.129032258064516
9,183,371,6.02156334231806
9,184,381,5.761154855643045
9,185,382,5.678010471204188
9,186,392,5.826530612244898
9,187,398,5.866834170854271
9,188,389,5.938303341902314
9,189,392,6.094387755102041
9,190,385,6.0181818181818185
9,191,383,6.002610966057441
9,192,396,5.707070707070707
9,193,410,5.965853658536585
9,194,397,5.7707808564231735
9,195,400,5.7875
9,196,409,5.699266503667482
9,197,394,5.99492385786802
9,198,400,6.065
9,199,383,6.344647519582246
9,200,377,6.538461538461538
9,201,365,6.652054794520548
9,202,368,6.385869565217392
9,203,375,6.226666666666667
9,204,373,6.107238605898123
9,205,382,6.044502617801047
9,206,389,6.123393316195373
9,207,387,6.018087855297158
9,208,383,5.986945169712794
9,209,390,6.0025641025641026
9,210,370,6.175675675675675
9,211,382,6.2513089005235605
9,212,388,6.100515463917525
9,213,392,6.239795918367347
9,214,391,6.358056265984655
9,215,406,6.359605911330049
9,216,425,6.134117647058823
9,217,408,5.970588235294118
9,218,402,5.711442786069652
9,219,403,5.870967741935484
9,220,384,6.072916666666667
9,221,398,5.959798994974874
9,222,383,6.198433420365535
9,223,375,6.261333333333333
9,224,365,6.515068493150685
9,225,361,6.623268698060942
9,226,361,6.623268698060942
9,227,376,6.042553191489362
9,228,365,6.1945205479452055
9,229,379,6.116094986807388
9,230,367,6.070844686648502
9,231,388,6.110824742268041
9,232,375,6.397333333333333
9,233,371,6.09433962264151
9,234,364,6.335164835164835
9,235,368,6.298913043478261
9,236,377,6.156498673740053
9,237,378,6.330687830687831
9,238,385,6.150649350649351
9,239,382,6.319371727748691
9,240,405,6.116049382716049
9,241,397,6.120906801007557
9,242,398,6.206030150753769
9,243,381,6.31496062992126
9,244,380,6.442105263157894
9,245,367,6.343324250681199
9,246,385,6.194805194805195
9,247,400,5.9825
9,248,416,5.975961538461538
9,249,402,6.082089552238806
9,250,394,6.192893401015229
9,251,396,6.1893939393939394
9,252,390,6.2615384615384615
9,253,387,6.134366925064599
9,254,371,6.336927223719677
9,255,376,6.648936170212766
9,256,388,6.47680412371134
9,257,388,6.443298969072165
9,258,401,6.508728179551122
9,259,405,6.385185185185185
9,260,399,6.165413533834586
9,261,405,6.182716049382716
9,262,404,6.170792079207921
9,263,414,6.147342995169082
9,264,434,6.110599078341014
9,265,441,5.979591836734694
9,266,439,6.118451025056948
9,267,434,6.117511520737327
9,268,441,6.099773242630386
9,269,452,6.033185840707965
9,270,456,6.072368421052632
9,271,461,6.221258134490238
9,272,465,6.079569892473118
9,273,475,6.04421052631579
9,274,452,6.123893805309734
9,275,440,6.402272727272727
9,276,442,6.4389140271493215
9,277,444,6.4324324324324325
9,278,451,6.248337028824833
9,279,463,6.20086393088553
9,280,467,6.346895074946467
9,281,459,6.47276688453159
9,282,476,6.348739495798319
9,283,484,6.2809917355371905
9,284,497,6.21327967806841
9,285,500,6.044
9,286,504,6.015873015873016
9,287,510,6.041176470588235
9,288,514,6.14591439688716
9,289,529,6.226843100189036
9,290,523,6.292543021032505
9,291,521,6.303262955854127
9,292,520,6.344230769230769
9,293,535,6.213084112149533
9,294,521,6.251439539347409
9,295,516,5.9728682170542635
9,296,530,6.09622641509434
9,297,516,6.286821705426356
9,298,509,6.206286836935167
9,299,502,6.149402390438247
9,300,496,6.199596774193548
9,301,505,5.9504950495049505
9,302,510,6.011764705882353
9,303,510,5.949019607843137
9,304,515,6.081553398058253
9,305,531,6.0998116760828625
9,306,520,6.219230769230769
9,307,512,6.04296875
9,308,500,6.11
9,309,513,6.1267056530214425
9,310,509,6.094302554027505
9,311,502,6.298804780876494
9,312,492,6.569105691056911
9,313,494,6.425101214574899
9,314,496,6.032258064516129
9,315,485,6.140206185567011
9,316,487,6.367556468172484
9,317,472,6.377118644067797
9,318,472,6.283898305084746
9,319,481,6.37006237006237
9,320,490,6.248979591836735
9,321,491,6.095723014256619
9,322,502,5.944223107569721
9,323,512,5.857421875
9,324,545,5.748623853211009
9,325,568,5.767605633802817
9,326,572,5.763986013986014
9,327,570,5.894736842105263
9,328,576,5.800347222222222
9,329,577,6.154246100519931
9,330,569,6.057996485061511
9,331,573,6.233856893542757
9,332,586,6.244027303754266
9,333,594,6.410774410774411
9,334,620,6.2709677419354835
9,335,634,6.208201892744479
9,336,638,6.114420062695925
9,337,656,6.094512195121951
9,338,671,5.958271236959762
9,339,676,6.011834319526627
9,340,674,6.148367952522255
9,341,657,6.32572298325723
9,342,677,6.345642540620384
9,343,671,6.080476900149031
9,344,683,6.1639824304538795
9,345,682,6.085043988269795
9,346,697,6.068866571018652
9,347,687,6.139737991266376
9,348,675,6.128888888888889
9,349,671,6.150521609538003
9,350,671,6.101341281669151
9,351,682,5.885630498533724
9,352,690,6.06231884057971
9,353,688,5.9898255813953485
9,354,690,5.943478260869565
9,355,687,5.892285298398836
9,356,689,5.918722786647315
9,357,678,5.938053097345133
9,358,682,6.070381231671554
9,359,700,6.035714285714286
9,360,688,6.123546511627907
9,361,709,5.974612129760225
9,362,728,5.957417582417582
9,363,729,6.023319615912208
9,364,712,5.85814606741573
9,365,731,5.800273597811217
9,366,712,6.155898876404494
9,367,703,6.250355618776672
9,368,681,6.2055800293685754
9,369,696,6.149425287356322
9,370,691,6.2547033285094065
9,371,713,6.079943899018232
9,372,715,6.165034965034965
9,373,689,6.203193033381712
9,374,679,6.321060382916053
9,375,692,6.154624277456647
9,376,687,6.356622998544396
9,377,679,6.326951399116347
9,378,683,6.2752562225475845
9,379,675,6.13037037037037
9,380,691,6.217076700434154
9,381,701,6.218259629101284
9,382,705,6.039716312056737
9,383,687,5.933042212518195
9,384,675,6.114074074074074
9,385,679,6.0382916053019144
9,386,698,6.114613180515759
9,387,692,6.182080924855492
9,388,675,6.142222222222222
9,389,675,6.2118518518518515
9,390,677,6.4002954209748895
9,391,706,6.313031161473088
9,392,734,6.053133514986376
9,393,751,5.865512649800266
9,394,744,5.904569892473118
9,395,728,5.986263736263736
9,396,700,5.917142857142857
9,397,686,5.989795918367347
9,398,667,6.022488755622189
9,399,663,6.0
9,400,671,6.214605067064084
