iteration,year,population_size,average_age
0,0,30,0.0
0,1,30,1.0
0,2,30,2.0
0,3,30,3.0
0,4,30,4.0
0,5,30,5.0
0,6,30,6.0
0,7,30,7.0
0,8,31,7.741935483870968
0,9,34,7.970588235294118
0,10,40,7.625
0,11,44,7.590909090909091
0,12,53,7.132075471698113
0,13,60,7.183333333333334
0,14,71,6.915492957746479
0,15,74,7.1891891891891895
0,16,76,7.973684210526316
0,17,84,8.119047619047619
0,18,88,8.295454545454545
0,19,95,8.610526315789473
0,20,98,8.908163265306122
0,21,106,8.962264150943396
0,22,111,8.91891891891892
0,23,121,8.603305785123966
0,24,127,9.031496062992126
0,25,130,8.984615384615385
0,26,149,8.630872483221477
0,27,157,8.719745222929935
0,28,161,8.937888198757763
0,29,168,8.702380952380953
0,30,166,8.885542168674698
0,31,168,9.029761904761905
0,32,167,7.497005988023952
0,33,173,8.028901734104046
0,34,169,7.763313609467455
0,35,171,7.953216374269005
0,36,174,7.775862068965517
0,37,176,7.9602272727272725
0,38,178,8.00561797752809
0,39,177,7.887005649717514
0,40,172,8.168604651162791
0,41,185,8.18918918918919
0,42,182,8.26923076923077
0,43,192,8.052083333333334
0,44,200,8.0
0,45,205,7.9365853658536585
0,46,206,7.529126213592233
0,47,199,7.819095477386934
0,48,197,7.944162436548224
0,49,192,7.895833333333333
0,50,199,7.884422110552764
0,51,201,8.0
0,52,206,7.927184466019417
0,53,213,7.474178403755869
0,54,220,7.781818181818182
0,55,224,7.571428571428571
0,56,231,7.212121212121212
0,57,241,7.253112033195021
0,58,234,7.645299145299146
0,59,234,7.482905982905983
0,60,243,7.757201646090535
0,61,256,8.0234375
0,62,263,7.608365019011407
0,63,273,7.490842490842491
0,64,275,7.04
0,65,276,6.8731884057971016
0,66,275,7.243636363636363
0,67,291,7.219931271477663
0,68,299,7.147157190635451
0,69,304,6.845394736842105
0,70,302,7.1490066225165565
0,71,311,7.122186495176849
0,72,317,7.299684542586751
0,73,323,7.235294117647059
0,74,319,7.551724137931035
0,75,326,7.699386503067485
0,76,324,7.734567901234568
0,77,316,7.655063291139241
0,78,317,7.861198738170347
0,79,314,7.487261146496815
0,80,323,7.489164086687307
0,81,320,7.41875
0,82,327,7.131498470948012
0,83,332,7.195783132530121
0,84,329,7.452887537993921
0,85,335,7.253731343283582
0,86,344,7.3023255813953485
0,87,340,7.33235294117647
0,88,350,7.308571428571429
0,89,354,7.093220338983051
0,90,358,7.072625698324022
0,91,361,7.221606648199446
0,92,369,7.2439024390243905
0,93,374,7.302139037433155
0,94,366,7.180327868852459
0,95,355,7.228169014084507
0,96,353,7.351274787535411
0,97,348,7.112068965517241
0,98,364,6.983516483516484
0,99,361,6.986149584487535
0,100,363,6.933884297520661
0,101,371,7.053908355795148
0,102,366,6.9890710382513666
0,103,366,6.885245901639344
0,104,355,7.050704225352113
0,105,354,7.129943502824859
0,106,355,7.194366197183099
0,107,347,7.504322766570605
0,108,349,7.67621776504298
0,109,346,7.427745664739884
0,110,350,7.2371428571428575
0,111,357,7.310924369747899
0,112,352,7.434659090909091
0,113,350,7.434285714285714
0,114,347,7.550432276657061
0,115,355,7.44225352112676
0,116,348,7.25
0,117,352,7.298295454545454
0,118,360,7.241666666666666
0,119,352,7.042613636363637
0,120,354,6.951977401129944
0,121,357,7.095238095238095
0,122,353,7.189801699716714
0,123,362,7.162983425414365
0,124,356,7.328651685393258
0,125,364,7.395604395604396
0,126,367,7.384196185286103
0,127,362,7.45303867403315
0,128,365,7.134246575342465
0,129,384,7.078125
0,130,380,7.189473684210526
0,131,388,7.172680412371134
0,132,389,7.156812339331619
0,133,374,7.040106951871658
0,134,376,7.178191489361702
0,135,387,7.317829457364341
0,136,387,7.462532299741602
0,137,386,7.295336787564767
0,138,375,6.970666666666666
0,139,380,7.344736842105263
0,140,380,7.323684210526316
0,141,377,7.334217506631299
0,142,387,7.186046511627907
0,143,390,7.233333333333333
0,144,380,7.247368421052632
0,145,376,7.156914893617022
0,146,367,7.376021798365122
0,147,361,7.407202216066482
0,148,373,7.388739946380697
0,149,373,7.278820375335121
0,150,365,7.175342465753425
0,151,365,7.208219178082191
0,152,355,7.126760563380282
0,153,351,7.065527065527066
0,154,354,6.872881355932203
0,155,366,6.948087431693989
0,156,357,7.1568627450980395
0,157,355,7.369014084507042
0,158,338,7.275147928994083
0,159,326,7.208588957055214
0,160,316,7.177215189873418
0,161,323,7.256965944272446
0,162,318,7.29874213836478
0,163,315,7.152380952380953
0,164,322,6.931677018633541
0,165,326,6.880368098159509
0,166,320,6.8375
0,167,319,6.821316614420063
0,168,322,6.748447204968944
0,169,328,6.896341463414634
0,170,316,7.170886075949367
0,171,327,7.302752293577981
0,172,343,7.236151603498542
0,173,334,7.188622754491018
0,174,339,7.073746312684365
0,175,332,6.867469879518072
0,176,326,6.941717791411043
0,177,336,6.910714285714286
0,178,334,6.8293413173652695
0,179,324,6.780864197530864
0,180,322,6.801242236024844
0,181,319,6.993730407523511
0,182,317,7.192429022082019
0,183,301,7.289036544850498
0,184,291,7.326460481099656
0,185,295,7.216949152542373
0,186,294,7.22108843537415
0,187,287,7.428571428571429
0,188,286,7.388111888111888
0,189,297,7.276094276094276
0,190,310,7.141935483870967
0,191,300,7.283333333333333
0,192,294,6.9523809523809526
0,193,292,6.917808219178082
0,194,289,6.629757785467128
0,195,291,6.635738831615121
0,196,286,6.419580419580419
0,197,286,6.506993006993007
0,198,290,6.620689655172414
0,199,291,6.762886597938144
0,200,282,7.170212765957447
0,201,280,7.367857142857143
0,202,282,7.397163120567376
0,203,280,7.296428571428572
0,204,265,7.354716981132076
0,205,260,7.426923076923077
0,206,271,7.265682656826568
0,207,275,7.007272727272727
0,208,278,7.079136690647482
0,209,276,7.177536231884058
0,210,285,7.014035087719298
0,211,285,6.954385964912281
0,212,291,6.783505154639175
0,213,291,6.742268041237113
0,214,288,6.791666666666667
0,215,290,6.872413793103449
0,216,279,6.967741935483871
0,217,261,7.252873563218391
0,218,261,7.218390804597701
0,219,263,7.365019011406844
0,220,261,7.440613026819923
0,221,255,7.447058823529412
0,222,253,7.5019762845849804
0,223,248,7.30241935483871
0,224,241,7.141078838174274
0,225,242,7.099173553719008
0,226,239,7.02510460251046
0,227,239,6.941422594142259
0,228,236,7.063559322033898
0,229,236,6.966101694915254
0,230,234,6.504273504273504
0,231,230,6.573913043478261
0,232,219,6.575342465753424
0,233,219,6.71689497716895
0,234,210,7.019047619047619
0,235,221,6.828054298642534
0,236,223,7.201793721973094
0,237,214,7.210280373831775
0,238,223,6.79372197309417
0,239,209,6.889952153110048
0,240,207,6.797101449275362
0,241,206,6.834951456310679
0,242,212,6.731132075471698
0,243,209,6.650717703349282
0,244,209,6.837320574162679
0,245,199,7.065326633165829
0,246,193,7.020725388601036
0,247,196,6.755102040816326
0,248,173,6.468208092485549
0,249,165,6.612121212121212
0,250,162,6.604938271604938
0,251,165,6.818181818181818
0,252,162,7.037037037037037
0,253,169,7.153846153846154
0,254,156,7.166666666666667
0,255,161,7.167701863354037
0,256,153,7.111111111111111
0,257,139,7.669064748201439
0,258,139,7.453237410071942
0,259,138,6.731884057971015
0,260,135,6.674074074074074
0,261,133,6.879699248120301
0,262,130,6.769230769230769
0,263,131,6.847328244274809
0,264,132,7.045454545454546
0,265,126,6.992063492063492
0,266,123,6.853658536585366
0,267,118,6.796610169491525
0,268,111,6.612612612612613
0,269,113,6.424778761061947
0,270,119,6.546218487394958
0,271,122,6.409836065573771
0,272,120,6.558333333333334
0,273,123,6.658536585365853
0,274,129,6.51937984496124
0,275,126,6.492063492063492
0,276,112,6.705357142857143
0,277,117,6.418803418803419
0,278,121,6.884297520661157
0,279,117,6.948717948717949
0,280,114,6.885964912280702
0,281,116,6.974137931034483
0,282,119,7.008403361344538
0,283,110,7.0636363636363635
0,284,102,7.107843137254902
0,285,103,7.485436893203883
0,286,98,6.816326530612245
0,287,103,6.776699029126213
0,288,99,6.929292929292929
0,289,99,6.686868686868687
0,290,107,6.224299065420561
0,291,105,6.438095238095238
0,292,110,6.4818181818181815
0,293,116,6.198275862068965
0,294,115,6.226086956521739
0,295,113,6.265486725663717
0,296,117,6.401709401709402
0,297,114,6.815789473684211
0,298,108,6.611111111111111
0,299,110,6.672727272727273
0,300,118,6.923728813559322
0,301,118,7.110169491525424
0,302,113,7.212389380530974
0,303,109,6.110091743119266
0,304,111,6.072072072072072
0,305,110,6.3
0,306,106,6.349056603773585
0,307,110,6.5181818181818185
0,308,119,6.647058823529412
0,309,108,6.722222222222222
0,310,110,7.254545454545455
0,311,110,7.318181818181818
0,312,114,7.131578947368421
0,313,108,6.944444444444445
0,314,107,7.102803738317757
0,315,103,7.184466019417476
0,316,97,7.175257731958763
0,317,103,6.524271844660194
0,318,99,7.090909090909091
0,319,96,6.6875
0,320,91,7.087912087912088
0,321,97,7.072164948453608
0,322,92,6.956521739130435
0,323,88,6.681818181818182
0,324,83,6.855421686746988
0,325,81,7.1234567901234565
0,326,76,7.2631578947368425
0,327,75,7.0
0,328,73,7.068493150684931
0,329,77,7.0
0,330,72,6.75
0,331,72,6.111111111111111
0,332,72,6.541666666666667
0,333,69,6.9855072463768115
0,334,65,7.046153846153846
0,335,67,6.268656716417911
0,336,69,6.333333333333333
0,337,67,6.104477611940299
0,338,70,6.228571428571429
0,339,69,6.6521739130434785
0,340,68,6.602941176470588
0,341,58,6.4655172413793105
0,342,60,6.366666666666666
0,343,60,6.6
0,344,58,6.741379310344827
0,345,59,6.5423728813559325
0,346,58,6.879310344827586
0,347,63,7.174603174603175
0,348,57,6.087719298245614
0,349,61,5.967213114754099
0,350,58,6.258620689655173
0,351,57,6.491228070175438
0,352,55,6.218181818181818
0,353,54,6.2407407407407405
0,354,56,6.125
0,355,57,6.842105263157895
0,356,50,6.8
0,357,50,7.3
0,358,50,7.78
0,359,46,8.152173913043478
0,360,42,8.214285714285714
0,361,46,8.021739130434783
0,362,42,7.738095238095238
0,363,43,7.5813953488372094
0,364,38,7.631578947368421
0,365,33,7.575757575757576
0,366,33,8.121212121212121
0,367,30,7.466666666666667
0,368,33,7.2727272727272725
0,369,32,7.4375
0,370,31,7.32258064516129
0,371,30,6.9
0,372,33,7.181818181818182
0,373,36,7.5
0,374,35,7.085714285714285
0,375,33,7.090909090909091
0,376,32,6.75
0,377,32,6.59375
0,378,32,6.6875
0,379,34,7.235294117647059
0,380,29,7.241379310344827
0,381,28,7.535714285714286
0,382,27,7.407407407407407
0,383,25,8.36
0,384,24,9.083333333333334
0,385,21,9.238095238095237
0,386,19,8.526315789473685
0,387,18,9.555555555555555
0,388,18,9.777777777777779
0,389,18,9.0
0,390,19,8.421052631578947
0,391,15,8.0
0,392,17,7.470588235294118
0,393,17,7.411764705882353
0,394,19,6.7368421052631575
0,395,18,7.0
0,396,18,8.0
0,397,17,8.058823529411764
0,398,16,7.375
0,399,16,7.5
0,400,17,8.0
1,0,30,0.0
1,1,30,1.0
1,2,30,2.0
1,3,30,3.0
1,4,30,4.0
1,5,30,5.0
1,6,30,6.0
1,7,30,7.0
1,8,33,7.2727272727272725
1,9,38,7.184210526315789
1,10,47,6.617021276595745
1,11,52,6.673076923076923
1,12,55,7.254545454545455
1,13,58,7.827586206896552
1,14,60,8.3
1,15,63,8.857142857142858
1,16,68,8.955882352941176
1,17,71,9.535211267605634
1,18,77,9.363636363636363
1,19,84,9.5
1,20,88,9.670454545454545
1,21,91,9.714285714285714
1,22,99,9.848484848484848
1,23,100,10.14
1,24,107,10.130841121495328
1,25,113,10.442477876106194
1,26,120,10.366666666666667
1,27,126,10.706349206349206
1,28,131,10.488549618320612
1,29,136,10.066176470588236
1,30,139,9.870503597122303
1,31,140,9.821428571428571
1,32,128,7.7890625
1,33,134,7.514925373134329
1,34,135,8.037037037037036
1,35,142,7.746478873239437
1,36,148,8.0
1,37,154,8.155844155844155
1,38,164,8.384146341463415
1,39,159,8.358490566037736
1,40,159,8.685534591194969
1,41,173,8.352601156069364
1,42,173,8.514450867052023
1,43,173,8.647398843930636
1,44,183,8.366120218579235
1,45,194,8.505154639175258
1,46,198,8.424242424242424
1,47,201,8.661691542288557
1,48,201,8.467661691542288
1,49,207,8.169082125603865
1,50,210,7.747619047619048
1,51,218,7.747706422018348
1,52,225,7.671111111111111
1,53,229,7.449781659388647
1,54,230,7.595652173913043
1,55,229,7.165938864628821
1,56,227,7.387665198237886
1,57,235,7.4425531914893615
1,58,242,7.586776859504132
1,59,256,7.3046875
1,60,261,7.360153256704981
1,61,270,7.559259259259259
1,62,270,7.7592592592592595
1,63,273,7.6007326007326
1,64,277,7.541516245487364
1,65,281,7.701067615658363
1,66,278,7.956834532374101
1,67,279,7.917562724014337
1,68,280,7.871428571428571
1,69,282,7.904255319148936
1,70,290,7.862068965517241
1,71,281,7.907473309608541
1,72,289,7.975778546712803
1,73,303,7.881188118811881
1,74,298,7.523489932885906
1,75,311,7.62379421221865
1,76,310,7.419354838709677
1,77,317,7.305993690851735
1,78,323,7.1269349845201235
1,79,318,7.223270440251572
1,80,318,7.286163522012578
1,81,306,7.1797385620915035
1,82,311,7.520900321543408
1,83,311,7.408360128617363
1,84,305,7.773770491803279
1,85,317,7.779179810725552
1,86,324,7.904320987654321
1,87,337,7.635014836795253
1,88,339,7.3628318584070795
1,89,343,7.486880466472303
1,90,333,7.525525525525525
1,91,333,7.36936936936937
1,92,329,7.170212765957447
1,93,333,7.2492492492492495
1,94,331,7.341389728096677
1,95,327,7.623853211009174
1,96,338,7.449704142011834
1,97,342,7.4298245614035086
1,98,355,7.425352112676056
1,99,370,7.059459459459459
1,100,372,7.045698924731183
1,101,365,7.095890410958904
1,102,372,7.360215053763441
1,103,395,7.410126582278481
1,104,391,7.557544757033248
1,105,397,7.596977329974811
1,106,395,7.792405063291139
1,107,392,7.584183673469388
1,108,405,7.197530864197531
1,109,409,7.19559902200489
1,110,410,7.18780487804878
1,111,414,7.403381642512077
1,112,418,7.478468899521531
1,113,429,7.363636363636363
1,114,429,7.298368298368298
1,115,427,7.491803278688525
1,116,435,7.52183908045977
1,117,437,7.7070938215102975
1,118,434,7.617511520737327
1,119,447,7.577181208053691
1,120,444,7.603603603603603
1,121,434,7.23963133640553
1,122,430,7.434883720930233
1,123,438,7.545662100456621
1,124,448,7.325892857142857
1,125,460,7.484782608695652
1,126,468,7.561965811965812
1,127,465,7.404301075268817
1,128,463,7.205183585313175
1,129,472,7.317796610169491
1,130,458,7.388646288209607
1,131,453,7.437086092715232
1,132,436,7.506880733944954
1,133,423,7.361702127659575
1,134,416,7.4110576923076925
1,135,422,7.5260663507109005
1,136,432,7.349537037037037
1,137,431,7.3503480278422275
1,138,440,7.336363636363636
1,139,422,7.374407582938389
1,140,428,7.2827102803738315
1,141,424,7.122641509433962
1,142,418,7.119617224880383
1,143,419,7.241050119331742
1,144,423,7.1465721040189125
1,145,420,6.985714285714286
1,146,413,6.929782082324455
1,147,431,7.034802784222737
1,148,442,7.0633484162895925
1,149,450,7.053333333333334
1,150,454,6.9493392070484585
1,151,449,7.124721603563474
1,152,445,7.09438202247191
1,153,435,7.105747126436782
1,154,447,7.033557046979865
1,155,459,6.954248366013072
1,156,470,6.976595744680851
1,157,470,7.072340425531915
1,158,460,7.180434782608696
1,159,466,7.171673819742489
1,160,470,7.108510638297872
1,161,474,6.9641350210970465
1,162,478,6.893305439330544
1,163,469,6.9658848614072495
1,164,480,7.008333333333334
1,165,475,6.814736842105263
1,166,492,6.934959349593496
1,167,491,7.09979633401222
1,168,489,7.110429447852761
1,169,474,7.341772151898734
1,170,500,7.078
1,171,504,7.166666666666667
1,172,500,7.17
1,173,508,7.21259842519685
1,174,512,7.017578125
1,175,509,6.907662082514735
1,176,512,7.029296875
1,177,509,7.029469548133595
1,178,500,7.25
1,179,497,7.279678068410463
1,180,465,7.075268817204301
1,181,457,7.107221006564552
1,182,480,6.960416666666666
1,183,464,7.0905172413793105
1,184,457,7.070021881838074
1,185,450,7.135555555555555
1,186,443,7.309255079006772
1,187,434,7.361751152073733
1,188,425,7.305882352941176
1,189,418,7.404306220095694
1,190,427,7.110070257611241
1,191,434,7.006912442396313
1,192,424,7.035377358490566
1,193,418,7.074162679425838
1,194,411,6.9416058394160585
1,195,411,6.997566909975669
1,196,416,7.173076923076923
1,197,408,7.075980392156863
1,198,413,6.958837772397095
1,199,402,7.201492537313433
1,200,417,7.031175059952038
1,201,408,7.0661764705882355
1,202,397,7.090680100755668
1,203,401,6.800498753117207
1,204,406,6.943349753694581
1,205,406,6.948275862068965
1,206,407,7.0294840294840295
1,207,399,6.93984962406015
1,208,407,6.909090909090909
1,209,397,7.017632241813602
1,210,396,7.025252525252525
1,211,398,7.163316582914573
1,212,391,7.427109974424552
1,213,400,7.455
1,214,391,7.2225063938618925
1,215,413,6.673123486682809
1,216,422,6.800947867298579
1,217,415,6.853012048192771
1,218,417,6.870503597122302
1,219,417,6.817745803357314
1,220,417,6.805755395683454
1,221,395,6.906329113924051
1,222,390,6.887179487179488
1,223,393,6.8396946564885495
1,224,384,6.518229166666667
1,225,384,6.890625
1,226,375,7.1386666666666665
1,227,381,6.918635170603674
1,228,358,6.891061452513966
1,229,348,6.922413793103448
1,230,347,6.688760806916426
1,231,339,6.575221238938053
1,232,346,6.734104046242774
1,233,349,6.713467048710601
1,234,348,6.698275862068965
1,235,351,6.743589743589744
1,236,345,6.597101449275362
1,237,349,6.507163323782235
1,238,337,6.498516320474778
1,239,329,6.635258358662614
1,240,319,6.636363636363637
1,241,332,6.707831325301205
1,242,331,6.833836858006042
1,243,331,6.755287009063444
1,244,330,6.718181818181818
1,245,315,6.806349206349206
1,246,313,6.785942492012779
1,247,315,6.720634920634921
1,248,300,6.81
1,249,299,6.648829431438127
1,250,297,6.9966329966329965
1,251,289,6.809688581314879
1,252,289,6.7923875432525955
1,253,291,6.797250859106529
1,254,289,6.678200692041522
1,255,280,6.4678571428571425
1,256,270,6.5851851851851855
1,257,257,6.622568093385214
1,258,260,6.834615384615384
1,259,246,6.869918699186992
1,260,248,7.040322580645161
1,261,247,7.0
1,262,245,7.081632653061225
1,263,234,7.042735042735043
1,264,240,6.979166666666667
1,265,234,6.858974358974359
1,266,228,6.868421052631579
1,267,223,6.932735426008969
1,268,225,7.2
1,269,223,7.031390134529148
1,270,208,6.649038461538462
1,271,198,6.893939393939394
1,272,198,6.656565656565657
1,273,204,6.7745098039215685
1,274,199,6.7537688442211055
1,275,195,7.123076923076923
1,276,197,7.2639593908629445
1,277,188,7.287234042553192
1,278,191,7.115183246073299
1,279,185,7.043243243243243
1,280,183,6.80327868852459
1,281,188,6.579787234042553
1,282,189,6.703703703703703
1,283,187,6.877005347593583
1,284,183,7.005464480874317
1,285,173,7.086705202312139
1,286,175,7.222857142857142
1,287,177,7.19774011299435
1,288,176,7.25
1,289,169,7.420118343195266
1,290,161,7.403726708074534
1,291,165,7.090909090909091
1,292,154,6.87012987012987
1,293,152,6.9605263157894735
1,294,147,7.040816326530612
1,295,147,6.843537414965986
1,296,146,6.575342465753424
1,297,156,6.237179487179487
1,298,151,6.496688741721854
1,299,151,6.6490066225165565
1,300,156,6.8076923076923075
1,301,147,6.63265306122449
1,302,146,6.931506849315069
1,303,148,6.844594594594595
1,304,151,7.125827814569536
1,305,147,7.1768707482993195
1,306,149,7.046979865771812
1,307,153,6.888888888888889
1,308,154,7.038961038961039
1,309,154,6.62987012987013
1,310,149,6.731543624161074
1,311,150,6.92
1,312,149,6.563758389261745
1,313,140,6.692857142857143
1,314,134,7.037313432835821
1,315,135,7.0814814814814815
1,316,138,6.905797101449275
1,317,143,6.748251748251748
1,318,145,6.76551724137931
1,319,140,6.7214285714285715
1,320,136,6.617647058823529
1,321,137,6.905109489051095
1,322,126,6.857142857142857
1,323,128,6.546875
1,324,120,6.725
1,325,124,6.524193548387097
1,326,125,6.512
1,327,128,6.2421875
1,328,125,6.536
1,329,125,6.504
1,330,124,6.451612903225806
1,331,131,6.404580152671755
1,332,122,6.663934426229508
1,333,123,6.59349593495935
1,334,120,7.0
1,335,119,6.630252100840337
1,336,120,6.65
1,337,118,6.889830508474576
1,338,121,6.5041322314049586
1,339,120,6.533333333333333
1,340,122,6.639344262295082
1,341,119,6.647058823529412
1,342,117,6.863247863247863
1,343,117,6.735042735042735
1,344,120,6.558333333333334
1,345,118,6.872881355932203
1,346,116,6.620689655172414
1,347,110,6.872727272727273
1,348,104,6.990384615384615
1,349,95,6.8
1,350,88,7.170454545454546
1,351,91,7.263736263736264
1,352,99,6.747474747474747
1,353,101,6.801980198019802
1,354,97,6.77319587628866
1,355,95,6.621052631578947
1,356,90,6.566666666666666
1,357,91,6.032967032967033
1,358,90,6.488888888888889
1,359,86,6.290697674418604
1,360,87,6.068965517241379
1,361,83,6.759036144578313
1,362,79,6.962025316455696
1,363,83,6.662650602409639
1,364,82,6.487804878048781
1,365,74,6.4324324324324325
1,366,64,6.90625
1,367,59,6.8474576271186445
1,368,52,6.884615384615385
1,369,53,6.811320754716981
1,370,55,6.709090909090909
1,371,55,6.872727272727273
1,372,50,6.64
1,373,54,5.722222222222222
1,374,56,5.803571428571429
1,375,55,5.872727272727273
1,376,57,5.87719298245614
1,377,57,5.491228070175438
1,378,55,6.290909090909091
1,379,54,6.111111111111111
1,380,54,6.277777777777778
1,381,58,6.362068965517241
1,382,57,6.9298245614035086
1,383,56,6.428571428571429
1,384,55,6.2727272727272725
1,385,51,6.176470588235294
1,386,50,6.38
1,387,47,6.404255319148936
1,388,48,6.6875
1,389,45,6.355555555555555
1,390,49,6.081632653061225
1,391,50,6.32
1,392,49,6.959183673469388
1,393,52,6.076923076923077
1,394,48,6.083333333333333
1,395,47,6.617021276595745
1,396,47,7.297872340425532
1,397,47,7.48936170212766
1,398,43,7.5813953488372094
1,399,37,7.135135135135135
1,400,35,7.714285714285714
2,0,30,0.0
2,1,30,1.0
2,2,30,2.0
2,3,30,3.0
2,4,30,4.0
2,5,30,5.0
2,6,29,6.0
2,7,29,7.0
2,8,32,7.25
2,9,37,7.135135135135135
2,10,42,7.166666666666667
2,11,45,7.622222222222222
2,12,48,8.083333333333334
2,13,52,8.384615384615385
2,14,58,8.413793103448276
2,15,63,8.666666666666666
2,16,71,8.577464788732394
2,17,77,8.64935064935065
2,18,79,9.405063291139241
2,19,81,10.037037037037036
2,20,89,9.719101123595506
2,21,93,9.935483870967742
2,22,98,9.704081632653061
2,23,108,9.166666666666666
2,24,117,9.11111111111111
2,25,127,8.921259842519685
2,26,129,9.085271317829458
2,27,141,8.97163120567376
2,28,143,9.454545454545455
2,29,144,10.041666666666666
2,30,151,9.218543046357615
2,31,149,9.194630872483222
2,32,138,7.3768115942028984
2,33,145,7.641379310344828
2,34,150,8.086666666666666
2,35,157,7.993630573248407
2,36,162,7.91358024691358
2,37,170,8.041176470588235
2,38,178,7.904494382022472
2,39,180,8.188888888888888
2,40,182,8.483516483516484
2,41,185,8.432432432432432
2,42,190,8.284210526315789
2,43,199,8.391959798994975
2,44,200,8.665
2,45,203,8.433497536945813
2,46,201,8.17412935323383
2,47,197,7.913705583756345
2,48,197,7.862944162436548
2,49,189,7.962962962962963
2,50,191,8.057591623036648
2,51,189,8.306878306878307
2,52,184,8.429347826086957
2,53,185,8.567567567567568
2,54,195,8.343589743589744
2,55,192,8.286458333333334
2,56,193,8.409326424870466
2,57,195,8.466666666666667
2,58,192,8.338541666666666
2,59,190,8.468421052631578
2,60,191,7.49738219895288
2,61,188,7.781914893617022
2,62,186,7.763440860215054
2,63,184,7.467391304347826
2,64,186,7.521505376344086
2,65,189,7.470899470899471
2,66,190,7.78421052631579
2,67,197,7.756345177664975
2,68,191,7.7486910994764395
2,69,186,7.56989247311828
2,70,183,7.693989071038251
2,71,188,7.6063829787234045
2,72,182,7.681318681318682
2,73,172,7.854651162790698
2,74,182,7.956043956043956
2,75,189,8.058201058201059
2,76,192,8.21875
2,77,192,7.875
2,78,189,7.98941798941799
2,79,186,7.629032258064516
2,80,187,7.44385026737968
2,81,188,7.553191489361702
2,82,186,7.543010752688172
2,83,187,7.540106951871658
2,84,182,7.5
2,85,170,7.2
2,86,165,7.109090909090909
2,87,163,7.07361963190184
2,88,160,7.3375
2,89,170,7.235294117647059
2,90,177,7.028248587570621
2,91,180,6.711111111111111
2,92,175,6.617142857142857
2,93,175,6.84
2,94,173,7.138728323699422
2,95,170,7.08235294117647
2,96,155,6.696774193548387
2,97,160,6.675
2,98,158,6.582278481012659
2,99,158,6.7025316455696204
2,100,161,6.888198757763975
2,101,161,7.012422360248447
2,102,156,7.365384615384615
2,103,155,7.27741935483871
2,104,145,7.896551724137931
2,105,139,7.741007194244604
2,106,135,7.970370370370371
2,107,130,7.938461538461539
2,108,120,7.583333333333333
2,109,118,7.279661016949152
2,110,109,7.743119266055046
2,111,101,7.742574257425742
2,112,92,7.141304347826087
2,113,88,7.215909090909091
2,114,94,6.904255319148936
2,115,93,6.397849462365591
2,116,97,6.88659793814433
2,117,91,6.8791208791208796
2,118,82,6.609756097560975
2,119,86,6.546511627906977
2,120,85,6.811764705882353
2,121,82,6.719512195121951
2,122,77,6.662337662337662
2,123,74,6.918918918918919
2,124,73,7.136986301369863
2,125,73,7.041095890410959
2,126,74,7.45945945945946
2,127,73,7.1506849315068495
2,128,68,7.073529411764706
2,129,63,6.904761904761905
2,130,64,6.453125
2,131,65,7.0
2,132,69,6.304347826086956
2,133,70,6.642857142857143
2,134,71,6.197183098591549
2,135,72,6.180555555555555
2,136,70,6.3428571428571425
2,137,69,6.086956521739131
2,138,68,6.235294117647059
2,139,67,6.462686567164179
2,140,73,6.013698630136986
2,141,77,5.883116883116883
2,142,85,5.564705882352941
2,143,81,5.8765432098765435
2,144,81,5.950617283950617
2,145,82,6.097560975609756
2,146,81,6.234567901234568
2,147,77,6.64935064935065
2,148,70,6.828571428571428
2,149,67,6.82089552238806
2,150,62,7.129032258064516
2,151,60,6.433333333333334
2,152,63,6.412698412698413
2,153,63,6.698412698412699
2,154,58,6.413793103448276
2,155,58,6.827586206896552
2,156,59,6.966101694915254
2,157,59,7.237288135593221
2,158,53,6.830188679245283
2,159,51,7.117647058823529
2,160,50,6.98
2,161,50,6.62
2,162,47,7.1063829787234045
2,163,44,7.2272727272727275
2,164,49,6.979591836734694
2,165,49,7.081632653061225
2,166,46,7.173913043478261
2,167,46,7.065217391304348
2,168,40,7.175
2,169,42,7.690476190476191
2,170,41,8.048780487804878
2,171,42,7.642857142857143
2,172,40,7.525
2,173,40,7.45
2,174,36,6.944444444444445
2,175,37,6.72972972972973
2,176,35,6.485714285714286
2,177,39,6.717948717948718
2,178,34,7.205882352941177
2,179,34,6.852941176470588
2,180,33,6.2727272727272725
2,181,30,6.066666666666666
2,182,31,6.161290322580645
2,183,31,6.645161290322581
2,184,30,7.166666666666667
2,185,33,7.121212121212121
2,186,29,6.586206896551724
2,187,30,7.0
2,188,25,7.52
2,189,23,6.739130434782608
2,190,24,6.541666666666667
2,191,23,7.086956521739131
2,192,20,7.75
2,193,17,7.117647058823529
2,194,18,7.666666666666667
2,195,20,7.15
2,196,19,7.7894736842105265
2,197,19,7.2105263157894735
2,198,21,6.761904761904762
2,199,23,6.130434782608695
2,200,23,5.6521739130434785
2,201,24,5.291666666666667
2,202,23,6.173913043478261
2,203,21,6.809523809523809
2,204,19,7.631578947368421
2,205,19,8.105263157894736
2,206,19,7.631578947368421
2,207,16,7.5625
2,208,16,7.375
2,209,18,7.444444444444445
2,210,18,7.944444444444445
2,211,16,8.5625
2,212,15,8.333333333333334
2,213,14,8.428571428571429
2,214,15,7.733333333333333
2,215,17,7.705882352941177
2,216,14,7.571428571428571
2,217,12,8.25
2,218,11,8.0
2,219,10,7.2
2,220,8,6.5
2,221,8,6.375
2,222,9,6.555555555555555
2,223,9,7.555555555555555
2,224,10,7.7
2,225,11,7.909090909090909
2,226,12,8.166666666666666
2,227,13,8.461538461538462
2,228,11,7.0
2,229,13,6.769230769230769
2,230,12,7.166666666666667
2,231,11,7.454545454545454
2,232,11,6.818181818181818
2,233,12,7.166666666666667
2,234,14,7.0
2,235,16,7.0
2,236,17,6.235294117647059
2,237,14,6.571428571428571
2,238,14,7.571428571428571
2,239,14,8.214285714285714
2,240,12,8.5
2,241,14,8.142857142857142
2,242,16,8.0
2,243,17,7.529411764705882
2,244,17,7.176470588235294
2,245,21,6.142857142857143
2,246,20,5.75
2,247,21,6.428571428571429
2,248,18,6.444444444444445
2,249,18,7.111111111111111
2,250,18,7.666666666666667
2,251,19,8.210526315789474
2,252,21,8.333333333333334
2,253,24,6.958333333333333
2,254,28,6.821428571428571
2,255,28,7.821428571428571
2,256,26,8.26923076923077
2,257,23,8.652173913043478
2,258,25,7.28
2,259,27,6.814814814814815
2,260,28,6.642857142857143
2,261,27,6.518518518518518
2,262,26,6.846153846153846
2,263,26,7.153846153846154
2,264,23,7.130434782608695
2,265,23,7.608695652173913
2,266,25,7.48
2,267,26,7.846153846153846
2,268,27,8.0
2,269,28,8.0
2,270,22,7.2272727272727275
2,271,22,7.318181818181818
2,272,20,7.85
2,273,18,8.61111111111111
2,274,17,8.294117647058824
2,275,17,8.235294117647058
2,276,16,8.1875
2,277,16,7.1875
2,278,14,6.928571428571429
2,279,16,6.9375
2,280,17,7.117647058823529
2,281,18,7.388888888888889
2,282,18,7.055555555555555
2,283,17,7.588235294117647
2,284,17,7.705882352941177
2,285,17,6.882352941176471
2,286,18,7.444444444444445
2,287,13,6.615384615384615
2,288,13,7.615384615384615
2,289,15,6.4
2,290,16,6.0625
2,291,16,6.0625
2,292,18,5.888888888888889
2,293,17,6.588235294117647
2,294,17,6.764705882352941
2,295,16,7.625
2,296,15,7.933333333333334
2,297,15,8.933333333333334
2,298,15,8.4
2,299,16,8.25
2,300,16,8.375
2,301,15,7.933333333333334
2,302,15,6.4
2,303,18,6.166666666666667
2,304,18,5.888888888888889
2,305,19,5.0
2,306,18,5.166666666666667
2,307,20,5.1
2,308,19,5.421052631578948
2,309,19,5.7368421052631575
2,310,18,6.0
2,311,16,7.0
2,312,14,8.142857142857142
2,313,13,8.923076923076923
2,314,13,7.846153846153846
2,315,13,8.153846153846153
2,316,13,9.153846153846153
2,317,12,10.333333333333334
2,318,13,9.615384615384615
2,319,12,9.916666666666666
2,320,15,8.733333333333333
2,321,13,8.384615384615385
2,322,12,5.333333333333333
2,323,11,6.090909090909091
2,324,11,7.090909090909091
2,325,10,7.8
2,326,9,6.0
2,327,10,6.3
2,328,10,5.9
2,329,10,6.9
2,330,9,7.444444444444445
2,331,9,8.444444444444445
2,332,8,9.125
2,333,6,9.166666666666666
2,334,5,11.0
2,335,6,10.0
2,336,5,10.0
2,337,5,11.0
2,338,3,10.0
2,339,2,8.0
2,340,2,9.0
2,341,1,6.0
2,342,1,7.0
2,343,1,8.0
2,344,1,9.0
2,345,1,10.0
2,346,1,11.0
2,347,1,12.0
2,348,1,13.0
2,349,1,14.0
2,350,1,15.0
2,351,1,16.0
2,352,1,17.0
2,353,0,0.0
2,354,0,0.0
2,355,0,0.0
2,356,0,0.0
2,357,0,0.0
2,358,0,0.0
2,359,0,0.0
2,360,0,0.0
2,361,0,0.0
2,362,0,0.0
2,363,0,0.0
2,364,0,0.0
2,365,0,0.0
2,366,0,0.0
2,367,0,0.0
2,368,0,0.0
2,369,0,0.0
2,370,0,0.0
2,371,0,0.0
2,372,0,0.0
2,373,0,0.0
2,374,0,0.0
2,375,0,0.0
2,376,0,0.0
2,377,0,0.0
2,378,0,0.0
2,379,0,0.0
2,380,0,0.0
2,381,0,0.0
2,382,0,0.0
2,383,0,0.0
2,384,0,0.0
2,385,0,0.0
2,386,0,0.0
2,387,0,0.0
2,388,0,0.0
2,389,0,0.0
2,390,0,0.0
2,391,0,0.0
2,392,0,0.0
2,393,0,0.0
2,394,0,0.0
2,395,0,0.0
2,396,0,0.0
2,397,0,0.0
2,398,0,0.0
2,399,0,0.0
2,400,0,0.0
3,0,30,0.0
3,1,30,1.0
3,2,30,2.0
3,3,30,3.0
3,4,30,4.0
3,5,30,5.0
3,6,30,6.0
3,7,30,7.0
3,8,42,5.714285714285714
3,9,47,6.0
3,10,50,6.58
3,11,55,6.890909090909091
3,12,63,6.888888888888889
3,13,68,7.3088235294117645
3,14,73,7.739726027397261
3,15,80,7.975
3,16,89,7.707865168539326
3,17,92,8.347826086956522
3,18,94,9.0
3,19,100,9.4
3,20,100,9.98
3,21,107,9.94392523364486
3,22,114,10.078947368421053
3,23,118,10.330508474576272
3,24,126,10.015873015873016
3,25,128,9.796875
3,26,143,9.482517482517483
3,27,152,9.243421052631579
3,28,160,8.975
3,29,164,9.091463414634147
3,30,163,8.94478527607362
3,31,166,9.180722891566266
3,32,162,7.6419753086419755
3,33,174,7.637931034482759
3,34,188,7.531914893617022
3,35,192,7.619791666666667
3,36,196,7.780612244897959
3,37,204,7.911764705882353
3,38,214,7.97196261682243
3,39,226,8.190265486725664
3,40,238,7.852941176470588
3,41,252,7.587301587301587
3,42,274,7.474452554744525
3,43,282,7.390070921985815
3,44,283,7.763250883392226
3,45,298,7.654362416107382
3,46,300,7.826666666666667
3,47,309,7.957928802588997
3,48,317,8.063091482649842
3,49,328,8.253048780487806
3,50,334,8.511976047904191
3,51,361,8.313019390581717
3,52,364,8.384615384615385
3,53,376,8.170212765957446
3,54,377,8.021220159151193
3,55,390,8.069230769230769
3,56,393,8.198473282442748
3,57,410,7.746341463414634
3,58,414,7.900966183574879
3,59,422,7.812796208530806
3,60,424,7.679245283018868
3,61,420,7.5285714285714285
3,62,418,7.337320574162679
3,63,426,7.342723004694836
3,64,422,7.5947867298578196
3,65,435,7.482758620689655
3,66,440,7.8568181818181815
3,67,437,7.803203661327231
3,68,427,7.754098360655738
3,69,423,7.583924349881797
3,70,408,7.607843137254902
3,71,405,7.62716049382716
3,72,414,7.550724637681159
3,73,411,7.452554744525547
3,74,419,7.5536992840095465
3,75,422,7.464454976303317
3,76,429,7.494172494172494
3,77,446,7.36322869955157
3,78,439,7.323462414578588
3,79,440,7.261363636363637
3,80,442,7.101809954751131
3,81,445,7.298876404494382
3,82,439,7.373576309794989
3,83,438,7.271689497716895
3,84,440,7.081818181818182
3,85,450,7.231111111111111
3,86,462,6.932900432900433
3,87,471,6.698513800424628
3,88,467,6.869379014989294
3,89,468,6.910256410256411
3,90,466,6.723175965665236
3,91,471,7.008492569002123
3,92,473,7.167019027484144
3,93,479,7.125260960334029
3,94,479,7.1837160751565765
3,95,471,7.2993630573248405
3,96,461,7.301518438177874
3,97,470,7.1063829787234045
3,98,459,7.185185185185185
3,99,454,7.20704845814978
3,100,458,7.111353711790393
3,101,463,6.829373650107992
3,102,458,6.829694323144105
3,103,461,7.117136659436008
3,104,458,7.183406113537118
3,105,453,7.251655629139073
3,106,441,7.294784580498866
3,107,450,7.24
3,108,450,7.226666666666667
3,109,438,7.255707762557078
3,110,425,7.0729411764705885
3,111,425,7.148235294117647
3,112,417,7.083932853717027
3,113,414,6.997584541062802
3,114,407,6.987714987714988
3,115,407,6.918918918918919
3,116,411,7.0608272506082725
3,117,415,7.180722891566265
3,118,413,7.031476997578692
3,119,417,6.952038369304557
3,120,425,7.07764705882353
3,121,419,6.742243436754177
3,122,424,6.8915094339622645
3,123,416,6.875
3,124,408,6.926470588235294
3,125,414,6.9227053140096615
3,126,414,6.903381642512077
3,127,418,6.787081339712919
3,128,414,6.671497584541063
3,129,419,6.663484486873508
3,130,415,6.7542168674698795
3,131,410,7.034146341463415
3,132,404,7.123762376237623
3,133,402,7.243781094527363
3,134,396,7.28030303030303
3,135,386,7.606217616580311
3,136,390,7.471794871794872
3,137,395,7.2
3,138,385,7.114285714285714
3,139,374,7.270053475935829
3,140,372,7.274193548387097
3,141,357,7.207282913165266
3,142,346,7.3497109826589595
3,143,338,7.443786982248521
3,144,336,7.2976190476190474
3,145,352,6.8977272727272725
3,146,369,6.718157181571816
3,147,363,6.457300275482094
3,148,370,6.681081081081081
3,149,371,6.7331536388140165
3,150,366,6.390710382513661
3,151,381,6.233595800524935
3,152,387,6.30749354005168
3,153,374,6.483957219251337
3,154,374,6.82620320855615
3,155,369,7.0894308943089435
3,156,372,7.080645161290323
3,157,369,7.365853658536586
3,158,361,7.634349030470914
3,159,385,7.2155844155844155
3,160,379,7.2321899736147754
3,161,387,7.219638242894057
3,162,367,6.997275204359673
3,163,364,7.049450549450549
3,164,357,6.899159663865547
3,165,341,6.9501466275659824
3,166,332,6.930722891566265
3,167,319,7.009404388714733
3,168,324,6.87962962962963
3,169,336,6.830357142857143
3,170,329,6.905775075987842
3,171,324,7.037037037037037
3,172,320,7.175
3,173,319,7.059561128526646
3,174,312,7.169871794871795
3,175,300,7.193333333333333
3,176,300,7.25
3,177,297,7.35016835016835
3,178,292,7.410958904109589
3,179,285,7.298245614035087
3,180,280,7.139285714285714
3,181,275,7.0618181818181816
3,182,277,7.108303249097473
3,183,280,7.05
3,184,283,6.855123674911661
3,185,278,6.816546762589928
3,186,288,6.861111111111111
3,187,291,6.838487972508591
3,188,282,6.950354609929078
3,189,286,6.744755244755245
3,190,281,6.839857651245552
3,191,287,6.989547038327526
3,192,286,7.06993006993007
3,193,291,7.034364261168385
3,194,296,7.0641891891891895
3,195,297,6.925925925925926
3,196,291,7.240549828178694
3,197,298,7.1879194630872485
3,198,293,7.273037542662116
3,199,287,7.2369337979094075
3,200,288,7.1875
3,201,290,6.841379310344828
3,202,294,6.714285714285714
3,203,288,6.729166666666667
3,204,308,6.564935064935065
3,205,299,6.575250836120401
3,206,298,6.859060402684563
3,207,307,6.931596091205212
3,208,302,6.910596026490066
3,209,287,6.871080139372823
3,210,285,6.859649122807017
3,211,279,6.996415770609319
3,212,275,6.7272727272727275
3,213,266,6.917293233082707
3,214,252,6.968253968253968
3,215,254,6.980314960629921
3,216,243,6.995884773662551
3,217,230,7.126086956521739
3,218,233,7.012875536480687
3,219,241,6.796680497925311
3,220,233,6.75107296137339
3,221,229,6.91703056768559
3,222,225,7.04
3,223,231,7.35064935064935
3,224,220,7.363636363636363
3,225,208,7.485576923076923
3,226,203,7.275862068965517
3,227,207,7.057971014492754
3,228,203,7.123152709359606
3,229,194,6.948453608247423
3,230,199,7.010050251256281
3,231,200,6.82
3,232,204,6.632352941176471
3,233,210,6.833333333333333
3,234,205,7.121951219512195
3,235,202,7.153465346534653
3,236,202,7.207920792079208
3,237,203,7.039408866995074
3,238,200,6.99
3,239,207,6.743961352657005
3,240,212,6.820754716981132
3,241,209,7.023923444976076
3,242,206,7.092233009708738
3,243,203,7.019704433497537
3,244,198,7.196969696969697
3,245,194,7.108247422680412
3,246,189,7.243386243386244
3,247,187,6.919786096256685
3,248,185,7.183783783783784
3,249,185,7.421621621621622
3,250,184,7.1521739130434785
3,251,176,7.244318181818182
3,252,168,7.279761904761905
3,253,166,7.349397590361446
3,254,164,6.7439024390243905
3,255,166,6.728915662650603
3,256,170,6.7823529411764705
3,257,158,7.025316455696203
3,258,151,6.8344370860927155
3,259,150,7.153333333333333
3,260,146,7.2534246575342465
3,261,145,7.406896551724138
3,262,149,7.449664429530201
3,263,140,7.321428571428571
3,264,142,7.133802816901408
3,265,142,7.126760563380282
3,266,148,7.236486486486487
3,267,152,7.052631578947368
3,268,150,7.26
3,269,143,7.195804195804196
3,270,149,7.120805369127517
3,271,141,7.120567375886525
3,272,140,7.135714285714286
3,273,139,6.805755395683454
3,274,137,6.7153284671532845
3,275,139,6.561151079136691
3,276,135,6.674074074074074
3,277,134,7.0
3,278,132,7.401515151515151
3,279,135,7.266666666666667
3,280,134,7.447761194029851
3,281,123,7.195121951219512
3,282,122,7.409836065573771
3,283,125,7.48
3,284,122,7.245901639344262
3,285,120,7.108333333333333
3,286,117,6.829059829059829
3,287,132,6.757575757575758
3,288,131,7.099236641221374
3,289,137,6.897810218978102
3,290,136,7.220588235294118
3,291,136,7.352941176470588
3,292,141,7.1063829787234045
3,293,150,7.14
3,294,144,7.111111111111111
3,295,143,6.811188811188811
3,296,147,6.870748299319728
3,297,148,6.824324324324325
3,298,148,6.783783783783784
3,299,150,7.073333333333333
3,300,151,7.052980132450331
3,301,152,7.342105263157895
3,302,154,7.324675324675325
3,303,157,7.515923566878981
3,304,157,7.713375796178344
3,305,164,7.725609756097561
3,306,163,7.987730061349693
3,307,166,7.349397590361446
3,308,164,7.103658536585366
3,309,162,7.098765432098766
3,310,165,6.83030303030303
3,311,171,6.637426900584796
3,312,168,6.494047619047619
3,313,172,6.47093023255814
3,314,169,6.899408284023669
3,315,165,6.903030303030303
3,316,160,7.03125
3,317,161,7.198757763975156
3,318,163,7.159509202453988
3,319,172,7.151162790697675
3,320,169,7.455621301775148
3,321,179,7.23463687150838
3,322,174,7.333333333333333
3,323,171,7.4678362573099415
3,324,172,7.575581395348837
3,325,176,7.511363636363637
3,326,176,7.420454545454546
3,327,180,7.194444444444445
3,328,181,7.011049723756906
3,329,185,6.854054054054054
3,330,186,6.413978494623656
3,331,185,6.34054054054054
3,332,193,6.575129533678757
3,333,193,6.5025906735751295
3,334,192,6.463541666666667
3,335,193,6.461139896373057
3,336,202,6.7227722772277225
3,337,192,6.807291666666667
3,338,191,7.031413612565445
3,339,196,6.923469387755102
3,340,196,6.964285714285714
3,341,199,6.85929648241206
3,342,207,7.019323671497585
3,343,211,7.018957345971564
3,344,219,6.867579908675799
3,345,224,6.870535714285714
3,346,214,6.859813084112149
3,347,213,6.863849765258216
3,348,216,6.921296296296297
3,349,216,6.805555555555555
3,350,210,6.895238095238096
3,351,209,7.1291866028708135
3,352,207,6.932367149758454
3,353,205,6.775609756097561
3,354,208,6.8125
3,355,200,7.035
3,356,202,7.069306930693069
3,357,200,7.245
3,358,205,7.175609756097561
3,359,208,6.850961538461538
3,360,207,7.009661835748792
3,361,204,6.686274509803922
3,362,208,6.875
3,363,203,6.975369458128079
3,364,206,6.815533980582524
3,365,206,6.995145631067961
3,366,197,7.081218274111675
3,367,195,7.082051282051282
3,368,198,6.742424242424242
3,369,192,6.8125
3,370,200,7.03
3,371,200,7.055
3,372,197,7.228426395939087
3,373,189,7.291005291005291
3,374,187,7.112299465240642
3,375,181,7.359116022099448
3,376,185,7.610810810810811
3,377,192,7.432291666666667
3,378,193,7.196891191709844
3,379,199,6.864321608040201
3,380,202,6.975247524752476
3,381,199,6.472361809045226
3,382,204,6.813725490196078
3,383,215,7.0
3,384,215,7.1395348837209305
3,385,218,7.31651376146789
3,386,222,7.328828828828829
3,387,215,7.441860465116279
3,388,217,7.170506912442396
3,389,219,7.28310502283105
3,390,219,7.315068493150685
3,391,209,7.277511961722488
3,392,211,7.606635071090047
3,393,214,7.52803738317757
3,394,206,7.252427184466019
3,395,203,7.192118226600985
3,396,201,7.144278606965174
3,397,192,7.166666666666667
3,398,196,6.795918367346939
3,399,197,6.5786802030456855
3,400,206,6.640776699029126
4,0,30,0.0
4,1,30,1.0
4,2,30,2.0
4,3,30,3.0
4,4,30,4.0
4,5,30,5.0
4,6,30,6.0
4,7,29,7.0
4,8,35,6.628571428571429
4,9,40,6.675
4,10,42,7.071428571428571
4,11,49,6.918367346938775
4,12,53,7.320754716981132
4,13,58,7.603448275862069
4,14,63,7.920634920634921
4,15,68,8.264705882352942
4,16,76,8.289473684210526
4,17,78,8.961538461538462
4,18,84,9.202380952380953
4,19,91,9.098901098901099
4,20,101,9.099009900990099
4,21,107,9.018691588785046
4,22,117,8.863247863247864
4,23,115,9.147826086956522
4,24,127,8.496062992125983
4,25,130,9.015384615384615
4,26,137,9.072992700729927
4,27,146,9.267123287671232
4,28,152,8.960526315789474
4,29,155,9.129032258064516
4,30,161,9.031055900621118
4,31,154,9.590909090909092
4,32,154,7.597402597402597
4,33,170,7.788235294117647
4,34,183,7.726775956284153
4,35,190,7.810526315789474
4,36,191,7.9267015706806285
4,37,191,8.204188481675393
4,38,196,7.933673469387755
4,39,203,8.344827586206897
4,40,212,8.141509433962264
4,41,218,7.9036697247706424
4,42,230,7.769565217391304
4,43,231,7.913419913419913
4,44,232,8.068965517241379
4,45,240,8.029166666666667
4,46,239,7.99581589958159
4,47,235,7.825531914893617
4,48,239,8.05020920502092
4,49,253,8.122529644268775
4,50,250,8.068
4,51,261,7.885057471264368
4,52,256,7.83203125
4,53,254,7.937007874015748
4,54,253,7.928853754940712
4,55,250,7.708
4,56,253,7.6561264822134385
4,57,272,7.426470588235294
4,58,290,7.058620689655172
4,59,295,7.1525423728813555
4,60,302,7.152317880794702
4,61,294,7.357142857142857
4,62,292,7.311643835616438
4,63,282,7.421985815602837
4,64,290,7.644827586206897
4,65,299,7.545150501672241
4,66,301,7.588039867109635
4,67,300,7.53
4,68,299,7.625418060200669
4,69,302,7.427152317880795
4,70,309,7.359223300970874
4,71,304,7.368421052631579
4,72,307,7.306188925081433
4,73,316,7.367088607594937
4,74,319,7.517241379310345
4,75,314,7.506369426751593
4,76,325,7.32923076923077
4,77,337,7.175074183976261
4,78,345,7.046376811594203
4,79,355,7.298591549295774
4,80,365,7.473972602739726
4,81,371,7.579514824797844
4,82,368,7.532608695652174
4,83,378,7.576719576719577
4,84,389,7.544987146529563
4,85,390,7.712820512820513
4,86,386,7.77979274611399
4,87,388,7.546391752577319
4,88,398,7.507537688442211
4,89,388,7.657216494845361
4,90,385,7.612987012987013
4,91,382,7.599476439790576
4,92,403,7.456575682382134
4,93,403,7.399503722084368
4,94,390,7.3820512820512825
4,95,387,7.516795865633075
4,96,380,7.686842105263158
4,97,394,7.611675126903553
4,98,389,7.4652956298200515
4,99,390,7.364102564102564
4,100,396,7.146464646464646
4,101,389,7.197943444730077
4,102,400,7.2
4,103,405,7.224691358024692
4,104,395,7.311392405063291
4,105,398,7.236180904522613
4,106,412,7.274271844660194
4,107,412,7.271844660194175
4,108,423,7.236406619385343
4,109,438,7.273972602739726
4,110,444,7.135135135135135
4,111,429,7.086247086247086
4,112,428,7.119158878504673
4,113,433,7.159353348729792
4,114,425,7.28
4,115,417,7.220623501199041
4,116,425,7.4941176470588236
4,117,425,7.562352941176471
4,118,422,7.436018957345971
4,119,427,7.34192037470726
4,120,428,7.366822429906542
4,121,434,7.299539170506913
4,122,432,7.210648148148148
4,123,438,7.146118721461187
4,124,429,7.293706293706293
4,125,435,7.1770114942528735
4,126,428,6.97196261682243
4,127,426,7.009389671361502
4,128,424,7.070754716981132
4,129,424,7.1415094339622645
4,130,416,7.3173076923076925
4,131,416,7.257211538461538
4,132,419,7.200477326968974
4,133,424,6.995283018867925
4,134,408,7.188725490196078
4,135,411,7.328467153284672
4,136,399,7.320802005012531
4,137,388,7.056701030927835
4,138,393,6.824427480916031
4,139,398,6.919597989949748
4,140,396,6.924242424242424
4,141,391,7.117647058823529
4,142,387,7.260981912144703
4,143,384,7.395833333333333
4,144,376,7.178191489361702
4,145,382,7.167539267015707
4,146,376,7.191489361702128
4,147,361,7.409972299168975
4,148,364,7.450549450549451
4,149,365,7.0849315068493155
4,150,353,6.960339943342777
4,151,350,7.188571428571429
4,152,351,7.0085470085470085
4,153,356,7.01685393258427
4,154,354,7.0141242937853105
4,155,353,6.929178470254958
4,156,349,6.865329512893982
4,157,330,7.106060606060606
4,158,313,7.2492012779552715
4,159,303,7.293729372937293
4,160,313,7.178913738019169
4,161,307,7.100977198697068
4,162,311,6.797427652733119
4,163,309,6.841423948220065
4,164,318,6.8930817610062896
4,165,311,6.861736334405145
4,166,302,7.009933774834437
4,167,301,7.083056478405315
4,168,300,6.903333333333333
4,169,290,7.0793103448275865
4,170,284,6.957746478873239
4,171,283,6.897526501766785
4,172,290,7.1689655172413795
4,173,290,7.213793103448276
4,174,283,7.395759717314488
4,175,282,7.365248226950355
4,176,291,7.323024054982818
4,177,283,7.459363957597173
4,178,281,7.224199288256227
4,179,280,6.982142857142857
4,180,283,7.084805653710247
4,181,287,7.031358885017422
4,182,287,7.024390243902439
4,183,286,7.118881118881119
4,184,282,6.819148936170213
4,185,275,6.963636363636364
4,186,269,6.996282527881041
4,187,271,6.704797047970479
4,188,272,6.669117647058823
4,189,265,7.003773584905661
4,190,260,7.161538461538462
4,191,256,7.2265625
4,192,254,7.393700787401575
4,193,249,7.27710843373494
4,194,241,7.16597510373444
4,195,240,6.929166666666666
4,196,236,7.1059322033898304
4,197,241,7.053941908713693
4,198,239,7.041841004184101
4,199,236,7.1440677966101696
4,200,231,7.138528138528138
4,201,232,7.150862068965517
4,202,227,6.8370044052863435
4,203,233,7.012875536480687
4,204,238,7.016806722689076
4,205,227,7.07488986784141
4,206,225,7.022222222222222
4,207,219,7.232876712328767
4,208,225,7.297777777777778
4,209,229,7.593886462882096
4,210,218,7.738532110091743
4,211,212,7.6084905660377355
4,212,215,7.506976744186047
4,213,210,7.347619047619047
4,214,207,7.280193236714976
4,215,199,7.4874371859296485
4,216,205,6.951219512195122
4,217,211,7.2559241706161135
4,218,206,7.378640776699029
4,219,211,7.289099526066351
4,220,219,7.091324200913242
4,221,227,6.71806167400881
4,222,217,6.778801843317972
4,223,212,6.915094339622642
4,224,222,6.954954954954955
4,225,228,6.978070175438597
4,226,229,7.043668122270742
4,227,233,7.266094420600858
4,228,231,7.220779220779221
4,229,232,7.043103448275862
4,230,243,7.172839506172839
4,231,257,6.98443579766537
4,232,265,7.150943396226415
4,233,270,7.4222222222222225
4,234,275,7.469090909090909
4,235,275,7.505454545454546
4,236,263,7.547528517110266
4,237,252,7.551587301587301
4,238,259,7.579150579150579
4,239,250,7.508
4,240,265,7.113207547169812
4,241,275,6.949090909090909
4,242,281,7.106761565836299
4,243,285,7.231578947368421
4,244,300,6.993333333333333
4,245,304,7.042763157894737
4,246,292,6.845890410958904
4,247,280,6.95
4,248,284,6.887323943661972
4,249,280,7.214285714285714
4,250,280,7.428571428571429
4,251,284,7.538732394366197
4,252,286,7.601398601398602
4,253,294,7.401360544217687
4,254,303,7.108910891089109
4,255,290,7.255172413793104
4,256,298,7.006711409395973
4,257,301,7.093023255813954
4,258,293,6.761092150170649
4,259,297,6.700336700336701
4,260,287,6.7526132404181185
4,261,289,6.366782006920415
4,262,294,6.670068027210885
4,263,296,6.736486486486487
4,264,289,6.747404844290657
4,265,292,7.085616438356165
4,266,313,6.932907348242812
4,267,307,6.96742671009772
4,268,307,6.739413680781759
4,269,316,6.594936708860759
4,270,315,6.93968253968254
4,271,319,6.843260188087775
4,272,320,6.921875
4,273,331,7.045317220543807
4,274,322,7.059006211180124
4,275,320,7.19375
4,276,330,7.106060606060606
4,277,332,7.024096385542169
4,278,331,7.02416918429003
4,279,330,7.03030303030303
4,280,330,7.048484848484849
4,281,323,7.037151702786378
4,282,327,6.914373088685015
4,283,315,7.241269841269841
4,284,307,7.198697068403908
4,285,302,6.983443708609271
4,286,288,7.142361111111111
4,287,285,7.375438596491228
4,288,274,7.251824817518248
4,289,277,7.227436823104693
4,290,271,7.0
4,291,272,6.992647058823529
4,292,285,7.049122807017544
4,293,284,6.929577464788732
4,294,271,7.003690036900369
4,295,266,6.796992481203008
4,296,257,7.0
4,297,245,6.771428571428571
4,298,239,7.01673640167364
4,299,242,6.809917355371901
4,300,247,6.9757085020242915
4,301,253,6.841897233201581
4,302,248,6.883064516129032
4,303,245,6.726530612244898
4,304,229,6.759825327510917
4,305,222,6.761261261261262
4,306,214,6.859813084112149
4,307,211,6.95260663507109
4,308,214,6.901869158878505
4,309,211,6.734597156398104
4,310,203,6.798029556650246
4,311,201,6.781094527363184
4,312,216,6.458333333333333
4,313,220,6.427272727272728
4,314,222,6.495495495495495
4,315,220,6.368181818181818
4,316,218,6.261467889908257
4,317,215,6.32093023255814
4,318,211,6.649289099526066
4,319,207,6.971014492753623
4,320,208,7.3076923076923075
4,321,210,6.985714285714286
4,322,205,6.990243902439024
4,323,212,7.160377358490566
4,324,210,7.119047619047619
4,325,201,6.8159203980099505
4,326,197,6.974619289340102
4,327,197,6.873096446700508
4,328,194,7.15979381443299
4,329,193,7.103626943005182
4,330,181,7.071823204419889
4,331,172,7.122093023255814
4,332,170,7.211764705882353
4,333,168,7.071428571428571
4,334,165,6.872727272727273
4,335,169,6.508875739644971
4,336,165,6.333333333333333
4,337,168,6.315476190476191
4,338,164,6.2682926829268295
4,339,158,6.386075949367089
4,340,163,6.466257668711656
4,341,161,6.670807453416149
4,342,162,6.901234567901234
4,343,153,6.934640522875817
4,344,137,6.7153284671532845
4,345,139,7.057553956834532
4,346,138,7.166666666666667
4,347,135,6.896296296296296
4,348,142,6.753521126760563
4,349,144,6.763888888888889
4,350,140,6.921428571428572
4,351,140,7.2
4,352,147,7.01360544217687
4,353,146,7.273972602739726
4,354,151,7.099337748344371
4,355,158,6.8734177215189876
4,356,153,6.222222222222222
4,357,163,6.104294478527607
4,358,170,6.0588235294117645
4,359,173,6.069364161849711
4,360,170,6.305882352941176
4,361,169,6.609467455621302
4,362,175,6.668571428571428
4,363,175,6.868571428571428
4,364,172,6.680232558139535
4,365,180,6.566666666666666
4,366,181,6.801104972375691
4,367,180,6.716666666666667
4,368,181,6.6187845303867405
4,369,175,6.554285714285714
4,370,167,6.431137724550898
4,371,158,6.727848101265823
4,372,157,6.917197452229299
4,373,159,6.578616352201258
4,374,165,6.715151515151515
4,375,162,6.728395061728395
4,376,156,6.923076923076923
4,377,159,7.0
4,378,161,6.801242236024844
4,379,161,6.937888198757764
4,380,158,7.018987341772152
4,381,154,6.9480519480519485
4,382,149,6.885906040268456
4,383,142,6.880281690140845
4,384,140,6.8428571428571425
4,385,140,6.85
4,386,140,7.121428571428571
4,387,136,7.117647058823529
4,388,141,7.0
4,389,148,6.72972972972973
4,390,139,6.741007194244604
4,391,142,6.415492957746479
4,392,143,6.5874125874125875
4,393,142,6.352112676056338
4,394,138,6.63768115942029
4,395,142,6.73943661971831
4,396,142,6.816901408450704
4,397,139,6.884892086330935
4,398,147,6.639455782312925
4,399,145,6.627586206896551
4,400,141,6.808510638297872
5,0,30,0.0
5,1,30,1.0
5,2,30,2.0
5,3,30,3.0
5,4,30,4.0
5,5,30,5.0
5,6,30,6.0
5,7,30,7.0
5,8,35,6.857142857142857
5,9,39,7.051282051282051
5,10,42,7.476190476190476
5,11,46,7.739130434782608
5,12,52,7.730769230769231
5,13,54,8.407407407407407
5,14,60,8.233333333333333
5,15,62,8.82258064516129
5,16,64,9.015625
5,17,67,9.447761194029852
5,18,70,9.728571428571428
5,19,74,10.14864864864865
5,20,78,10.576923076923077
5,21,86,10.5
5,22,88,11.079545454545455
5,23,95,10.6
5,24,108,9.814814814814815
5,25,115,9.513043478260869
5,26,123,9.487804878048781
5,27,123,9.983739837398375
5,28,122,10.073770491803279
5,29,128,10.21875
5,30,132,10.553030303030303
5,31,136,10.816176470588236
5,32,122,7.770491803278689
5,33,129,7.821705426356589
5,34,143,7.7272727272727275
5,35,141,7.971631205673759
5,36,142,7.753521126760563
5,37,151,7.3509933774834435
5,38,157,7.528662420382165
5,39,158,7.949367088607595
5,40,165,8.248484848484848
5,41,175,8.051428571428572
5,42,183,8.207650273224044
5,43,201,8.164179104477611
5,44,199,8.376884422110553
5,45,211,8.165876777251185
5,46,218,8.302752293577981
5,47,217,8.341013824884792
5,48,226,8.176991150442477
5,49,228,8.144736842105264
5,50,244,7.934426229508197
5,51,246,8.284552845528456
5,52,249,8.345381526104418
5,53,247,8.052631578947368
5,54,245,7.881632653061224
5,55,240,7.633333333333334
5,56,242,7.466942148760331
5,57,232,7.5
5,58,228,7.451754385964913
5,59,237,7.628691983122363
5,60,258,7.647286821705427
5,61,261,7.950191570881226
5,62,266,7.725563909774436
5,63,270,7.718518518518518
5,64,272,7.886029411764706
5,65,264,7.871212121212121
5,66,261,7.513409961685824
5,67,257,7.747081712062257
5,68,254,8.011811023622048
5,69,256,7.78515625
5,70,253,7.877470355731226
5,71,253,7.936758893280633
5,72,252,8.015873015873016
5,73,264,7.8522727272727275
5,74,268,7.246268656716418
5,75,272,6.948529411764706
5,76,276,6.699275362318841
5,77,284,6.880281690140845
5,78,290,7.027586206896552
5,79,294,7.183673469387755
5,80,302,7.231788079470198
5,81,302,7.341059602649007
5,82,307,7.084690553745928
5,83,306,7.408496732026144
5,84,307,7.397394136807818
5,85,313,7.338658146964856
5,86,315,7.3238095238095235
5,87,313,7.354632587859425
5,88,314,7.022292993630574
5,89,310,7.303225806451613
5,90,312,7.544871794871795
5,91,309,7.660194174757281
5,92,321,7.663551401869159
5,93,315,7.67936507936508
5,94,306,7.8202614379084965
5,95,302,7.569536423841059
5,96,304,7.529605263157895
5,97,303,7.33993399339934
5,98,316,7.563291139240507
5,99,318,7.270440251572327
5,100,329,7.2006079027355625
5,101,325,7.252307692307692
5,102,325,7.224615384615385
5,103,329,7.23404255319149
5,104,330,7.581818181818182
5,105,330,7.584848484848485
5,106,327,7.556574923547401
5,107,320,7.634375
5,108,324,7.45679012345679
5,109,333,7.006006006006006
5,110,334,7.050898203592815
5,111,341,6.844574780058651
5,112,347,6.8645533141210375
5,113,355,6.808450704225352
5,114,358,6.868715083798882
5,115,348,7.152298850574713
5,116,342,7.494152046783626
5,117,337,7.433234421364985
5,118,342,7.190058479532164
5,119,342,7.251461988304094
5,120,345,6.942028985507246
5,121,345,7.0376811594202895
5,122,345,7.121739130434783
5,123,350,6.882857142857143
5,124,338,6.991124260355029
5,125,339,7.0825958702064895
5,126,329,7.197568389057751
5,127,313,7.476038338658147
5,128,313,7.396166134185304
5,129,319,7.25705329153605
5,130,315,7.492063492063492
5,131,316,7.253164556962025
5,132,307,7.299674267100977
5,133,310,7.135483870967742
5,134,306,7.049019607843137
5,135,304,7.055921052631579
5,136,290,7.089655172413793
5,137,284,7.211267605633803
5,138,267,7.254681647940075
5,139,270,7.133333333333334
5,140,271,6.959409594095941
5,141,270,6.95925925925926
5,142,268,6.876865671641791
5,143,277,6.985559566787003
5,144,275,6.7272727272727275
5,145,265,6.7924528301886795
5,146,257,6.501945525291829
5,147,251,6.701195219123506
5,148,254,6.732283464566929
5,149,261,6.731800766283525
5,150,261,6.881226053639847
5,151,249,7.096385542168675
5,152,246,7.178861788617886
5,153,265,6.973584905660378
5,154,255,7.1568627450980395
5,155,260,7.230769230769231
5,156,255,7.172549019607843
5,157,253,7.2727272727272725
5,158,261,7.126436781609195
5,159,249,7.433734939759036
5,160,250,7.312
5,161,246,7.341463414634147
5,162,245,7.56734693877551
5,163,241,7.435684647302905
5,164,233,7.549356223175966
5,165,233,7.613733905579399
5,166,227,7.709251101321586
5,167,219,7.420091324200913
5,168,212,7.622641509433962
5,169,213,7.577464788732394
5,170,214,7.598130841121495
5,171,220,7.55
5,172,227,7.541850220264317
5,173,218,7.229357798165138
5,174,217,7.0368663594470044
5,175,222,6.756756756756757
5,176,222,6.684684684684685
5,177,221,6.778280542986425
5,178,219,6.712328767123288
5,179,218,6.798165137614679
5,180,222,6.86936936936937
5,181,219,7.050228310502283
5,182,215,6.804651162790698
5,183,209,6.712918660287081
5,184,208,6.956730769230769
5,185,215,6.716279069767442
5,186,215,6.758139534883721
5,187,216,7.013888888888889
5,188,211,7.071090047393365
5,189,212,7.1084905660377355
5,190,215,6.897674418604651
5,191,207,7.178743961352657
5,192,197,7.340101522842639
5,193,201,7.412935323383085
5,194,208,7.427884615384615
5,195,208,7.389423076923077
5,196,212,7.589622641509434
5,197,204,7.338235294117647
5,198,204,6.892156862745098
5,199,208,6.735576923076923
5,200,211,6.990521327014218
5,201,207,6.782608695652174
5,202,201,6.756218905472637
5,203,199,6.844221105527638
5,204,201,6.9950248756218905
5,205,210,6.723809523809524
5,206,209,6.70334928229665
5,207,209,6.784688995215311
5,208,204,7.009803921568627
5,209,203,6.862068965517241
5,210,194,7.005154639175258
5,211,190,6.942105263157894
5,212,193,6.756476683937824
5,213,190,6.6947368421052635
5,214,187,6.866310160427807
5,215,183,6.633879781420765
5,216,187,6.609625668449198
5,217,184,6.896739130434782
5,218,188,7.1861702127659575
5,219,185,7.4324324324324325
5,220,177,7.1525423728813555
5,221,174,7.114942528735632
5,222,169,7.349112426035503
5,223,171,7.0701754385964914
5,224,163,7.319018404907975
5,225,164,7.621951219512195
5,226,168,7.446428571428571
5,227,166,7.36144578313253
5,228,160,7.50625
5,229,161,7.490683229813665
5,230,171,7.432748538011696
5,231,175,7.0
5,232,177,6.903954802259887
5,233,174,6.724137931034483
5,234,168,6.666666666666667
5,235,171,6.614035087719298
5,236,175,6.782857142857143
5,237,175,6.982857142857143
5,238,174,7.281609195402299
5,239,179,7.430167597765363
5,240,179,7.312849162011173
5,241,180,7.0055555555555555
5,242,176,7.1875
5,243,172,7.215116279069767
5,244,178,6.870786516853933
5,245,178,6.926966292134831
5,246,177,7.220338983050848
5,247,178,7.275280898876405
5,248,170,7.229411764705882
5,249,170,7.317647058823529
5,250,180,7.194444444444445
5,251,192,6.869791666666667
5,252,193,6.9689119170984455
5,253,191,7.151832460732984
5,254,187,7.064171122994653
5,255,180,7.411111111111111
5,256,176,7.6647727272727275
5,257,171,8.064327485380117
5,258,160,7.7625
5,259,154,7.428571428571429
5,260,162,7.327160493827161
5,261,170,7.023529411764706
5,262,163,7.147239263803681
5,263,167,6.976047904191617
5,264,163,7.0920245398773005
5,265,162,7.092592592592593
5,266,152,7.276315789473684
5,267,138,7.094202898550725
5,268,131,7.183206106870229
5,269,139,7.0
5,270,143,7.174825174825175
5,271,147,6.925170068027211
5,272,151,6.788079470198675
5,273,148,7.216216216216216
5,274,149,7.100671140939597
5,275,146,7.164383561643835
5,276,140,7.142857142857143
5,277,137,7.08029197080292
5,278,138,7.318840579710145
5,279,137,7.255474452554744
5,280,131,7.290076335877862
5,281,137,7.262773722627737
5,282,132,7.159090909090909
5,283,131,6.923664122137405
5,284,134,6.7388059701492535
5,285,135,6.718518518518518
5,286,136,6.404411764705882
5,287,135,6.4148148148148145
5,288,127,6.275590551181103
5,289,123,6.463414634146342
5,290,124,6.532258064516129
5,291,121,6.6115702479338845
5,292,116,6.905172413793103
5,293,116,7.051724137931035
5,294,115,7.008695652173913
5,295,109,7.2110091743119265
5,296,107,7.214953271028038
5,297,105,7.561904761904762
5,298,103,7.766990291262136
5,299,111,7.054054054054054
5,300,109,6.798165137614679
5,301,113,7.0
5,302,116,6.870689655172414
5,303,115,6.886956521739131
5,304,116,6.698275862068965
5,305,118,6.686440677966102
5,306,109,6.6422018348623855
5,307,108,6.916666666666667
5,308,110,7.054545454545455
5,309,110,7.363636363636363
5,310,114,7.131578947368421
5,311,110,7.2272727272727275
5,312,114,7.280701754385965
5,313,116,7.2844827586206895
5,314,120,6.625
5,315,116,6.818965517241379
5,316,112,6.928571428571429
5,317,106,6.613207547169812
5,318,103,6.796116504854369
5,319,100,7.3
5,320,102,7.382352941176471
5,321,104,7.346153846153846
5,322,100,7.55
5,323,99,7.242424242424242
5,324,109,7.055045871559633
5,325,106,6.867924528301887
5,326,118,6.533898305084746
5,327,117,6.3247863247863245
5,328,104,6.278846153846154
5,329,107,5.803738317757009
5,330,106,6.377358490566038
5,331,108,6.907407407407407
5,332,105,6.733333333333333
5,333,101,7.198019801980198
5,334,99,7.484848484848484
5,335,101,7.356435643564357
5,336,105,7.057142857142857
5,337,109,7.045871559633028
5,338,101,6.930693069306931
5,339,97,7.061855670103093
5,340,92,7.478260869565218
5,341,96,7.40625
5,342,93,6.924731182795699
5,343,93,7.451612903225806
5,344,88,7.3522727272727275
5,345,93,7.32258064516129
5,346,89,6.910112359550562
5,347,85,7.011764705882353
5,348,85,7.294117647058823
5,349,83,7.650602409638554
5,350,81,7.172839506172839
5,351,79,7.253164556962025
5,352,79,7.227848101265823
5,353,76,6.684210526315789
5,354,80,6.175
5,355,78,6.230769230769231
5,356,78,6.384615384615385
5,357,75,6.653333333333333
5,358,80,6.525
5,359,74,6.716216216216216
5,360,72,7.305555555555555
5,361,68,7.205882352941177
5,362,68,6.75
5,363,66,7.2272727272727275
5,364,69,7.246376811594203
5,365,61,6.852459016393443
5,366,59,6.966101694915254
5,367,63,6.857142857142857
5,368,69,6.231884057971015
5,369,67,6.492537313432836
5,370,73,6.780821917808219
5,371,70,6.8428571428571425
5,372,64,6.5
5,373,66,6.545454545454546
5,374,69,6.927536231884058
5,375,63,7.222222222222222
5,376,63,7.285714285714286
5,377,67,7.104477611940299
5,378,66,7.651515151515151
5,379,67,8.462686567164178
5,380,65,8.415384615384616
5,381,62,7.596774193548387
5,382,62,7.741935483870968
5,383,61,7.622950819672131
5,384,62,7.887096774193548
5,385,60,7.516666666666667
5,386,62,7.387096774193548
5,387,57,7.771929824561403
5,388,59,8.084745762711865
5,389,57,8.263157894736842
5,390,59,7.559322033898305
5,391,60,7.416666666666667
5,392,58,7.0344827586206895
5,393,56,7.196428571428571
5,394,54,6.87037037037037
5,395,53,7.433962264150943
5,396,55,7.927272727272728
5,397,54,7.425925925925926
5,398,57,7.333333333333333
5,399,51,6.9411764705882355
5,400,51,7.196078431372549
6,0,30,0.0
6,1,30,1.0
6,2,30,2.0
6,3,30,3.0
6,4,30,4.0
6,5,30,5.0
6,6,30,6.0
6,7,30,7.0
6,8,34,7.0588235294117645
6,9,35,7.828571428571428
6,10,41,7.536585365853658
6,11,47,7.446808510638298
6,12,56,7.089285714285714
6,13,64,7.078125
6,14,65,7.953846153846154
6,15,75,7.76
6,16,78,8.153846153846153
6,17,80,8.875
6,18,84,9.19047619047619
6,19,87,9.505747126436782
6,20,95,9.284210526315789
6,21,102,8.794117647058824
6,22,108,8.50925925925926
6,23,112,8.625
6,24,119,8.630252100840336
6,25,126,8.547619047619047
6,26,132,8.81060606060606
6,27,136,8.985294117647058
6,28,144,9.159722222222221
6,29,143,9.517482517482517
6,30,152,9.578947368421053
6,31,155,9.503225806451614
6,32,148,7.101351351351352
6,33,153,7.568627450980392
6,34,158,7.594936708860759
6,35,164,7.762195121951219
6,36,173,7.855491329479769
6,37,177,8.192090395480227
6,38,182,8.186813186813186
6,39,186,8.102150537634408
6,40,187,8.144385026737968
6,41,196,8.107142857142858
6,42,197,8.309644670050762
6,43,204,8.544117647058824
6,44,210,8.361904761904762
6,45,220,8.245454545454546
6,46,228,8.171052631578947
6,47,232,8.060344827586206
6,48,245,7.836734693877551
6,49,249,7.622489959839357
6,50,247,7.979757085020243
6,51,252,7.968253968253968
6,52,251,7.713147410358566
6,53,251,7.892430278884462
6,54,257,8.085603112840467
6,55,268,7.888059701492537
6,56,263,7.532319391634981
6,57,275,7.447272727272727
6,58,281,7.4412811387900355
6,59,287,7.348432055749129
6,60,293,7.187713310580205
6,61,304,7.180921052631579
6,62,313,7.332268370607029
6,63,310,7.612903225806452
6,64,307,7.807817589576548
6,65,319,7.871473354231975
6,66,317,7.712933753943218
6,67,318,8.056603773584905
6,68,316,7.908227848101266
6,69,324,7.898148148148148
6,70,323,8.003095975232197
6,71,332,7.801204819277109
6,72,326,7.638036809815951
6,73,327,7.504587155963303
6,74,325,7.32
6,75,323,7.238390092879257
6,76,325,7.387692307692308
6,77,332,7.509036144578313
6,78,337,7.629080118694362
6,79,343,7.36734693877551
6,80,339,7.28023598820059
6,81,335,7.119402985074627
6,82,333,7.057057057057057
6,83,337,7.118694362017804
6,84,330,7.084848484848485
6,85,341,7.117302052785924
6,86,338,7.183431952662722
6,87,338,7.272189349112426
6,88,328,7.579268292682927
6,89,343,7.425655976676385
6,90,350,7.317142857142857
6,91,361,7.470914127423823
6,92,364,7.354395604395604
6,93,370,7.313513513513514
6,94,369,7.457994579945799
6,95,365,7.410958904109589
6,96,378,7.0661375661375665
6,97,382,7.075916230366492
6,98,382,7.342931937172775
6,99,375,7.32
6,100,387,7.2661498708010335
6,101,391,7.209718670076726
6,102,393,7.1653944020356235
6,103,402,7.2288557213930345
6,104,400,7.255
6,105,409,7.496332518337408
6,106,408,7.615196078431373
6,107,402,7.557213930348259
6,108,385,7.542857142857143
6,109,399,7.493734335839599
6,110,393,7.575063613231552
6,111,395,7.549367088607595
6,112,396,7.484848484848484
6,113,396,7.353535353535354
6,114,400,7.31
6,115,381,7.509186351706036
6,116,382,7.442408376963351
6,117,374,7.63903743315508
6,118,372,7.489247311827957
6,119,383,7.321148825065274
6,120,374,7.18716577540107
6,121,380,7.239473684210527
6,122,377,7.262599469496021
6,123,374,7.147058823529412
6,124,382,7.261780104712042
6,125,378,7.365079365079365
6,126,390,7.251282051282051
6,127,396,7.141414141414141
6,128,384,7.028645833333333
6,129,375,6.957333333333334
6,130,380,7.0394736842105265
6,131,371,7.013477088948787
6,132,371,7.064690026954178
6,133,361,7.191135734072022
6,134,365,7.147945205479452
6,135,358,7.170391061452514
6,136,356,7.036516853932584
6,137,364,7.186813186813187
6,138,360,7.194444444444445
6,139,376,7.151595744680851
6,140,367,7.283378746594005
6,141,359,7.086350974930362
6,142,357,7.061624649859944
6,143,348,7.160919540229885
6,144,349,7.008595988538682
6,145,350,6.934285714285714
6,146,355,6.825352112676057
6,147,359,6.860724233983287
6,148,371,6.878706199460916
6,149,369,6.880758807588076
6,150,369,6.815718157181572
6,151,369,6.989159891598916
6,152,363,7.126721763085399
6,153,352,7.318181818181818
6,154,347,7.334293948126801
6,155,342,7.347953216374269
6,156,336,7.336309523809524
6,157,344,7.026162790697675
6,158,344,7.037790697674419
6,159,336,7.071428571428571
6,160,334,6.958083832335329
6,161,345,6.820289855072463
6,162,346,6.803468208092486
6,163,338,6.704142011834319
6,164,330,6.8545454545454545
6,165,330,6.993939393939394
6,166,334,7.068862275449102
6,167,331,6.909365558912387
6,168,326,6.99079754601227
6,169,332,6.813253012048193
6,170,340,6.720588235294118
6,171,344,6.8023255813953485
6,172,348,6.709770114942529
6,173,334,6.820359281437126
6,174,337,7.008902077151335
6,175,331,7.078549848942598
6,176,307,7.182410423452769
6,177,295,7.406779661016949
6,178,283,7.395759717314488
6,179,273,7.73992673992674
6,180,276,7.695652173913044
6,181,277,7.534296028880866
6,182,268,7.2835820895522385
6,183,262,7.358778625954199
6,184,253,7.071146245059288
6,185,253,6.798418972332016
6,186,238,7.07563025210084
6,187,233,7.257510729613734
6,188,232,7.456896551724138
6,189,224,7.553571428571429
6,190,216,7.569444444444445
6,191,212,7.783018867924528
6,192,210,7.719047619047619
6,193,211,7.5260663507109005
6,194,204,7.421568627450981
6,195,200,7.225
6,196,194,7.170103092783505
6,197,187,7.278074866310161
6,198,192,7.140625
6,199,194,6.979381443298969
6,200,191,7.12041884816754
6,201,196,7.285714285714286
6,202,190,7.41578947368421
6,203,188,7.223404255319149
6,204,189,7.164021164021164
6,205,193,7.108808290155441
6,206,186,7.139784946236559
6,207,185,7.210810810810811
6,208,186,7.204301075268817
6,209,195,7.041025641025641
6,210,191,6.712041884816754
6,211,190,6.610526315789474
6,212,183,6.8743169398907105
6,213,191,6.821989528795812
6,214,178,7.191011235955056
6,215,179,7.351955307262569
6,216,174,7.333333333333333
6,217,170,7.658823529411765
6,218,166,7.289156626506024
6,219,170,7.247058823529412
6,220,170,7.311764705882353
6,221,177,6.937853107344632
6,222,178,7.342696629213483
6,223,175,7.062857142857143
6,224,187,6.748663101604278
6,225,190,6.868421052631579
6,226,187,7.005347593582887
6,227,182,7.263736263736264
6,228,175,7.045714285714285
6,229,172,6.837209302325581
6,230,167,7.059880239520958
6,231,156,6.948717948717949
6,232,157,7.025477707006369
6,233,158,7.113924050632911
6,234,166,7.102409638554217
6,235,169,7.118343195266272
6,236,168,7.178571428571429
6,237,168,7.160714285714286
6,238,153,7.398692810457517
6,239,145,7.43448275862069
6,240,149,7.181208053691275
6,241,150,7.226666666666667
6,242,155,7.187096774193549
6,243,167,7.053892215568863
6,244,156,7.032051282051282
6,245,142,7.26056338028169
6,246,142,7.169014084507042
6,247,147,7.374149659863946
6,248,151,7.211920529801325
6,249,157,7.114649681528663
6,250,156,6.839743589743589
6,251,152,6.559210526315789
6,252,157,7.095541401273885
6,253,149,6.885906040268456
6,254,143,6.804195804195804
6,255,146,6.787671232876712
6,256,147,6.578231292517007
6,257,150,6.6
6,258,154,6.701298701298701
6,259,155,6.696774193548387
6,260,152,6.769736842105263
6,261,144,6.611111111111111
6,262,143,6.454545454545454
6,263,138,6.615942028985507
6,264,134,6.7164179104477615
6,265,126,6.595238095238095
6,266,121,6.983471074380165
6,267,122,6.844262295081967
6,268,121,6.87603305785124
6,269,118,6.762711864406779
6,270,125,6.888
6,271,125,7.16
6,272,119,7.394957983193278
6,273,110,7.527272727272727
6,274,109,7.770642201834862
6,275,110,7.4363636363636365
6,276,108,7.703703703703703
6,277,109,7.339449541284404
6,278,110,6.963636363636364
6,279,108,6.962962962962963
6,280,110,6.7727272727272725
6,281,117,6.6581196581196584
6,282,113,6.336283185840708
6,283,116,6.491379310344827
6,284,111,6.648648648648648
6,285,110,6.818181818181818
6,286,119,6.983193277310924
6,287,118,7.101694915254237
6,288,116,7.094827586206897
6,289,118,7.101694915254237
6,290,110,7.109090909090909
6,291,106,7.311320754716981
6,292,105,6.933333333333334
6,293,100,7.27
6,294,106,6.89622641509434
6,295,109,6.963302752293578
6,296,109,6.889908256880734
6,297,108,7.0
6,298,108,6.87962962962963
6,299,110,7.3090909090909095
6,300,105,7.152380952380953
6,301,107,6.794392523364486
6,302,106,6.981132075471698
6,303,108,6.9907407407407405
6,304,109,7.26605504587156
6,305,100,7.28
6,306,97,7.061855670103093
6,307,95,7.010526315789473
6,308,94,6.8936170212765955
6,309,99,6.616161616161616
6,310,102,6.892156862745098
6,311,102,7.049019607843137
6,312,111,6.45045045045045
6,313,102,6.607843137254902
6,314,105,6.723809523809524
6,315,102,6.921568627450981
6,316,100,7.35
6,317,100,7.27
6,318,99,6.757575757575758
6,319,98,7.1020408163265305
6,320,93,7.483870967741935
6,321,93,7.526881720430108
6,322,93,7.666666666666667
6,323,86,7.72093023255814
6,324,84,7.654761904761905
6,325,83,7.662650602409639
6,326,94,7.212765957446808
6,327,101,7.207920792079208
6,328,103,7.087378640776699
6,329,106,6.735849056603773
6,330,102,7.176470588235294
6,331,99,6.696969696969697
6,332,97,7.061855670103093
6,333,91,6.989010989010989
6,334,89,7.157303370786517
6,335,93,7.354838709677419
6,336,91,7.4945054945054945
6,337,92,7.141304347826087
6,338,86,7.1976744186046515
6,339,88,6.784090909090909
6,340,81,7.1234567901234565
6,341,76,7.776315789473684
6,342,80,7.05
6,343,83,7.457831325301205
6,344,80,7.6625
6,345,77,7.181818181818182
6,346,74,7.243243243243243
6,347,79,6.848101265822785
6,348,80,6.7625
6,349,81,6.925925925925926
6,350,85,6.858823529411764
6,351,84,7.285714285714286
6,352,75,7.533333333333333
6,353,70,7.757142857142857
6,354,66,7.833333333333333
6,355,64,8.34375
6,356,64,7.734375
6,357,66,7.409090909090909
6,358,61,7.098360655737705
6,359,59,7.101694915254237
6,360,63,7.301587301587301
6,361,67,7.298507462686567
6,362,62,7.725806451612903
6,363,60,7.366666666666666
6,364,56,6.857142857142857
6,365,54,7.12962962962963
6,366,52,7.4423076923076925
6,367,50,7.24
6,368,55,6.763636363636364
6,369,60,6.483333333333333
6,370,58,6.224137931034483
6,371,59,6.47457627118644
6,372,61,6.442622950819672
6,373,61,6.80327868852459
6,374,60,6.766666666666667
6,375,58,6.689655172413793
6,376,57,6.807017543859649
6,377,57,6.666666666666667
6,378,53,7.0754716981132075
6,379,55,6.781818181818182
6,380,56,6.714285714285714
6,381,53,6.9245283018867925
6,382,61,6.655737704918033
6,383,58,6.448275862068965
6,384,51,6.509803921568627
6,385,48,5.6875
6,386,46,5.586956521739131
6,387,50,5.2
6,388,47,5.531914893617022
6,389,44,6.454545454545454
6,390,44,6.681818181818182
6,391,49,6.653061224489796
6,392,52,6.884615384615385
6,393,50,6.78
6,394,47,6.872340425531915
6,395,41,6.317073170731708
6,396,39,6.897435897435898
6,397,40,7.475
6,398,40,7.15
6,399,38,6.921052631578948
6,400,37,7.0
7,0,30,0.0
7,1,30,1.0
7,2,30,2.0
7,3,30,3.0
7,4,30,4.0
7,5,30,5.0
7,6,30,6.0
7,7,30,7.0
7,8,36,6.666666666666667
7,9,40,6.9
7,10,49,6.448979591836735
7,11,52,7.019230769230769
7,12,56,7.446428571428571
7,13,59,8.016949152542374
7,14,65,8.184615384615384
7,15,71,8.19718309859155
7,16,78,8.294871794871796
7,17,82,8.841463414634147
7,18,95,8.494736842105263
7,19,100,8.83
7,20,112,8.776785714285714
7,21,121,8.834710743801653
7,22,131,9.083969465648854
7,23,146,9.047945205479452
7,24,159,8.735849056603774
7,25,165,8.878787878787879
7,26,176,8.630681818181818
7,27,184,9.16304347826087
7,28,193,9.290155440414507
7,29,199,9.391959798994975
7,30,201,9.492537313432836
7,31,202,9.366336633663366
7,32,195,7.9282051282051285
7,33,203,8.295566502463053
7,34,220,8.340909090909092
7,35,225,8.528888888888888
7,36,245,8.269387755102041
7,37,257,8.365758754863814
7,38,265,8.486792452830189
7,39,274,8.554744525547445
7,40,274,8.452554744525548
7,41,286,8.272727272727273
7,42,300,7.753333333333333
7,43,308,7.64935064935065
7,44,305,8.02295081967213
7,45,313,7.766773162939297
7,46,328,7.734756097560975
7,47,331,7.879154078549849
7,48,319,8.04075235109718
7,49,321,8.0
7,50,324,8.151234567901234
7,51,326,7.791411042944786
7,52,314,7.7165605095541405
7,53,307,7.7882736156351795
7,54,306,7.973856209150327
7,55,307,7.631921824104235
7,56,314,7.614649681528663
7,57,325,7.461538461538462
7,58,322,7.717391304347826
7,59,326,7.751533742331288
7,60,327,7.7217125382263
7,61,331,7.7734138972809665
7,62,331,7.685800604229607
7,63,320,7.759375
7,64,325,7.766153846153846
7,65,323,7.61609907120743
7,66,331,7.480362537764351
7,67,343,7.588921282798834
7,68,349,7.687679083094556
7,69,359,7.779944289693593
7,70,354,7.573446327683616
7,71,341,7.548387096774194
7,72,342,7.701754385964913
7,73,353,7.541076487252124
7,74,353,7.368271954674221
7,75,365,7.238356164383561
7,76,368,7.024456521739131
7,77,362,6.969613259668508
7,78,369,7.010840108401084
7,79,379,7.329815303430079
7,80,362,7.698895027624309
7,81,360,7.783333333333333
7,82,350,7.845714285714286
7,83,358,7.863128491620111
7,84,354,7.918079096045198
7,85,360,7.658333333333333
7,86,366,7.628415300546448
7,87,356,7.75
7,88,356,7.696629213483146
7,89,349,7.406876790830945
7,90,339,7.451327433628318
7,91,339,7.51622418879056
7,92,334,7.5359281437125745
7,93,329,7.291793313069909
7,94,333,7.36036036036036
7,95,337,7.388724035608309
7,96,325,7.230769230769231
7,97,313,7.172523961661342
7,98,309,6.951456310679611
7,99,309,6.980582524271845
7,100,301,7.292358803986711
7,101,302,7.271523178807947
7,102,302,7.271523178807947
7,103,295,7.294915254237288
7,104,297,7.063973063973064
7,105,298,6.8389261744966445
7,106,298,6.798657718120805
7,107,286,6.7727272727272725
7,108,277,6.805054151624549
7,109,286,7.1328671328671325
7,110,292,7.184931506849315
7,111,292,7.078767123287672
7,112,289,6.982698961937716
7,113,286,7.094405594405594
7,114,290,7.037931034482758
7,115,278,7.003597122302159
7,116,274,7.102189781021898
7,117,266,7.274436090225564
7,118,269,7.185873605947956
7,119,258,7.352713178294573
7,120,258,7.662790697674419
7,121,247,7.578947368421052
7,122,240,7.3625
7,123,246,7.300813008130081
7,124,238,6.949579831932773
7,125,225,7.0488888888888885
7,126,229,6.965065502183406
7,127,226,7.185840707964601
7,128,238,6.957983193277311
7,129,240,7.041666666666667
7,130,246,7.109756097560975
7,131,242,7.31404958677686
7,132,231,7.536796536796537
7,133,228,7.62280701754386
7,134,227,7.28193832599119
7,135,230,7.069565217391304
7,136,227,6.942731277533039
7,137,240,6.629166666666666
7,138,238,6.53781512605042
7,139,238,6.705882352941177
7,140,242,6.966942148760331
7,141,234,7.051282051282051
7,142,228,7.31140350877193
7,143,234,7.35042735042735
7,144,238,7.457983193277311
7,145,232,7.094827586206897
7,146,226,7.212389380530974
7,147,221,7.321266968325792
7,148,214,7.542056074766355
7,149,212,7.490566037735849
7,150,216,7.476851851851852
7,151,220,7.3545454545454545
7,152,226,7.097345132743363
7,153,221,6.891402714932127
7,154,223,6.838565022421525
7,155,216,6.87037037037037
7,156,209,6.937799043062201
7,157,210,7.219047619047619
7,158,217,7.096774193548387
7,159,223,7.233183856502242
7,160,230,7.082608695652174
7,161,239,6.928870292887029
7,162,229,7.183406113537118
7,163,228,6.701754385964913
7,164,236,6.851694915254237
7,165,235,7.102127659574468
7,166,235,7.2042553191489365
7,167,228,7.307017543859649
7,168,232,7.086206896551724
7,169,226,7.070796460176991
7,170,236,7.0
7,171,246,6.800813008130081
7,172,241,6.717842323651452
7,173,249,6.923694779116466
7,174,248,6.923387096774194
7,175,251,7.031872509960159
7,176,257,7.147859922178989
7,177,263,7.1216730038022815
7,178,266,7.052631578947368
7,179,271,6.867158671586716
7,180,257,6.879377431906615
7,181,253,6.980237154150197
7,182,253,7.0395256916996045
7,183,248,7.056451612903226
7,184,240,7.116666666666666
7,185,241,7.244813278008299
7,186,241,7.1037344398340245
7,187,241,6.941908713692946
7,188,239,6.828451882845188
7,189,249,6.827309236947791
7,190,257,6.867704280155642
7,191,250,7.024
7,192,257,7.2684824902723735
7,193,248,7.25
7,194,245,7.146938775510204
7,195,244,7.200819672131147
7,196,245,7.273469387755102
7,197,245,7.171428571428572
7,198,258,6.573643410852713
7,199,252,6.642857142857143
7,200,248,6.701612903225806
7,201,252,6.845238095238095
7,202,258,6.736434108527132
7,203,249,6.783132530120482
7,204,247,6.983805668016195
7,205,256,7.171875
7,206,251,7.195219123505976
7,207,257,6.957198443579767
7,208,253,7.07905138339921
7,209,251,7.235059760956175
7,210,260,7.173076923076923
7,211,265,7.026415094339622
7,212,264,6.984848484848484
7,213,276,6.7355072463768115
7,214,277,6.9422382671480145
7,215,277,7.072202166064982
7,216,268,7.2835820895522385
7,217,266,7.2218045112781954
7,218,271,7.416974169741698
7,219,257,7.4591439688715955
7,220,255,7.176470588235294
7,221,242,7.413223140495868
7,222,236,7.364406779661017
7,223,244,7.319672131147541
7,224,244,7.213114754098361
7,225,233,7.412017167381975
7,226,222,6.963963963963964
7,227,213,7.089201877934272
7,228,204,6.9411764705882355
7,229,203,6.960591133004926
7,230,191,7.356020942408377
7,231,199,7.080402010050252
7,232,197,7.1725888324873095
7,233,190,7.131578947368421
7,234,177,7.288135593220339
7,235,177,7.367231638418079
7,236,178,7.48876404494382
7,237,179,7.290502793296089
7,238,178,7.724719101123595
7,239,180,7.522222222222222
7,240,188,6.99468085106383
7,241,196,6.86734693877551
7,242,194,6.902061855670103
7,243,188,6.7712765957446805
7,244,185,6.745945945945946
7,245,179,6.614525139664805
7,246,181,6.867403314917127
7,247,180,7.055555555555555
7,248,188,6.930851063829787
7,249,189,7.037037037037037
7,250,186,7.166666666666667
7,251,184,6.771739130434782
7,252,182,6.895604395604396
7,253,176,6.920454545454546
7,254,177,7.333333333333333
7,255,174,7.350574712643678
7,256,174,7.367816091954023
7,257,168,7.589285714285714
7,258,174,7.327586206896552
7,259,163,7.147239263803681
7,260,162,7.45679012345679
7,261,162,7.08641975308642
7,262,164,6.847560975609756
7,263,168,7.0773809523809526
7,264,171,6.684210526315789
7,265,169,7.059171597633136
7,266,167,7.07185628742515
7,267,149,7.25503355704698
7,268,147,7.040816326530612
7,269,145,7.303448275862069
7,270,148,7.033783783783784
7,271,146,7.6506849315068495
7,272,145,7.386206896551724
7,273,149,6.832214765100671
7,274,146,7.13013698630137
7,275,144,7.222222222222222
7,276,150,7.34
7,277,144,7.159722222222222
7,278,142,7.352112676056338
7,279,141,7.425531914893617
7,280,143,7.13986013986014
7,281,146,7.267123287671233
7,282,144,6.743055555555555
7,283,137,6.934306569343065
7,284,147,6.700680272108843
7,285,143,6.93006993006993
7,286,144,7.145833333333333
7,287,138,7.036231884057971
7,288,138,7.253623188405797
7,289,143,7.405594405594406
7,290,138,7.318840579710145
7,291,143,7.3076923076923075
7,292,139,6.517985611510792
7,293,147,6.659863945578231
7,294,148,6.722972972972973
7,295,146,6.842465753424658
7,296,142,6.985915492957746
7,297,138,7.057971014492754
7,298,143,6.804195804195804
7,299,140,7.364285714285714
7,300,140,7.285714285714286
7,301,142,7.014084507042254
7,302,135,7.022222222222222
7,303,131,7.137404580152672
7,304,133,7.2180451127819545
7,305,133,7.150375939849624
7,306,131,7.106870229007634
7,307,133,6.864661654135339
7,308,137,6.978102189781022
7,309,132,6.871212121212121
7,310,132,6.7727272727272725
7,311,133,6.706766917293233
7,312,126,7.26984126984127
7,313,135,6.851851851851852
7,314,131,6.969465648854962
7,315,122,6.89344262295082
7,316,126,7.015873015873016
7,317,128,6.6875
7,318,134,6.7164179104477615
7,319,130,6.7
7,320,127,7.070866141732283
7,321,120,6.875
7,322,114,7.078947368421052
7,323,116,7.068965517241379
7,324,111,6.7657657657657655
7,325,118,6.8559322033898304
7,326,127,6.748031496062992
7,327,131,6.8320610687022905
7,328,127,6.968503937007874
7,329,133,6.421052631578948
7,330,125,7.104
7,331,129,7.108527131782946
7,332,121,7.0
7,333,125,6.736
7,334,117,6.632478632478633
7,335,119,6.932773109243698
7,336,120,7.058333333333334
7,337,122,6.778688524590164
7,338,120,6.8
7,339,123,6.682926829268292
7,340,122,6.672131147540983
7,341,121,6.669421487603306
7,342,117,6.794871794871795
7,343,127,6.866141732283465
7,344,123,6.772357723577236
7,345,120,6.858333333333333
7,346,118,7.1525423728813555
7,347,115,7.165217391304348
7,348,123,7.1138211382113825
7,349,124,7.153225806451613
7,350,117,7.264957264957265
7,351,123,7.373983739837398
7,352,128,7.3359375
7,353,123,6.943089430894309
7,354,116,7.258620689655173
7,355,112,7.696428571428571
7,356,110,7.509090909090909
7,357,114,7.508771929824562
7,358,112,7.258928571428571
7,359,106,7.311320754716981
7,360,110,6.8090909090909095
7,361,113,6.6902654867256635
7,362,112,6.767857142857143
7,363,107,6.850467289719626
7,364,99,6.4646464646464645
7,365,94,6.925531914893617
7,366,96,7.0625
7,367,93,7.290322580645161
7,368,89,7.213483146067416
7,369,89,7.393258426966292
7,370,89,7.561797752808989
7,371,91,7.032967032967033
7,372,90,7.0
7,373,95,6.905263157894737
7,374,89,7.168539325842697
7,375,87,7.275862068965517
7,376,81,6.8765432098765435
7,377,77,6.441558441558442
7,378,79,6.481012658227848
7,379,78,6.910256410256411
7,380,84,7.011904761904762
7,381,88,6.818181818181818
7,382,94,6.74468085106383
7,383,98,6.642857142857143
7,384,97,6.793814432989691
7,385,97,6.443298969072165
7,386,96,6.677083333333333
7,387,94,7.085106382978723
7,388,89,7.438202247191011
7,389,85,7.529411764705882
7,390,90,7.811111111111111
7,391,92,7.673913043478261
7,392,89,7.955056179775281
7,393,85,8.047058823529412
7,394,90,7.8
7,395,83,8.096385542168674
7,396,85,7.894117647058824
7,397,90,7.6
7,398,88,7.545454545454546
7,399,88,7.034090909090909
7,400,88,6.931818181818182
8,0,30,0.0
8,1,30,1.0
8,2,30,2.0
8,3,30,3.0
8,4,30,4.0
8,5,30,5.0
8,6,30,6.0
8,7,30,7.0
8,8,39,6.153846153846154
8,9,45,6.2
8,10,50,6.48
8,11,55,6.6
8,12,57,7.12280701754386
8,13,65,7.123076923076923
8,14,69,7.246376811594203
8,15,69,7.826086956521739
8,16,78,7.602564102564102
8,17,85,7.741176470588235
8,18,89,8.348314606741573
8,19,99,8.292929292929292
8,20,114,7.964912280701754
8,21,123,8.308943089430894
8,22,129,8.643410852713178
8,23,139,8.76978417266187
8,24,146,8.835616438356164
8,25,156,9.0
8,26,167,9.065868263473053
8,27,165,9.793939393939393
8,28,180,9.822222222222223
8,29,185,9.91891891891892
8,30,196,9.821428571428571
8,31,205,9.863414634146341
8,32,187,7.866310160427807
8,33,192,8.109375
8,34,202,8.07920792079208
8,35,215,8.023255813953488
8,36,212,8.127358490566039
8,37,216,8.333333333333334
8,38,219,8.707762557077626
8,39,216,8.99537037037037
8,40,217,8.783410138248849
8,41,207,8.710144927536232
8,42,209,8.464114832535886
8,43,207,8.371980676328503
8,44,204,8.588235294117647
8,45,207,8.545893719806763
8,46,209,8.301435406698564
8,47,216,8.12037037037037
8,48,216,7.907407407407407
8,49,205,8.258536585365853
8,50,209,7.956937799043062
8,51,214,7.850467289719626
8,52,225,7.582222222222223
8,53,224,7.540178571428571
8,54,228,7.583333333333333
8,55,233,7.347639484978541
8,56,231,7.190476190476191
8,57,229,7.244541484716157
8,58,227,7.647577092511013
8,59,229,7.860262008733624
8,60,235,7.94468085106383
8,61,233,7.630901287553648
8,62,242,7.586776859504132
8,63,242,7.640495867768595
8,64,250,7.62
8,65,263,7.6273764258555135
8,66,262,7.763358778625954
8,67,258,7.875968992248062
8,68,257,7.583657587548638
8,69,261,7.394636015325671
8,70,271,7.516605166051661
8,71,263,7.581749049429658
8,72,264,7.859848484848484
8,73,262,7.820610687022901
8,74,263,7.870722433460076
8,75,273,7.395604395604396
8,76,264,7.299242424242424
8,77,255,7.423529411764706
8,78,262,7.561068702290076
8,79,257,7.622568093385214
8,80,265,7.588679245283019
8,81,262,7.515267175572519
8,82,257,7.307392996108949
8,83,255,7.325490196078431
8,84,249,7.763052208835341
8,85,243,7.769547325102881
8,86,245,7.420408163265306
8,87,243,7.271604938271605
8,88,249,7.606425702811245
8,89,262,7.133587786259542
8,90,257,7.147859922178989
8,91,263,7.193916349809886
8,92,260,7.05
8,93,258,7.348837209302325
8,94,255,7.203921568627451
8,95,255,7.094117647058823
8,96,250,7.24
8,97,245,7.318367346938776
8,98,250,7.2
8,99,246,7.109756097560975
8,100,232,7.297413793103448
8,101,229,7.222707423580786
8,102,227,7.211453744493392
8,103,237,7.261603375527426
8,104,237,7.265822784810126
8,105,236,7.13135593220339
8,106,234,7.264957264957265
8,107,222,7.153153153153153
8,108,233,7.175965665236052
8,109,243,7.432098765432099
8,110,243,7.563786008230453
8,111,241,7.352697095435684
8,112,239,7.485355648535565
8,113,232,7.431034482758621
8,114,228,7.407894736842105
8,115,229,7.406113537117904
8,116,235,7.170212765957447
8,117,225,7.1466666666666665
8,118,228,7.421052631578948
8,119,228,7.328947368421052
8,120,232,7.547413793103448
8,121,231,7.627705627705628
8,122,231,7.2770562770562774
8,123,241,7.066390041493776
8,124,233,6.733905579399142
8,125,236,6.927966101694915
8,126,239,7.2259414225941425
8,127,244,7.163934426229508
8,128,250,7.312
8,129,257,7.319066147859922
8,130,253,7.134387351778656
8,131,248,7.362903225806452
8,132,250,7.196
8,133,245,7.281632653061225
8,134,237,7.578059071729958
8,135,238,7.7100840336134455
8,136,238,7.701680672268908
8,137,234,7.653846153846154
8,138,233,7.497854077253219
8,139,223,7.591928251121076
8,140,223,7.565022421524664
8,141,217,7.691244239631336
8,142,219,7.780821917808219
8,143,208,8.091346153846153
8,144,209,7.62200956937799
8,145,207,7.4396135265700485
8,146,206,7.213592233009709
8,147,201,7.308457711442786
8,148,193,7.419689119170984
8,149,200,7.38
8,150,191,6.895287958115183
8,151,190,6.957894736842105
8,152,200,6.91
8,153,204,6.818627450980392
8,154,206,6.941747572815534
8,155,206,6.990291262135922
8,156,207,7.06280193236715
8,157,199,7.206030150753769
8,158,198,7.136363636363637
8,159,206,7.087378640776699
8,160,199,7.1206030150753765
8,161,209,6.985645933014354
8,162,200,7.095
8,163,194,6.969072164948454
8,164,185,7.145945945945946
8,165,193,7.072538860103627
8,166,202,6.712871287128713
8,167,203,6.635467980295567
8,168,204,6.882352941176471
8,169,204,6.911764705882353
8,170,210,6.923809523809524
8,171,209,6.880382775119617
8,172,213,7.07981220657277
8,173,213,7.140845070422535
8,174,213,7.347417840375587
8,175,218,7.247706422018348
8,176,215,7.269767441860465
8,177,214,7.322429906542056
8,178,211,7.454976303317536
8,179,201,7.527363184079602
8,180,204,7.549019607843137
8,181,213,7.525821596244131
8,182,218,7.160550458715596
8,183,219,6.840182648401827
8,184,226,6.778761061946903
8,185,225,6.88
8,186,218,6.940366972477064
8,187,217,7.11520737327189
8,188,212,7.306603773584905
8,189,210,7.557142857142857
8,190,214,7.457943925233645
8,191,210,7.504761904761905
8,192,209,7.239234449760765
8,193,222,6.752252252252252
8,194,223,6.838565022421525
8,195,213,7.032863849765258
8,196,208,7.240384615384615
8,197,207,7.309178743961352
8,198,211,7.085308056872038
8,199,206,7.179611650485437
8,200,212,7.15566037735849
8,201,208,6.903846153846154
8,202,208,6.783653846153846
8,203,215,6.920930232558139
8,204,223,6.62780269058296
8,205,233,6.6781115879828326
8,206,228,6.9035087719298245
8,207,228,6.635964912280702
8,208,235,6.821276595744681
8,209,235,6.970212765957447
8,210,226,7.238938053097345
8,211,216,7.337962962962963
8,212,225,7.328888888888889
8,213,226,7.230088495575221
8,214,230,7.3826086956521735
8,215,240,7.004166666666666
8,216,239,6.7447698744769875
8,217,236,6.694915254237288
8,218,231,6.874458874458875
8,219,230,7.065217391304348
8,220,235,7.127659574468085
8,221,233,7.180257510729613
8,222,220,7.1454545454545455
8,223,214,7.144859813084112
8,224,207,7.434782608695652
8,225,192,7.692708333333333
8,226,201,7.746268656716418
8,227,201,7.686567164179104
8,228,208,7.423076923076923
8,229,205,7.517073170731707
8,230,201,7.527363184079602
8,231,203,7.413793103448276
8,232,198,7.303030303030303
8,233,199,7.110552763819095
8,234,199,6.9798994974874375
8,235,199,6.849246231155779
8,236,197,6.9238578680203045
8,237,200,7.075
8,238,205,7.2439024390243905
8,239,210,7.061904761904762
8,240,206,6.878640776699029
8,241,207,6.961352657004831
8,242,208,7.2451923076923075
8,243,202,7.371287128712871
8,244,210,7.295238095238095
8,245,212,7.10377358490566
8,246,213,7.051643192488263
8,247,215,6.841860465116279
8,248,215,7.004651162790697
8,249,205,7.004878048780488
8,250,203,7.078817733990148
8,251,193,7.243523316062176
8,252,196,7.168367346938775
8,253,200,7.32
8,254,203,7.5073891625615765
8,255,206,7.004854368932039
8,256,209,6.9952153110047846
8,257,202,6.896039603960396
8,258,208,6.923076923076923
8,259,204,6.759803921568627
8,260,213,6.859154929577465
8,261,208,6.951923076923077
8,262,207,6.884057971014493
8,263,215,6.874418604651162
8,264,211,7.118483412322274
8,265,213,6.92018779342723
8,266,218,6.89908256880734
8,267,215,6.93953488372093
8,268,214,6.9766355140186915
8,269,226,6.734513274336283
8,270,218,6.839449541284404
8,271,226,6.884955752212389
8,272,232,6.456896551724138
8,273,232,6.517241379310345
8,274,240,6.533333333333333
8,275,247,6.433198380566802
8,276,243,6.580246913580247
8,277,249,6.578313253012048
8,278,245,6.726530612244898
8,279,228,6.780701754385965
8,280,225,6.702222222222222
8,281,228,6.87719298245614
8,282,227,6.788546255506608
8,283,228,7.0131578947368425
8,284,218,6.995412844036697
8,285,217,6.953917050691245
8,286,224,6.772321428571429
8,287,213,6.868544600938967
8,288,210,6.742857142857143
8,289,203,6.674876847290641
8,290,202,6.767326732673268
8,291,198,6.97979797979798
8,292,197,6.969543147208122
8,293,204,6.936274509803922
8,294,205,6.746341463414634
8,295,207,6.917874396135265
8,296,198,6.97979797979798
8,297,202,6.861386138613861
8,298,208,6.658653846153846
8,299,201,6.935323383084577
8,300,203,7.330049261083744
8,301,196,7.137755102040816
8,302,188,7.047872340425532
8,303,185,7.021621621621621
8,304,183,7.14207650273224
8,305,177,7.446327683615819
8,306,186,7.397849462365591
8,307,191,7.534031413612565
8,308,198,7.1767676767676765
8,309,195,7.082051282051282
8,310,196,6.846938775510204
8,311,199,6.763819095477387
8,312,201,7.009950248756219
8,313,199,7.110552763819095
8,314,201,7.08457711442786
8,315,196,7.346938775510204
8,316,205,6.917073170731707
8,317,203,6.916256157635468
8,318,196,6.994897959183674
8,319,193,7.186528497409326
8,320,188,7.090425531914893
8,321,190,7.3052631578947365
8,322,196,7.112244897959184
8,323,200,7.2
8,324,197,7.258883248730965
8,325,190,7.063157894736842
8,326,192,7.005208333333333
8,327,197,7.096446700507614
8,328,200,7.23
8,329,206,7.441747572815534
8,330,197,7.411167512690355
8,331,199,7.241206030150754
8,332,194,7.262886597938144
8,333,202,7.103960396039604
8,334,197,6.756345177664975
8,335,195,7.035897435897436
8,336,184,7.070652173913044
8,337,189,7.105820105820106
8,338,181,6.911602209944752
8,339,185,7.3297297297297295
8,340,191,7.324607329842932
8,341,193,7.601036269430052
8,342,184,7.135869565217392
8,343,182,6.934065934065934
8,344,165,6.8
8,345,170,6.658823529411765
8,346,166,6.771084337349397
8,347,164,6.7926829268292686
8,348,163,7.128834355828221
8,349,158,7.329113924050633
8,350,154,6.961038961038961
8,351,154,7.259740259740259
8,352,154,7.045454545454546
8,353,160,6.94375
8,354,156,6.871794871794871
8,355,162,6.901234567901234
8,356,167,6.62874251497006
8,357,166,7.006024096385542
8,358,164,6.951219512195122
8,359,159,6.849056603773585
8,360,159,6.987421383647798
8,361,161,7.074534161490683
8,362,150,6.946666666666666
8,363,157,7.012738853503185
8,364,151,6.986754966887418
8,365,158,6.651898734177215
8,366,165,6.7696969696969695
8,367,167,6.473053892215569
8,368,153,6.143790849673203
8,369,150,6.64
8,370,153,6.607843137254902
8,371,141,7.0
8,372,136,7.132352941176471
8,373,131,7.030534351145038
8,374,129,7.155038759689923
8,375,129,6.9147286821705425
8,376,128,7.0703125
8,377,128,6.9140625
8,378,132,6.871212121212121
8,379,132,6.5227272727272725
8,380,138,6.471014492753623
8,381,138,6.405797101449275
8,382,139,6.575539568345324
8,383,147,6.387755102040816
8,384,141,6.397163120567376
8,385,136,6.507352941176471
8,386,142,6.422535211267606
8,387,137,6.890510948905109
8,388,130,6.946153846153846
8,389,115,6.886956521739131
8,390,113,6.6371681415929205
8,391,117,6.854700854700854
8,392,119,6.378151260504202
8,393,112,6.741071428571429
8,394,111,6.90990990990991
8,395,108,7.416666666666667
8,396,108,7.601851851851852
8,397,101,7.6138613861386135
8,398,92,7.554347826086956
8,399,86,7.790697674418604
8,400,83,7.373493975903615
9,0,30,0.0
9,1,30,1.0
9,2,30,2.0
9,3,30,3.0
9,4,30,4.0
9,5,30,5.0
9,6,30,6.0
9,7,30,7.0
9,8,35,6.857142857142857
9,9,42,6.5476190476190474
9,10,45,6.822222222222222
9,11,51,6.901960784313726
9,12,53,7.377358490566038
9,13,58,7.431034482758621
9,14,63,7.5396825396825395
9,15,66,7.696969696969697
9,16,68,8.132352941176471
9,17,75,7.933333333333334
9,18,75,8.426666666666666
9,19,78,8.487179487179487
9,20,86,8.604651162790697
9,21,89,8.438202247191011
9,22,93,8.89247311827957
9,23,96,8.958333333333334
9,24,97,9.144329896907216
9,25,103,9.407766990291263
9,26,101,9.346534653465346
9,27,102,9.77450980392157
9,28,105,9.514285714285714
9,29,106,9.075471698113208
9,30,110,8.663636363636364
9,31,108,9.083333333333334
9,32,101,7.514851485148514
9,33,108,7.37962962962963
9,34,110,7.5636363636363635
9,35,114,7.201754385964913
9,36,123,7.390243902439025
9,37,123,7.699186991869919
9,38,130,7.8076923076923075
9,39,136,7.514705882352941
9,40,136,7.485294117647059
9,41,138,7.6231884057971016
9,42,140,7.7
9,43,144,7.319444444444445
9,44,132,7.696969696969697
9,45,132,8.045454545454545
9,46,139,7.928057553956834
9,47,139,8.014388489208633
9,48,149,7.8120805369127515
9,49,153,7.823529411764706
9,50,152,7.625
9,51,152,7.625
9,52,151,7.5364238410596025
9,53,148,7.168918918918919
9,54,144,7.215277777777778
9,55,156,7.237179487179487
9,56,156,7.487179487179487
9,57,160,7.20625
9,58,162,7.055555555555555
9,59,165,7.121212121212121
9,60,170,7.4
9,61,169,7.644970414201183
9,62,170,7.2823529411764705
9,63,173,7.127167630057803
9,64,179,7.167597765363128
9,65,176,7.181818181818182
9,66,174,7.114942528735632
9,67,176,7.0397727272727275
9,68,173,7.433526011560693
9,69,173,7.5606936416184976
9,70,177,7.661016949152542
9,71,178,7.97191011235955
9,72,189,7.941798941798941
9,73,187,7.967914438502674
9,74,191,7.659685863874346
9,75,197,7.436548223350254
9,76,201,7.024875621890548
9,77,208,6.860576923076923
9,78,201,7.034825870646766
9,79,209,7.205741626794258
9,80,211,7.3649289099526065
9,81,200,7.24
9,82,204,7.279411764705882
9,83,212,6.938679245283019
9,84,221,6.828054298642534
9,85,220,6.9
9,86,225,6.942222222222222
9,87,224,7.008928571428571
9,88,212,6.938679245283019
9,89,214,6.985981308411215
9,90,205,6.848780487804878
9,91,200,6.945
9,92,193,7.595854922279793
9,93,195,7.517948717948718
9,94,189,7.26984126984127
9,95,201,6.9054726368159205
9,96,203,6.970443349753695
9,97,213,7.075117370892019
9,98,215,6.967441860465116
9,99,209,7.248803827751196
9,100,209,7.1291866028708135
9,101,206,7.135922330097087
9,102,198,7.126262626262626
9,103,187,7.44385026737968
9,104,187,7.032085561497326
9,105,182,7.115384615384615
9,106,180,6.844444444444444
9,107,192,6.572916666666667
9,108,197,6.604060913705584
9,109,186,6.935483870967742
9,110,185,7.043243243243243
9,111,181,7.287292817679558
9,112,184,7.092391304347826
9,113,179,7.016759776536313
9,114,178,7.544943820224719
9,115,175,7.742857142857143
9,116,175,7.468571428571429
9,117,175,7.36
9,118,171,7.157894736842105
9,119,175,7.045714285714285
9,120,170,7.211764705882353
9,121,173,7.15606936416185
9,122,180,7.111111111111111
9,123,178,7.112359550561798
9,124,169,7.005917159763314
9,125,160,7.0125
9,126,158,7.449367088607595
9,127,164,6.969512195121951
9,128,165,7.036363636363636
9,129,171,6.894736842105263
9,130,181,6.712707182320442
9,131,183,6.562841530054645
9,132,176,6.755681818181818
9,133,169,6.579881656804734
9,134,167,6.850299401197605
9,135,164,6.963414634146342
9,136,155,6.741935483870968
9,137,156,6.865384615384615
9,138,153,7.143790849673203
9,139,157,7.070063694267516
9,140,156,7.346153846153846
9,141,154,7.62987012987013
9,142,149,7.261744966442953
9,143,149,6.9865771812080535
9,144,137,6.978102189781022
9,145,142,6.626760563380282
9,146,136,6.926470588235294
9,147,143,6.475524475524476
9,148,134,6.470149253731344
9,149,123,6.813008130081301
9,150,121,6.56198347107438
9,151,117,6.786324786324786
9,152,110,6.654545454545454
9,153,108,6.861111111111111
9,154,104,7.1923076923076925
9,155,105,7.485714285714286
9,156,91,7.7032967032967035
9,157,88,7.795454545454546
9,158,85,7.2
9,159,80,7.75
9,160,79,7.265822784810126
9,161,78,7.666666666666667
9,162,77,7.662337662337662
9,163,69,7.3768115942028984
9,164,68,7.0
9,165,65,7.153846153846154
9,166,56,7.107142857142857
9,167,53,7.09433962264151
9,168,55,7.290909090909091
9,169,59,7.101694915254237
9,170,61,7.459016393442623
9,171,57,7.684210526315789
9,172,49,7.387755102040816
9,173,46,6.869565217391305
9,174,50,6.88
9,175,48,7.125
9,176,48,7.125
9,177,44,6.818181818181818
9,178,47,6.595744680851064
9,179,46,7.260869565217392
9,180,52,6.980769230769231
9,181,50,7.18
9,182,41,7.097560975609756
9,183,37,6.4324324324324325
9,184,37,6.864864864864865
9,185,45,6.288888888888889
9,186,45,6.288888888888889
9,187,45,6.777777777777778
9,188,46,6.913043478260869
9,189,46,6.521739130434782
9,190,42,6.928571428571429
9,191,36,6.888888888888889
9,192,36,7.222222222222222
9,193,36,6.583333333333333
9,194,33,7.121212121212121
9,195,31,7.451612903225806
9,196,36,7.0
9,197,34,6.852941176470588
9,198,34,6.588235294117647
9,199,34,6.4411764705882355
9,200,35,6.857142857142857
9,201,36,6.861111111111111
9,202,35,7.6
9,203,35,8.314285714285715
9,204,33,8.424242424242424
9,205,31,7.838709677419355
9,206,32,8.15625
9,207,33,7.878787878787879
9,208,33,7.848484848484849
9,209,31,7.32258064516129
9,210,32,7.25
9,211,33,7.515151515151516
9,212,32,6.9375
9,213,34,6.970588235294118
9,214,38,6.947368421052632
9,215,40,6.25
9,216,40,5.975
9,217,42,6.642857142857143
9,218,43,6.72093023255814
9,219,45,6.866666666666666
9,220,46,7.695652173913044
9,221,46,8.434782608695652
9,222,48,8.708333333333334
9,223,51,8.098039215686274
9,224,50,8.06
9,225,50,7.06
9,226,52,7.3076923076923075
9,227,52,6.980769230769231
9,228,54,6.962962962962963
9,229,58,6.327586206896552
9,230,60,6.633333333333334
9,231,65,7.046153846153846
9,232,67,7.08955223880597
9,233,56,6.410714285714286
9,234,57,6.526315789473684
9,235,56,6.910714285714286
9,236,57,7.2105263157894735
9,237,54,7.407407407407407
9,238,55,7.1454545454545455
9,239,59,7.11864406779661
9,240,60,7.116666666666666
9,241,61,7.622950819672131
9,242,61,8.098360655737705
9,243,59,8.271186440677965
9,244,60,8.316666666666666
9,245,56,8.446428571428571
9,246,60,7.733333333333333
9,247,61,7.442622950819672
9,248,57,7.035087719298246
9,249,59,6.186440677966102
9,250,58,6.293103448275862
9,251,58,6.482758620689655
9,252,55,6.709090909090909
9,253,54,7.092592592592593
9,254,53,7.6415094339622645
9,255,52,7.576923076923077
9,256,51,7.313725490196078
9,257,53,7.566037735849057
9,258,59,7.3559322033898304
9,259,64,7.015625
9,260,68,7.264705882352941
9,261,62,7.129032258064516
9,262,65,6.6
9,263,68,6.823529411764706
9,264,75,7.093333333333334
9,265,69,7.188405797101449
9,266,72,6.486111111111111
9,267,69,6.898550724637682
9,268,72,6.875
9,269,73,7.301369863013699
9,270,73,6.616438356164384
9,271,77,7.220779220779221
9,272,77,7.441558441558442
9,273,76,7.578947368421052
9,274,76,7.0
9,275,75,6.946666666666666
9,276,76,7.052631578947368
9,277,78,6.961538461538462
9,278,75,7.12
9,279,79,6.7974683544303796
9,280,76,7.2368421052631575
9,281,79,7.265822784810126
9,282,72,7.291666666666667
9,283,78,7.089743589743589
9,284,78,7.166666666666667
9,285,78,7.448717948717949
9,286,84,6.821428571428571
9,287,82,6.317073170731708
9,288,85,6.952941176470588
9,289,90,6.766666666666667
9,290,92,6.9021739130434785
9,291,98,6.989795918367347
9,292,98,6.846938775510204
9,293,97,7.22680412371134
9,294,98,7.448979591836735
9,295,94,7.0638297872340425
9,296,94,7.042553191489362
9,297,94,7.4787234042553195
9,298,92,7.456521739130435
9,299,93,7.440860215053763
9,300,101,7.128712871287129
9,301,106,7.2924528301886795
9,302,114,7.271929824561403
9,303,113,7.654867256637168
9,304,116,7.577586206896552
9,305,107,7.607476635514018
9,306,106,7.745283018867925
9,307,99,8.05050505050505
9,308,103,7.728155339805825
9,309,98,7.040816326530612
9,310,97,6.65979381443299
9,311,97,6.381443298969073
9,312,97,6.556701030927835
9,313,94,6.691489361702128
9,314,92,7.054347826086956
9,315,95,7.6421052631578945
9,316,95,7.7894736842105265
9,317,100,7.85
9,318,105,7.304761904761905
9,319,110,6.609090909090909
9,320,102,6.715686274509804
9,321,100,6.91
9,322,100,7.03
9,323,99,7.161616161616162
9,324,102,7.401960784313726
9,325,101,7.6138613861386135
9,326,97,7.319587628865979
9,327,97,7.453608247422681
9,328,98,7.448979591836735
9,329,93,7.516129032258065
9,330,87,7.666666666666667
9,331,96,7.354166666666667
9,332,97,7.082474226804123
9,333,98,7.3061224489795915
9,334,96,7.59375
9,335,92,7.891304347826087
9,336,100,7.57
9,337,104,7.144230769230769
9,338,110,6.472727272727273
9,339,115,6.434782608695652
9,340,115,6.452173913043478
9,341,115,7.0
9,342,107,7.373831775700935
9,343,99,7.818181818181818
9,344,99,7.97979797979798
9,345,97,7.865979381443299
9,346,97,7.371134020618556
9,347,104,6.875
9,348,107,6.91588785046729
9,349,109,7.192660550458716
9,350,106,7.509433962264151
9,351,105,7.466666666666667
9,352,104,7.278846153846154
9,353,104,7.451923076923077
9,354,99,7.090909090909091
9,355,101,7.099009900990099
9,356,101,6.801980198019802
9,357,99,6.646464646464646
9,358,93,6.817204301075269
9,359,90,6.788888888888889
9,360,96,7.208333333333333
9,361,97,7.288659793814433
9,362,95,6.810526315789474
9,363,91,7.252747252747253
9,364,91,7.076923076923077
9,365,98,6.714285714285714
9,366,92,6.880434782608695
9,367,90,6.644444444444445
9,368,95,6.4526315789473685
9,369,104,6.653846153846154
9,370,100,6.49
9,371,92,6.858695652173913
9,372,90,6.944444444444445
9,373,90,7.044444444444444
9,374,95,6.726315789473684
9,375,96,6.770833333333333
9,376,93,7.225806451612903
9,377,92,7.293478260869565
9,378,88,7.2727272727272725
9,379,84,7.511904761904762
9,380,77,7.51948051948052
9,381,77,7.766233766233766
9,382,72,8.125
9,383,71,7.28169014084507
9,384,67,8.044776119402986
9,385,67,7.358208955223881
9,386,62,6.758064516129032
9,387,64,6.71875
9,388,61,6.967213114754099
9,389,61,6.918032786885246
9,390,63,6.984126984126984
9,391,61,7.081967213114754
9,392,63,6.777777777777778
9,393,67,6.626865671641791
9,394,65,6.507692307692308
9,395,65,6.661538461538462
9,396,63,7.111111111111111
9,397,63,6.7936507936507935
9,398,62,6.693548387096774
9,399,62,6.629032258064516
9,400,60,6.616666666666666
