year,mean_population,std_population,min_population,max_population,mean_age,std_age,min_age,max_age
0,30.0,0.0,30,30,0.0,0.0,0.0,0.0
1,30.0,0.0,30,30,1.0,0.0,1.0,1.0
2,30.0,0.0,30,30,2.0,0.0,2.0,2.0
3,30.0,0.0,30,30,3.0,0.0,3.0,3.0
4,30.0,0.0,30,30,4.0,0.0,4.0,4.0
5,30.0,0.0,30,30,5.0,0.0,5.0,5.0
6,29.9,0.3162277660168377,29,30,6.0,0.0,6.0,6.0
7,29.9,0.3162277660168377,29,30,7.0,0.0,7.0,7.0
8,34.0,2.943920288775949,31,41,7.030885977641658,0.5628865324302526,5.853658536585366,7.741935483870968
9,38.9,3.928528138289624,34,47,7.014575252655892,0.629857705300648,5.9787234042553195,7.970588235294118
10,44.4,4.903513479582212,37,56,7.030654795780978,0.6040965316492752,5.857142857142857,8.243243243243244
11,49.5,4.403281604540968,43,59,7.1436735120317945,0.4724659004785743,6.322033898305085,7.953488372093023
12,54.0,4.876246279442598,45,62,7.430807820958066,0.5805020592049446,6.775862068965517,8.555555555555555
13,58.1,6.7568894881857835,49,69,7.751820437930289,0.7063307645884676,6.971014492753623,9.183673469387756
14,62.7,7.775317071062475,53,73,8.0044576927051,0.7202013322367689,7.0,9.415094339622641
15,67.4,8.044321668799125,56,77,8.29560782784467,0.7559149203290157,7.388888888888889,9.857142857142858
16,71.6,7.366591251499342,60,83,8.563196290595059,0.45699519880928763,7.947368421052632,9.316666666666666
17,77.9,7.781031065639338,68,91,8.673493967338167,0.39222997234743884,8.132530120481928,9.4
18,84.5,7.806692285753581,73,96,8.741535567852598,0.24715999088080057,8.404761904761905,9.186046511627907
19,92.2,10.25020325001737,74,109,8.687850883000625,0.3308145766969829,8.311827956989248,9.27027027027027
20,99.5,10.617072205755324,81,116,8.813757511539928,0.4253055866229457,8.318965517241379,9.559139784946236
21,106.4,11.824644697504539,84,125,8.954185025648187,0.4128041046798906,8.281818181818181,9.594059405940595
22,112.8,11.242775458044157,93,127,9.080913125264086,0.3227405390713119,8.543307086614174,9.59047619047619
23,120.5,12.721373091507589,97,137,9.034016201497256,0.41407382398709797,8.416058394160585,9.84070796460177
24,127.5,15.522385269166733,105,156,9.010714006648026,0.33740039017429074,8.611940298507463,9.785714285714286
25,132.3,16.512957874886553,112,164,9.18032936058508,0.37069619818614735,8.670731707317072,9.751937984496124
26,140.3,19.816098954581786,118,173,9.173261652582081,0.37953723908148856,8.555555555555555,9.875912408759124
27,146.7,20.928714989485407,122,183,9.15451283744028,0.3557942222662585,8.505747126436782,9.82
28,154.1,22.834914787082806,126,193,9.276155961624813,0.3888191451194335,8.492227979274611,9.930379746835444
29,158.6,24.802329639684164,124,198,9.38470577667432,0.32129326134128366,8.686868686868687,9.796511627906977
30,163.2,23.95273122909647,121,200,9.608827317575802,0.4424626607492376,8.937853107344633,10.426900584795321
31,167.2,23.384705352953336,123,199,9.653790140934046,0.5224152017178486,9.032894736842104,10.836257309941521
32,158.1,26.805679331896147,107,200,7.896099744586804,0.4069661177617805,7.340579710144928,8.50314465408805
33,163.8,29.104409746061965,108,208,7.950948002837441,0.4091508558625437,7.493421052631579,8.69277108433735
34,169.8,31.70629099861554,108,216,8.06659677471637,0.4487031355150718,7.4,8.86144578313253
35,175.4,31.598874804158594,111,220,8.114332334730001,0.33856316708841866,7.444444444444445,8.581920903954803
36,184.3,32.700832473263496,117,231,8.211165157094019,0.43009944981819687,7.526315789473684,8.901098901098901
37,190.4,32.23938240378959,117,226,8.344920342487804,0.4246390639299645,7.582857142857143,8.957264957264957
38,195.0,34.99206259202856,118,235,8.343152083804432,0.3275087402317202,7.585635359116022,8.847457627118644
39,201.6,36.96905612956748,117,248,8.392797672235643,0.3616390456985028,7.63681592039801,8.902542372881356
40,208.1,39.04256935989513,118,261,8.207091723399277,0.2628554018069013,7.619289340101523,8.666666666666666
41,212.1,40.222851437681264,117,263,8.24915571095878,0.3620491854608867,7.831730769230769,8.965811965811966
42,216.0,42.07136793592526,122,267,8.285854575050141,0.22737531734845817,7.963855421686747,8.737704918032787
43,221.8,41.70211825155488,124,265,8.212803136485984,0.2886864269010041,7.769607843137255,8.709677419354838
44,225.9,42.74588999086475,119,268,8.240596813540337,0.28062362213740505,7.814977973568282,8.577669902912621
45,227.8,42.29736004370328,122,272,8.260116426319575,0.23087275254119172,7.919642857142857,8.748987854251013
46,234.9,44.328195190971726,125,282,8.283611517548996,0.32622450159589295,7.74793388429752,8.874476987447698
47,243.4,49.545041236344844,125,300,8.125021900217554,0.36389013256275093,7.606425702811245,8.953389830508474
48,247.2,52.063636275448744,126,304,8.033232030974093,0.33706730171624877,7.622222222222222,8.757322175732218
49,254.5,53.59363560888343,129,315,7.936178847563371,0.3106107338765724,7.596899224806202,8.564
50,258.5,53.18155486423632,137,325,7.886955467485992,0.2823969911974852,7.470769230769231,8.258064516129032
51,261.5,55.08024449231624,141,319,7.880719365587076,0.30371573966187027,7.579937304075235,8.50214592274678
52,266.7,55.20678299709999,147,336,7.896002030594346,0.3388948016220983,7.404761904761905,8.529661016949152
53,272.1,58.996139233380724,155,352,7.811627358924058,0.3604123709951445,7.355704697986577,8.491071428571429
54,278.0,61.387657101769605,151,356,7.804860804286838,0.2505913109964295,7.55,8.224137931034482
55,283.8,64.60615725730447,155,370,7.7346234876960525,0.32082145191288075,7.281767955801105,8.273858921161827
56,288.7,64.57562319568515,160,369,7.85989660248885,0.3439796759411034,7.517615176151762,8.564102564102564
57,297.4,68.1667889159458,164,395,7.806677000228822,0.3960793556368442,7.2926829268292686,8.530172413793103
58,300.5,70.59312210753176,166,398,7.869417682210333,0.395851213946017,7.382716049382716,8.75107296137339
59,305.6,70.73612938237432,167,393,7.735528555602504,0.37640524943344805,7.29595015576324,8.280155642023347
60,311.1,72.18102243664882,174,398,7.708385244974119,0.27440330127745877,7.384422110552764,8.205357142857142
61,316.4,71.50633227592893,179,399,7.6334402236136984,0.29591776933782055,7.221153846153846,8.216374269005849
62,322.4,74.40161288574329,178,406,7.657690495206323,0.19116076586743014,7.366153846153846,8.005830903790088
63,331.6,74.19374037687486,187,418,7.6006873585671855,0.1718726273348957,7.256603773584906,7.86284289276808
64,335.6,74.74430487409133,199,429,7.597072557768589,0.2885748922569996,6.974874371859296,7.997222222222222
65,340.9,80.02284396068134,196,449,7.564095671699715,0.23867162254938126,7.0561224489795915,7.846575342465753
66,345.9,81.07123068292749,201,461,7.664466375015273,0.2802676322533751,7.124378109452737,8.08955223880597
67,352.0,88.32515685428095,199,484,7.70599676296254,0.2316800853775522,7.3,7.935933147632312
68,354.0,91.69878225291035,206,490,7.678439987487346,0.20983468648405554,7.444174757281553,8.030534351145038
69,360.2,96.2413632488651,208,503,7.627096915826238,0.27724160430122724,7.275,8.007604562737642
70,367.0,98.12463729586186,219,512,7.625880783965019,0.25352817507834924,7.136069114470843,7.934306569343065
71,367.7,99.43847902653737,214,517,7.554223510196513,0.2401821983671774,7.211663066954643,7.914529914529915
72,370.1,100.15260577960238,218,532,7.488618558452956,0.17575738349268671,7.290909090909091,7.869294605809128
73,374.8,104.79270542891385,225,554,7.380757705591032,0.15563222643325605,7.096385542168675,7.595555555555555
74,381.9,110.14278611572041,218,574,7.483815349833433,0.24544452113739373,7.034090909090909,7.9085487077534795
75,386.6,110.3008008432698,230,571,7.480059143326619,0.20967770485350898,7.190340909090909,7.887378640776699
76,389.9,108.37122414286102,233,573,7.505754985927521,0.24211220171158948,7.092307692307692,7.799319727891157
77,396.8,115.74569826419757,240,597,7.5102739436539965,0.25340120578023295,7.145205479452055,7.962264150943396
78,403.8,120.30313563845476,252,613,7.493200630842461,0.17879430291877016,7.283813747228382,7.791519434628976
79,408.0,124.37845472588891,251,622,7.412924815265635,0.19147431012868887,7.047745358090186,7.745519713261649
80,412.2,127.62775734315966,256,637,7.45244861886208,0.21953241338705956,7.0942408376963355,7.921146953405018
81,421.3,135.4810769894535,258,664,7.480595869213474,0.20025026051976405,7.2313829787234045,7.98576512455516
82,427.6,139.25611895592476,252,683,7.410231675866681,0.167784359865086,7.103896103896104,7.721649484536083
83,431.4,141.9625928819905,245,700,7.454320176780665,0.2504555918726072,7.02020202020202,7.8250825082508255
84,433.9,138.81758614175013,247,698,7.459215736539709,0.265346590865257,7.098445595854923,7.916500994035785
85,437.9,144.01037771247212,245,709,7.412335232489703,0.39494285079547947,6.829396325459317,8.040816326530612
86,440.4,145.23406395654337,252,717,7.447331600110495,0.3260669201015923,6.923076923076923,7.8330097087378645
87,444.1,145.5590372781207,258,707,7.433792458018848,0.27823519032100963,7.078947368421052,8.003412969283277
88,444.6,144.9169877320576,255,706,7.4028900968381794,0.16570074966851173,7.196286472148541,7.704180064308682
89,448.9,145.77337815176602,252,709,7.49609304213117,0.20452999547299108,7.10077519379845,7.795238095238095
90,452.6,147.3500744636542,262,724,7.462122664101981,0.1810043442605852,7.223076923076923,7.761363636363637
91,455.3,153.56580203793928,259,752,7.4427437088464306,0.23153111304683677,7.094405594405594,7.766025641025641
92,454.7,155.8111748951988,259,768,7.476841673546407,0.27024552750171305,7.114345114345114,7.92332268370607
93,460.0,157.3714643058829,258,774,7.469242704730327,0.26293203154661454,7.0198675496688745,7.8006230529595015
94,464.6,157.00544930387326,265,776,7.368842439364485,0.26501618865159443,6.965079365079365,7.716814159292035
95,471.2,160.21499444323072,264,797,7.378236436928674,0.19979254173851776,7.0430769230769235,7.6124401913875595
96,476.1,163.11035800613303,262,806,7.362036402983224,0.2352223789677881,7.046296296296297,7.778625954198473
97,481.0,165.28090566601387,262,821,7.418298059335221,0.2814620638768752,6.963525835866261,7.912213740458015
98,482.7,164.49116828706775,268,823,7.358953944956487,0.31184127519269716,6.905044510385757,7.847014925373134
99,486.7,168.7312458714548,262,841,7.302871992034172,0.24332223622906368,6.8796561604584525,7.6467991169977925
100,487.6,167.92008681380423,270,843,7.318695976019697,0.18578167075949573,7.042713567839196,7.595604395604395
101,489.4,172.37826622479608,269,862,7.278656848373399,0.20240112546078692,6.9184060721062615,7.533575317604356
102,495.6,168.055678604179,283,860,7.23680040713848,0.24124779536966817,6.849382716049383,7.576470588235294
103,495.6,174.06716455948197,269,866,7.206697525194625,0.20949250629440125,6.850899742930591,7.4728850325379605
104,501.4,176.84657506186292,276,875,7.216126143246234,0.2210375716259337,6.871727748691099,7.511764705882353
105,505.3,179.20506565260806,286,885,7.262298576635153,0.2322347050670084,6.974554707379135,7.634285714285714
106,507.7,185.54427444084007,273,900,7.2894578838940305,0.21547256566590373,6.988505747126437,7.640226628895184
107,505.5,192.0834598698065,272,917,7.261780536458228,0.2628667405358008,6.757352941176471,7.626086956521739
108,506.3,196.7519871423017,266,929,7.251352786988209,0.23567514329988923,6.868421052631579,7.6608187134502925
109,506.8,193.56641122765993,264,914,7.301142153768637,0.29331822095162535,6.8961538461538465,7.9
110,507.7,190.44570529856185,265,904,7.307973691956944,0.33809538174597703,6.9261904761904765,8.181538461538462
111,510.0,193.31781546918478,262,905,7.321351797949816,0.303358959528944,7.020257826887661,8.106707317073171
112,505.7,186.44096474040606,265,889,7.310255189163115,0.2779026270525488,6.988095238095238,7.826747720364741
113,506.0,188.77617552128882,272,902,7.319601309784156,0.22881775856710984,6.988970588235294,7.636363636363637
114,507.0,190.56990551734262,274,903,7.365116226224151,0.2072410789868435,7.0108303249097474,7.714705882352941
115,516.1,196.2778359593586,278,924,7.28231329552128,0.16463207189632362,7.056637168141593,7.503597122302159
116,515.4,194.84991375129957,275,916,7.277001357108359,0.1507293870768424,7.027522935779817,7.471215351812367
117,520.4,198.0096518410712,274,932,7.218783850650839,0.1290356067356983,7.04014598540146,7.479338842975206
118,516.5,203.54483535575153,273,950,7.217231863261013,0.12527347713786677,6.996904024767802,7.428571428571429
119,525.4,211.60140726270123,280,979,7.247869769328366,0.14572578440013798,6.992957746478873,7.437275985663082
120,528.5,214.4917765841437,282,988,7.3094704017991585,0.17268507706799383,7.048814504881451,7.620320855614973
121,528.2,216.47057793407194,272,990,7.3035435370955835,0.1699284784359321,7.094117647058823,7.5926605504587155
122,528.5,213.6036048384952,284,985,7.206821824530463,0.20914377186267502,6.903301886792453,7.513725490196078
123,529.1,210.7755256717967,279,979,7.232882118798434,0.3113817076709562,6.663841807909605,7.691756272401434
124,528.7,211.25290267565293,275,958,7.192313534567662,0.2920635427968122,6.70189701897019,7.53416149068323
125,535.0,223.84568096992376,273,999,7.160807960011262,0.2821883125086869,6.70076726342711,7.576271186440678
126,533.2,223.48691236848748,284,990,7.1820493075356895,0.16642133083651117,6.953125,7.462264150943396
127,536.8,231.39614901241933,285,1013,7.138009717710058,0.14434986244541362,6.901587301587302,7.393004115226337
128,541.7,235.4480598537369,282,1034,7.171651586353152,0.13453863087549742,6.968834688346884,7.4366925064599485
129,538.7,236.55398726060164,279,1039,7.200393883081415,0.1478885171874166,7.014336917562724,7.490259740259741
130,541.8,245.32056126174538,273,1063,7.2404909887778235,0.14877776656024166,6.984848484848484,7.512987012987013
131,541.5,243.85435088274403,278,1059,7.285122128396128,0.1901503738918446,7.036538461538462,7.6688311688311686
132,536.7,238.4044416066483,282,1044,7.315905850798712,0.20786503692007155,6.900970873786408,7.627450980392157
133,537.5,243.8798656898287,280,1056,7.263150056437096,0.12810470941407204,7.078787878787879,7.504347826086956
134,542.9,248.6758041216627,273,1078,7.274799556276693,0.1619454356999675,6.989556135770235,7.492374727668845
135,544.5,247.90466357497638,275,1083,7.314138495817441,0.21117932916831728,6.860858257477243,7.599557522123894
136,545.8,247.52633978808979,284,1083,7.238591266176458,0.23019114400864987,6.762091503267974,7.484444444444445
137,545.7,252.65921273085962,283,1096,7.184641891610726,0.19057487911798912,6.777490297542044,7.41696113074205
138,545.3,257.14459831862,279,1110,7.234276366179048,0.20912303640943292,6.851612903225806,7.525700934579439
139,549.4,256.4029814352573,282,1115,7.25725866632304,0.23875872850193278,6.932714617169373,7.5801354401805865
140,551.3,257.72640532161233,287,1122,7.248400801191414,0.28136649694361954,6.7643020594965675,7.615176151761518
141,555.2,261.26223522651634,286,1134,7.172943523364497,0.18374743062281793,6.90561797752809,7.408668730650155
142,556.1,263.57518429810074,293,1128,7.132465285454041,0.16905863008877675,6.953846153846154,7.381818181818182
143,562.2,269.69192300351403,308,1151,7.064498221224206,0.17355556859373217,6.78236914600551,7.293670886075949
144,566.8,266.6349147763244,319,1147,7.055989977971651,0.21257122463644923,6.603825136612022,7.272955974842767
145,571.1,263.3444934344028,320,1135,7.101730095477476,0.22569182850227185,6.713896457765667,7.387665198237886
146,568.5,262.6240447653049,316,1126,7.009793236155444,0.3090802023116136,6.358543417366946,7.395408163265306
147,571.3,259.6352355816821,320,1115,7.0546349739944585,0.2256381134422341,6.624657534246575,7.386547085201793
148,569.1,255.9237950814439,319,1105,7.08624232169994,0.2410113630855877,6.60752688172043,7.420814479638009
149,567.6,252.56955037727286,314,1102,7.161095897762371,0.24419812097462196,6.709090909090909,7.527950310559007
150,564.8,248.70321447236844,309,1089,7.2200671823790925,0.2474759367079222,6.713178294573644,7.543689320388349
151,566.1,257.45914454746236,306,1122,7.218974019223237,0.2806507505550657,6.608,7.548936170212766
152,565.5,261.70986904500865,303,1127,7.203328752035404,0.2853352376536474,6.536842105263158,7.551155115511551
153,565.0,265.1146502511278,287,1130,7.2043645788139425,0.2286178437090517,6.792,7.609756097560975
154,563.8,266.37684250366476,285,1115,7.162004345903481,0.18895037751460522,6.813698630136987,7.491071428571429
155,569.6,273.8990892849246,288,1146,7.156268935159858,0.14651408466859947,6.956164383561644,7.4125560538116595
156,569.3,275.37733708091844,281,1148,7.232781087984003,0.14264782931012132,7.041758241758242,7.5300668151447665
157,571.9,272.0892214778903,283,1140,7.183988944519788,0.14137473766963649,6.927947598253275,7.353356890459364
158,571.6,272.8867082793802,279,1148,7.192456247866008,0.1671876524384057,6.821505376344086,7.376344086021505
159,576.3,273.9253953583388,287,1158,7.210717347649334,0.1814793380878125,6.923728813559322,7.426470588235294
160,580.2,274.96860426843887,287,1170,7.162264487499646,0.15801408557018007,6.949447077409163,7.427083333333333
161,579.5,270.3525476114475,283,1167,7.1821818898158565,0.19131982183370538,6.8217522658610275,7.4630872483221475
162,586.6,275.14973701200915,288,1188,7.069384393914609,0.21409239052966791,6.685459940652819,7.376262626262626
163,587.6,279.03572053293345,299,1210,7.033232223210367,0.16202966102998,6.695652173913044,7.202479338842975
164,587.6,281.6046085481478,289,1226,7.083940727687218,0.09491791316530461,6.994065281899109,7.268888888888889
165,585.7,282.6796577203405,287,1229,7.16659713941404,0.11373586575378343,6.976119402985074,7.320557491289199
166,585.3,286.67947645798125,279,1246,7.13977591947071,0.1993610943875161,6.72189349112426,7.353211009174312
167,582.4,284.4484721937057,273,1236,7.181910923070707,0.2769615845583309,6.807121661721069,7.569416498993964
168,583.4,293.2398335833657,270,1263,7.201886153611985,0.18015004918005204,6.922406967537609,7.492592592592593
169,581.9,301.2634321578966,268,1290,7.219789842253858,0.15419436146449075,6.9728682170542635,7.541044776119403
170,581.1,301.8507541447889,272,1295,7.198158529903428,0.20489150200806872,6.783068783068783,7.525735294117647
171,578.3,300.15109158185277,266,1292,7.1649955099573415,0.20576250354276487,6.839050131926121,7.557377049180328
172,577.4,293.54469657769135,268,1268,7.121343428336695,0.21571360057827327,6.66490765171504,7.406741573033708
173,575.3,291.58381680440056,267,1269,7.170499839268713,0.14724029493220125,6.822751322751323,7.342679127725857
174,577.5,290.0322778971717,262,1264,7.113068227707222,0.10956741021653237,6.909090909090909,7.270304568527918
175,583.7,286.91231722911056,267,1254,7.137831561793382,0.1465424888438136,6.862694300518135,7.329718004338395
176,583.4,291.8196551144407,256,1263,7.164365252673851,0.13018894804781897,6.971502590673575,7.363436123348017
177,582.2,292.8210678516452,249,1261,7.187497562558569,0.15283102832305803,6.963343108504398,7.42548596112311
178,584.3,297.50445374817497,245,1265,7.171143956492401,0.21649673374023445,6.8840236686390535,7.518828451882845
179,579.8,295.0799515009072,249,1258,7.139682837758443,0.20246162688521369,6.830357142857143,7.367886178861789
180,575.9,293.7661390365548,243,1250,7.2362016767367425,0.2036401618323581,6.933168316831683,7.530938123752495
181,575.6,297.7486635850221,242,1264,7.252464036005412,0.2402528824081569,6.952677459526774,7.751605995717345
182,570.7,283.87557916179486,244,1210,7.216837357631418,0.19970207139528004,6.997214484679666,7.620545073375262
183,565.3,276.3797910283762,243,1182,7.140342792523953,0.14918717128573936,6.962962962962963,7.378099173553719
184,567.0,273.82151526536813,243,1172,7.164695646231661,0.18024171168316433,6.940119760479042,7.5613305613305615
185,562.3,276.19680986169584,244,1174,7.17299641193639,0.2190356539166615,6.831967213114754,7.615879828326181
186,560.4,276.1139861240885,239,1167,7.170267038015628,0.2327989182874618,6.889125799573561,7.592592592592593
187,563.0,274.65574411939355,238,1169,7.173539711110889,0.20596734691630633,6.6788008565310495,7.41830624465355
188,567.1,279.33112568737806,244,1191,7.160763452821432,0.16867667622017485,6.914712153518123,7.44672131147541
189,565.4,282.83179139237905,240,1196,7.1764870648024965,0.24675383624657368,6.860294117647059,7.729166666666667
190,558.9,277.400012016342,253,1176,7.170775049064721,0.17435439719652704,6.891113892365457,7.4980237154150196
191,554.9,278.66684609244624,249,1184,7.096920948114688,0.1479453158621637,6.859649122807017,7.402150537634409
192,555.5,270.87153576721363,254,1154,7.1032769045108965,0.1626053917363445,6.862204724409449,7.461038961038961
193,547.2,267.50941831810127,252,1147,7.209481187159385,0.19050510948530003,6.977332170880558,7.638392857142857
194,543.7,263.89183390169535,254,1125,7.215899208095658,0.1544346070823193,7.016,7.533916849015317
195,541.5,262.91792128596586,258,1113,7.22199412202796,0.18699611244701198,6.968652037617555,7.576496674057649
196,538.5,263.48782388059857,246,1112,7.2721813982456025,0.23334843020489468,6.782738095238095,7.561643835616438
197,537.4,266.4604202420231,245,1137,7.317268475698308,0.1778418057978587,7.06158357771261,7.672055427251732
198,533.7,266.62043349217544,245,1140,7.246283219152405,0.21189424457008216,6.836795252225519,7.592760180995475
199,532.0,266.17997253320505,243,1129,7.260098254978773,0.16980777020861615,7.036315323294951,7.525345622119816
200,527.2,266.36224290323963,241,1126,7.2628258743133305,0.1867068380213576,6.954727030625833,7.496296296296296
201,528.5,269.77778921837796,233,1138,7.153808327790086,0.22863445112243067,6.891608391608392,7.442249240121581
202,527.5,271.4325166797654,233,1149,7.139532603741829,0.19272208551972655,6.8563049853372435,7.533127889060093
203,525.2,270.93328412073043,233,1145,7.136804300360811,0.23694543151103162,6.838345864661654,7.585735963581183
204,524.4,268.7614390330412,228,1124,7.099279191416201,0.23670759582170844,6.619402985074627,7.379227053140097
205,524.9,265.7787091213708,236,1119,7.101792718561326,0.1903718889095289,6.776515151515151,7.346907993966817
206,525.8,264.7920777599746,235,1129,7.144732226062542,0.17276110019737204,6.851851851851852,7.390317700453858
207,525.2,268.2879050572351,242,1137,7.155511241793663,0.14830193046365903,6.994520547945205,7.421487603305785
208,524.3,266.57000331370125,247,1135,7.109116589108313,0.175080743041372,6.730038022813688,7.372469635627531
209,525.3,268.5297624721203,254,1136,7.16614084220033,0.14108797387470032,6.879377431906615,7.381889763779528
210,526.4,269.61627052782507,249,1139,7.1518315173120826,0.18119368316582501,6.971887550200803,7.511811023622047
211,524.3,271.37102522806913,243,1138,7.130627865053104,0.19482593510001242,6.8240469208211145,7.481546572934974
212,523.9,269.55496244324235,243,1125,7.089808399254555,0.18689841395724613,6.86593707250342,7.452593917710197
213,521.3,273.67582201494446,230,1130,7.153940517458435,0.23412149483866143,6.86027397260274,7.658318425760286
214,518.4,273.86703992184886,229,1133,7.128967944613722,0.21907784690432136,6.7972602739726025,7.467248908296943
215,517.9,275.2519855615133,226,1133,7.160334137191702,0.2164531036976436,6.866071428571429,7.593886462882096
216,515.2,267.7813369980149,227,1098,7.163451357212464,0.2999233054850684,6.827692307692308,7.757709251101321
217,515.3,266.5141438815,224,1092,7.185625560936773,0.24265258116861163,6.804347826086956,7.535714285714286
218,519.5,264.4933311488632,230,1087,7.178605476276947,0.26292786330706164,6.7297921478060045,7.606060606060606
219,515.3,261.43877549692843,221,1070,7.146911401913246,0.27295727302789613,6.614155251141552,7.577874818049491
220,518.4,260.37716233699655,224,1068,7.0862572399334685,0.24524717996986029,6.537246049661399,7.364963503649635
221,515.1,262.5936658286588,221,1083,7.018135000608031,0.19980578268306948,6.6045454545454545,7.189289012003694
222,521.2,266.4110441487823,235,1117,6.966885030748928,0.1509540484119634,6.6553191489361705,7.141791044776119
223,521.2,268.67278735790615,224,1124,6.996604515246231,0.1739070104956836,6.767554479418886,7.25
224,515.4,268.7622658699609,218,1113,7.06882507855381,0.16533830678171105,6.76605504587156,7.340080971659919
225,512.5,267.58103653119946,215,1105,7.127467318044168,0.12342646109919296,6.883720930232558,7.324478178368121
226,508.2,265.83194357003487,204,1084,7.127004775868826,0.12092852921803439,6.986531986531986,7.325737265415549
227,504.1,260.3034340491454,189,1065,7.105971763681393,0.14846590173857852,6.834381551362683,7.3565459610027855
228,503.4,257.764405783438,193,1058,7.114373743519761,0.12040361425598751,6.808510638297872,7.277856135401975
229,503.1,258.0359363430691,193,1061,7.083199688263261,0.12422152427095003,6.7960954446854664,7.213333333333333
230,509.7,264.39072516931367,190,1082,7.054979252222715,0.18368770911468163,6.732334047109208,7.314685314685315
231,512.7,266.90907731951637,195,1093,7.056557618374792,0.20541377409435682,6.71864406779661,7.390697674418605
232,514.2,273.43120199096194,194,1124,7.080970304559395,0.19598312591085948,6.835314091680815,7.521028037383178
233,514.2,280.55056981268496,191,1149,7.038923271656463,0.2591045189448908,6.732673267326732,7.616470588235294
234,513.4,281.7190089433086,184,1144,6.99818584372902,0.266825151116047,6.765079365079365,7.639705882352941
235,511.3,280.8562503013478,190,1145,7.075089029141916,0.2983441746272563,6.65814696485623,7.693266832917706
236,508.3,278.4808192078346,191,1136,7.105303071319426,0.23461076282248725,6.611464968152866,7.496103896103896
237,511.5,279.5207207584678,189,1144,7.110850333586432,0.2109886262110776,6.793103448275862,7.5424164524421595
238,513.0,282.161892064349,181,1156,7.102493112771725,0.2193766468632087,6.712707182320442,7.420168067226891
239,514.9,279.0812108011255,176,1143,7.0798076689418155,0.21128477635835935,6.6477272727272725,7.380246913580247
240,514.2,288.99050349641436,175,1176,7.100878863122562,0.23849746454804224,6.617142857142857,7.423398328690808
241,516.1,285.3673850397842,174,1172,7.050931238552019,0.2732918271320307,6.448275862068965,7.4811083123425695
242,517.7,284.8875216642526,171,1172,7.034161975425815,0.31738174524685553,6.269005847953216,7.339055793991417
243,519.2,285.36168083484665,170,1171,7.073029627509747,0.30107360936389904,6.458823529411765,7.534013605442177
244,516.4,283.2722287051019,174,1156,7.052215531453038,0.29023889256338503,6.7011494252873565,7.627659574468085
245,517.1,279.28497990404,181,1145,7.053022545664751,0.22116122239437525,6.828729281767956,7.532608695652174
246,520.4,281.7769803704104,182,1156,7.015545796775226,0.32963459325832545,6.5989010989010985,7.6036363636363635
247,519.2,281.83162822271504,182,1157,7.043423477630898,0.3070001677403506,6.593406593406593,7.685144124168515
248,512.8,283.91814156744385,187,1165,7.075053213729698,0.2397884239272775,6.775401069518717,7.497757847533633
249,508.5,282.31198266378203,186,1157,7.112132534636922,0.30401570826358687,6.655913978494624,7.510392609699769
250,507.0,277.32051252416704,185,1139,7.157821525487739,0.19547212440259215,6.870270270270271,7.440860215053763
251,509.7,279.08901407575644,187,1156,7.2448929028935805,0.1792629025771965,6.990909090909091,7.5147392290249435
252,502.9,278.3333133732528,182,1154,7.2365752143328095,0.20808589757968637,6.95144157814871,7.597260273972603
253,499.3,274.7621395558954,172,1143,7.23077685776965,0.11348316403196952,7.1078125,7.4186046511627906
254,505.0,280.68606425447393,174,1169,7.174293565155414,0.1551090073817527,6.931034482758621,7.443864229765013
255,507.8,281.14756900168203,169,1174,7.119161632062577,0.2358928801126182,6.809027777777778,7.571059431524548
256,504.1,282.3411844638406,163,1174,7.09990403887889,0.2486896170317826,6.643373493975903,7.5514511873350925
257,501.7,285.2655877521079,162,1185,7.090978794117264,0.22026611390679757,6.647342995169082,7.429530201342282
258,499.5,288.3297687640934,155,1192,7.1287952985798615,0.26389173347343714,6.768079800498753,7.64908256880734
259,502.7,288.1469725292594,158,1192,7.071951140287429,0.22603871487243207,6.745098039215686,7.413092550790068
260,504.5,294.6837287669613,157,1210,7.078161225476455,0.22830366395573884,6.754746835443038,7.486425339366516
261,505.7,295.1688970365573,158,1212,7.052244818106223,0.2337613583378259,6.745161290322581,7.435779816513762
262,502.9,296.69305126117575,160,1222,7.047688400423259,0.22200194485368582,6.720779220779221,7.338983050847458
263,502.3,301.43141840226275,154,1236,7.061472449640948,0.23680504013387213,6.595432300163132,7.318289786223278
264,505.9,303.14039651620175,156,1240,7.132614539380339,0.22312269337093824,6.752427184466019,7.543956043956044
265,505.3,306.8438075344233,158,1247,7.169912914372459,0.27149703398064096,6.629690048939641,7.518518518518518
266,502.8,299.61226795829157,156,1226,7.140003548821374,0.2376850019754005,6.73482428115016,7.415730337078652
267,498.2,306.27032358867405,136,1235,7.140349414136473,0.15753341098279044,6.855753646677472,7.359195402298851
268,493.7,296.438132949637,135,1194,7.11939569256616,0.14596083978901175,6.896296296296296,7.370262390670554
269,494.2,294.5002546688203,130,1181,7.124865483992589,0.23544844155711764,6.697160883280757,7.457142857142857
270,493.8,288.3346050068296,123,1165,7.108415667565791,0.20466944912300272,6.7957957957957955,7.4556354916067145
271,490.7,286.6143556922592,121,1161,7.106670862857008,0.2579538742665278,6.646341463414634,7.4411764705882355
272,488.2,285.7698374566497,122,1161,7.084033695439841,0.2532119955620866,6.564954682779456,7.366028708133971
273,486.9,283.76846978557086,124,1151,7.077401809767304,0.24174435820348317,6.701048951048951,7.387096774193548
274,491.2,285.08821246920905,124,1167,7.041493739060759,0.27793070941041254,6.673410404624278,7.548387096774194
275,495.8,291.5578082568799,121,1191,7.051160063270207,0.1983132947114819,6.753623188405797,7.30532212885154
276,490.5,286.75163469455583,117,1181,7.124023160521593,0.22125927833891745,6.768041237113402,7.401709401709402
277,490.2,288.0466011680132,110,1177,7.080039774390788,0.16658389131131443,6.75820895522388,7.282287822878229
278,489.2,287.9960647879296,109,1171,7.115315690816632,0.14342021088699727,6.813056379821958,7.250915750915751
279,485.9,287.62338415210803,106,1171,7.106949965457012,0.15646607613768312,6.847761194029851,7.316417910447761
280,484.4,293.11173447831953,97,1185,7.007217679460974,0.21057442916896976,6.728291316526611,7.30060422960725
281,489.4,294.04617929086504,97,1185,6.993737239771379,0.2587009326285116,6.628865979381444,7.464285714285714
282,490.0,290.8982258072018,101,1180,6.998871861134982,0.13755307999287444,6.813411078717201,7.297687861271676
283,484.3,287.70511523664874,100,1172,7.055990111478235,0.18283836769059222,6.799256505576208,7.32
284,481.0,283.2517529611345,96,1159,7.056100994838447,0.22639561662194355,6.654794520547945,7.501449275362319
285,479.2,281.0855148645456,98,1147,6.996193075884706,0.2155907987154233,6.63265306122449,7.26183844011142
286,478.1,286.64164619491936,100,1169,7.013035885382611,0.1948069800176023,6.69,7.3
287,477.3,289.2803522920667,94,1179,7.0732723403766755,0.17729421114506652,6.701807228915663,7.271641791044776
288,476.7,291.7030643955901,93,1186,7.135954244593816,0.2498840276629105,6.785714285714286,7.498489425981873
289,478.8,297.95704388384576,89,1209,7.0538736297728475,0.24204002689644477,6.75,7.598130841121495
290,471.7,293.3485033956104,93,1196,6.968561754455112,0.33128111150295747,6.548387096774194,7.6269592476489025
291,472.0,294.42486308054896,91,1201,6.978336092012836,0.32711786652670005,6.450549450549451,7.663608562691132
292,467.2,288.91513555983107,90,1180,6.97504957595782,0.23878733457404894,6.6,7.544642857142857
293,465.5,286.8190486468196,89,1172,6.969007818149843,0.2583734286385236,6.48314606741573,7.317204301075269
294,467.4,290.5986923576911,91,1185,6.93000655280496,0.22030921100888978,6.428571428571429,7.192737430167598
295,467.3,294.136797350409,94,1195,7.004385398016569,0.15803413608219327,6.75531914893617,7.265822784810126
296,464.1,294.6200755021438,95,1193,7.0523439561246395,0.11471707521096301,6.821052631578947,7.178674351585014
297,465.2,297.33923760953957,97,1200,7.066898514931656,0.14615269066632242,6.899641577060932,7.410666666666667
298,458.7,291.40008769921656,101,1184,7.032565617304404,0.21172264827367382,6.752475247524752,7.527624309392265
299,456.6,291.60597463777117,95,1182,6.991218540587781,0.18744992895577392,6.666666666666667,7.3790087463556855
300,455.8,296.43579031179377,94,1192,7.04017169296055,0.21150749558608611,6.768796992481203,7.297872340425532
301,452.6,298.4776931921938,93,1193,7.103585003162104,0.19014993057889468,6.8195329087048835,7.354838709677419
302,451.4,298.7690300773046,88,1198,7.07179313262302,0.3150945981342929,6.633846153846154,7.693181818181818
303,447.4,296.31934725150086,83,1184,7.130461543670469,0.18447366367100607,6.8273809523809526,7.397590361445783
304,443.7,290.03028577489397,87,1162,7.087746558568017,0.168383578474521,6.863813229571984,7.394366197183099
305,444.0,291.2631494408832,81,1165,7.095673787704277,0.22510446079710036,6.748091603053435,7.543417366946779
306,440.6,282.29307072221553,88,1136,7.0805304763339025,0.26724814095349714,6.613636363636363,7.56824512534819
307,439.4,283.85606681321195,88,1139,7.080824939896388,0.26859768784043964,6.6477272727272725,7.5
308,440.6,285.9534538657958,85,1143,7.034962023359694,0.27422971084004694,6.6,7.449468085106383
309,429.0,287.2289060043303,86,1141,7.040397730547079,0.2691434982431837,6.585470085470085,7.4171122994652405
310,432.2,286.9850170305063,86,1138,7.0668453744548625,0.3054829480324696,6.5196506550218345,7.534883720930233
311,430.6,289.310367752158,86,1148,7.081614408550304,0.18760909832581515,6.906626506024097,7.476744186046512
312,428.6,290.69885142914177,84,1151,7.024876427412245,0.21360842792990514,6.561702127659575,7.345238095238095
313,429.6,294.42644808735054,84,1162,7.021672611892356,0.1962579491227896,6.8321678321678325,7.5111492281303605
314,428.0,292.7255066136571,84,1155,7.0277776979531525,0.23776780178347975,6.559523809523809,7.477586206896552
315,425.9,290.53492809719876,83,1148,7.031912783555702,0.16593089894465082,6.840909090909091,7.431778929188256
316,426.2,294.2802141572628,82,1161,7.059296022767578,0.2807599280814723,6.524390243902439,7.445205479452055
317,427.3,294.766216215872,80,1162,7.09413730669596,0.16629047704553884,6.85,7.305025996533796
318,431.3,292.1198574405908,84,1147,7.108102445642663,0.1904899659326226,6.9128160418483,7.438271604938271
319,431.6,289.4082852227205,89,1137,7.012812436104895,0.1798190604197356,6.761565836298932,7.286153846153846
320,434.0,294.37617657231254,92,1153,6.890277241375271,0.1888282636927895,6.5978260869565215,7.148825065274152
321,436.1,300.2049115002766,85,1165,6.971379636433011,0.19208631993258685,6.644599303135888,7.21259842519685
322,432.5,294.0514883107681,83,1141,7.003413615966807,0.22521941294239659,6.618881118881119,7.219047619047619
323,428.3,290.8684506019097,80,1121,7.045922847254934,0.2339878322027699,6.765323992994746,7.4625
324,433.0,291.20286933873285,83,1120,7.089800876379508,0.24275787921327138,6.798623063683305,7.473529411764706
325,433.2,292.9728087496631,83,1126,7.148298531848782,0.19798170659228737,6.875,7.457227138643068
326,437.1,296.2815665320181,90,1131,7.147574522359709,0.2203159196266423,6.8545454545454545,7.511904761904762
327,436.9,297.70359979908426,95,1134,7.1209613090958,0.19623037163976056,6.817923186344239,7.504398826979473
328,439.1,297.99382916802523,100,1129,7.0704140350823055,0.33294740773814896,6.31,7.6301775147929
329,438.8,297.83433127980544,101,1122,7.125915870334145,0.2542406832662472,6.544554455445544,7.451038575667655
330,438.9,296.5574518069344,102,1123,7.12036425815735,0.2182601946936562,6.696078431372549,7.498516320474778
331,432.0,293.4984383831255,94,1118,7.142865943068806,0.16151471137890824,6.829787234042553,7.380645161290323
332,428.2,291.4926337929581,99,1114,7.112578533616125,0.24593562499369986,6.656826568265683,7.520900321543408
333,429.0,291.3493511996285,102,1112,7.141888887427496,0.28259475252332006,6.697508896797153,7.610223642172524
334,426.2,283.58334067979223,99,1093,7.08171023597302,0.3153175970847757,6.647686832740214,7.644230769230769
335,429.5,290.7286822222167,100,1110,7.090590239530559,0.32169404790645434,6.5790960451977405,7.754966887417218
336,429.1,294.09954852812075,101,1117,7.128532997688128,0.3283355288924803,6.590027700831025,7.8305647840531565
337,423.0,285.70342042832533,101,1086,7.142421262129498,0.25895937968087956,6.829131652661064,7.704318936877076
338,419.2,275.3820780096063,109,1063,7.158198572404492,0.21094248307715355,6.984034833091437,7.673202614379085
339,417.8,271.74694110513923,105,1057,7.20475179575053,0.2913484570236534,6.752508361204013,7.836012861736334
340,415.0,274.7168238993261,106,1061,7.1884296455238665,0.23180335928682372,6.901694915254238,7.710963455149502
341,410.4,269.71392251791525,101,1050,7.271392510746527,0.3734142916536823,6.886792452830188,8.009900990099009
342,410.7,267.7162884680555,100,1031,7.28011245790587,0.47586894678024105,6.771523178807947,8.28
343,411.6,271.98537542383497,97,1042,7.194901235403546,0.32821806635540696,6.841584158415841,7.917525773195877
344,409.6,277.1987654293495,88,1062,7.193312330141234,0.26474295539785003,6.848880597014926,7.806818181818182
345,410.8,283.05664921825576,83,1074,7.195986091245771,0.31896226763892077,6.770522388059701,7.975903614457831
346,416.4,284.530880964127,85,1072,7.21886444660047,0.27795456763035337,6.887067395264117,7.8352941176470585
347,419.0,282.8482121405598,86,1064,7.18831137610064,0.2734861815321567,6.862994350282486,7.767441860465116
348,420.2,285.1338087440507,83,1068,7.1379095829634664,0.16448726634952845,6.87248322147651,7.389473684210526
349,416.4,284.16552296935043,77,1067,7.198217115195409,0.19850901245647332,6.951612903225806,7.571428571428571
350,415.8,287.156480763441,75,1080,7.163029517388063,0.25790132380775005,6.76530612244898,7.666666666666667
351,412.7,282.43900029721266,77,1070,7.248698989571915,0.2500377266616755,6.914965986394558,7.753246753246753
352,411.1,280.73769884993277,79,1065,7.26150066235388,0.14735915865523236,6.983164983164984,7.489655172413793
353,408.7,278.56220131238194,82,1053,7.2405785906879085,0.20477921150582926,6.987804878048781,7.666666666666667
354,409.5,280.39030336697135,84,1066,7.207308566901086,0.30374271857344837,6.726190476190476,7.880952380952381
355,410.4,278.18746676776556,86,1058,7.143279189281121,0.24834091957108134,6.8023255813953485,7.614864864864865
356,409.9,277.53976692038606,84,1057,7.154131851552553,0.2616318475061527,6.8106060606060606,7.654237288135593
357,410.9,276.6527908166962,86,1050,7.137693024262147,0.2613048573685807,6.779874213836478,7.51360544217687
358,411.2,275.1237297411233,93,1051,7.035034377444099,0.3496540052811893,6.505376344086022,7.639705882352941
359,404.4,270.7488381015389,86,1043,7.046606457211949,0.2501038707973984,6.665480427046264,7.334558823529412
360,404.6,274.26029809491405,84,1054,7.0880564471984595,0.2453195392724272,6.7027863777089784,7.501845018450185
361,401.2,272.4974209867764,83,1054,7.163570272621444,0.2073339451106407,6.957055214723926,7.5534351145038165
362,405.2,280.28905714557527,79,1079,7.087005819732998,0.24661243657716522,6.69620253164557,7.5
363,405.8,278.2619868636989,80,1071,7.010966028305383,0.37914422286528837,6.325,7.473684210526316
364,410.2,278.28714187567726,82,1073,7.094139428747832,0.2845188923533229,6.638059701492537,7.45945945945946
365,404.7,270.8218151396884,79,1056,7.116003378215052,0.35887896009307335,6.567164179104478,7.709302325581396
366,406.2,263.9148852692221,85,1034,6.9926022884892145,0.3692036864228192,6.529182879377432,7.7180451127819545
367,406.8,266.62741377768674,79,1044,7.1269589270698095,0.3249491203553242,6.751908396946565,7.875
368,409.0,271.97385495259977,80,1054,7.133435561452079,0.32498528294887247,6.747663551401869,7.922779922779923
369,412.6,277.2031745849964,83,1067,7.116688397766613,0.25803447679387986,6.598784194528875,7.421259842519685
370,407.0,273.06328122901397,76,1049,7.122298343144957,0.2079503684093164,6.6923076923076925,7.373702422145329
371,410.5,275.5044867551565,80,1055,7.127032042804456,0.22299235548285024,6.640625,7.386363636363637
372,410.2,275.95080076789856,78,1066,7.15261930814245,0.14976317516103607,6.9393939393939394,7.397435897435898
373,412.4,272.9420776974078,75,1057,7.065846304164923,0.22729137573900593,6.706325301204819,7.400735294117647
374,413.1,272.65014212356465,74,1048,7.072806292456123,0.1578479497570377,6.864864864864865,7.320121951219512
375,414.8,268.15575904893615,70,1025,7.039051018900546,0.1963462865870263,6.821292775665399,7.435820895522388
376,415.7,270.50695205689465,71,1029,7.049245932121373,0.24441854579713554,6.647887323943662,7.41159420289855
377,421.1,267.83429786177703,75,1020,6.915927380690107,0.46043097044904957,5.8533333333333335,7.4655172413793105
378,421.3,266.02800604447646,76,1006,6.9101526815379675,0.4382437937902851,5.907894736842105,7.53314121037464
379,418.1,270.9966994468957,73,1012,6.91110932967658,0.4349360494979125,5.808219178082192,7.448275862068965
380,417.3,269.95269132860216,79,1010,6.943699791993682,0.3930702551644361,5.974683544303797,7.408955223880597
381,417.7,270.6670977008062,85,1016,6.93158952867085,0.47848184063634,5.764705882352941,7.435820895522388
382,420.8,273.26129131901087,83,1021,7.018033473260191,0.44293495095282487,6.0602409638554215,7.704761904761905
383,423.7,276.8790550242309,80,1030,7.03671975035531,0.39163406975740966,6.2875,7.754716981132075
384,423.6,281.84637265322004,79,1043,7.019031684038855,0.2857173513537247,6.592156862745098,7.642384105960265
385,423.6,280.18176639856887,85,1045,7.103676301751546,0.25013808965538364,6.7105263157894735,7.575250836120401
386,425.2,283.17713341456243,80,1059,7.1243448335039385,0.3321569346345876,6.675,7.861486486486487
387,422.8,280.15860587253866,79,1040,7.054710514154166,0.305996561671762,6.405063291139241,7.592465753424658
388,420.0,272.5990136119759,77,1017,7.006948977692592,0.373191047880879,6.181818181818182,7.5092592592592595
389,414.3,267.4526126251153,76,980,7.146360087219371,0.22621822983746742,6.75,7.5182926829268295
390,413.7,266.6671041663078,80,986,7.109411157304206,0.28425125885216346,6.6,7.705329153605016
391,413.6,265.475338883964,78,978,7.121286101583851,0.20800651933837205,6.881578947368421,7.539877300613497
392,415.4,265.64437380327354,73,982,7.078767110794315,0.19553425115656772,6.683168316831683,7.33235294117647
393,419.3,266.99315430258594,74,981,7.0822253131614925,0.24878562002905563,6.689102564102564,7.54054054054054
394,418.4,268.2727467833188,79,993,7.040440422907599,0.2276763198187487,6.641025641025641,7.30379746835443
395,416.5,269.2187256158498,74,977,7.015487231228535,0.20812301110017417,6.63370786516854,7.297297297297297
396,420.3,271.76789525050395,76,993,6.965790841493762,0.18200956199547064,6.709677419354839,7.281437125748503
397,415.6,261.28664548941475,75,961,6.965292416500644,0.1877114292599761,6.671361502347418,7.24
398,413.7,253.957586135078,72,934,6.930125677120429,0.14377718092623104,6.66358024691358,7.1189024390243905
399,411.7,249.32800796451963,74,916,7.019859385342878,0.19805934884093634,6.715596330275229,7.385869565217392
400,411.4,244.75393538999305,76,898,7.032286029256058,0.22557981830305174,6.742009132420091,7.30976430976431
401,409.2,241.84972377261232,77,891,7.053078826094645,0.2269290297926713,6.75764705882353,7.412921348314606
402,408.0,235.6645450163808,75,863,7.096347789796627,0.17524704294124901,6.776978417266187,7.336134453781512
403,410.2,233.5517073369407,75,860,7.088374150465613,0.18526134858527019,6.759433962264151,7.377483443708609
404,412.8,235.68283772901242,80,860,7.019598052564329,0.27997946948480973,6.4375,7.334254143646409
405,414.3,237.00963412204717,82,862,7.06845443905267,0.27358093978337295,6.536585365853658,7.495626822157434
406,411.5,234.30997986997195,89,857,7.069267301732971,0.22064933991453417,6.717916137229987,7.3754152823920265
407,412.3,234.10351461598253,96,856,7.107263045258463,0.27378151214372554,6.5625,7.474916387959866
408,415.3,236.50278363407622,93,858,7.103232963305208,0.15200519953335492,6.924731182795699,7.384083044982699
409,410.2,230.72147711038951,91,849,7.08174752445058,0.25080042556801335,6.75,7.490566037735849
410,408.8,234.3239922272863,95,864,7.056752346003265,0.19171618355396652,6.659574468085107,7.336507936507936
411,410.1,232.68502792879093,95,861,7.07713306713555,0.2161445488467182,6.765060240963855,7.45945945945946
412,412.3,236.20238497243562,92,865,7.076605793934578,0.2335357426157709,6.8231292517006805,7.690476190476191
413,412.8,234.5642769050735,92,860,7.1298368074679335,0.21054820710544606,6.834319526627219,7.485175202156334
414,408.1,230.58739003779985,91,848,7.091230836805515,0.19512154676646634,6.8,7.370786516853933
415,407.4,225.88797616911305,86,831,7.111206780984432,0.18319845007496383,6.821978021978022,7.441860465116279
416,404.2,225.72539856107366,85,823,7.00809824950648,0.1759261253195963,6.6461538461538465,7.199270959902795
417,400.2,223.25162684488748,89,828,7.0407128420878085,0.13998704149635674,6.822429906542056,7.2029850746268655
418,393.8,220.74510187091354,85,819,7.045865537818896,0.18377290074580607,6.760989010989011,7.333333333333333
419,392.2,216.5285713762094,80,798,7.0786294269419345,0.22480855276453748,6.8068965517241375,7.475
420,389.8,208.29188921105668,78,776,7.080142973031727,0.18386131547625442,6.739393939393939,7.325670498084291
421,392.8,209.87657748728842,79,781,7.059994806615431,0.27712304763541246,6.605590062111801,7.6061776061776065
422,400.9,215.38567475319448,81,795,7.069621289807356,0.29995135251362026,6.515942028985507,7.604938271604938
423,400.7,215.0550575498697,80,796,7.0948133589478015,0.3084772722743583,6.456582633053221,7.6875
424,403.1,219.16277563085896,81,803,7.114691200410066,0.24942695343095111,6.73356401384083,7.443037974683544
425,402.6,217.44945772907016,77,792,7.104692321218129,0.28737531763927887,6.725085910652921,7.604982206405694
426,402.7,214.49011891252965,76,793,7.162230699675156,0.3676729209672695,6.75,7.973684210526316
427,407.1,213.13868724377562,72,780,7.111386251609455,0.4247100896408866,6.399515738498789,7.986111111111111
428,403.6,210.03396550716903,68,781,7.071081449040247,0.32816627728046105,6.5423728813559325,7.705882352941177
429,402.4,207.7328412488823,71,781,7.071945711644943,0.2117362831943948,6.718072289156627,7.5
430,403.8,206.9448665170938,74,792,7.127384223066699,0.24880026318648965,6.688524590163935,7.472972972972973
431,404.1,206.2508989879398,73,779,7.172969244839864,0.29286685032325294,6.7162471395881,7.561643835616438
432,401.1,203.95339881671225,75,777,7.134911836583177,0.2417142990609882,6.772428884026258,7.522648083623693
433,405.8,209.31730299555585,80,792,7.113560425961528,0.2047815202593139,6.7700650759219085,7.503448275862069
434,402.1,210.59410670239038,82,797,7.106658950894376,0.23838751905698838,6.8293601003764115,7.633484162895928
435,405.3,215.1253123181928,82,789,7.028182246669408,0.22603013488534995,6.7439024390243905,7.520361990950226
436,403.6,213.74086075328592,80,777,7.064614153633239,0.15912607117750444,6.8125,7.295454545454546
437,401.5,213.18862279420281,74,773,6.961604260678458,0.1975584386491281,6.5,7.199095022624435
438,400.2,210.57107535883884,70,765,6.980448905516306,0.2795432701111232,6.4,7.275555555555556
439,401.0,209.70031526495666,71,766,6.944859340137029,0.3398282233073495,6.126760563380282,7.366141732283465
440,394.3,205.5421286906085,74,753,7.005245056517576,0.25461013909878943,6.496710526315789,7.336405529953917
441,393.9,205.97758777757028,72,755,7.002429214028837,0.18102123109059598,6.63258785942492,7.247041420118343
442,391.8,202.31043253157043,80,739,7.056958426155179,0.22534531555880633,6.650943396226415,7.386266094420601
443,386.6,196.48420914782042,79,709,7.023845718533627,0.34442032056440935,6.379746835443038,7.600840336134453
444,384.8,193.97296489745963,78,698,7.144016932298006,0.20426418924432999,6.919254658385094,7.617283950617284
445,386.9,196.10906829279128,77,697,7.107070275896545,0.2059388053391478,6.5744125326370755,7.296610169491525
446,386.8,196.19593381220835,79,701,7.037638743234186,0.256992311402954,6.5229591836734695,7.329113924050633
447,385.8,200.16093524961357,76,716,7.045649104967472,0.18478503770166066,6.819121447028424,7.421052631578948
448,388.2,201.00624644799254,82,712,7.022493062778191,0.16731984146529955,6.788461538461538,7.304597701149425
449,389.5,201.01865585064488,88,713,6.93797039692115,0.23638472158210758,6.420454545454546,7.246826516220028
450,390.7,205.344182613809,88,726,6.946176839286946,0.2490935609411243,6.568181818181818,7.3164556962025316
451,391.8,201.72908125062736,96,716,6.913272207923169,0.2647376988966935,6.427083333333333,7.360544217687075
452,392.3,200.02391523682027,96,719,7.004702009692247,0.1024720228971993,6.886567164179104,7.198776758409786
453,391.3,204.48094179056284,91,733,6.938945820867171,0.1461024684044091,6.593406593406593,7.087378640776699
454,391.4,204.63474235275342,90,738,7.010276550725282,0.16850567240377579,6.7995049504950495,7.267489711934156
455,389.8,202.7953538805945,90,727,7.099447000525937,0.20466653817304709,6.7821350762527235,7.439330543933054
456,385.8,202.21374829620262,87,721,7.09552879753587,0.2686329266029106,6.6898047722342735,7.666666666666667
457,383.6,200.92464037820525,83,722,7.11912590858641,0.3156753370164327,6.724299065420561,7.771084337349397
458,381.0,205.7403973727841,75,730,7.1469989810446295,0.2739915308767984,6.838862559241706,7.773333333333333
459,381.6,207.89537967181687,79,732,7.090311162280111,0.3250468370648096,6.771844660194175,7.886075949367089
460,381.5,207.07446325738317,76,729,7.165716795183113,0.4795431452170382,6.748427672955975,8.31578947368421
461,384.7,206.49942157573014,76,737,7.096112554347589,0.38591430019232487,6.575892857142857,7.934210526315789
462,390.7,212.4052991596752,82,764,7.0628522079383895,0.2855842333517012,6.6109422492401215,7.5636363636363635
463,389.2,209.45686376382554,84,756,7.124605115768581,0.26739306310462213,6.762312633832977,7.706766917293233
464,386.2,207.23030666386614,82,758,7.114444949716857,0.2278685546419784,6.87746170678337,7.555147058823529
465,379.0,202.93950932345442,74,755,7.08743289294095,0.23096943964263453,6.806378132118451,7.457142857142857
466,375.1,204.76352214200654,70,761,7.156370815641042,0.2606255882451394,6.939102564102564,7.677655677655678
467,368.9,200.95353249500798,60,733,7.0589036776942296,0.2800897861906582,6.6,7.4930747922437675
468,367.8,199.37558080723483,59,721,7.0875455153574975,0.2056394820044762,6.693290734824281,7.406807131280389
469,365.1,198.39604050708493,58,722,7.128134623285822,0.22020562725854495,6.719354838709678,7.470046082949309
470,357.5,194.73643156270936,57,703,7.167486681846128,0.16940015159902116,6.794871794871795,7.427906976744186
471,357.5,192.5508590823041,53,698,7.1938806545651275,0.13834952579011373,6.97804054054054,7.413223140495868
472,354.8,189.140629632498,53,683,7.200221818006673,0.1965909693976947,6.946218487394958,7.48995983935743
473,352.5,191.54068323291878,54,695,7.138049798099461,0.28637475975346555,6.801393728222997,7.7592592592592595
474,349.2,189.45055056956448,57,685,7.103513631018869,0.24814195314441173,6.668246445497631,7.543859649122807
475,346.9,186.58953763690923,61,677,7.035886382090091,0.3309538288921886,6.736462093862816,7.770491803278689
476,347.5,185.61025474543874,61,663,7.107541453404373,0.29059725149906235,6.72234762979684,7.721311475409836
477,343.4,185.35323634137663,58,658,7.129440504685293,0.29015873829046857,6.755813953488372,7.706896551724138
478,340.3,185.58618842288163,62,660,7.154641169640779,0.3475082801108252,6.5344827586206895,7.67741935483871
479,337.7,184.43128801805835,68,649,7.067216576802329,0.2577298765600927,6.672340425531915,7.41
480,336.3,184.58785923721464,67,641,7.049192617992455,0.20802310702441545,6.819306930693069,7.5
481,331.9,182.27296380246122,61,628,6.960988235716975,0.3741310041012082,6.114754098360656,7.497326203208556
482,328.5,179.56939234364708,62,626,7.010921313898618,0.2851164758705484,6.387096774193548,7.380208333333333
483,325.5,178.72837864573532,64,633,7.0360148025185065,0.24919434332937285,6.484375,7.333333333333333
484,322.5,175.8706911341398,68,625,7.055500183095536,0.31767615676186384,6.338235294117647,7.402857142857143
485,321.7,176.24922379655715,69,627,6.953071106734667,0.1889452271376769,6.565656565656566,7.191977077363897
486,322.8,174.49597257370854,70,636,7.063535575632187,0.2776750067439992,6.409090909090909,7.466472303206997
487,320.0,176.75343781035144,69,643,7.160214415070899,0.27455454333488094,6.565,7.483695652173913
488,315.8,171.82601018989465,78,635,7.085663341255769,0.30195126074800344,6.382075471698113,7.412280701754386
489,314.6,173.76817251089963,75,648,7.069492006247825,0.3073268592844972,6.2924528301886795,7.346320346320346
490,312.0,173.37114972092547,74,641,7.018053458265254,0.2763626710755102,6.441747572815534,7.314159292035399
491,313.2,174.23853381691052,75,643,6.930994512076062,0.260957207427777,6.339805825242719,7.290748898678414
492,313.1,178.11260483188718,76,662,6.907571714853714,0.3058877942452303,6.132352941176471,7.2105263157894735
493,315.6,182.9403059895647,75,677,6.9375566461721245,0.33950682825919803,6.229665071770335,7.52
494,312.1,183.55044719822033,73,678,6.963132291967234,0.3392217073154557,6.451456310679611,7.401041666666667
495,309.1,182.15588562181202,70,666,7.030504059747723,0.2468990579269115,6.615942028985507,7.328571428571428
496,309.2,182.94067040679852,70,672,6.9603003874032625,0.24531067228374215,6.581005586592179,7.442857142857143
497,306.0,178.70832847594616,70,652,6.924419475321541,0.22357784755572874,6.544943820224719,7.217616580310881
498,305.1,180.30557395710204,71,656,6.9490596596926455,0.20267717920015169,6.5594059405940595,7.322751322751323
499,304.0,180.12711560944336,68,648,7.048134804987683,0.1813547034603927,6.741772151898735,7.323076923076923
500,303.8,181.3129890548385,68,658,7.007967619489186,0.24916633236449465,6.721938775510204,7.451219512195122
501,300.4,181.71112605818428,69,656,6.955751141258595,0.33978298902080856,6.574766355140187,7.463768115942029
502,302.9,185.30122623567402,70,663,7.027922927814662,0.46066531370044544,6.316279069767442,7.771428571428571
503,303.3,188.9685746949006,67,668,7.057488215862112,0.44626118047625973,6.391304347826087,7.7164179104477615
504,299.4,188.02730298195172,66,652,7.020395743235558,0.4054061272164222,6.437810945273632,7.582278481012659
505,297.3,187.26632846771406,64,651,7.032637181818613,0.4403051441789116,6.287234042553192,7.806666666666667
506,295.0,188.03013942805373,62,643,7.003601950228211,0.34019563584353874,6.425287356321839,7.458333333333333
507,291.8,184.82832875701473,66,631,7.076380060245936,0.29073117425206474,6.720588235294118,7.513698630136986
508,291.5,186.98261951315155,67,641,6.9788372903768545,0.21374984546227999,6.63768115942029,7.279112754158965
509,290.3,187.79720149376263,68,644,6.976833002916716,0.27646579950074746,6.626865671641791,7.470588235294118
510,293.7,190.11578343501918,71,650,6.918002388583541,0.30977459047616507,6.445255474452555,7.269724770642202
511,293.4,194.50975411131557,65,652,6.899135069996278,0.24639717559213464,6.507692307692308,7.204339963833634
512,288.4,198.42278095017215,64,674,6.870144230785549,0.31777169426258434,6.265625,7.349462365591398
513,283.1,194.08614925680126,64,664,6.89615846728497,0.26388090291011923,6.28125,7.174812030075188
514,283.3,193.22643596453244,67,669,7.006133449970572,0.2522210153490885,6.582089552238806,7.26510067114094
515,281.7,193.7851330153523,65,662,7.078006128601078,0.33470106899029267,6.476923076923077,7.382550335570469
516,283.1,196.4917018321356,64,668,6.955201272384302,0.31626665071104265,6.381294964028777,7.336826347305389
517,283.4,199.43542536091448,69,679,6.991329019358718,0.33994775968106694,6.506849315068493,7.546153846153846
518,282.6,201.78822782533396,66,677,6.997347666949755,0.33132834649578885,6.268456375838926,7.417322834645669
519,282.3,201.11911893203987,67,678,7.003651502197182,0.31007536982925926,6.548387096774194,7.471544715447155
520,284.2,205.17515552435788,73,692,7.00004277641379,0.2985513526431888,6.392857142857143,7.340350877192982
521,280.7,206.56505566581737,78,696,6.9540607571293,0.3373536590011971,6.2846715328467155,7.341637010676156
522,282.7,210.56381983195075,78,708,6.807606314801005,0.4624058132062485,5.871794871794871,7.439367311072056
523,282.2,209.2541251418688,79,694,6.868530891587734,0.4264795652120388,5.974683544303797,7.480902777777778
524,279.5,207.55574886976484,75,695,6.997371136530392,0.4342448133074254,5.986666666666666,7.582142857142857
525,280.8,210.05121068708723,76,691,6.989453016638704,0.4414710856634722,6.333333333333333,7.584347826086956
526,275.8,211.1649171198242,70,693,7.001666903309844,0.38808700994468687,6.4772727272727275,7.563492063492063
527,275.9,214.18188013409954,70,699,7.047182301063725,0.33823228684636497,6.47244094488189,7.687022900763359
528,278.2,214.73953214689342,70,699,7.0417148434789905,0.2997887207208532,6.557840616966581,7.442857142857143
529,278.0,216.8752841816902,72,715,7.048428480904549,0.1956679634530237,6.709923664122138,7.385840707964602
530,276.8,214.6748445647251,67,714,7.034602770303449,0.26803335669759354,6.66412213740458,7.5510948905109485
531,277.6,220.2489500542511,68,738,6.924788134831755,0.27088978460004426,6.520661157024794,7.468864468864469
532,276.6,225.47194947487372,63,754,6.839793708713701,0.34386148709542685,6.303703703703704,7.3893967093235835
533,272.9,227.07729961403012,62,757,6.948182687670122,0.333120761565337,6.223021582733813,7.312274368231047
534,270.3,223.43184394550588,63,738,7.023723296611197,0.4443854759630411,6.380952380952381,7.843478260869565
535,269.1,227.46792203639518,64,749,7.059051389271298,0.35210751004110336,6.475409836065574,7.544444444444444
536,266.9,223.37783138788765,65,740,7.0150074789256305,0.3331519439957959,6.469387755102041,7.629213483146067
537,263.3,220.40016636412352,64,729,6.997805604827462,0.16805987842598863,6.7368421052631575,7.267034990791897
538,265.9,222.62097834660597,66,743,6.952857061502721,0.21994224107075683,6.696969696969697,7.360747663551402
539,266.4,220.61137272991567,70,739,7.021243307166449,0.23491936477300054,6.693548387096774,7.390804597701149
540,263.0,223.61226362711963,63,754,6.944812374316546,0.30859314561114604,6.26984126984127,7.451219512195122
541,261.1,224.0081595736092,61,756,6.899819249587132,0.3266000216083469,6.39344262295082,7.329457364341085
542,263.5,228.7187744322223,65,765,6.837674948564505,0.44336161364897575,6.1692307692307695,7.5058823529411764
543,258.8,223.73933245830713,64,753,6.907780764329563,0.2757724917623288,6.464,7.44
544,259.5,225.7723779975457,62,759,6.889785444383575,0.359863968575515,6.059523809523809,7.275303643724697
545,256.7,224.35193087845016,65,763,6.957828447497064,0.3600685874375051,6.058139534883721,7.268595041322314
546,258.8,230.64971035942986,70,786,6.923526763498654,0.3021910684027105,6.247058823529412,7.294117647058823
547,255.3,227.16027136999304,64,765,7.045995893672912,0.17885084742146296,6.811881188118812,7.293023255813954
548,254.2,228.9749137156975,62,773,7.083420148123549,0.3199838813168859,6.593023255813954,7.621052631578947
549,251.1,226.88345025585275,63,768,7.1658146865832535,0.252868784151199,6.895953757225434,7.603960396039604
550,250.3,221.70152608105042,63,756,7.019409053335741,0.38660383419244465,6.396341463414634,7.532
551,248.8,217.77909296655025,65,739,7.047258088193817,0.35075612182548666,6.708163265306123,7.594827586206897
552,251.8,224.87221062441466,63,759,7.099286320620851,0.43191057592604637,6.317460317460317,7.551724137931035
553,254.9,232.08592757377122,61,783,7.103910040714602,0.2426254532248406,6.640350877192983,7.597402597402597
554,255.8,229.7151859731234,65,775,6.975390620064507,0.340580864190855,6.420168067226891,7.6902654867256635
555,254.2,232.45587394887085,65,770,6.862789726875379,0.597533122895011,5.753246753246753,7.906542056074766
556,256.9,235.42748352730615,68,774,6.789043901259014,0.5620904046742347,5.552631578947368,7.4907407407407405
557,251.8,228.7851005249735,68,749,6.7885961724097115,0.4688529242786463,5.907894736842105,7.5
558,254.8,228.11488333732194,70,747,6.668175887807989,0.5576337819189613,5.957142857142857,7.756521739130434
559,252.0,225.07184038287272,74,737,6.737368838793311,0.6168161410549899,5.486486486486487,7.805084745762712
560,251.8,221.0388603340548,77,720,6.683394846713449,0.5228006498876268,5.48051948051948,7.19926873857404
561,251.9,224.25751566744273,75,723,6.8338136274820815,0.3245413819191565,6.053333333333334,7.130590339892666
562,251.3,221.86334632932147,77,716,6.891182154191985,0.3580003931864097,6.1265822784810124,7.21594684385382
563,254.0,218.12840255225822,79,709,6.953363590562143,0.28130047119492524,6.6075949367088604,7.466666666666667
564,251.7,218.4333358766977,74,699,7.025282567935871,0.16912765150914752,6.755725190839694,7.2686832740213525
565,253.6,219.9864642300622,74,701,7.081556916158618,0.2711766474425632,6.631578947368421,7.571428571428571
566,250.6,220.07079668950982,68,701,7.077461390506424,0.1874602522694208,6.696629213483146,7.368237347294939
567,252.0,224.12199059143362,71,717,7.116049008273717,0.2764071256162963,6.65934065934066,7.48
568,249.5,219.53498835290722,71,698,7.005925280740826,0.16801548687889672,6.837696335078534,7.333333333333333
569,250.8,222.72394472879552,67,713,7.028546961834427,0.19472032636598793,6.774744027303754,7.31858407079646
570,252.5,226.99155637747114,63,723,6.952833280542,0.2711689427553363,6.494949494949495,7.348484848484849
571,249.7,225.38709910827737,63,718,6.961672690352204,0.29726166790228986,6.333333333333333,7.349206349206349
572,254.8,228.505190799295,65,727,6.973708390600679,0.4109123245640725,6.293478260869565,7.769230769230769
573,258.6,233.09092169747362,63,738,7.045655290896056,0.3912607577780355,6.523489932885906,7.761904761904762
574,255.9,230.05914698422907,55,735,7.0037809505613895,0.36540736125862044,6.3517241379310345,7.729166666666667
575,255.1,226.74383490332582,54,719,7.057560861920344,0.2639791142578479,6.605633802816901,7.481481481481482
576,255.2,228.48671247531612,51,723,7.068163804792178,0.24392281336114047,6.63681592039801,7.430232558139535
577,253.1,226.38975732621435,49,715,7.050972297748963,0.22531465702699904,6.628865979381444,7.329411764705882
578,249.5,222.2237361059545,50,692,7.013640980763324,0.20737293155016004,6.8068965517241375,7.34375
579,250.2,225.81595259069815,49,696,6.90569337237567,0.23359351601047396,6.600694444444445,7.259762308998302
580,248.6,222.78449976004464,49,689,6.966877456665055,0.23292051748339976,6.636363636363637,7.350694444444445
581,246.5,218.91259036935773,49,669,6.945863038145836,0.3602076101429292,6.285714285714286,7.34375
582,246.2,215.29504303526255,54,650,7.0367630744997385,0.33313382856123813,6.475609756097561,7.473118279569892
583,247.2,220.69878920274022,49,663,6.956111274931557,0.44609566153186886,6.234567901234568,7.544444444444444
584,246.8,220.76976443546087,47,664,7.03889638167994,0.3207979348607774,6.571428571428571,7.601328903654485
585,245.1,219.56646677790607,45,660,7.02772745870504,0.46186977287093844,6.107142857142857,7.77
586,243.9,220.9889137490838,45,670,7.138061548250446,0.5042540123863286,5.89873417721519,7.820754716981132
587,244.9,222.9426682654833,45,670,7.082231722880519,0.5613924762936843,6.088888888888889,7.959183673469388
588,247.1,227.47769121388586,45,680,6.981623207549926,0.3353351994979639,6.444444444444445,7.482539682539683
589,245.0,229.0793166860189,40,688,6.949460446525643,0.40878901052088046,6.3,7.565573770491803
590,244.2,228.53387786788488,43,687,7.020177608569499,0.4250755062495536,6.511627906976744,7.938775510204081
591,242.5,231.4645401207998,44,685,7.035305561752677,0.36826525836579893,6.568181818181818,7.778947368421052
592,243.7,233.6450536842394,49,683,6.976034074442323,0.5545162786479199,6.081632653061225,8.077777777777778
593,241.5,235.96574610170296,47,690,7.115708347530888,0.49690496993986655,6.618497109826589,8.371794871794872
594,240.6,237.7240229995932,44,695,7.187402057604492,0.35029057443079,6.732954545454546,7.776315789473684
595,239.1,237.7942387863928,40,692,7.123945143001511,0.2534003089055707,6.687150837988827,7.534201954397394
596,239.1,235.7830688483708,36,695,7.091576750342052,0.3656431968510492,6.564885496183206,7.604651162790698
597,237.1,236.5992627019601,32,694,7.227051651200651,0.5285456438095332,6.597765363128492,8.220338983050848
598,236.2,237.999439775251,28,706,6.968180462431978,0.5542490463567635,6.178571428571429,8.241379310344827
599,234.0,237.37359209107953,26,702,7.047144342367256,0.4883104767676204,6.076923076923077,7.859649122807017
600,232.9,236.14141243472451,28,695,7.283662340489398,0.4254589929939387,6.571428571428571,8.076923076923077
601,228.9,233.88812615341453,25,672,7.307656351631742,0.44224191394035517,6.645669291338582,8.254901960784315
602,225.4,234.2136726249013,22,676,7.2226574547933025,0.38141257263440687,6.64,7.878787878787879
603,225.0,233.9786315029644,19,684,7.150205369464247,0.33665000895884395,6.871794871794871,8.015384615384615
604,224.1,235.1304366138553,18,703,7.105826322636558,0.3448624608663441,6.620689655172414,7.888888888888889
605,220.6,232.22125464976526,16,698,6.8964605749046655,0.37163760696235154,5.951219512195122,7.3125
606,220.8,234.61353565195492,16,709,6.799115179062598,0.3729436532746826,6.136363636363637,7.255357142857143
607,221.8,239.51469451557432,15,715,6.81253793589093,0.28432076160972974,6.380952380952381,7.256944444444445
608,224.1,240.8445556785538,14,729,6.935170062944931,0.37256677108324443,6.318518518518519,7.5
609,220.9,236.22138862610313,12,712,7.04705065011284,0.28552816332122644,6.514925373134329,7.427710843373494
610,214.8,226.89635421389113,10,676,7.101965377062932,0.3540933169840861,6.518248175182482,7.5227272727272725
611,210.8,223.44017344942947,10,658,7.278057823564237,0.29479648461992153,6.797101449275362,7.9
612,210.8,223.096790155703,8,657,7.304050199663886,0.4209127687063079,6.903846153846154,8.375
613,208.8,221.83317054840006,6,652,7.284206781381201,0.2870175349957942,6.719745222929936,7.612244897959184
614,209.6,223.98025706645566,5,659,7.300254236902286,0.20457809731797494,6.98937784522003,7.542955326460481
615,211.3,224.85355728167215,6,673,7.2474423695674135,0.3040280842864997,6.898959881129272,7.805555555555555
616,211.7,225.49257193974262,7,683,6.913763535345643,0.5584694928739637,5.571428571428571,7.393939393939394
617,210.1,220.9597499797443,6,665,6.784860489193818,0.5319587196489858,5.666666666666667,7.346743295019157
618,209.6,222.42212120200637,5,672,6.7258423848128555,0.582821785640276,5.6,7.419354838709677
619,209.1,220.5228383234313,4,662,6.733598222249562,0.7651677200248209,5.0,7.688524590163935
620,206.6,216.35474983872615,4,642,6.899376090099624,0.4815219666758876,6.0,7.620689655172414
621,208.0,223.66542473574725,5,670,6.890805120155814,0.5636803338207773,5.6,7.724137931034483
622,206.7,223.54370688724137,4,659,6.740875846497294,0.7014796725711064,5.0,7.496226415094339
623,207.3,223.50741971278418,4,663,6.854329779346936,0.40497253323378885,6.0,7.282608695652174
624,206.7,219.03224014336845,4,648,7.057332056433336,0.28932413494551745,6.5843373493975905,7.5813953488372094
625,205.8,220.22705454951614,4,637,7.12595019025031,0.6136369415052995,6.40650406504065,8.0
626,201.8,221.26143410504739,3,646,7.12072442759349,0.7092222074276471,6.115384615384615,8.333333333333334
627,201.2,223.42575202215764,1,642,6.79412950997899,0.5970454241538508,6.0,8.212765957446809
628,204.0,224.36230620236645,1,647,6.746484422764662,0.5554421776443438,5.606060606060606,7.75
629,204.0,225.5565955093705,1,636,6.954976875112935,0.6319348384397357,5.827586206896552,8.0
630,203.3,222.13561923593733,2,625,6.63102036848196,0.9266302852915678,4.5,8.063829787234043
631,205.0,222.19910990920832,2,617,6.91154918432658,0.7131414008118815,5.5,8.333333333333334
632,204.9,225.34686842978562,2,618,6.882648332860124,0.6783698667705912,5.916666666666667,8.375
633,205.0,227.2404502332765,1,626,6.543632915433437,1.2941345484761249,3.0,7.488888888888889
634,204.0,225.41172206530086,1,615,6.725193648586331,1.072323851979345,4.0,8.214285714285714
635,203.3,225.16120151275322,0,612,6.396348681185419,2.296489811736849,0.0,8.395348837209303
636,204.6,230.3963734282484,0,619,6.352788362554142,2.347881943955462,0.0,8.782608695652174
637,202.7,233.0436535167702,0,617,6.245107294183624,2.3241999255719303,0.0,8.522727272727273
638,201.9,233.14442352804028,0,608,6.162529826902704,2.3202352447496786,0.0,8.80952380952381
639,201.7,233.4509465486153,0,609,6.370824477307669,2.371856416136031,0.0,9.13953488372093
640,204.9,236.25337152209184,0,614,6.44058814445083,2.3692483765742574,0.0,8.931818181818182
641,203.0,232.86906192107185,0,604,6.536180879518918,2.384817624545583,0.0,8.80952380952381
642,202.2,232.97677518966944,0,604,6.527741155797349,2.365719209515073,0.0,8.777777777777779
643,201.2,229.83897745063948,0,595,6.4935788003293595,2.2976789455556554,0.0,7.615384615384615
644,204.0,229.57254965599776,0,599,6.558536555855109,2.3313077689889043,0.0,8.0
645,205.4,233.01368581647256,0,627,6.586898787296751,2.411995986212331,0.0,9.0
646,203.1,230.17406456853476,0,622,6.420983633774935,2.291769951846133,0.0,7.791666666666667
647,197.3,223.47460705860968,0,602,6.354334814959966,2.3008308773419266,0.0,7.923076923076923
648,198.8,226.71264239610065,0,616,6.214951400316073,2.252367194468131,0.0,7.4480519480519485
649,195.0,222.8063434165793,0,602,6.316506238563606,2.248320559453996,0.0,7.490909090909091
650,194.2,222.97374035721984,0,602,6.2509436886453145,2.2559986067205453,0.0,7.615384615384615
651,194.4,223.50948277173586,0,600,6.374609507296345,2.3589590230848474,0.0,8.454545454545455
652,194.2,219.10464268117286,0,588,6.369405871836435,2.326493968297444,0.0,8.0
653,194.9,220.20669583118695,0,596,6.416029725987945,2.367081063768234,0.0,8.357142857142858
654,196.0,223.69721599618634,0,608,6.230289749163664,2.299675403632011,0.0,7.873015873015873
655,196.5,224.4525438582607,0,616,6.4166357382361765,2.3112857536630584,0.0,7.969230769230769
656,195.0,224.55635273925242,0,610,6.487866818077795,2.335274919192657,0.0,7.852941176470588
657,196.8,227.71268446590028,0,620,6.541963038435907,2.3298764606232196,0.0,7.896551724137931
658,194.9,224.44917761785925,0,611,6.575556998470726,2.343668974156137,0.0,8.058823529411764
659,196.4,225.81172098306442,0,615,6.207106437300068,2.219470280626212,0.0,7.675
660,198.1,228.1872768875016,0,621,6.171225849071779,2.2218323358374916,0.0,7.814814814814815
661,195.9,225.99825466386042,0,610,6.051684006473652,2.210431316193327,0.0,8.012820512820513
662,196.4,226.26346491547318,0,603,5.891313368330567,2.1578579337458748,0.0,7.5
663,199.2,229.04283927296706,0,622,5.946655703783497,2.1436854166815666,0.0,7.434210526315789
664,200.8,232.90427218065363,0,642,6.02459035038513,2.202928867422354,0.0,7.797297297297297
665,201.3,233.8480275734649,0,643,6.051651815979357,2.2355870315785467,0.0,7.4605263157894735
666,204.1,236.6556100703674,0,659,6.184126636550157,2.2781845188299514,0.0,8.166666666666666
667,206.1,239.41152390346164,0,671,6.3903828717332996,2.38878613447513,0.0,9.166666666666666
668,208.8,244.88582373560678,0,698,6.175899058249125,2.2190496544365486,0.0,7.6419753086419755
669,209.0,250.3659543770101,0,712,6.235484930443837,2.2217247790130883,0.0,7.545454545454546
670,209.3,247.40477404897067,0,699,6.216060545863772,2.2174626708377607,0.0,7.282051282051282
671,207.5,245.74116916426973,0,698,6.315244074970481,2.2671014255972777,0.0,7.407932011331445
672,207.5,246.56270331635048,0,700,6.293648599665483,2.2450593137865864,0.0,7.444444444444445
673,204.9,244.7068313989892,0,700,6.091921129207703,2.2102647481249216,0.0,7.389830508474576
674,201.5,240.4187319379808,0,682,6.036629369209295,2.197218669028875,0.0,7.357142857142857
675,204.4,248.5992759442392,0,710,6.056266286753923,2.232802784706793,0.0,7.3982808022922635
676,201.8,247.619690475356,0,707,6.125111678978698,2.3077109220760916,0.0,7.5777777777777775
677,203.5,246.63209217149517,0,707,6.113908503275448,2.211862951278952,0.0,7.195652173913044
678,200.4,242.76060452864076,0,690,6.265431325255324,2.2582243934200608,0.0,7.490196078431373
679,197.3,240.57064104610384,0,684,6.325789339825573,2.2702446279469584,0.0,7.702127659574468
680,199.3,247.0020467751454,0,698,6.09685326273631,2.296895352307456,0.0,7.484536082474227
681,197.9,245.7873742349947,0,696,6.235481511734923,2.255055859906257,0.0,7.3478260869565215
682,197.2,241.28443335154836,0,681,6.178535210435455,2.192496763157437,0.0,7.258443465491924
683,197.4,240.05332740872393,0,678,6.237935239805067,2.24362269718185,0.0,7.958333333333333
684,196.9,241.78707345283968,0,680,6.2363438945493055,2.2329545694582613,0.0,7.826086956521739
685,196.5,243.92132155904517,0,691,6.325901585734664,2.2801817427016298,0.0,8.095238095238095
686,193.8,244.09187705543263,0,688,6.378738948701044,2.246186268746934,0.0,7.318181818181818
687,192.7,242.03629204453344,0,662,6.434182136913618,2.2916449182650873,0.0,8.0
688,194.1,242.0364756716548,0,651,6.338547254671829,2.319832377681098,0.0,7.714285714285714
689,195.3,244.10473617327096,0,654,6.4965868063529495,2.358404526637945,0.0,8.333333333333334
690,195.6,246.1260742880454,0,662,6.435162371660894,2.2989573371436545,0.0,8.153846153846153
691,194.5,245.6000588128775,0,660,6.155745604851836,2.3581193814355657,0.0,8.026315789473685
692,190.7,241.78413237155715,0,637,6.335167183142946,2.347997693423325,0.0,8.538461538461538
693,191.5,243.84204814683716,0,646,6.392462754100886,2.403722812430981,0.0,8.857142857142858
694,189.3,241.21085750392288,0,638,6.658143837867806,2.538243484762847,0.0,9.857142857142858
695,188.4,239.5468870829072,0,625,6.674105259105069,2.5955216454744097,0.0,10.285714285714286
696,186.3,236.23719248058956,0,613,6.819403480967084,2.629239479394816,0.0,10.545454545454545
697,184.4,233.65844017853638,0,625,6.518565928793481,2.6985620897347022,0.0,9.777777777777779
698,184.7,235.77863912294234,0,628,6.127238050544527,2.503247178398307,0.0,7.777777777777778
699,186.1,238.80556944929072,0,629,6.282283917635874,2.460363936223098,0.0,8.5
700,184.3,235.66456859037783,0,618,6.373606008896113,2.4701363338568822,0.0,9.5
701,180.3,228.6856406122217,0,605,6.00796780179863,2.4020536898602844,0.0,8.625
702,178.5,227.458054741235,0,609,6.005471052178959,2.219778036034436,0.0,7.5
703,177.5,225.35613789930127,0,614,6.252709439693497,2.2881611720995436,0.0,8.5
704,176.8,223.698606760674,0,604,6.223433476809686,2.199710040947325,0.0,7.224299065420561
705,175.9,226.66492646390813,0,618,6.402450734780887,2.2788033018446505,0.0,8.0
706,177.7,228.01756754932526,0,619,5.364417153185048,2.884022526710159,0.0,7.238095238095238
707,176.0,227.2243140354678,0,623,5.4768762872591825,2.9289984876538253,0.0,7.607142857142857
708,176.0,227.88593638046206,0,622,5.61512155439517,2.9756272090603386,0.0,7.409836065573771
709,177.0,230.03139882295295,0,640,5.426459989215873,2.9254578735079932,0.0,7.633333333333334
710,177.2,229.64213705483388,0,636,5.489934060234187,2.9070929134102292,0.0,7.233333333333333
711,175.4,226.6290164809244,0,622,5.5905275385226805,2.9629066293274104,0.0,7.375
712,174.5,226.2104477398572,0,625,5.439047924105777,2.882918049703568,0.0,7.1424
713,177.6,228.5992125970691,0,645,5.470015033161129,2.930235800665823,0.0,7.7
714,176.2,227.14547467793997,0,640,5.443653784273552,2.884752226729754,0.0,7.327759197324415
715,173.2,223.44962146607753,0,631,5.581282821282848,2.961335904089324,0.0,7.6923076923076925
716,174.5,221.83940637817759,0,630,5.484333246877561,2.9077315299239244,0.0,7.344827586206897
717,173.5,221.34801658122993,0,631,5.432990405319331,2.8901814397601324,0.0,7.5
718,173.0,223.0799557707206,0,644,5.317328977247614,2.815671826206136,0.0,7.142857142857143
719,172.3,219.30853456565097,0,633,5.2776557269064215,2.806217749934861,0.0,7.203448275862069
720,170.8,220.7300009815914,0,634,5.449670306747012,2.8938229912327595,0.0,7.2
721,170.7,223.5780003091141,0,650,5.609323756039278,3.0166963146489256,0.0,8.2
722,173.2,224.31961325057802,0,653,5.600600694479335,2.988149850916761,0.0,7.666666666666667
723,173.8,226.3128611261656,0,661,5.468260887453669,2.9056132838408018,0.0,7.336666666666667
724,173.7,224.83329626883807,0,644,5.42245048616188,2.8660669898236195,0.0,7.053191489361702
725,172.7,225.04026800157837,0,647,5.419182415170941,2.886835492002639,0.0,7.3
726,168.4,219.73580095701797,0,633,5.365877768566055,2.865487011637504,0.0,7.362637362637362
727,168.3,217.03100136974803,0,614,5.329577817947068,2.8333588976464497,0.0,7.12037037037037
728,166.3,216.44401380290262,0,612,5.29750401586347,2.886971099889141,0.0,7.273584905660377
729,163.9,214.19381150931716,0,609,5.334610081856015,2.906795125247172,0.0,7.197802197802198
730,164.8,215.3445817495506,0,605,5.370511600947079,2.874212011590456,0.0,7.387096774193548
731,164.1,213.89844423100521,0,594,5.528401159504529,2.934901006231515,0.0,7.3173076923076925
732,164.9,215.46974523378248,0,597,5.5782394686174595,2.9488847200780843,0.0,7.355769230769231
733,164.3,215.52006867111007,0,593,5.529208280491459,2.9268998107999726,0.0,7.51
734,162.1,211.23365156990388,0,581,5.54361581115045,2.936826959951252,0.0,7.333333333333333
735,161.7,211.02345841161832,0,583,5.508574190867153,2.9221094764573845,0.0,7.314285714285714
736,158.6,208.40196202957827,0,577,5.398200024021327,2.892899702136687,0.0,7.449664429530201
737,159.4,211.78406193311358,0,594,5.646826581826582,2.990928739258251,0.0,7.409090909090909
738,161.4,217.3814875078168,0,607,5.457016219619098,2.901695274357442,0.0,7.26530612244898
739,160.5,216.44668319627044,0,607,5.416163079182679,2.8896530098089923,0.0,7.23404255319149
740,156.4,209.49208417821743,0,579,5.591443641054505,2.992183480348183,0.0,7.730769230769231
741,154.8,207.79894128700462,0,582,5.564223090413333,2.9599638038855156,0.0,7.868131868131868
742,154.8,208.06238380725037,0,582,5.674802294146818,3.035410907373473,0.0,8.141304347826088
743,153.9,206.76957115483788,0,575,5.631157610747255,3.105866540148669,0.0,8.666666666666666
744,153.8,206.47776312878506,0,567,5.707526502789019,3.0775383787602593,0.0,8.25
745,151.7,201.29086196623808,0,550,5.633769172795063,2.987067337969147,0.0,7.546875
746,151.0,197.87875075409184,0,543,5.645382139254013,3.029498863078085,0.0,8.0
747,150.4,194.9291609220585,0,538,5.631670141761438,3.015736057577244,0.0,7.666666666666667
748,148.4,195.71873242544316,0,539,5.6680149028862115,3.0454221940723643,0.0,8.5
749,144.8,190.446726292566,0,521,5.359760634604944,2.9189476081718895,0.0,7.505263157894737
750,143.5,187.09192630599773,0,505,5.343776156693635,2.925681808543307,0.0,7.44
751,141.4,183.20917007617277,0,491,5.2385598449702835,2.950281375283333,0.0,7.4
752,139.5,180.77502900320914,0,481,5.296107098311538,2.883492862492597,0.0,7.415841584158416
753,141.8,184.1604373003786,0,499,5.53493893210753,2.960275334195358,0.0,7.706422018348624
754,139.4,182.183180099347,0,495,5.693215263191678,3.0203734696067963,0.0,7.89622641509434
755,136.4,178.09934805545407,0,486,5.744445086342393,3.0716346747724517,0.0,8.333333333333334
756,137.1,181.19752880335992,0,495,5.633347728512694,2.992818867845947,0.0,7.77319587628866
757,140.4,186.08373264623526,0,504,5.654784607291866,3.0154315886494483,0.0,7.652631578947369
758,139.3,185.9133908272583,0,498,5.400225718600147,2.9128881126886963,0.0,7.7
759,141.2,188.47504992556557,0,507,5.308519445472662,2.882186625184737,0.0,7.707070707070707
760,140.6,187.78427339192527,0,511,5.346748689271349,2.998951700154755,0.0,8.01
761,136.5,182.48789914219884,0,496,5.392054190422444,2.9314057998598066,0.0,7.907216494845361
762,134.8,179.86093393384664,0,483,5.1951171276981345,3.024701003253475,0.0,7.529411764705882
763,132.5,176.35459859171362,0,482,5.270417038941863,2.943774955938466,0.0,7.735294117647059
764,130.5,175.4361232281805,0,491,5.2352084817169136,2.8315672890737726,0.0,7.133333333333334
765,130.9,176.61662813374434,0,487,5.27320357446904,2.835934815856178,0.0,7.3125
766,130.3,175.11776989595697,0,478,5.402397416866291,2.892906003178861,0.0,7.481481481481482
767,130.9,174.58423627451464,0,467,5.4738054656888355,2.9391716955654803,0.0,7.62962962962963
768,132.4,175.94077286278912,0,469,5.670314321250888,3.067443379878722,0.0,8.321428571428571
769,132.7,175.36948296541092,0,464,5.739851848438968,3.134938964792089,0.0,9.0
770,133.4,177.31716718292614,0,471,5.958500080929641,3.336416160052361,0.0,10.0
771,130.0,173.76868404737246,0,469,6.088038965600342,3.462959196742326,0.0,11.0
772,129.1,173.06161394781404,0,467,5.037222996341548,3.5097122046965636,0.0,7.885714285714286
773,130.0,176.48166414043635,0,483,5.0213771453516625,3.4948131826892737,0.0,8.129032258064516
774,129.0,176.17100278485736,0,492,5.010754868704224,3.4758558773874433,0.0,7.724137931034483
775,126.0,173.8888533901277,0,487,4.934673652875604,3.421825098330012,0.0,7.88
776,125.4,174.01226010447272,0,494,4.959502529461529,3.452696067107188,0.0,8.08
777,124.7,173.94063482822077,0,494,5.069357037594044,3.522476721499406,0.0,8.238095238095237
778,124.3,173.1210559117521,0,494,5.073446333939776,3.5173997749153214,0.0,8.0
779,124.2,174.27551622518737,0,497,4.999245070821567,3.4553522775526795,0.0,7.352941176470588
780,125.6,175.31064491987422,0,494,5.021734819503658,3.474525476772048,0.0,7.777777777777778
781,127.6,177.6696059794384,0,497,5.010971234198184,3.4602452299290434,0.0,7.346153846153846
782,128.0,177.71387740472667,0,502,4.969952069654101,3.4408143503146182,0.0,7.658536585365853
783,127.2,177.52858924691537,0,500,4.992840620053286,3.460443637567483,0.0,7.7631578947368425
784,127.6,179.63431990822045,0,506,5.058757978940571,3.4978874645019644,0.0,7.545454545454546
785,127.6,177.8983480030723,0,498,4.9530723264180505,3.4354346204495174,0.0,7.57429718875502
786,125.6,177.14538912680987,0,492,4.829801532709909,3.3525154079845207,0.0,7.378048780487805
787,125.0,177.46799398451793,0,493,4.789780638125162,3.333934652390678,0.0,7.747368421052632
788,125.7,179.34389683882006,0,503,4.7517320102333835,3.310219934041777,0.0,7.688888888888889
789,124.5,178.6761502458195,0,499,4.854962500529062,3.3640901430144172,0.0,7.428571428571429
790,123.7,179.07357271368784,0,504,4.823567391858204,3.3381102065561037,0.0,7.232804232804233
791,122.5,177.44498364907986,0,490,4.974598471032858,3.4361574933673027,0.0,7.313186813186813
792,122.2,176.4280149081898,0,490,5.008273039747559,3.4676817778852627,0.0,7.733333333333333
793,121.7,176.59183949938847,0,487,5.114945146514438,3.5596999971028565,0.0,8.238095238095237
794,122.5,177.58143671754283,0,490,5.056829088354709,3.5201221600858137,0.0,7.826086956521739
795,121.7,175.53413723072026,0,478,5.129990333652808,3.5656541509324584,0.0,7.9523809523809526
796,119.6,175.8017823193686,0,481,5.298287671611539,3.737291867439199,0.0,8.88888888888889
797,121.1,179.1730696530282,0,498,5.15107286909603,3.618526779415157,0.0,8.8125
798,122.0,180.2590728183559,0,507,4.949362863798274,3.472320795441824,0.0,8.647058823529411
799,119.5,178.25091553450403,0,499,5.099044579614359,3.6010478893107893,0.0,9.11111111111111
800,120.5,177.60959058189022,0,501,4.858118002899647,3.3648814976728354,0.0,7.5
801,119.2,175.93925719469837,0,495,4.89256348142577,3.3933079931405086,0.0,7.7272727272727275
802,116.8,174.32332667265794,0,489,5.073150244337508,3.5465228410705065,0.0,8.727272727272727
803,116.5,174.43384610409376,0,482,5.170409684558207,3.6541875467955776,0.0,9.476190476190476
804,116.9,172.62769830540583,0,475,5.144293211197898,3.617753430903708,0.0,9.0
805,115.1,170.90767488130348,0,472,5.066938134363306,3.5250641433447174,0.0,8.333333333333334
806,116.8,173.49530893434041,0,475,5.0691757441524885,3.519121082197863,0.0,7.777777777777778
807,117.7,176.79118253527867,0,495,5.121899963279765,3.5577732907465482,0.0,8.117647058823529
808,117.7,176.6736162155138,0,490,5.156898518179202,3.5972079911757775,0.0,8.666666666666666
809,115.2,174.45266788826513,0,486,4.955733657029818,3.4495388772658884,0.0,8.25
810,114.9,175.28608362078012,0,479,4.884355164115307,3.3784886995830186,0.0,7.2105263157894735
811,112.8,173.97560493101068,0,484,4.910331725231993,3.400067036787903,0.0,7.51948051948052
812,113.9,174.55941363584174,0,484,4.807664639558196,3.3246656802060435,0.0,7.166666666666667
813,111.0,169.89081461011625,0,464,4.988465402262941,3.4709134339941814,0.0,8.25
814,112.9,172.7293644211468,0,462,4.891531350310505,3.383299875425241,0.0,7.25
815,115.0,176.18676958778082,0,478,4.95810907479674,3.461520589676077,0.0,8.25
816,113.4,170.89711004643178,0,463,4.809127254363851,3.3346165987763046,0.0,7.291237113402062
817,115.7,176.4716218923976,0,474,5.041823500182188,3.519461340289816,0.0,8.25
818,115.1,176.6556285859896,0,478,5.137741253895616,3.6248394568729174,0.0,8.8
819,113.7,177.23872789733812,0,472,5.094970277392093,3.541352211398251,0.0,8.166666666666666
820,112.2,172.85498096509815,0,464,5.062065780439546,3.582537440638974,0.0,9.166666666666666
821,109.3,167.48800952107985,0,445,4.849769350673445,3.394285371514552,0.0,8.0
822,109.0,167.87032032031289,0,446,5.0428012345586435,3.57336593386156,0.0,9.25
823,107.8,164.79738401375727,0,448,4.999134845694414,3.4804851748339645,0.0,8.2
824,110.5,167.33615535468982,0,445,5.050965786801874,3.5107214530369073,0.0,7.95
825,109.1,165.1857203944161,0,430,5.232387808030403,3.651142227933754,0.0,8.666666666666666
826,108.0,163.63034220122162,0,424,5.04735823056165,3.48742651074829,0.0,7.560344827586207
827,106.8,161.21400545720448,0,409,5.192201354597899,3.5952702183337144,0.0,8.0
828,105.4,161.35826253678147,0,407,5.32459245809216,3.686071440912106,0.0,8.0
829,103.8,159.27111756024345,0,410,4.932499338623138,3.4363356707731016,0.0,7.675925925925926
830,102.3,158.72831435436393,0,402,5.0373498535685,3.488400665448161,0.0,7.754901960784314
831,103.9,161.16482246445716,0,409,5.049526557849399,3.4894810461378327,0.0,7.484848484848484
832,103.3,160.90097023393682,0,414,4.8425292763659815,3.4356291360860363,0.0,8.258064516129032
833,102.8,158.91003744257316,0,413,4.976669768645317,3.476930157155831,0.0,8.229508196721312
834,102.1,157.81173734689204,0,412,5.040124363548969,3.4999635940373013,0.0,8.175438596491228
835,101.6,156.43969374099967,0,416,4.960906400805196,3.4416433996147733,0.0,7.661290322580645
836,101.5,155.52938271879333,0,412,4.795759710708966,3.3625545463208173,0.0,7.5625
837,100.7,154.1370602202252,0,412,4.790938187670827,3.32771054946755,0.0,7.45
838,101.3,157.4089154611856,0,415,4.888487670110474,3.384849578723169,0.0,7.333333333333333
839,100.7,158.23403904062837,0,425,4.877904332056413,3.3930386353423074,0.0,7.6
840,101.4,161.1660289542709,0,446,5.033048916526111,3.483398182979351,0.0,7.714285714285714
841,101.8,162.3041041447265,0,451,5.060737177290828,3.5204913838358904,0.0,8.0
842,99.5,158.64653233595186,0,446,4.8857207247382295,3.3934688892561704,0.0,7.5
843,98.7,157.31076815583154,0,449,4.818587819556673,3.390073109702079,0.0,7.714285714285714
844,97.0,155.02616266653544,0,445,4.567997521152431,3.27074206689664,0.0,7.3076923076923075
845,94.8,151.65369907933155,0,440,4.72482450025249,3.315630398280364,0.0,7.451612903225806
846,94.9,149.3783042405348,0,426,4.802734436932371,3.338117646216394,0.0,7.5
847,95.2,149.73814180465547,0,429,4.8036360644676,3.4395672992039943,0.0,7.846153846153846
848,93.8,147.1173379011159,0,416,4.954811896284354,3.476196111888321,0.0,7.813559322033898
849,95.1,149.40210470033176,0,429,4.976264917790644,3.4470410795609987,0.0,7.567656765676568
850,92.6,143.80866918699073,0,412,5.093700520282122,3.528915384877612,0.0,7.733333333333333
851,92.6,145.5160930389946,0,422,4.936348818154519,3.4193577658180785,0.0,7.781609195402299
852,92.4,144.80116635503242,0,420,5.05261050033393,3.514317904838722,0.0,8.0
853,93.1,145.6162765627524,0,427,5.125608533377709,3.606277374763803,0.0,9.0
854,91.7,141.77921019826724,0,419,4.74554896697494,3.3511114465872076,0.0,7.395348837209302
855,92.4,140.71815803228807,0,410,4.965597626097728,3.476433625203345,0.0,8.117647058823529
856,94.2,142.73580879061538,0,414,4.804659523495272,3.379238986959547,0.0,7.878048780487805
857,94.6,142.81316465928484,0,410,4.835776870370672,3.3826858037838323,0.0,7.7
858,93.7,139.86743723969494,0,400,4.798327804049264,3.3917035009002237,0.0,7.894736842105263
859,94.6,139.94379824296135,0,402,4.775948093076383,3.334862265077563,0.0,7.657894736842105
860,95.5,140.32363386907502,0,394,4.8141008668732725,3.3625580756642326,0.0,7.717948717948718
861,94.3,137.90258236241345,0,389,4.900925385441303,3.436401268999728,0.0,8.095238095238095
862,93.1,136.82060436125028,0,382,4.8844224935121145,3.3877333577330155,0.0,7.529411764705882
863,94.1,137.61092495389553,0,385,5.002192114728475,3.492509495546105,0.0,8.529411764705882
864,92.6,133.61736414104269,0,369,4.913447168801888,3.4210374914752495,0.0,8.125
865,95.3,136.14620409283867,0,369,4.957836770679002,3.4533338360159282,0.0,8.1875
866,94.7,135.7989117940363,0,374,5.076001850436581,3.559213959978764,0.0,8.857142857142858
867,94.4,135.61235604144304,0,373,5.2996904627520545,3.7360153632864708,0.0,9.357142857142858
868,95.3,136.08171564664127,0,365,5.0910997035346,3.579499119956455,0.0,9.142857142857142
869,95.1,139.6188860195258,0,371,4.994780773699291,3.464892303370537,0.0,8.0
870,96.3,140.21099180243402,0,365,5.125541779084982,3.5812091855600765,0.0,8.357142857142858
871,96.9,141.94165468013023,0,379,5.31067556811792,3.7351817920772246,0.0,9.357142857142858
872,97.1,140.5816883918781,0,367,5.261326515608486,3.708847829911146,0.0,9.538461538461538
873,97.0,140.9933016533449,0,365,5.125805807961718,3.5828727268113325,0.0,8.333333333333334
874,98.6,142.89872093354944,0,375,5.220720918109851,3.6485743003769198,0.0,8.4
875,98.2,143.29363791413303,0,380,5.064380959280329,3.5101773359467967,0.0,8.023809523809524
876,97.7,143.415519073464,0,381,5.104560656474133,3.530460877213821,0.0,7.571428571428571
877,95.9,138.6534048145471,0,370,5.101001263140165,3.5372462842383254,0.0,7.833333333333333
878,95.4,138.5032691150485,0,370,5.0661431185529295,3.5933094743709337,0.0,8.833333333333334
879,96.3,138.94287395265087,0,375,4.729500134512305,3.3494661543004343,0.0,7.786516853932584
880,97.6,140.3164677117804,0,379,4.813439125326808,3.3762626812360255,0.0,7.67741935483871
881,96.7,139.61618021482244,0,372,4.96885562732573,3.4523055040240047,0.0,7.7
882,94.9,137.1361448423508,0,372,5.023476870793656,3.502150566494774,0.0,7.909090909090909
883,92.9,134.789094514356,0,372,5.03776281244392,3.488310210180651,0.0,7.75
884,93.9,137.49460595480343,0,383,4.98760886099886,3.523614685933928,0.0,8.75
885,93.1,137.2203823538374,0,381,4.896804824934688,3.397968844206324,0.0,7.611111111111111
886,92.8,136.85986344513947,0,376,5.026293938766335,3.5056192805383,0.0,8.333333333333334
887,93.4,137.37394221612772,0,384,4.965976031699371,3.4477567134294254,0.0,8.0
888,95.9,140.96528335413336,0,395,5.093897793659553,3.581056581858234,0.0,9.0
889,98.4,144.20987791718323,0,408,5.122039125268026,3.6875701313261597,0.0,10.0
890,98.1,144.1599805771352,0,399,3.987988865665817,3.4525638400218654,0.0,7.441441441441442
891,96.6,140.83260354840502,0,391,3.9871054228153824,3.456508428473336,0.0,7.559633027522936
892,95.7,140.0730365043735,0,390,3.9002515640971493,3.380501889801851,0.0,6.957516339869281
893,95.5,139.93351595986178,0,387,3.9857162464664015,3.4583977876241265,0.0,7.169811320754717
894,95.8,137.84516273300594,0,382,3.997105318721439,3.4687190506241046,0.0,7.309523809523809
895,95.9,138.36059972244828,0,380,4.051045087646149,3.503829504948721,0.0,7.121794871794871
896,96.0,138.5311838139301,0,379,4.158850957832685,3.58960266185322,0.0,7.300970873786408
897,96.4,139.01414796103788,0,386,4.124191161764324,3.5771928245668563,0.0,7.324675324675325
898,95.5,135.93728128973467,0,367,4.164802709855063,3.6185610427025288,0.0,7.583333333333333
899,96.0,136.76256797823007,0,367,4.189567391021095,3.6392276374124806,0.0,7.64
900,95.9,137.20256719334535,0,365,4.296857203416451,3.7146373829388235,0.0,7.68
901,96.0,137.84290575385688,0,375,4.109540802249278,3.5477016409256095,0.0,7.196261682242991
902,97.4,140.13342848077963,0,378,4.099404767007823,3.551641223897054,0.0,7.40625
903,96.0,137.13172904587438,0,376,4.149026613120819,3.5801082441002707,0.0,7.413793103448276
904,94.2,135.44396135179548,0,366,4.239240915282741,3.666290223097544,0.0,7.884615384615385
905,94.9,137.69648587463016,0,380,4.304571889381971,3.724792092787689,0.0,8.08695652173913
906,93.0,135.9779393872403,0,371,4.275219418489447,3.691869379624943,0.0,7.708333333333333
907,92.6,134.82350602835461,0,367,4.366628716630783,3.7785002206673255,0.0,8.1
908,91.8,132.55841479639582,0,360,4.408576740426688,3.8443867398300076,0.0,8.944444444444445
909,92.0,133.24413683160697,0,357,4.222765136488336,3.6369168831403083,0.0,7.201923076923077
910,92.6,135.2341179830987,0,362,4.302887846134842,3.7133389525890625,0.0,7.684210526315789
911,91.7,134.8744683853183,0,362,4.150246097510607,3.593492064569225,0.0,7.514851485148514
912,91.0,132.43866504914644,0,356,4.209998538061159,3.6397167467013785,0.0,7.388888888888889
913,91.7,133.41251815328275,0,359,4.304628011713494,3.7088076227613387,0.0,7.541666666666667
914,91.6,133.6248479886881,0,361,4.200127727459693,3.616726016326435,0.0,7.1466666666666665
915,93.8,137.94910494655466,0,377,4.266242089069948,3.675213481877128,0.0,7.333333333333333
916,90.9,134.26710526244153,0,366,4.302333798009828,3.7321707022509845,0.0,7.928571428571429
917,90.7,134.49332903737476,0,368,4.18722136632438,3.6139680719723395,0.0,7.241847826086956
918,90.0,131.52270610895377,0,357,4.340385043447924,3.7397933856236922,0.0,7.461538461538462
919,91.8,132.49385729996024,0,355,4.303506968289819,3.7069418241213516,0.0,7.473684210526316
920,91.1,130.49431660676515,0,351,4.183653521818945,3.6742866163614014,0.0,8.125
921,89.7,128.68829697287077,0,343,4.194481892301858,3.6345721736844157,0.0,7.4375
922,89.6,129.14350329940893,0,347,4.153801842828274,3.6148116728022384,0.0,7.470588235294118
923,88.8,129.4121752815828,0,353,4.182457297843276,3.607452494728893,0.0,7.4375
924,87.9,127.85186740912312,0,347,4.123715337545419,3.5609875983774097,0.0,7.25
925,85.8,126.6515780486853,0,342,4.2223124916554315,3.651072656827262,0.0,7.933333333333334
926,83.8,124.12520560573773,0,328,4.424160835089585,3.8483241326159328,0.0,8.714285714285714
927,85.8,127.95554783682583,0,338,4.376918933629002,3.8186591824856,0.0,8.714285714285714
928,84.4,126.78871313243059,0,340,4.340273102940481,3.76001444354913,0.0,8.117647058823529
929,84.6,127.81514429484133,0,346,4.271909731361216,3.6845859697586256,0.0,7.666666666666667
930,84.3,127.21814161335465,0,344,4.2124142524142965,3.6286995250461334,0.0,7.294117647058823
931,83.4,125.84576097571008,0,337,4.22263303832238,3.6496219215229146,0.0,7.833333333333333
932,83.8,126.76995788522699,0,339,4.437867015743924,3.849443020352695,0.0,8.5
933,84.8,127.23277006250306,0,337,4.2878741185929545,3.699149806689928,0.0,7.630434782608695
934,82.7,124.54097942266053,0,328,4.319788575303159,3.724817277814586,0.0,7.529411764705882
935,82.7,125.09467525749358,0,330,4.217258757471659,3.6393599046323137,0.0,7.552941176470588
936,81.5,123.25064795863031,0,323,4.122759955161738,3.559207302318113,0.0,7.597701149425287
937,79.9,122.24606333129913,0,323,4.304875624576492,3.7233160259514437,0.0,7.821428571428571
938,80.7,124.08693189319602,0,334,4.115982095775379,3.5813677204021124,0.0,7.4875
939,81.9,125.79652883393352,0,346,4.234432341667265,3.6601076656258016,0.0,7.882352941176471
940,81.6,123.28846030527124,0,338,4.34600388925922,3.801592231472802,0.0,8.882352941176471
941,81.7,123.38471902504334,0,331,4.239204283185143,3.6771597184898375,0.0,8.1875
942,81.3,124.08155919931589,0,330,4.392495925127504,3.807885130021742,0.0,8.533333333333333
943,81.3,123.48913582443869,0,337,4.4213590151505615,3.872179967362795,0.0,9.214285714285714
944,79.5,120.21670248162505,0,330,4.577173300990095,4.0116006089358764,0.0,9.533333333333333
945,76.7,117.53680274705451,0,328,4.587751864408862,4.043566222145114,0.0,9.846153846153847
946,77.7,119.82955487784398,0,337,4.440799503304526,3.87372376484438,0.0,8.916666666666666
947,77.6,121.06215116395563,0,346,4.336317174001894,3.7643623393207286,0.0,7.9
948,78.5,121.73217414563096,0,346,4.319904652825326,3.7366637375685117,0.0,7.913043478260869
949,76.4,117.29374332087036,0,332,4.036057126737495,3.54473072032912,0.0,7.9324324324324325
950,75.8,117.12557363786954,0,336,4.205045995670996,3.690112024712949,0.0,8.375
951,74.7,114.4154709818563,0,324,4.0592930438168535,3.532232274450061,0.0,7.299382716049383
952,73.6,112.86688324452543,0,321,4.0839361291043055,3.5367667169601935,0.0,7.4526315789473685
953,74.8,116.64171161676637,0,342,4.011140805341418,3.4948265716165046,0.0,7.395833333333333
954,74.4,116.62875574517061,0,341,4.222282620960611,3.6417233417147554,0.0,7.371428571428571
955,73.4,116.63637702039807,0,345,4.155874978960184,3.600920320591615,0.0,7.357142857142857
956,73.8,116.63218538065155,0,349,4.190056234743722,3.6213013806488616,0.0,7.3125
957,74.4,117.03864508974992,0,347,4.20626229232737,3.623809607349844,0.0,7.309859154929577
958,72.8,113.91595342376083,0,334,4.363449440851468,3.76340966882744,0.0,7.837837837837838
959,72.7,112.38134483385873,0,324,4.360403174778353,3.761108196754866,0.0,7.773333333333333
960,70.5,108.16268611062998,0,312,4.23699615589351,3.6711805033854037,0.0,7.863013698630137
961,70.5,109.39251447069961,0,315,3.9320991317525786,3.5376844505391176,0.0,7.368421052631579
962,71.1,110.57471079169353,0,322,3.9310931015790063,3.5036246254724865,0.0,7.432835820895522
963,71.4,111.25366410944756,0,321,3.8974581766220924,3.5190156093698337,0.0,7.363636363636363
964,71.2,111.0103098315147,0,328,3.9936991620987854,3.525528045000992,0.0,7.521739130434782
965,69.8,110.63834979085888,0,333,4.074083171559246,3.5545262472785186,0.0,7.581081081081081
966,67.9,105.30743352468312,0,316,4.230455628147544,3.6731777367015592,0.0,7.8
967,67.3,104.3679921133763,0,314,4.38532414942952,3.795924997217357,0.0,8.041666666666666
968,65.3,102.0610383817231,0,304,4.513254530273981,3.9182747286711708,0.0,8.75
969,65.8,102.25436692657951,0,305,4.080779523517785,3.5445280387617712,0.0,7.6098901098901095
970,66.5,101.55485654998922,0,299,3.9401506419427945,3.5334236616702674,0.0,7.624338624338624
971,66.5,101.06571019776084,0,293,3.8269465361672417,3.5294480422979095,0.0,7.7
972,67.4,101.82905064644153,0,296,3.75795434931873,3.5170574869075697,0.0,7.318181818181818
973,66.3,100.73844019704362,0,295,3.9049761169547077,3.560013327362552,0.0,8.19047619047619
974,65.9,100.93942077635806,0,296,4.122584842402794,3.7119104349533845,0.0,9.105263157894736
975,64.8,99.54094634872627,0,295,4.336225393993458,3.9284313136493636,0.0,10.38888888888889
976,64.6,100.09240175402371,0,298,4.413630809684419,3.9580186049239874,0.0,10.352941176470589
977,63.7,98.79051911325634,0,295,4.4117321593141,3.868250949845215,0.0,9.2
978,64.0,98.13709231931058,0,295,4.356475869098061,3.7951536554465166,0.0,8.666666666666666
979,65.3,101.37723829560777,0,305,4.350621895933986,3.8387801741830496,0.0,9.5
980,64.9,102.43203708909739,0,310,4.434143478954876,3.996600859096977,0.0,10.5
981,64.2,101.26181686872677,0,307,4.65207623597889,4.180486153201864,0.0,11.0
982,63.8,100.36577548591397,0,299,4.852207861736233,4.418681660928996,0.0,12.0
983,63.3,100.24309341684233,0,298,3.6704667825931643,3.8726009464263784,0.0,7.582278481012659
984,63.9,101.16153199490188,0,303,3.7067577098929583,3.91510014439265,0.0,7.783333333333333
985,62.6,98.65450375482668,0,296,3.652902473026869,3.864181548676977,0.0,7.967741935483871
986,62.6,99.82896484599158,0,299,3.6702477049600097,3.8802449081859827,0.0,7.833333333333333
987,62.5,99.45769619960707,0,297,3.570589617101245,3.780634086833326,0.0,7.8023255813953485
988,62.7,99.40830504093263,0,299,3.574387763852647,3.7874692674395467,0.0,7.8076923076923075
989,64.2,102.50506762540519,0,310,3.6708103592314116,3.885482950707219,0.0,8.0
990,64.2,102.25328030598008,0,310,3.6445508441103973,3.86750167739152,0.0,8.127272727272727
991,63.6,102.01437807159014,0,309,3.6200603785891317,3.8280768334554685,0.0,7.927272727272728
992,62.3,100.48664919613284,0,307,3.7067441778431585,3.9175439849801728,0.0,8.096153846153847
993,64.3,103.58791220772602,0,314,3.614964615816156,3.813938029696402,0.0,7.510204081632653
994,63.5,101.29522309675922,0,306,3.591027504584697,3.7944672405736304,0.0,7.666666666666667
995,62.2,97.85454057483031,0,295,3.510291795945099,3.7202660709798065,0.0,7.64
996,61.6,97.31986208146596,0,292,3.4664646733929403,3.6689090873782026,0.0,7.359281437125748
997,61.1,95.81631732991342,0,285,3.4063457254246727,3.6134353986726477,0.0,7.37037037037037
998,60.7,95.83092750603359,0,284,3.469461450590282,3.671287039432987,0.0,7.58235294117647
999,61.0,96.5090669315583,0,283,3.5665046846668105,3.7635198815162982,0.0,7.488636363636363
1000,59.7,94.20432875168505,0,275,3.5047792207792208,3.7060501936693946,0.0,7.525714285714286
1001,62.8,99.13604569255098,0,286,3.4985338320530674,3.694616833341812,0.0,7.328671328671328
1002,63.8,99.7171555506429,0,291,3.4845901793480865,3.6934478956188617,0.0,7.551020408163265
1003,64.1,100.05492935827245,0,294,3.4404186531096834,3.6397782626756423,0.0,7.36734693877551
1004,63.4,98.92893071965011,0,293,3.3749436897534664,3.5617594050206915,0.0,7.168539325842697
1005,65.5,102.27658578579948,0,305,3.3859208167653554,3.5846208625503326,0.0,7.383333333333334
1006,62.9,97.62678366559501,0,293,3.4428052444593575,3.645196468615601,0.0,7.607142857142857
1007,60.6,94.49891239820934,0,280,3.6104856637316147,3.8183223017202876,0.0,7.634615384615385
1008,61.3,94.67728813653721,0,280,3.6771209771561724,3.882601994936042,0.0,7.7924528301886795
1009,60.7,94.34575889896811,0,279,3.6737977538846875,3.882286287261538,0.0,8.02
1010,62.1,96.58323986190472,0,281,3.68430280213465,3.8941626737190504,0.0,8.132075471698114
1011,60.8,93.85781208236685,0,273,3.6712055483276416,3.870063834187772,0.0,7.4363636363636365
1012,61.7,96.01278850005114,0,276,3.4236666257004083,3.6217495135102955,0.0,7.173913043478261
1013,62.4,95.83573910023802,0,275,3.4955082205029013,3.6864231054903924,0.0,7.125
1014,59.9,91.13658857877981,0,256,3.502716271500239,3.6981954844204585,0.0,7.519230769230769
1015,59.7,93.52605103511118,0,270,3.4625411093276264,3.669526155875459,0.0,7.74
1016,59.3,94.71248891015142,0,279,3.575793691431172,3.784302340616502,0.0,7.938775510204081
1017,59.1,96.40014983851887,0,288,3.654303978026804,3.888990317938943,0.0,8.142857142857142
1018,60.0,99.172128701118,0,297,3.850116446061997,4.111060799705796,0.0,9.153846153846153
1019,61.1,101.61085899974799,0,306,3.894652416300297,4.166722735585288,0.0,9.583333333333334
1020,61.8,102.48555453764638,0,310,3.961284421272795,4.3403116866978495,0.0,11.090909090909092
1021,62.1,101.29544247727371,0,303,3.9476806627151007,4.33070378398136,0.0,11.083333333333334
1022,62.0,99.73520497352533,0,295,3.6209047188849253,3.8684895333122817,0.0,8.909090909090908
1023,61.7,100.24309341684233,0,294,3.371515962190119,3.557286261366947,0.0,7.078651685393258
1024,62.2,101.99542473398827,0,297,3.51802726259248,3.723720964261004,0.0,7.888888888888889
1025,61.1,101.82495873911377,0,299,3.506241827111392,3.7046431349531637,0.0,7.444444444444445
1026,61.2,103.20615830032195,0,305,3.5252809356332393,3.7256395872337804,0.0,7.5
1027,61.8,104.983384928812,0,313,3.5447316192353284,3.775374336426586,0.0,8.411764705882353
1028,61.0,103.30859919032233,0,303,3.52474422999549,3.7803089008908515,0.0,8.696969696969697
1029,61.7,103.65653755445325,0,303,3.5674845499110086,3.7985008687494073,0.0,8.558823529411764
1030,61.0,101.91717770381553,0,296,3.689461165467937,3.934033065546386,0.0,8.696969696969697
1031,61.4,101.36753808679472,0,296,3.534167812517352,3.7832038584528296,0.0,8.8
1032,63.8,106.0155124917523,0,311,3.435610473531626,3.6566570808036323,0.0,8.166666666666666
1033,65.4,108.86811593238245,0,315,3.243212093899048,3.4280535187912102,0.0,7.050793650793651
1034,65.7,109.3740269797989,0,319,3.232340052200076,3.4433130699520453,0.0,7.147335423197492
1035,65.7,110.18776903288516,0,322,3.436414536550406,3.6550637884117934,0.0,7.59375
1036,65.1,110.24966616225598,0,326,3.5819198907952474,3.799191818746148,0.0,8.0
1037,64.1,109.64128378996257,0,330,3.787419457735247,4.03104156944816,0.0,9.0
1038,64.1,108.35071655405781,0,322,3.757080950067335,4.011303876130699,0.0,9.166666666666666
1039,63.4,106.46564391076275,0,312,3.4620494916490707,3.6637274405170475,0.0,7.456521739130435
1040,63.9,106.64942568996797,0,309,3.369875839869855,3.5629617968322838,0.0,7.23404255319149
1041,63.4,106.04003436857651,0,309,3.230793981388959,3.4611661013526556,0.0,7.364485981308412
1042,65.7,110.86934252132602,0,322,3.3101513782464025,3.5583238219847986,0.0,7.453703703703703
1043,66.8,112.12473213147737,0,326,3.2978135463718288,3.4966742345461532,0.0,7.107142857142857
1044,66.3,112.42483909014256,0,331,3.467576384289873,3.658049745680761,0.0,7.287234042553192
1045,66.9,113.38376328988986,0,337,3.5752830960560624,3.785215735082245,0.0,7.8
1046,66.0,110.64658452327693,0,330,3.5161635764588994,3.717427297136897,0.0,7.576470588235294
1047,66.5,111.67238791313733,0,333,3.575942709844444,3.782419730293016,0.0,7.716763005780347
1048,65.5,109.38134108602699,0,328,3.7145230163697898,3.9529996563466483,0.0,8.5
1049,64.0,106.84880283216404,0,318,3.855056024209597,4.127406717651641,0.0,9.5
1050,63.2,107.36935213447913,0,321,3.3151371994000827,3.6382402804755363,0.0,7.613496932515337
1051,62.3,106.16658817370201,0,316,3.3734993141618816,3.623011767255972,0.0,7.605504587155964
1052,62.1,107.33690470248855,0,321,3.4879125204554056,3.6951796969125006,0.0,7.379310344827586
1053,63.1,111.58001613192212,0,338,3.608725299226971,3.807291416111787,0.0,7.504761904761905
1054,62.8,110.39404170717025,0,333,3.165108613964093,3.605882789332526,0.0,7.434782608695652
1055,62.3,108.79036926329667,0,328,3.2156381980125843,3.544613615687337,0.0,7.375
1056,63.1,110.85571202643952,0,336,3.4046908044785402,3.680791674180328,0.0,7.730769230769231
1057,62.9,110.26982059173457,0,332,3.541354754131521,3.7774556247671254,0.0,7.961538461538462
1058,61.4,107.18644192869421,0,323,3.583713231138952,3.7907516515383564,0.0,7.607142857142857
1059,60.0,103.71542261828222,0,313,3.5507992224001,3.7608189328232413,0.0,7.723270440251572
1060,58.9,102.55128798151034,0,313,3.6911102908261944,3.9230801603855805,0.0,8.666666666666666
1061,59.8,106.97850251335545,0,329,3.5178935730683536,3.7104606925548036,0.0,7.241379310344827
1062,60.3,108.61148905873428,0,334,3.6135264517001047,3.8238590878886876,0.0,8.0
1063,62.0,113.85273138772054,0,353,3.6655577313973327,3.9160324098850707,0.0,9.0
1064,60.3,111.99310494649015,0,347,3.771523882589693,4.083795318330237,0.0,10.0
1065,59.5,111.1577957480066,0,346,3.9408140400240597,4.3155331273626025,0.0,11.0
1066,60.7,112.69334003786066,0,349,4.009831746231664,4.480271053097225,0.0,12.0
1067,60.2,112.47696060379062,0,349,2.735991428763382,3.538795902709177,0.0,7.077363896848137
1068,58.1,109.29313285329911,0,338,2.7699569661108123,3.5806662730126213,0.0,7.258741258741258
1069,56.5,106.1196913343084,0,328,2.7836779673505414,3.600871338354697,0.0,7.259740259740259
1070,56.6,107.25172881279505,0,331,2.8562884827454758,3.689250912720166,0.0,7.256756756756757
1071,55.5,106.69608969196366,0,331,2.7700993885301686,3.6022532923650004,0.0,7.5
1072,54.6,105.55377776280676,0,328,2.7648171134668367,3.5746701422642837,0.0,7.225609756097561
1073,54.0,104.20812508309193,0,322,2.8536200664561737,3.6864968010285035,0.0,7.301470588235294
1074,54.5,105.9677623934122,0,328,2.9604488701195804,3.8309422704147047,0.0,8.071428571428571
1075,55.2,106.81843369839204,0,331,3.072645026495863,3.9955643001997605,0.0,8.76923076923077
1076,55.8,107.4707195265555,0,333,2.9249616910143224,3.7828181693098135,0.0,7.857142857142857
1077,54.2,105.6585696161619,0,330,3.122536163023968,4.061101674143062,0.0,8.857142857142858
1078,54.9,103.74589683988042,0,320,3.15831778378874,4.148358078684819,0.0,9.857142857142858
1079,52.8,99.80180359091715,0,308,3.2058942888436865,4.250758549192253,0.0,10.5
1080,51.2,96.23789967228781,0,297,3.308048269812976,4.454576808018014,0.0,11.5
1081,49.6,93.59273476077082,0,290,3.244166011361236,4.287082342527456,0.0,10.307692307692308
1082,49.0,91.80171869608735,0,283,3.0856268243969884,4.0048783037977085,0.0,8.5
1083,47.6,90.13101574929686,0,278,2.929972861627538,3.792296327909477,0.0,7.990990990990991
1084,48.4,90.11375527015224,0,274,2.9051771896495646,3.7577359026267674,0.0,7.75
1085,48.8,91.24058551129778,0,277,2.9415332160819525,3.8057022445190607,0.0,8.0
1086,50.9,96.25134919689293,0,293,2.9956220344559625,3.903450727884736,0.0,8.833333333333334
1087,50.6,95.82530401146082,0,290,3.0495581473968896,4.012751316310798,0.0,9.6
1088,49.3,94.2903906969198,0,288,3.085895538395538,4.1407478381358445,0.0,10.6
1089,48.4,91.58384136953418,0,278,3.2218658339980495,4.381042696951106,0.0,11.6
1090,47.1,89.22437384980007,0,270,3.1966573515165067,4.315044441355989,0.0,11.25
1091,46.4,87.26231208896033,0,262,3.3804500266287945,4.60423613292641,0.0,12.25
1092,45.7,85.46610764247752,0,257,3.4812905317769127,4.823224883863196,0.0,13.25
1093,46.0,84.70996268313296,0,252,3.1135276459435155,4.073849286818964,0.0,9.5
1094,47.1,84.95940206945903,0,249,2.652117324167661,3.4426381354184303,0.0,7.056224899598393
1095,46.4,84.15752425593857,0,248,2.647079859615336,3.445301461210775,0.0,7.100806451612903
1096,47.7,86.26837968417706,0,256,2.6497541838243057,3.4448831912716584,0.0,7.03125
1097,48.2,87.65690693455555,0,260,2.7952330971336927,3.6130532272684714,0.0,7.227848101265823
1098,47.0,86.47799977129701,0,259,2.8358666307503517,3.666782778494943,0.0,7.571428571428571
1099,46.5,84.9198968963628,0,254,2.926218838029862,3.8126790629598135,0.0,8.571428571428571
1100,44.5,79.49039075399128,0,234,3.0468561104156042,4.01126007645882,0.0,9.571428571428571
1101,44.8,80.57267251094228,0,238,3.1450768186062303,4.140075181759129,0.0,9.857142857142858
1102,44.9,80.7774033309371,0,236,3.0942205337316646,4.066472284435999,0.0,9.571428571428571
1103,44.9,81.13288140109684,0,240,3.1316028308961377,4.18784716278119,0.0,10.571428571428571
1104,45.1,78.7040165571124,0,226,2.7657808715255294,3.5825775440701295,0.0,7.311111111111111
1105,45.8,81.62897089201167,0,239,2.7438457014411037,3.547638512624488,0.0,7.333333333333333
1106,45.8,81.90889247613269,0,240,2.8558591320327964,3.716547542542903,0.0,8.333333333333334
1107,45.5,82.93002404973056,0,247,2.9955262982631403,3.93222306029739,0.0,9.333333333333334
1108,45.6,83.46150143762226,0,249,2.9849173866682612,3.9258282091573866,0.0,9.4
1109,45.5,82.84959598909072,0,247,2.519958547295332,3.292151648495033,0.0,6.89344262295082
1110,45.5,81.98001111382105,0,242,2.6831562377016924,3.4748314667294222,0.0,7.0
1111,43.8,78.83992220527195,0,234,2.768879940629006,3.576946623509799,0.0,7.081196581196581
1112,44.6,79.49171864624222,0,233,2.8103958035288508,3.6316818436217457,0.0,7.32618025751073
1113,44.7,77.68747932868231,0,221,2.586090588977586,3.4190101646606905,0.0,7.484162895927602
1114,45.3,76.93005481171409,0,212,2.6440998427672957,3.4386875403930603,0.0,7.226415094339623
1115,46.6,79.54760978321235,0,220,2.8011102403343786,3.622284450172014,0.0,7.310344827586207
1116,46.5,79.25240970749371,0,217,2.870151113643856,3.7121684457191844,0.0,7.6
1117,46.0,79.39073553563343,0,217,2.893490434296886,3.7739913877832465,0.0,8.6
1118,46.5,79.37708877391651,0,209,2.8358761772997663,3.6786379920824457,0.0,8.0
1119,45.8,78.02677603090991,0,204,2.620235028642301,3.3969722156019286,0.0,6.919540229885057
1120,44.2,75.17209884288481,0,195,2.6358176520761156,3.405062362773941,0.0,6.837209302325581
1121,43.8,74.99155508011108,0,196,2.6998077652686057,3.494172227463712,0.0,7.333333333333333
1122,43.7,74.13059047683652,0,189,2.837676431683785,3.6972926221966413,0.0,8.333333333333334
1123,44.1,74.48109379791178,0,191,3.0153076639156984,3.953852424563951,0.0,9.333333333333334
1124,44.7,75.09408912971928,0,192,2.706787420382166,3.5286372306177776,0.0,7.286624203821656
1125,44.6,75.40881174563678,0,192,2.820224657588788,3.6482075197761885,0.0,7.362637362637362
1126,43.7,73.64034220452808,0,187,2.9653494688151865,3.8336679059451444,0.0,7.656050955414012
1127,43.5,74.30754410630936,0,196,2.982030176925229,3.874753683300846,0.0,8.5
1128,44.5,75.74261973581613,0,201,2.7368611187115865,3.5424475890293836,0.0,7.296052631578948
1129,46.7,80.18457873348632,0,217,2.6386664571337546,3.4344175016514664,0.0,7.123595505617978
1130,47.9,81.03284656373748,0,210,2.709594574671974,3.5001376133768005,0.0,6.936842105263158
1131,47.1,79.62893109082067,0,208,2.6506825112831214,3.445176136782081,0.0,7.1656441717791415
1132,46.4,79.07970662565712,0,213,2.7778269063988335,3.594726614827618,0.0,7.366013071895424
1133,45.8,77.84714367128556,0,208,2.893329402137287,3.7421034758721174,0.0,7.666666666666667
1134,47.1,79.0407068119544,0,205,2.8262563537514906,3.6588543292749196,0.0,7.484662576687117
1135,47.4,80.3370676863703,0,212,2.8770132690796326,3.718405757921181,0.0,7.5
1136,45.7,77.40233990146695,0,207,3.0164901055444657,3.915412413351338,0.0,8.5
1137,46.7,78.83604646494028,0,210,3.074854070660522,4.032382733985735,0.0,9.5
1138,45.6,76.27756332413003,0,204,2.914540187701284,3.7878869254727165,0.0,8.4
1139,45.3,77.09308947269167,0,211,2.809747203407717,3.630345249343235,0.0,7.350710900473934
1140,44.2,74.56957973746547,0,205,2.6926107503335097,3.5288926188909677,0.0,7.448529411764706
1141,45.0,75.45712542747555,0,206,2.6672066288230836,3.4848033875278706,0.0,7.20873786407767
1142,44.6,74.84086821754245,0,206,2.6158469594100997,3.438078951368181,0.0,7.326086956521739
1143,46.0,76.38644440533209,0,207,2.619397939781698,3.419682984994554,0.0,7.360824742268041
1144,45.3,75.83322344314382,0,208,2.7802698388567952,3.603479097629192,0.0,7.6521739130434785
1145,44.0,73.9774740489743,0,201,2.7200142697365886,3.52024916203453,0.0,7.186046511627907
1146,44.3,73.48930383244746,0,193,2.784013618669625,3.598482798823594,0.0,7.222222222222222
1147,43.6,72.40042971020422,0,187,2.840515448603684,3.676917355909366,0.0,7.625
1148,42.4,70.43231581533516,0,180,2.90640768588137,3.7672973889158015,0.0,8.0
1149,43.3,71.98618694660185,0,185,2.9108647818325237,3.7704954803145716,0.0,8.0
1150,43.4,71.94473187415771,0,187,2.9274816865510416,3.789646268481358,0.0,7.888888888888889
1151,44.5,72.94328085726761,0,188,2.911006814073147,3.769459776667413,0.0,8.0
1152,44.2,72.77484302819057,0,191,2.9776361520968853,3.8548778524416893,0.0,8.181818181818182
1153,45.0,73.2120208708925,0,189,2.8857249844382196,3.72657719349297,0.0,7.366013071895424
1154,43.5,70.58367768511043,0,184,2.814580472921434,3.637992731778382,0.0,7.416666666666667
1155,43.2,70.88927202961594,0,189,2.829390384172993,3.657351899105148,0.0,7.291005291005291
1156,42.2,69.63204881534237,0,192,2.8816487185686652,3.724377272131628,0.0,7.617021276595745
1157,42.7,70.54399730349532,0,196,2.86806947459835,3.707852265380344,0.0,7.617021276595745
1158,43.6,72.1329020319823,0,199,2.7259826668306566,3.5244422610635078,0.0,7.1875
1159,42.9,69.97213731193295,0,188,2.6476699091329468,3.4535231004987486,0.0,7.431578947368421
1160,43.1,69.75106530448916,0,187,2.5863270716211892,3.374259171510977,0.0,7.136363636363637
1161,42.7,69.14887321328285,0,187,2.6873517135944187,3.481520487511346,0.0,7.38
1162,42.9,68.96126126714589,0,186,2.736647177419355,3.545644269853688,0.0,7.52
1163,42.0,67.31848020995258,0,181,2.748121183483571,3.5525631403152356,0.0,7.273684210526316
1164,41.6,66.53687365330262,0,180,2.83426669447921,3.665367890500178,0.0,7.4361702127659575
1165,42.7,68.41872713097068,0,187,2.8759605268832336,3.717734916647412,0.0,7.473684210526316
1166,41.9,66.92358826801404,0,184,2.905264675930584,3.755965750898689,0.0,7.709302325581396
1167,43.4,69.40573143160121,0,194,2.9640619954405905,3.8372014833938177,0.0,7.956521739130435
1168,43.6,70.23326214203006,0,197,3.0475587818127714,3.9588402230469804,0.0,8.666666666666666
1169,43.4,70.45439817514746,0,198,2.825151825951826,3.662331440594349,0.0,7.8
1170,43.5,70.76133595874704,0,201,2.8151360512783277,3.6475218172339656,0.0,7.65
1171,42.7,68.74437350713794,0,196,2.7905592089821227,3.6203282043150686,0.0,7.863636363636363
1172,41.6,66.88663709757145,0,191,2.8337909784202937,3.6761957458510572,0.0,8.0
1173,43.2,69.593741736516,0,199,2.8158998472522616,3.6444783548761266,0.0,7.565217391304348
1174,43.3,68.84612471947051,0,193,2.9314303256783676,3.8175071618820997,0.0,8.565217391304348
1175,44.0,67.97712033389536,0,187,2.7614313479358694,3.575410027504785,0.0,7.586206896551724
1176,43.7,68.24311117044873,0,191,2.844109629773649,3.6838412379843875,0.0,7.827586206896552
1177,42.7,67.32681486599526,0,188,2.878530148082711,3.722789856731566,0.0,7.64
1178,43.1,67.46101755005544,0,187,2.9447647253413125,3.814785361631946,0.0,8.115384615384615
1179,44.0,68.9524796105582,0,190,3.024983709273183,3.9235717233275165,0.0,8.44
1180,44.5,69.3497576700084,0,189,3.0870018802746073,4.008558741285599,0.0,8.64
1181,44.6,68.90928013619711,0,187,3.0823457048860483,3.992988624987561,0.0,8.481481481481481
1182,43.6,67.40293432451999,0,186,2.9652932054970687,3.8292658975127924,0.0,7.618279569892473
1183,43.9,68.87420094313659,0,194,2.872366607666428,3.7187143101593674,0.0,7.724770642201835
1184,44.0,69.44702217438044,0,197,2.8823779500569824,3.721624078283184,0.0,7.350253807106599
1185,44.7,70.31840283864372,0,199,2.9469117253317676,3.8054965541340886,0.0,7.492462311557789
1186,45.2,70.84537152606842,0,199,3.034658191656318,3.923396162257124,0.0,8.10344827586207
1187,45.9,70.8636405750901,0,194,2.9333216956669212,3.7909240379463016,0.0,7.612903225806452
1188,44.1,67.59265246065334,0,187,2.897580078863501,3.7462015441985725,0.0,7.647058823529412
1189,45.0,67.84295591044561,0,181,2.9005519206347787,3.7538502178027966,0.0,7.911764705882353
1190,45.9,68.50863692508656,0,182,2.9247078258338965,3.7871555962961048,0.0,7.973684210526316
1191,45.6,68.41085034148051,0,181,2.7274060280189425,3.526609203384175,0.0,7.1602209944751385
1192,45.9,68.99830915802696,0,185,2.7094746658162583,3.503583850444051,0.0,7.123893805309734
1193,45.7,68.6732197520337,0,186,2.7569147079167453,3.56709958205917,0.0,7.324074074074074
1194,46.5,70.43397223247064,0,193,2.6731605180106954,3.4616855769256207,0.0,7.280373831775701
1195,46.9,70.84482259762451,0,194,2.781839823041785,3.6004593131635114,0.0,7.4495412844036695
1196,47.6,72.64862161267908,0,200,2.847325814536341,3.679908551332028,0.0,7.447619047619048
1197,46.9,71.3682936137143,0,196,2.8588692602237917,3.695506206239062,0.0,7.4423076923076925
1198,47.5,71.39288791220345,0,191,2.9545290293541906,3.8217884041022403,0.0,8.0
1199,49.1,71.95438369782158,0,188,2.900857885948567,3.747915866914415,0.0,7.630434782608695
1200,50.0,73.90083445627211,0,196,2.967034796054114,3.8328680422841397,0.0,7.717391304347826
1201,50.3,74.75448704481447,0,200,2.96303073286052,3.830912905840443,0.0,7.933333333333334
1202,52.1,77.36558235632518,0,208,2.8450135651032005,3.67791863047369,0.0,7.48936170212766
1203,52.2,77.58980459943032,0,209,2.7948958850157557,3.615213600832702,0.0,7.468085106382978
1204,52.3,78.47016418146879,0,213,2.802192378328742,3.622242800046522,0.0,7.444444444444445
1205,51.8,77.22665055248451,0,206,2.7148289301950967,3.5132509198592965,0.0,7.1521739130434785
1206,51.4,77.31637745149615,0,210,2.7182453288975026,3.536117257882847,0.0,7.891304347826087
1207,51.0,76.09496990238215,0,202,2.811573875350922,3.6597291036818285,0.0,8.23913043478261
1208,51.1,76.33471614468013,0,203,2.8014721476651747,3.627119372814154,0.0,7.6938775510204085
1209,50.9,76.73250795965018,0,204,2.7699549079830232,3.5776051212097584,0.0,7.177777777777778
1210,52.1,79.15027900561479,0,214,2.8082386897712457,3.6273613762950068,0.0,7.247422680412371
1211,53.1,80.00618031682858,0,216,2.7722564243603847,3.57977868168204,0.0,7.092592592592593
1212,52.9,79.63311706402892,0,212,2.8798730097724246,3.72433322659463,0.0,7.653061224489796
1213,52.3,80.27736639648535,0,216,2.8439044762829604,3.6772302188643327,0.0,7.3478260869565215
1214,51.6,79.4064089213067,0,212,2.8312592505306786,3.6639470585233664,0.0,7.485849056603773
1215,50.9,78.5542275543886,0,212,2.788830345113082,3.607207725164586,0.0,7.452830188679245
1216,51.7,79.32780092754368,0,214,2.8232357206252514,3.654091314442595,0.0,7.553191489361702
1217,51.3,79.04014451178871,0,215,2.8263384037600416,3.6594058630350172,0.0,7.688372093023256
1218,50.3,77.50992767954882,0,212,2.8555444728778197,3.689112736372095,0.0,7.361702127659575
1219,51.8,81.0552623557259,0,226,2.8549562027607545,3.687697100286911,0.0,7.402654867256637
1220,51.9,80.95739620318825,0,221,2.8357373162198014,3.6678960213285956,0.0,7.418181818181818
1221,50.6,78.45055059646738,0,216,2.881250403180505,3.7234539489388876,0.0,7.472222222222222
1222,51.5,81.45926043803192,0,223,2.849051661752637,3.6807677157825274,0.0,7.318385650224215
1223,50.3,79.02889766830022,0,213,2.946283185097466,3.8054439656858317,0.0,7.549295774647887
1224,48.3,76.1782266938672,0,202,3.015597189800281,3.895686652268351,0.0,7.833333333333333
1225,48.6,76.69303894241133,0,202,2.8874122663856903,3.729940433138384,0.0,7.421052631578948
1226,49.1,77.02589752082665,0,204,2.904170922860162,3.754484387074129,0.0,7.625
1227,47.9,75.73997916849756,0,198,2.8258193087140455,3.650531311591868,0.0,7.324324324324325
1228,47.7,75.04968724488833,0,191,2.9152021342024996,3.7689780714741206,0.0,7.75
1229,46.4,72.14830405337175,0,184,2.821137950531543,3.6440861909265814,0.0,7.355263157894737
1230,45.7,71.57133193923077,0,188,2.6875197364324617,3.4740559620445755,0.0,7.12
1231,45.9,72.06547948451696,0,192,2.774136190519892,3.5869829351321774,0.0,7.2631578947368425
1232,44.8,69.96157675626117,0,190,2.7810131393434476,3.600234528073386,0.0,7.363157894736842
1233,43.9,67.52193059377902,0,179,2.7687509424075873,3.578710323941103,0.0,7.270833333333333
1234,44.2,67.89665349305189,0,181,2.8563859789688517,3.689060006601296,0.0,7.402777777777778
1235,44.5,68.39143871047668,0,177,2.922470871646144,3.7736195059315847,0.0,7.480225988700565
1236,44.7,69.22595852231541,0,182,2.941884521146266,3.8146491644649596,0.0,8.17142857142857
1237,44.0,68.79114930150696,0,179,2.880454080778385,3.7228268049200905,0.0,7.46875
1238,44.7,69.65797393933686,0,179,2.9047972232234036,3.75431877710665,0.0,7.65625
1239,43.4,67.21144082503943,0,169,2.8263945496758227,3.6554013335552793,0.0,7.612903225806452
1240,42.2,65.20190862918729,0,163,2.92000420320885,3.7773645205965756,0.0,7.866666666666666
1241,42.4,65.98349962090691,0,163,2.9694709018576755,3.8445137686593003,0.0,8.107142857142858
1242,42.1,65.15528459849678,0,159,2.8869481865615474,3.72718122650619,0.0,7.29559748427673
1243,41.4,65.48825170296664,0,161,2.9159502800372366,3.7670950950621367,0.0,7.608108108108108
1244,41.0,64.88280032318102,0,162,2.914847623879587,3.768606225146218,0.0,7.780821917808219
1245,40.7,64.38780077692427,0,161,2.8763373622069275,3.721747649914599,0.0,7.72972972972973
1246,41.0,64.10754852416194,0,165,2.7218010487165416,3.515669023082783,0.0,6.973333333333334
1247,41.4,63.69231595028643,0,158,2.6264931583520625,3.3937209968607163,0.0,6.726027397260274
1248,40.8,63.086888935463875,0,160,2.6019753876796132,3.3691991729510624,0.0,6.985915492957746
1249,40.1,61.641346153012876,0,159,2.6947291422943476,3.48616954798037,0.0,7.108108108108108
1250,38.8,60.23620173948553,0,158,2.7654993754037234,3.5863086572697145,0.0,7.411764705882353
1251,39.1,60.83392693774311,0,157,2.7686498390100285,3.5894727619936435,0.0,7.343283582089552
1252,40.4,63.28103103528647,0,161,2.769024596139826,3.6034238079860663,0.0,7.619047619047619
1253,42.2,67.14627482014339,0,171,2.8057589959441613,3.6357055710136494,0.0,7.671875
1254,41.8,68.30780010771504,0,181,2.7635210516288815,3.5808192664387644,0.0,7.551724137931035
1255,39.9,64.48505425462727,0,171,2.808003356395684,3.667934284773882,0.0,8.277777777777779
1256,40.4,65.65600590281983,0,172,2.7330848110914556,3.5491053580424454,0.0,7.7272727272727275
1257,39.0,62.9885351119992,0,160,2.751899707996406,3.5738404111598174,0.0,7.849056603773585
1258,38.4,62.70601601476883,0,157,2.7652464839909374,3.5973676806395187,0.0,8.02
1259,36.4,58.808918446855394,0,150,2.7578159879336352,3.563832494561895,0.0,7.269230769230769
1260,36.4,59.585978962243196,0,153,2.7366586303621205,3.533805029729643,0.0,7.020408163265306
1261,35.1,57.44649684706632,0,150,2.8931569767441863,3.7392565304992815,0.0,7.583333333333333
1262,34.5,56.27363700901357,0,141,2.947445350772862,3.8076425845294284,0.0,7.6875
1263,35.3,57.21703320593343,0,144,2.8955704337842563,3.7477059813234193,0.0,7.730769230769231
1264,36.1,59.506208826381204,0,148,2.945195689412621,3.819036930397954,0.0,8.1875
1265,36.3,60.58978645136672,0,148,2.996058558558558,3.8906834376325996,0.0,8.541666666666666
1266,36.0,60.45016312816883,0,148,2.6517647784771072,3.4355992184075252,0.0,7.128378378378378
1267,37.0,62.50688850927641,0,155,2.646507902143321,3.42494603759786,0.0,7.181208053691275
1268,36.0,60.70877659412645,0,151,2.7691966411288576,3.5864054599737187,0.0,7.243055555555555
1269,35.6,60.42479255699233,0,155,2.8687791819601527,3.718505738237964,0.0,7.723404255319149
1270,34.0,57.88110418972864,0,150,2.8250909380474596,3.671044590243908,0.0,7.684615384615385
1271,34.3,57.673506338121435,0,150,2.7565562015503877,3.5703770034272195,0.0,7.5625
1272,35.3,60.02601287960264,0,156,2.9134088193256638,3.774011146492417,0.0,8.061224489795919
1273,34.0,58.55102238409012,0,153,2.913795191736368,3.7715111171292386,0.0,7.931818181818182
1274,32.9,56.08020050685348,0,140,2.750785880785881,3.554896649463963,0.0,7.0606060606060606
1275,35.0,59.95553908244564,0,150,2.684672745694022,3.4730904829438076,0.0,6.928571428571429
1276,34.0,57.76388721914988,0,142,2.75531345804457,3.5624692760278927,0.0,7.126760563380282
1277,34.1,57.73011923308895,0,142,2.7762908534081,3.591073733093342,0.0,7.359154929577465
1278,33.1,55.79217388367894,0,139,2.8405029209714936,3.6694751418116525,0.0,7.309352517985611
1279,33.0,55.67365225630124,0,144,2.894831583552056,3.7384691377496195,0.0,7.362204724409449
1280,34.0,56.858498827254394,0,146,2.719647124102157,3.531637542667358,0.0,7.415384615384616
1281,34.0,57.798500557252055,0,152,2.711986722856217,3.5419585926930965,0.0,7.4609375
1282,34.3,58.52834071342418,0,151,2.6347813261013306,3.4228141537139587,0.0,7.30827067669173
1283,34.1,58.291318202437125,0,150,2.7176340852130325,3.522236424686689,0.0,7.203007518796992
1284,33.7,58.37817324232672,0,155,2.800161850358423,3.6289656853561274,0.0,7.4609375
1285,34.8,60.26202046987066,0,164,2.681375279639155,3.474630718100919,0.0,7.133858267716535
1286,35.6,61.97705668677366,0,167,2.714530637972176,3.527578632695158,0.0,7.542857142857143
1287,34.8,61.50121950010422,0,164,2.8520173522630747,3.707219037717296,0.0,8.033333333333333
1288,34.2,60.09769823656587,0,158,2.958158543194733,3.826329837411871,0.0,7.758620689655173
1289,34.6,60.79510214190321,0,165,2.968167121513239,3.842156877542357,0.0,7.906976744186046
1290,35.1,61.258015348560264,0,170,2.9369798319327733,3.815416906726542,0.0,8.024
1291,36.4,62.13998533776603,0,171,2.7847377836361926,3.624569279813932,0.0,8.124031007751938
1292,36.2,63.30490590081555,0,177,2.7894899401057147,3.633758554796777,0.0,8.21259842519685
1293,35.4,60.67618972875604,0,167,2.7963536662937862,3.627386284350217,0.0,7.904761904761905
1294,37.9,64.8818584471465,0,177,2.6803552580522765,3.465386866458512,0.0,7.182481751824818
1295,37.5,65.50869323142454,0,182,2.689238320159373,3.482947128054723,0.0,7.368421052631579
1296,37.2,63.82232281019619,0,176,2.7019582082082083,3.5147235397247574,0.0,7.757575757575758
1297,37.9,65.2098322511431,0,179,2.747099153047231,3.556117960759847,0.0,7.411764705882353
1298,39.4,67.48036751530033,0,187,2.7079586511811575,3.497746269820701,0.0,7.021739130434782
1299,38.7,65.81970323036509,0,183,2.614584216064818,3.3821772061994415,0.0,6.814207650273224
1300,39.0,67.01906859659836,0,186,2.7179483132767808,3.5166223237461067,0.0,7.087591240875913
1301,39.1,68.2519027003806,0,194,2.760740731359288,3.594343460863843,0.0,7.621621621621622
1302,39.6,68.06891932282882,0,187,2.743214373137219,3.5748774158651404,0.0,7.685714285714286
1303,40.6,69.61513245456527,0,187,2.758831992464826,3.6041648643719695,0.0,8.08108108108108
1304,39.1,68.2372495212272,0,183,2.751313246359655,3.600448614953893,0.0,7.935483870967742
1305,39.7,68.28054871874811,0,185,2.698958133697759,3.5523666260389763,0.0,7.823529411764706
1306,39.6,68.06891932282882,0,187,2.7378067199991394,3.578246985793712,0.0,7.857142857142857
1307,39.4,66.98125774340826,0,181,2.7432500161545668,3.5623682181124954,0.0,7.578947368421052
1308,38.2,64.08640001331536,0,176,2.8668995929443692,3.72842686263257,0.0,8.15
1309,38.3,65.4319833448784,0,178,2.8573437878910353,3.695292688358969,0.0,7.666666666666667
1310,37.5,64.21707976335682,0,175,2.773595238095238,3.5831177296432912,0.0,7.194285714285714
1311,37.4,64.44842899559305,0,178,2.8161726620948753,3.638202296784295,0.0,7.2631578947368425
1312,36.7,62.80136233483403,0,174,2.729134923817161,3.5405525694429563,0.0,7.534883720930233
1313,36.5,62.49133273236111,0,176,2.838071416249784,3.683077230195675,0.0,7.911290322580645
1314,35.3,60.4318716499093,0,172,2.7286631706946345,3.563838306680807,0.0,7.888888888888889
1315,35.5,60.12810398548161,0,169,2.684328735932243,3.4977184694293486,0.0,7.591666666666667
1316,34.8,59.43399700508119,0,168,2.7254223554223556,3.5400216769829793,0.0,7.6581196581196584
1317,34.9,59.42773389214462,0,164,2.7100532896085263,3.5052218744490875,0.0,7.170731707317073
1318,33.5,57.49251158967478,0,155,2.667301734437441,3.4619421791664213,0.0,7.074074074074074
1319,33.1,56.44751741416288,0,155,2.6367783592387197,3.4231512274293414,0.0,7.313559322033898
1320,32.2,54.79416027278819,0,150,2.659953886693017,3.4449700282971194,0.0,7.233333333333333
1321,32.1,53.674844097480985,0,146,2.7322748538011696,3.537217443157328,0.0,7.5
1322,32.4,54.338854525202414,0,154,2.783224818875266,3.5996672799684504,0.0,7.461038961038961
1323,31.7,52.69840815643507,0,143,2.908375501310284,3.7572694457476294,0.0,7.5174825174825175
1324,33.0,54.51197625802568,0,151,2.850503604145988,3.6827955627169797,0.0,7.357615894039735
1325,33.2,53.25369053460573,0,146,2.7131186150951314,3.512473701985906,0.0,7.171232876712328
1326,33.5,54.26529482295496,0,152,2.6709797513523936,3.4612641498358947,0.0,7.138888888888889
1327,33.3,54.638305651296,0,154,2.6323980367458626,3.428349289263457,0.0,7.108695652173913
1328,33.3,54.82304868088482,0,155,2.7198619954950978,3.5499482087564385,0.0,7.588785046728972
1329,32.7,54.26079001759312,0,157,2.7185814220857147,3.559838934269162,0.0,7.673913043478261
1330,33.1,55.78221540558922,0,163,2.780627610776603,3.633285732140274,0.0,8.0
1331,34.4,58.47734604100976,0,173,2.825472572546272,3.6898862285487652,0.0,8.3125
1332,33.7,56.64715350306668,0,166,2.8421663928441037,3.7332139500028414,0.0,8.604166666666666
1333,33.5,56.72790808372503,0,167,2.852426712679344,3.7435938241135083,0.0,8.826086956521738
1334,33.9,57.5044925781166,0,169,2.8780728496698393,3.7742719086697036,0.0,8.804347826086957
1335,34.4,57.542641193775204,0,167,2.8017017503454626,3.6771142583101386,0.0,8.625
1336,34.0,57.33720917131872,0,167,2.7914290771208394,3.6355543271941766,0.0,7.977777777777778
1337,33.6,57.03059607692076,0,169,2.8194223687523605,3.6525951613749057,0.0,7.787234042553192
1338,34.8,59.62065264840886,0,179,2.7562546667386356,3.610736671642998,0.0,8.304347826086957
1339,37.7,64.6615977394792,0,193,2.707086848233672,3.53625759323459,0.0,8.020833333333334
1340,38.4,65.69660907873742,0,194,2.6479755682950126,3.507448229642699,0.0,8.326530612244898
1341,37.5,64.90377492873584,0,193,2.675358640787564,3.552444049355031,0.0,8.630434782608695
1342,36.9,64.77216480351211,0,195,2.7207330367676503,3.548564085514115,0.0,8.021739130434783
1343,36.1,62.22441464391431,0,183,2.7998700927283737,3.6304727331128843,0.0,7.82
1344,36.9,64.33842812296034,0,191,2.817929525580355,3.641843912018859,0.0,7.364485981308412
1345,36.4,63.20724290423966,0,187,2.8571704839740355,3.6893014503790442,0.0,7.2745098039215685
1346,36.4,62.911224930231825,0,187,2.8772504456327987,3.7158160130925975,0.0,7.375
1347,36.7,64.0590873074747,0,190,2.8923111297838213,3.7362596415953298,0.0,7.4245283018867925
1348,36.7,64.11283456185318,0,189,2.8544711319583365,3.6909006429438036,0.0,7.44
1349,37.1,65.16381067910487,0,190,2.85579955636217,3.693523437187182,0.0,7.5777777777777775
1350,35.9,64.04416878651448,0,191,2.7550280747084273,3.5660215777081827,0.0,7.545454545454546
1351,36.7,65.91416977993258,0,195,2.7226272879214055,3.5269017350138725,0.0,7.5
1352,34.7,63.749596948616954,0,190,2.686112976616298,3.486562946016855,0.0,7.428571428571429
1353,34.3,63.40180509172344,0,189,2.726158126209225,3.5275366112000466,0.0,7.2631578947368425
1354,34.1,63.67181480058504,0,189,2.8277513227513227,3.6579023661181322,0.0,7.542857142857143
1355,35.2,64.971446719993,0,190,2.755949009092931,3.5594236110266757,0.0,7.106194690265487
1356,34.5,63.388134185788715,0,186,2.7819932711328486,3.6046960781579047,0.0,7.315789473684211
1357,34.8,63.35753923392051,0,184,2.8691760144434246,3.711393051874283,0.0,7.5
1358,33.7,61.822415927486304,0,183,2.8418959046418064,3.7078847239509143,0.0,7.771428571428571
1359,32.3,59.32218996482027,0,174,2.8710883072680025,3.7272233682822122,0.0,7.9375
1360,30.5,55.98859010746941,0,163,2.955573565408688,3.8712487280644594,0.0,8.65625
1361,28.9,53.37383878518264,0,157,3.018272758677525,3.957669006277137,0.0,8.96774193548387
1362,29.0,54.626001134990645,0,162,3.1322094508301404,4.110929548346635,0.0,9.551724137931034
1363,28.6,55.26743063404421,0,167,3.0846384374108924,4.02094850973728,0.0,8.76
1364,28.2,54.948056279443485,0,167,3.109609484734235,4.0499016123612135,0.0,8.958333333333334
1365,27.5,53.76130372096437,0,165,3.1636969696969697,4.12203301836229,0.0,9.16
1366,27.2,53.73970185584914,0,165,3.1850896805896807,4.162685747564742,0.0,9.52
1367,26.1,50.888658417721686,0,155,3.0154257704456553,3.94372672247264,0.0,8.962962962962964
1368,25.7,51.3918497645514,0,158,3.13147128967162,4.07814597674651,0.0,9.0
1369,24.6,49.58315126016991,0,152,2.9584413459020684,3.828079492972982,0.0,7.833333333333333
1370,24.1,49.64865445194752,0,153,2.8017862448009505,3.6727108872281957,0.0,7.954545454545454
1371,23.3,47.37568527795198,0,144,2.994987562189055,3.918351460280061,0.0,9.05
1372,22.5,46.6172357252837,0,143,3.1365065042484397,4.111328643594396,0.0,9.666666666666666
1373,21.7,45.225484457819185,0,138,3.0270687237026648,3.9279911877184266,0.0,8.5
1374,22.1,45.84866410267588,0,140,2.917222222222222,3.8091025643422904,0.0,8.666666666666666
1375,22.5,46.77665609634314,0,144,3.048432979749277,3.955379546041521,0.0,8.529411764705882
1376,22.9,47.04713948087953,0,144,3.0913194444444447,4.016448536272014,0.0,8.444444444444445
1377,23.1,47.36254966860538,0,146,2.8496988751199397,3.6901816143928095,0.0,7.508196721311475
1378,22.9,47.004609703020975,0,146,2.4433971850067744,3.283167220250676,0.0,7.553571428571429
1379,22.5,45.84333224266219,0,142,2.62352383531961,3.442044867230268,0.0,7.375
1380,22.1,45.887422629251645,0,143,2.7601667986101948,3.5867259601951162,0.0,7.69811320754717
1381,22.1,45.03689845251583,0,140,2.7447244684037138,3.5676429272240395,0.0,7.622641509433962
1382,21.7,44.15389752520911,0,137,2.863703346646467,3.7157608966790865,0.0,8.0
1383,21.9,44.11462342579839,0,137,2.678102954903671,3.560850140868661,0.0,7.679245283018868
1384,21.4,41.51358546039811,0,126,2.7245134965473947,3.553745718577452,0.0,7.37037037037037
1385,21.8,42.74679975026071,0,131,2.754170732173946,3.5620765945377264,0.0,7.285714285714286
1386,23.0,44.92957452131799,0,137,2.677872818947249,3.479654838121161,0.0,7.5
1387,24.0,46.70950414827563,0,143,2.2707246851509146,3.0532104478788815,0.0,7.2027972027972025
1388,23.5,44.43784673251194,0,134,2.4017169621647234,3.152424580343667,0.0,6.962686567164179
1389,23.7,44.123689782247354,0,133,2.4733645159410154,3.226702748226129,0.0,6.977443609022556
1390,23.2,42.809137134754565,0,129,2.5837317259682426,3.3606990292344885,0.0,7.093023255813954
1391,23.7,43.94706411632573,0,133,2.7787535820683784,3.6309364390669665,0.0,8.0
1392,23.1,41.96943332156551,0,126,2.3785091344713987,3.126162712650393,0.0,6.873015873015873
1393,23.0,41.89139397166068,0,126,2.547074481074481,3.3064385469454565,0.0,6.849206349206349
1394,23.2,41.656798831509946,0,124,2.6831839904420547,3.4713903745279446,0.0,7.07258064516129
1395,23.6,42.37452064625628,0,126,2.776532016315298,3.5983525533544856,0.0,7.5
1396,24.0,43.58134157335377,0,130,2.3960593792172737,3.2061328928926796,0.0,7.223076923076923
1397,24.2,42.0391352062443,0,120,2.5042399267399267,3.2760608918612606,0.0,7.133333333333334
1398,24.2,42.33936964838072,0,122,2.5641491022638565,3.3262568747566656,0.0,7.081967213114754
1399,25.3,44.65932775530276,0,130,2.5954506322302935,3.372743634761993,0.0,7.0
1400,25.6,44.60742339815451,0,129,2.3667105493074088,3.157767632984569,0.0,7.217054263565892
1401,26.0,45.81363212940979,0,134,2.473226956552134,3.2364277490182913,0.0,7.067164179104478
1402,25.1,44.19514804943085,0,130,2.4650766575960708,3.296358353459187,0.0,7.213114754098361
1403,25.3,44.397322241574685,0,130,2.684429945054945,3.528638746870323,0.0,7.46875
1404,24.8,43.147807978312564,0,125,2.7976902356902356,3.6335228864660825,0.0,7.5606060606060606
1405,23.9,41.84481914035343,0,121,2.5676828340999465,3.4483415175429406,0.0,7.568627450980392
1406,23.4,40.89335724377086,0,117,2.5758145866093303,3.378077602008204,0.0,7.446808510638298
1407,22.2,38.94383420032268,0,111,2.664627634030619,3.451128304821214,0.0,7.1441441441441444
1408,22.0,37.88579329159327,0,107,2.7629822032213163,3.580905985978546,0.0,7.542056074766355
1409,22.0,37.28866375246563,0,104,2.619615384615385,3.436789961467414,0.0,7.6826923076923075
1410,20.7,35.49976525743985,0,101,2.754667373517013,3.587318576065524,0.0,7.772277227722772
1411,20.1,34.89492162988127,0,101,2.8722802280228024,3.7272818092412603,0.0,8.018181818181818
1412,20.7,36.15107190665306,0,105,2.9391478696741857,3.819342081027279,0.0,8.333333333333334
1413,20.6,36.45453789767926,0,106,2.8395624593363697,3.675035720944325,0.0,7.5
1414,21.8,38.6862019617101,0,113,2.746597379433354,3.6063226291863613,0.0,8.5
1415,21.5,38.747759791875566,0,113,2.5593139945980368,3.3123878675423644,0.0,6.938053097345133
1416,20.9,37.18855857503607,0,107,2.708262795389717,3.50012464262818,0.0,7.02803738317757
1417,20.9,37.05686321197614,0,106,2.881317529430737,3.737017283841899,0.0,8.0
1418,21.2,36.94680861274309,0,103,3.009222770825013,3.927600743852319,0.0,9.0
1419,20.7,36.27993017266341,0,100,3.063337250293772,4.05995749530862,0.0,10.0
1420,20.8,36.976869646968346,0,106,2.687323113207547,3.5012644632640035,0.0,7.216981132075472
1421,20.4,36.63392477532873,0,106,2.9006462353657225,3.757928300106005,0.0,7.661290322580645
1422,20.5,37.11618395135889,0,108,2.98381394591072,3.856066928363156,0.0,7.870967741935484
1423,20.3,37.33348214256058,0,110,3.0530791788856306,3.957055475473418,0.0,8.5
1424,19.5,35.864714940701504,0,104,2.6399698873766146,3.5560687161160605,0.0,7.758620689655173
1425,19.3,35.84860139841194,0,105,2.644136400322841,3.4757248452663547,0.0,7.464285714285714
1426,19.4,36.661211715441766,0,109,2.682257631847202,3.475964751180578,0.0,7.245614035087719
1427,20.0,37.821216855680944,0,112,2.7582738095238097,3.562553726836251,0.0,7.0
1428,20.5,39.11024304592227,0,117,2.5335470085470084,3.394818532553724,0.0,7.423076923076923
1429,20.0,38.58612300930075,0,116,2.6660919540229884,3.501573735995963,0.0,7.327586206896552
1430,18.9,36.31176729993246,0,109,2.7974058091888168,3.6345970601700097,0.0,7.565217391304348
1431,18.2,36.04256742612361,0,110,2.973,3.843430325460144,0.0,7.75
1432,18.0,34.003267816817576,0,102,2.769683257918552,3.6348331626022192,0.0,7.961538461538462
1433,18.5,34.02368456106879,0,100,2.6847368421052633,3.549515183084998,0.0,7.614035087719298
1434,18.7,34.98269413422712,0,103,2.5275592786131207,3.50490762491545,0.0,7.568965517241379
1435,18.6,34.811237010801875,0,104,2.6460028490028487,3.579608312315307,0.0,8.25925925925926
1436,18.5,34.590461112855955,0,102,2.761791627406111,3.6447377358305135,0.0,7.794117647058823
1437,18.0,32.8870119584549,0,95,2.882186932849365,3.7556948805335564,0.0,7.968421052631579
1438,19.1,34.517145498046816,0,99,2.711756854256854,3.6502856644653363,0.0,8.041666666666666
1439,18.9,34.6135811496008,0,101,2.7893212799540823,3.676540543282826,0.0,8.26086956521739
1440,18.5,32.493589111289836,0,91,2.6885678837291738,3.55522346369063,0.0,7.607142857142857
1441,18.6,31.53904106200934,0,86,2.621032831737346,3.4027932648756796,0.0,7.088235294117647
1442,18.2,30.334432214527727,0,81,2.7099929164136816,3.499423861656901,0.0,6.967213114754099
1443,17.5,29.07175031996984,0,76,2.8804572907679034,3.7311763563882216,0.0,7.75
1444,16.7,27.912760920808644,0,71,2.92145918521884,3.8209505939499495,0.0,8.75
1445,16.4,27.953135383669892,0,73,2.9693737769080233,3.8769494393536923,0.0,8.666666666666666
1446,16.9,29.35775498531483,0,78,2.572539288668321,3.386899856353525,0.0,7.661290322580645
1447,17.0,29.458068127047603,0,79,2.706156187314104,3.5061695184823143,0.0,7.344262295081967
1448,17.5,30.52958492275248,0,76,2.7622873733629847,3.5787141077337035,0.0,7.333333333333333
1449,17.8,30.78527786675529,0,76,2.8854044834307992,3.7508868587149085,0.0,8.333333333333334
1450,17.0,29.514591494904874,0,72,2.460757418909593,3.286228977976429,0.0,7.057971014492754
1451,17.1,29.707649594749906,0,71,2.584255533199195,3.3867646170570227,0.0,7.321428571428571
1452,17.7,30.445032435522222,0,73,2.673368070899003,3.4661039092591697,0.0,7.236111111111111
1453,17.6,29.956264416274898,0,72,2.8075685425685424,3.62713179990449,0.0,7.305555555555555
1454,17.5,29.762952362514934,0,72,2.9124945103205975,3.7704976408799227,0.0,8.0
1455,17.4,29.556725123057863,0,71,2.116810865191147,3.4180721595939834,0.0,7.685714285714286
1456,17.0,29.333333333333332,0,72,2.142523270743059,3.460774664389892,0.0,7.806451612903226
1457,16.8,28.935944582627485,0,71,2.266534495339584,3.6656033665141527,0.0,8.161290322580646
1458,17.4,30.18167214276461,0,76,2.1984643843600336,3.5599695837495084,0.0,8.225806451612904
1459,17.2,30.49881600616289,0,83,2.1224664173937127,3.4368805154694795,0.0,7.896551724137931
1460,16.4,29.62806477349174,0,83,2.0708855000421265,3.3483978580712166,0.0,7.461538461538462
1461,16.1,29.09543683199213,0,81,2.159465768799102,3.505612375926457,0.0,8.04
1462,16.4,29.643061770186815,0,82,2.1845699614890886,3.5409291001867023,0.0,8.2
1463,16.3,29.492183521890826,0,82,2.300836236933798,3.757087923410167,0.0,9.2
1464,16.9,30.472027245400728,0,84,2.353650586701434,3.8740023730228903,0.0,9.807692307692308
1465,16.3,29.234872631461517,0,77,2.3199884792626726,3.8375955068559193,0.0,9.875
1466,16.8,30.073243922131184,0,79,2.2171368670886076,3.6515360060047035,0.0,9.24
1467,16.9,30.78762377608538,0,83,2.126925091671032,3.4924803476554724,0.0,8.73913043478261
1468,16.8,30.658694615974042,0,85,2.082133599202393,3.380512823089214,0.0,8.0
1469,16.7,31.191344953368077,0,90,2.0276811594202897,3.2678254119090084,0.0,7.043478260869565
1470,17.3,32.376431757272655,0,93,1.9802809970227109,3.1890872612558887,0.0,6.720430107526882
1471,17.1,31.40576734012755,0,90,1.9956021756021756,3.213405135943309,0.0,6.730769230769231
1472,18.2,34.23059060742793,0,99,2.04898347885636,3.301375742265104,0.0,7.125
1473,17.2,32.60470313722649,0,94,2.098546899162801,3.385478331218121,0.0,7.380952380952381
1474,17.4,33.905751724449345,0,99,2.168633705475811,3.5231792398410877,0.0,8.333333333333334
1475,17.3,33.51964598062853,0,96,2.1026960784313724,3.4396947108194973,0.0,8.235294117647058
1476,16.8,32.22766237601204,0,91,2.207599655246714,3.607595989429309,0.0,8.647058823529411
1477,17.3,33.552777662794014,0,95,2.2454032258064514,3.685592142319953,0.0,9.125
1478,17.1,33.24137314986986,0,96,2.1687985970250168,3.5307016024104145,0.0,8.411764705882353
1479,17.2,33.372643487343545,0,97,2.0050943509977692,3.234772104315965,0.0,6.969072164948454
1480,16.4,32.0492676290045,0,94,2.106672255413607,3.400379658652621,0.0,7.411764705882353
1481,16.0,31.38293945583952,0,92,2.2156563545150503,3.5901012655548517,0.0,7.9375
1482,16.3,31.794653638622957,0,91,2.2175978407557357,3.5855089412603465,0.0,7.846153846153846
1483,16.4,31.263041723059796,0,90,2.1176555023923447,3.4146059753977407,0.0,7.5
1484,16.5,31.31648483182974,0,88,2.09002311248074,3.370322861526256,0.0,7.340909090909091
1485,17.2,32.509144012791914,0,89,2.107640449438202,3.4205824086497416,0.0,8.0
1486,16.5,30.95965116082544,0,84,2.1277777777777778,3.458509733622188,0.0,8.0
1487,15.7,29.09390925186156,0,79,2.1153073092514596,3.429582507090948,0.0,7.578947368421052
1488,15.8,29.58528162598573,0,79,2.147671318425288,3.475256133557088,0.0,7.6835443037974684
1489,15.7,29.940867648676377,0,79,2.0929701627486437,3.377482181736303,0.0,7.518987341772152
1490,15.3,28.944583066420027,0,73,2.2009458577951726,3.5675297469883898,0.0,7.890410958904109
1491,16.1,30.00166662037294,0,80,2.0432738095238094,3.3261709479160335,0.0,7.8375
1492,15.6,28.87213189218974,0,80,1.9646428571428571,3.1703489376756804,0.0,7.05
1493,15.9,29.621501199860436,0,83,1.891660929432014,3.073408496775441,0.0,6.821428571428571
1494,15.7,29.082449843314247,0,83,1.9718636784901846,3.2154451267399926,0.0,7.538461538461538
1495,14.1,25.942029390332763,0,72,1.8708421052631579,3.0341581803430366,0.0,6.84
1496,13.9,25.77013775671368,0,72,1.8589569160997734,2.9944754365757196,0.0,6.36734693877551
1497,14.1,25.77013775671368,0,70,1.9884326200115674,3.201949205560774,0.0,6.714285714285714
1498,14.1,25.8476304523258,0,69,2.0191626409017713,3.26419838970099,0.0,7.444444444444445
1499,14.0,25.556038642776997,0,67,2.060461329715061,3.355163121420276,0.0,8.0
1500,14.0,25.75094388777062,0,70,2.0745054945054946,3.3737410264768264,0.0,8.0
1501,13.1,23.67581982623716,0,64,2.0849780701754383,3.369178106886052,0.0,7.578947368421052
1502,12.7,23.08462691922917,0,63,2.1795376121463077,3.5230745930210965,0.0,8.0
1503,12.4,22.57924317204238,0,61,2.129013458555197,3.431983174459115,0.0,7.434782608695652
1504,12.6,23.061271045244283,0,63,2.135931474038891,3.4431574206544657,0.0,7.411764705882353
1505,11.9,22.293247607490677,0,62,2.1816686314435754,3.5232149755522686,0.0,7.8604651162790695
1506,11.7,21.85838257714621,0,62,2.2468548387096776,3.6256677045625634,0.0,8.075
1507,12.1,23.043196151768726,0,65,2.185903398926655,3.5238073510373673,0.0,7.674418604651163
1508,11.9,22.688469905806045,0,63,2.2763708513708516,3.683235556705419,0.0,8.333333333333334
1509,11.4,21.950449248756215,0,60,2.422727272727273,3.9962310067053393,0.0,10.2
1510,11.0,21.2184406171194,0,59,2.2878751550227365,3.7526105068788618,0.0,9.3
1511,10.5,20.511514381493683,0,58,2.1285238959467634,3.4309113750788183,0.0,7.333333333333333
1512,10.5,20.673386004447575,0,58,2.1221374889478337,3.4187150568827716,0.0,7.275862068965517
1513,10.5,20.897899947655556,0,60,1.8965765765765767,3.091486595547768,0.0,7.283333333333333
1514,9.9,19.688970403643648,0,57,2.0231424148606814,3.26475213265106,0.0,7.157894736842105
1515,9.6,19.7439160812191,0,59,1.918547215496368,3.111894373005689,0.0,7.271186440677966
1516,10.1,20.808385062010192,0,62,1.9901785714285716,3.210376949852991,0.0,7.0
1517,9.5,19.63132417563545,0,59,1.8400517658846123,2.9774527025816,0.0,6.627118644067797
1518,9.6,19.878519953848564,0,59,1.8845544013121924,3.052592389849013,0.0,6.870967741935484
1519,9.4,19.32873508535931,0,57,2.076768534238823,3.3540595838511593,0.0,7.548387096774194
1520,9.3,18.915308321274832,0,56,2.1201190476190477,3.459048316933623,0.0,8.433333333333334
1521,9.4,18.62614649715108,0,55,2.0832323232323233,3.39527054222375,0.0,8.0
1522,8.7,17.062304129929878,0,51,2.0663348416289593,3.3426282315329274,0.0,7.294117647058823
1523,8.8,17.02808138210396,0,52,1.921128871128871,3.141683681987076,0.0,7.230769230769231
1524,8.6,17.08280486987492,0,53,1.8635054617676268,3.0815626608363265,0.0,7.2105263157894735
1525,8.8,17.637082147188252,0,55,1.775959595959596,2.944505327090297,0.0,6.781818181818182
1526,8.5,18.01388353465182,0,57,1.7900404858299594,2.9556262893048664,0.0,6.982456140350878
1527,7.8,17.008494609720426,0,54,1.90994708994709,3.1139389120978147,0.0,7.185185185185185
1528,7.6,16.125893601423908,0,51,1.9674178762414058,3.19144230794279,0.0,7.214285714285714
1529,7.9,17.29129517673239,0,55,2.021678321678322,3.3479920401128633,0.0,8.307692307692308
1530,7.8,16.470849671127745,0,52,1.9760955710955712,3.2152415849010008,0.0,7.173076923076923
1531,8.0,17.31409188429407,0,55,1.7688111888111888,2.8919252571492895,0.0,7.072727272727272
1532,7.8,16.988885255431626,0,54,1.8953768453768454,3.061358136615175,0.0,6.615384615384615
1533,7.9,16.481976688357364,0,52,1.914835164835165,3.100266035704678,0.0,7.071428571428571
1534,7.9,17.565433226779362,0,56,1.9193722943722942,3.092812517697909,0.0,6.678571428571429
1535,7.6,16.65466234355347,0,53,1.949714122355632,3.148617857664064,0.0,6.833333333333333
1536,7.7,17.243678390773947,0,55,2.005151515151515,3.262808904416581,0.0,7.833333333333333
1537,7.6,16.65466234355347,0,53,2.166180674671241,3.5500186529383733,0.0,8.833333333333334
1538,8.1,17.342625714310582,0,55,2.0826573426573427,3.3710356724105903,0.0,7.769230769230769
1539,8.0,17.59419096052886,0,56,2.084190809190809,3.3794276546735516,0.0,7.923076923076923
1540,7.4,16.607896381607826,0,53,2.1028130360205832,3.3907303992485387,0.0,7.454545454545454
1541,7.6,16.112107248898266,0,51,1.7562971342383107,2.8645140861798732,0.0,6.9411764705882355
1542,7.6,16.385630561223113,0,52,1.727097902097902,2.833631339090163,0.0,6.9423076923076925
1543,7.3,15.47794129290671,0,49,1.8435374149659864,3.003237215909147,0.0,7.1020408163265305
1544,7.6,16.153431008096494,0,51,1.8147058823529414,2.9709728534342883,0.0,7.313725490196078
1545,8.2,16.897074039936946,0,53,1.7798094709581946,2.8933273920352645,0.0,6.773584905660377
1546,7.4,15.01998668441487,0,47,1.8772695035460991,3.024297013927249,0.0,6.48936170212766
1547,7.6,15.370968306084906,0,48,1.96875,3.1834843683871656,0.0,7.083333333333333
1548,7.6,15.607690412101338,0,49,1.837312925170068,2.9628666234752377,0.0,6.489795918367347
1549,7.6,15.349267083479916,0,48,1.8661538461538463,3.040443245231625,0.0,7.333333333333333
1550,8.0,15.797327481430381,0,49,1.8089435774309723,2.9698144641026456,0.0,7.244897959183674
1551,7.9,15.293063060674855,0,47,1.8362546437014522,2.979908671150531,0.0,7.0212765957446805
1552,7.6,14.982953276603677,0,46,1.920262117744955,3.1093557592004877,0.0,7.173913043478261
1553,7.9,15.905624441966713,0,49,1.975612244897959,3.1836255174742174,0.0,6.85
1554,7.8,16.10244977911401,0,50,2.0367953216374266,3.303692428374272,0.0,7.7368421052631575
1555,8.0,16.26857912254991,0,50,2.012349206349206,3.2436392849494777,0.0,7.06
1556,8.1,16.278479317457418,0,50,1.9421904761904762,3.1313099415601413,0.0,6.761904761904762
1557,8.3,16.200480102625217,0,49,2.027619585383561,3.2681935132395106,0.0,7.086956521739131
1558,8.1,16.421192269611716,0,51,2.136166619757951,3.4431255539564254,0.0,7.454545454545454
1559,8.8,18.304826321674476,0,57,2.1353634085213034,3.462299961397105,0.0,7.9
1560,9.1,18.681244307831555,0,58,2.1586206896551725,3.4985259048317703,0.0,8.090909090909092
1561,9.9,21.392885629469333,0,67,2.158886725791333,3.57321423700611,0.0,9.222222222222221
1562,10.1,21.987117440295197,0,69,1.908695652173913,3.0789137930327857,0.0,6.782608695652174
1563,9.9,22.173307275991903,0,70,1.9652380952380952,3.18307445136977,0.0,7.380952380952381
1564,10.0,21.924111536540465,0,69,2.103381642512077,3.4135631697865563,0.0,8.0
1565,10.0,21.463146709340332,0,67,2.1668117744610282,3.494042579004448,0.0,7.625
1566,10.8,22.783034623742875,0,71,2.1111888111888115,3.402900082787514,0.0,7.384615384615385
1567,10.8,23.841140912296964,0,75,1.9852222222222224,3.2060838963784595,0.0,7.213333333333333
1568,10.9,22.941713585131826,0,71,2.0167002012072435,3.2562164334893824,0.0,7.309859154929577
1569,11.3,23.990970523650493,0,74,2.1591891891891892,3.4792715566335195,0.0,7.391891891891892
1570,11.0,23.729962307410247,0,73,2.172335290280496,3.5096676700924494,0.0,7.857142857142857
1571,10.4,22.39146662855691,0,69,1.9753105590062112,3.2031026768763917,0.0,7.217391304347826
1572,10.3,22.84269880922324,0,70,1.8439162561576352,3.000401013895666,0.0,7.085714285714285
1573,10.8,24.516661001585568,0,76,1.9530075187969924,3.15282667071993,0.0,7.065789473684211
1574,10.6,24.144012370219937,0,75,2.0310740740740743,3.276712362943232,0.0,7.25
1575,10.7,24.440631015676423,0,76,2.240692007797271,3.6240508936432,0.0,8.25
1576,10.8,24.63872291062722,0,77,2.1722177822177824,3.498238240343453,0.0,7.4
1577,10.8,24.78709341572747,0,78,2.2618589743589745,3.653439414183344,0.0,8.208333333333334
1578,10.8,24.548364960262063,0,77,2.3596363636363638,3.8005381475789637,0.0,8.0
1579,10.9,24.812407290618854,0,77,2.419805194805195,3.906437129848066,0.0,8.75
1580,10.8,24.54836496026206,0,75,1.843204301075269,3.171854934707413,0.0,8.093333333333334
1581,10.4,23.99629601047258,0,74,1.9400579150579147,3.2540279021912353,0.0,8.364864864864865
1582,10.7,24.458808910765324,0,75,2.0266666666666664,3.3293976765909012,0.0,8.266666666666667
1583,10.5,24.29105916907609,0,75,2.0835238095238098,3.3777243118456184,0.0,7.906666666666666
1584,9.9,22.951397924019062,0,71,2.198320693391116,3.563306204790346,0.0,8.098591549295774
1585,10.2,23.621082861620796,0,73,2.2855657026889906,3.7066813931991223,0.0,8.5
1586,10.2,23.621082861620796,0,73,2.439294774226281,3.977094234667556,0.0,9.5
1587,9.8,22.04439964153153,0,67,2.4288986103962946,4.045136478759584,0.0,10.5
1588,9.6,21.014280858501916,0,64,1.8944196428571431,3.0751966150668704,0.0,7.265625
1589,10.3,22.647295644292722,0,69,1.9867391304347826,3.2030519277839633,0.0,6.884057971014493
1590,10.6,23.39610603877871,0,72,2.010181992337165,3.244344411281141,0.0,7.137931034482759
1591,10.6,23.27230113246217,0,70,1.9343722943722945,3.118714357033816,0.0,6.828571428571428
1592,11.6,25.57863691963797,0,77,1.9053751803751804,3.095019161499796,0.0,7.333333333333333
1593,11.6,26.1457453517776,0,80,2.0010984848484847,3.2963581835597746,0.0,8.333333333333334
1594,11.2,25.12546295869767,0,76,1.6858359133126934,2.7327141979635305,0.0,6.328947368421052
1595,11.0,24.55379581427053,0,74,1.8644674085850557,3.004908949833676,0.0,6.527027027027027
1596,10.8,24.352960121239196,0,74,2.026858108108108,3.2651654125485066,0.0,7.0
1597,10.3,22.598180851072456,0,68,1.8925245098039216,3.0731549906279128,0.0,6.8125
1598,10.0,21.90383020792888,0,65,1.912097902097902,3.100447826309102,0.0,6.984615384615385
1599,9.4,20.721432811892566,0,62,2.114301075268817,3.4165861234862995,0.0,7.709677419354839
1600,9.6,20.950735866153565,0,62,2.13125,3.43572555211333,0.0,7.5
1601,10.0,21.7511174681006,0,65,1.942099358974359,3.145223040773887,0.0,7.03125
1602,10.2,23.006279336061468,0,70,1.6985714285714288,2.9433845266385648,0.0,7.1
1603,9.9,22.864091205789627,0,70,1.5907142857142857,2.894709479467938,0.0,7.035714285714286
1604,10.4,23.72153264675601,0,72,1.7357078853046595,3.0207658824199517,0.0,7.486111111111111
1605,10.8,25.08563112398986,0,77,1.8778787878787881,3.1621144119609577,0.0,7.545454545454546
1606,10.4,23.72153264675601,0,72,1.9356182795698924,3.172969336145624,0.0,7.291666666666667
1607,10.7,23.85628265724193,0,71,2.041046277665996,3.3028573612018217,0.0,7.267605633802817
1608,10.2,22.175061067183858,0,64,2.069847972972973,3.333500537231511,0.0,7.0
1609,9.9,21.252189429693015,0,60,2.199561403508772,3.5576020207569274,0.0,8.0
1610,9.5,20.694873224491563,0,60,2.3344117647058824,3.795724959742412,0.0,9.0
1611,9.1,20.371276074141473,0,61,2.3565856416054265,3.9047937346285724,0.0,10.0
1612,9.2,20.481970391324932,0,61,2.42896174863388,4.112608506464339,0.0,11.0
1613,9.4,21.04598140580128,0,63,2.5682539682539685,4.373692320375485,0.0,12.0
1614,9.5,21.156821857526502,0,63,2.6337429595494113,4.581542215421524,0.0,13.0
1615,10.1,21.87057891831449,0,64,2.0382589285714285,3.295372319783549,0.0,7.296875
1616,9.2,20.02109998088128,0,58,1.4411180773249739,2.79594794938332,0.0,7.017241379310345
1617,9.3,20.292582114873625,0,59,1.505598356445814,2.722829144432875,0.0,6.813559322033898
1618,9.4,20.293403416436146,0,58,1.6811330049261084,2.908344773757802,0.0,6.982758620689655
1619,8.9,19.347408669437417,0,56,1.9058035714285715,3.215582334651253,0.0,7.59375
1620,9.1,19.891092367076162,0,58,1.9639008620689655,3.2254978027112013,0.0,7.482758620689655
1621,8.9,19.49045350364577,0,57,2.068421052631579,3.3543244874348743,0.0,7.684210526315789
1622,8.8,19.696587408877598,0,59,2.1391646489104117,3.4456213782388865,0.0,7.3559322033898304
1623,8.8,20.6870866860357,0,64,2.1579483695652173,3.490206597305439,0.0,8.0
1624,8.3,19.090719094773657,0,59,1.7097072419106318,2.811144695417284,0.0,6.915254237288136
1625,9.0,20.396078054371138,0,63,1.7013888888888888,2.870797832567325,0.0,7.222222222222222
1626,8.6,19.551641022345585,0,60,1.4608333333333334,2.727670426717664,0.0,6.816666666666666
1627,8.3,18.880030602611733,0,58,1.6640179910044979,2.9553262448160265,0.0,7.260869565217392
1628,8.0,18.208667044996883,0,56,1.7586038961038963,2.9941201415101597,0.0,7.318181818181818
1629,7.7,17.33365384319058,0,53,1.8644939965694682,3.086762273178945,0.0,7.409090909090909
1630,7.7,16.786568705035847,0,50,1.932,3.135193773915737,0.0,7.06
1631,7.3,16.000347218454703,0,48,2.0668478260869567,3.331793171674282,0.0,7.125
1632,7.2,15.404184135775868,0,45,2.214888888888889,3.5707653154851284,0.0,7.688888888888889
1633,7.3,16.179891498056744,0,49,2.286734693877551,3.700394052807114,0.0,8.5
1634,6.7,14.644301128956464,0,43,2.3775530839231545,3.854126559072365,0.0,9.0
1635,6.3,14.016260398392847,0,42,2.427857142857143,3.988333965847049,0.0,10.0
1636,6.9,16.278479317457418,0,50,1.3248421052631578,2.7956140383906107,0.0,6.88
1637,6.9,16.278479317457418,0,50,1.356421052631579,2.8599590059200577,0.0,6.88
1638,6.7,16.1248600338456,0,50,1.4,2.9514591494904874,0.0,7.0
1639,6.6,15.607690412101338,0,48,1.3729166666666666,2.894399958338025,0.0,6.895833333333333
1640,6.5,15.756832733064655,0,49,1.4470663265306123,3.075502725861449,0.0,8.0625
1641,6.3,15.158789163019877,0,47,1.4934840425531914,3.1610129058893266,0.0,8.0625
1642,6.1,14.348441649802176,0,44,1.4720588235294119,3.1038079977488393,0.0,7.470588235294118
1643,5.9,13.763478242556758,0,42,1.6161064425770308,3.4120096513930585,0.0,8.470588235294118
1644,6.2,14.436065946094873,0,44,1.4737373737373738,3.1104157690740375,0.0,7.681818181818182
1645,6.4,15.233005102226036,0,47,1.5339173967459323,3.234092667045604,0.0,7.764705882352941
1646,6.0,14.491376746189438,0,45,1.44,3.0398505486330563,0.0,7.533333333333333
1647,5.7,13.182901383568371,0,40,1.4091176470588236,2.971088565255387,0.0,7.15
1648,5.2,12.795832654944084,0,40,1.365,2.8817481191495937,0.0,7.15
1649,5.2,13.045220495559967,0,41,1.2481152993348115,2.6322038227825972,0.0,6.390243902439025
1650,4.7,11.776152927750973,0,37,1.3227027027027027,2.7953072667756333,0.0,7.027027027027027
1651,4.4,11.117553687749837,0,35,1.4844444444444445,3.1295012027123073,0.0,7.444444444444445
1652,4.7,11.776152927750973,0,37,1.418108108108108,2.989637718929704,0.0,7.1
1653,4.6,11.47170431975999,0,36,1.16,2.4676574586707396,0.0,6.5
1654,5.1,12.99957264254825,0,41,1.2685365853658535,2.676755763199906,0.0,6.585365853658536
1655,5.4,13.922004964164545,0,44,1.3872727272727272,2.9256448199479927,0.0,7.1
1656,5.3,13.888844444373332,0,44,1.4835858585858586,3.1505705695610606,0.0,8.222222222222221
1657,4.9,12.386820953470398,0,39,1.4915384615384615,3.1694101061200337,0.0,8.3
1658,4.9,12.133058604948346,0,38,1.516507177033493,3.2233964505702044,0.0,8.454545454545455
1659,4.9,12.653062870309308,0,40,1.4658333333333333,3.09024862657911,0.0,7.333333333333333
1660,4.6,12.001851708984095,0,38,1.4638157894736843,3.0861072377989114,0.0,7.375
1661,4.2,10.507140429250958,0,33,1.3313131313131312,2.8298889138686913,0.0,7.424242424242424
1662,4.6,11.47170431975999,0,36,1.1816666666666666,2.5361150663228256,0.0,6.916666666666667
1663,4.6,11.47170431975999,0,36,1.2816666666666667,2.712595791105989,0.0,6.916666666666667
1664,4.6,11.47170431975999,0,36,1.326111111111111,2.7985716153816314,0.0,6.9
1665,5.0,12.96148139681572,0,41,1.3308943089430894,2.8239628011237268,0.0,7.333333333333333
1666,4.8,11.830281296552316,0,37,1.2162162162162162,2.5642937877038747,0.0,6.162162162162162
1667,4.9,12.133058604948346,0,38,1.357894736842105,2.864413209503812,0.0,7.0
1668,5.2,13.30663994653296,0,42,1.3366666666666667,2.828446766533023,0.0,7.2
1669,5.0,12.96148139681572,0,41,1.4303523035230352,3.0354026277087,0.0,7.888888888888889
1670,5.1,13.270267518026907,0,42,1.3476190476190477,2.8437118174988507,0.0,7.0
1671,5.2,13.30663994653296,0,42,1.3676190476190477,2.8882371495774968,0.0,7.2
1672,5.3,13.350405736655844,0,42,1.4073593073593074,2.973502183490324,0.0,7.454545454545454
1673,5.3,13.098345951556885,0,41,1.3351626016260163,2.8285927251182037,0.0,7.2682926829268295
1674,5.0,12.192894105447921,0,38,1.3710526315789473,2.9184159112795425,0.0,7.7105263157894735
1675,4.6,11.47170431975999,0,36,1.3505555555555557,2.890149831649341,0.0,7.805555555555555
1676,4.7,11.52822622956368,0,36,1.3646464646464647,2.8975659051479834,0.0,7.555555555555555
1677,4.6,10.996969279457561,0,34,1.3906862745098039,2.960376735786854,0.0,7.823529411764706
1678,4.6,10.996969279457561,0,34,1.3279411764705882,2.8307883440803483,0.0,7.529411764705882
1679,4.5,10.700467279516348,0,33,1.471969696969697,3.1164727551231954,0.0,7.96969696969697
1680,5.0,12.192894105447921,0,38,1.4513157894736843,3.0684710181200643,0.0,7.75
1681,5.2,12.559193180030848,0,39,1.4897435897435898,3.154586112903123,0.0,8.076923076923077
1682,5.4,13.15885844424035,0,41,1.320075046904315,2.782971548171825,0.0,6.615384615384615
1683,5.3,13.098345951556885,0,41,1.363821138211382,2.8751952345864384,0.0,6.833333333333333
1684,4.9,12.133058604948346,0,38,1.3337320574162679,2.8154282726698923,0.0,6.973684210526316
1685,4.8,12.08120670941258,0,38,1.3889473684210525,2.9326642924586905,0.0,7.2894736842105265
1686,4.7,12.037441588643329,0,38,1.45,3.059139312508231,0.0,7.5
1687,4.3,10.812030336620408,0,34,1.6029411764705883,3.379303825986584,0.0,8.029411764705882
1688,4.3,10.812030336620408,0,34,1.6349673202614379,3.4514830850449494,0.0,8.555555555555555
1689,4.7,11.776152927750973,0,37,1.4613513513513514,3.082340517579061,0.0,7.513513513513513
1690,4.9,11.892574714221194,0,37,1.4155405405405406,2.9882172128260605,0.0,7.405405405405405
1691,5.5,13.226656586017663,0,41,1.3301393728222997,2.804182451025268,0.0,6.658536585365853
1692,5.1,12.260596324087269,0,38,1.3947368421052633,2.9403896074156517,0.0,7.0
1693,4.8,11.830281296552316,0,37,1.248157248157248,2.6573213286439836,0.0,7.027027027027027
1694,4.8,12.345039489608771,0,39,1.1393162393162393,2.4406296813094412,0.0,6.615384615384615
1695,4.9,12.653062870309308,0,40,1.2602777777777778,2.6683398975096813,0.0,6.825
1696,5.0,12.692955176439847,0,40,1.2625,2.6826927289158142,0.0,7.025
1697,5.1,12.493998559308386,0,39,1.2679487179487179,2.7022232954641634,0.0,7.17948717948718
1698,5.2,13.045220495559967,0,41,1.405321507760532,2.9839163772563735,0.0,7.780487804878049
1699,4.9,11.892574714221194,0,37,1.407207207207207,2.9717587838160933,0.0,7.405405405405405
1700,4.7,11.294541454466698,0,35,1.2447619047619045,2.657550745276338,0.0,7.114285714285714
1701,5.0,11.962905629950907,0,37,1.352182952182952,2.8830833130390228,0.0,7.675675675675675
1702,4.8,11.370527203647546,0,35,1.5131868131868134,3.2080721173951234,0.0,8.285714285714286
1703,5.1,12.260596324087269,0,38,1.5661943319838056,3.3018353216066854,0.0,7.846153846153846
1704,5.3,12.858633070604528,0,40,1.565,3.3003408914837875,0.0,8.0
1705,5.1,12.740573857649514,0,40,1.514318181818182,3.19457867825925,0.0,7.818181818181818
1706,4.8,11.830281296552316,0,37,1.3904176904176904,2.944354407144965,0.0,7.54054054054054
1707,4.7,11.776152927750973,0,37,1.4678378378378378,3.0945290130349754,0.0,7.378378378378378
1708,4.7,11.776152927750973,0,37,1.4545945945945946,3.082920740496595,0.0,7.945945945945946
1709,4.3,10.812030336620408,0,34,1.515032679738562,3.1945637107267775,0.0,7.705882352941177
1710,4.3,11.076000080253602,0,35,1.5135714285714286,3.2070508524293824,0.0,8.25
1711,4.0,10.154364141151877,0,32,1.615625,3.450545007776952,0.0,9.25
1712,4.4,11.117553687749837,0,35,1.5853968253968254,3.388602419028441,0.0,9.11111111111111
1713,4.0,10.424330514074594,0,33,1.5883116883116883,3.421042336549744,0.0,9.428571428571429
1714,3.7,10.06699778704875,0,32,1.386875,2.9320168240052786,0.0,7.4
1715,3.8,10.379466909881902,0,33,1.5642424242424242,3.3089804621372796,0.0,8.4
1716,3.7,10.371435130523965,0,33,1.612121212121212,3.398770011048294,0.0,8.121212121212121
1717,3.4,9.430447143870397,0,30,1.6866666666666668,3.5658254459677514,0.0,9.0
1718,3.6,10.057611821677925,0,32,1.7875,3.8015210771479357,0.0,10.0
1719,3.8,10.685400216078843,0,34,1.8941176470588235,4.0577151086682,0.0,11.0
1720,3.5,9.15605446321358,0,29,1.5206896551724138,3.211340800520163,0.0,8.0
1721,3.8,10.379466909881902,0,33,1.5727272727272728,3.3585957317391144,0.0,9.0
1722,3.7,10.06699778704875,0,32,1.31125,2.766744790563653,0.0,6.8
1723,3.3,9.117138927438926,0,29,1.160344827586207,2.4503532549651106,0.0,6.103448275862069
1724,3.4,9.430447143870397,0,30,1.2966666666666666,2.7336246457229096,0.0,6.5
1725,3.1,8.491171886141512,0,27,1.4537037037037037,3.0666185807645303,0.0,7.5
1726,3.0,8.48528137423857,0,27,1.262962962962963,2.7024603939872938,0.0,7.296296296296297
1727,2.8,7.857056276579247,0,25,1.3573333333333335,2.869478724114913,0.0,7.24
1728,2.9,8.171087238958268,0,26,1.4448717948717948,3.0464903480429455,0.0,7.333333333333333
1729,2.9,7.8662429264406635,0,25,1.349,2.8534986322836122,0.0,7.24
1730,2.9,7.578478299324564,0,24,1.3091666666666666,2.7822698400699677,0.0,7.291666666666667
1731,2.4,6.310485101972924,0,20,1.415,3.008326408117606,0.0,7.9
1732,2.4,6.310485101972924,0,20,1.545,3.264833669406282,0.0,8.2
1733,2.7,6.9610024820822725,0,22,1.4963636363636363,3.181882250437213,0.0,8.363636363636363
1734,2.6,6.65331997326648,0,21,1.5742857142857143,3.3213512535803655,0.0,8.142857142857142
1735,3.0,7.133644853010899,0,22,1.2920454545454547,2.7714956798612262,0.0,7.545454545454546
1736,2.6,6.397916327472042,0,20,1.0266666666666666,2.3546014839348395,0.0,7.1
1737,2.6,6.397916327472042,0,20,1.1099999999999999,2.63077935220725,0.0,8.1
1738,2.4,5.796550698475775,0,18,1.1055555555555556,2.4394519724573236,0.0,7.055555555555555
1739,2.6,6.397916327472042,0,20,1.19,2.5483981897131645,0.0,6.9
1740,2.7,6.700746227100382,0,21,1.3523809523809525,2.8736033776222643,0.0,7.523809523809524
1741,2.3,5.735852159879995,0,18,1.4977777777777779,3.160528163393729,0.0,7.777777777777778
1742,2.5,6.346477588219924,0,20,1.51,3.1980723360591248,0.0,8.2
1743,2.3,5.4984846397287805,0,17,1.3901960784313725,2.950145366408655,0.0,7.666666666666667
1744,2.2,5.202563470700445,0,16,1.5291666666666666,3.259485800733788,0.0,8.666666666666666
1745,2.2,5.202563470700445,0,16,1.3875,2.9252552120380124,0.0,7.0
1746,2.2,5.202563470700445,0,16,1.5375,3.2446804756229684,0.0,8.0
1747,2.1,4.909175083453431,0,15,1.6933333333333334,3.578702433999104,0.0,9.0
1748,2.0,4.618802153517006,0,14,1.75,3.7360852952433157,0.0,10.0
1749,2.0,4.83045891539648,0,15,1.7066666666666666,3.6637968567331085,0.0,10.0
1750,1.8,4.237399621885521,0,13,1.7846153846153847,3.887605686668394,0.0,11.0
1751,1.7,4.164666186436128,0,13,1.8846153846153846,4.042061887181189,0.0,11.0
1752,1.6,3.864367132317183,0,12,2.0166666666666666,4.346454493799132,0.0,12.0
1753,1.6,4.115013163202924,0,13,1.9384615384615387,4.228950658099365,0.0,12.0
1754,1.4,3.5023801430836525,0,11,1.890909090909091,4.32257617979364,0.0,13.0
1755,1.4,3.272783388968954,0,10,1.69,3.691566966298548,0.0,10.5
1756,1.3,3.198958163736021,0,10,1.5733333333333335,3.324165169493549,0.0,8.333333333333334
1757,1.3,2.9832867780352594,0,9,1.4666666666666668,3.09599502344322,0.0,7.666666666666667
1758,1.3,3.198958163736021,0,10,1.3466666666666667,2.883208089765442,0.0,7.8
1759,1.4,3.5023801430836525,0,11,1.4666666666666668,3.1079348865861496,0.0,8.0
1760,1.3,3.465704994818675,0,11,1.3,2.9832867780352594,0.0,9.0
1761,1.2,3.155242550986462,0,10,1.47,3.291082226596932,0.0,9.7
1762,1.1,2.8460498941515415,0,9,1.6,3.5023801430836525,0.0,10.0
1763,0.9,2.2335820757001272,0,7,1.5571428571428572,3.3035746460730793,0.0,8.571428571428571
1764,0.8,1.9321835661585915,0,6,1.6666666666666665,3.517153731409869,0.0,8.666666666666666
1765,1.1,2.6012817353502227,0,8,1.325,2.8088402114277224,0.0,7.25
1766,0.9,2.2335820757001272,0,7,1.2571428571428571,2.6537100200941888,0.0,6.571428571428571
1767,1.0,2.5385910352879693,0,8,1.3625,2.8737618106663687,0.0,7.0
1768,1.1,2.8460498941515415,0,9,1.3111111111111111,2.8467004942044225,0.0,8.0
1769,1.2,3.155242550986462,0,10,1.45,3.1662280397975127,0.0,9.0
1770,1.1,3.142893217686178,0,10,0.9800000000000001,2.0665591369875354,0.0,5.0
1771,1.3,3.7727090178455764,0,12,1.0833333333333333,2.3003622903070435,0.0,6.0
1772,1.3,3.7727090178455764,0,12,1.2833333333333332,2.7194430257628803,0.0,7.0
1773,1.5,4.089281382128433,0,13,1.0307692307692307,2.2400925124128936,0.0,6.3076923076923075
1774,1.4,4.087922591134904,0,13,0.7076923076923076,1.912552397515239,0.0,6.076923076923077
1775,1.6,4.718756898449704,0,15,0.8133333333333332,1.972101717758287,0.0,6.133333333333334
1776,1.7,5.034326612809745,0,16,0.96875,2.2195567782029517,0.0,6.6875
1777,1.6,4.718756898449704,0,15,1.0733333333333335,2.3527131697806385,0.0,6.733333333333333
1778,1.9,6.008327554319921,0,19,0.6105263157894737,1.930653729365958,0.0,6.105263157894737
1779,1.7,5.375872022286244,0,17,0.5823529411764705,1.841561696215703,0.0,5.823529411764706
1780,1.7,5.375872022286244,0,17,0.6823529411764706,2.157789462232541,0.0,6.823529411764706
1781,1.6,5.059644256269407,0,16,0.8125,2.569350598886808,0.0,8.125
1782,1.6,5.059644256269407,0,16,0.73125,2.3124155389981276,0.0,7.3125
1783,1.4,4.427188724235731,0,14,0.7642857142857143,2.4168836402715472,0.0,7.642857142857143
1784,1.3,4.110960958218892,0,13,0.8461538461538461,2.6757734047578596,0.0,8.461538461538462
1785,0.9,2.8460498941515415,0,9,0.711111111111111,2.2487307805641805,0.0,7.111111111111111
1786,1.2,3.794733192202055,0,12,0.6083333333333333,1.9237189099357639,0.0,6.083333333333333
1787,1.3,4.110960958218892,0,13,0.6538461538461539,2.0676430854947094,0.0,6.538461538461538
1788,1.5,4.743416490252569,0,15,0.6533333333333333,2.066021404643341,0.0,6.533333333333333
1789,1.7,5.375872022286244,0,17,0.6647058823529413,2.101984562347217,0.0,6.647058823529412
1790,1.4,4.427188724235731,0,14,0.6285714285714286,1.987717386391553,0.0,6.285714285714286
1791,1.3,4.110960958218892,0,13,0.6846153846153846,2.1649439365768135,0.0,6.846153846153846
1792,1.1,3.4785054261852175,0,11,0.6545454545454545,2.0698544684738485,0.0,6.545454545454546
1793,1.0,3.1622776601683795,0,10,0.67,2.1187260323128143,0.0,6.7
1794,1.0,3.1622776601683795,0,10,0.61,1.9289893727027112,0.0,6.1
1795,1.0,3.1622776601683795,0,10,0.62,1.9606121493043953,0.0,6.2
1796,0.9,2.8460498941515415,0,9,0.711111111111111,2.2487307805641805,0.0,7.111111111111111
1797,0.9,2.8460498941515415,0,9,0.8111111111111111,2.564958546581019,0.0,8.11111111111111
1798,0.9,2.8460498941515415,0,9,0.7333333333333333,2.3190036174568114,0.0,7.333333333333333
1799,0.7,2.2135943621178655,0,7,0.8,2.5298221281347035,0.0,8.0
1800,0.6,1.8973665961010275,0,6,0.8666666666666666,2.7406406388125952,0.0,8.666666666666666
1801,0.6,1.8973665961010275,0,6,0.7666666666666667,2.4244128727957577,0.0,7.666666666666667
1802,0.5,1.5811388300841898,0,5,0.72,2.2768399153212333,0.0,7.2
1803,0.4,1.2649110640673518,0,4,0.6,1.8973665961010275,0.0,6.0
1804,0.3,0.9486832980505138,0,3,0.7333333333333333,2.3190036174568114,0.0,7.333333333333333
1805,0.2,0.6324555320336759,0,2,0.7,2.2135943621178655,0.0,7.0
1806,0.2,0.6324555320336759,0,2,0.8,2.5298221281347035,0.0,8.0
1807,0.2,0.6324555320336759,0,2,0.9,2.8460498941515415,0.0,9.0
1808,0.3,0.9486832980505138,0,3,0.6666666666666667,2.1081851067789197,0.0,6.666666666666667
1809,0.3,0.9486832980505138,0,3,0.7666666666666667,2.4244128727957577,0.0,7.666666666666667
1810,0.4,1.2649110640673518,0,4,0.65,2.055480479109446,0.0,6.5
1811,0.3,0.9486832980505138,0,3,0.4666666666666667,1.4757295747452437,0.0,4.666666666666667
1812,0.3,0.9486832980505138,0,3,0.5666666666666667,1.7919573407620817,0.0,5.666666666666667
1813,0.3,0.9486832980505138,0,3,0.6666666666666667,2.1081851067789197,0.0,6.666666666666667
1814,0.3,0.9486832980505138,0,3,0.7666666666666667,2.4244128727957577,0.0,7.666666666666667
1815,0.3,0.9486832980505138,0,3,0.8666666666666666,2.7406406388125952,0.0,8.666666666666666
1816,0.5,1.5811388300841898,0,5,0.58,1.8341210428976598,0.0,5.8
1817,0.4,1.2649110640673518,0,4,0.45,1.4230249470757708,0.0,4.5
1818,0.5,1.5811388300841898,0,5,0.44000000000000006,1.391402170474087,0.0,4.4
1819,0.7,2.2135943621178655,0,7,0.38571428571428573,1.219735668922089,0.0,3.857142857142857
1820,0.8,2.5298221281347035,0,8,0.425,1.343968005571561,0.0,4.25
1821,0.7,2.2135943621178655,0,7,0.4142857142857143,1.3100864592126145,0.0,4.142857142857143
1822,0.7,2.2135943621178655,0,7,0.5142857142857143,1.6263142252294525,0.0,5.142857142857143
1823,0.6,1.8973665961010275,0,6,0.5,1.5811388300841898,0.0,5.0
1824,0.6,1.8973665961010275,0,6,0.6,1.8973665961010275,0.0,6.0
1825,0.6,1.8973665961010275,0,6,0.7,2.2135943621178655,0.0,7.0
1826,0.6,1.8973665961010275,0,6,0.8,2.5298221281347035,0.0,8.0
1827,0.8,2.5298221281347035,0,8,0.675,2.1345374206136563,0.0,6.75
1828,0.9,2.8460498941515415,0,9,0.5777777777777777,1.827093759208397,0.0,5.777777777777778
1829,0.6,1.8973665961010275,0,6,0.4166666666666667,1.317615691736825,0.0,4.166666666666667
1830,0.5,1.5811388300841898,0,5,0.42000000000000004,1.3281566172707193,0.0,4.2
1831,0.5,1.5811388300841898,0,5,0.52,1.644384383287557,0.0,5.2
1832,0.4,1.2649110640673518,0,4,0.45,1.4230249470757708,0.0,4.5
1833,0.4,1.2649110640673518,0,4,0.55,1.7392527130926088,0.0,5.5
1834,0.4,1.2649110640673518,0,4,0.65,2.055480479109446,0.0,6.5
1835,0.4,1.2649110640673518,0,4,0.75,2.3717082451262845,0.0,7.5
1836,0.5,1.5811388300841898,0,5,0.6799999999999999,2.1503488089144978,0.0,6.8
1837,0.5,1.5811388300841898,0,5,0.78,2.4665765749313358,0.0,7.8
1838,0.5,1.5811388300841898,0,5,0.8800000000000001,2.782804340948174,0.0,8.8
1839,0.6,1.8973665961010275,0,6,0.8166666666666667,2.5825267558041762,0.0,8.166666666666666
1840,0.6,1.8973665961010275,0,6,0.7,2.2135943621178655,0.0,7.0
1841,0.5,1.5811388300841898,0,5,0.7,2.2135943621178655,0.0,7.0
1842,0.4,1.2649110640673518,0,4,0.625,1.9764235376052373,0.0,6.25
1843,0.4,1.2649110640673518,0,4,0.725,2.292651303622075,0.0,7.25
1844,0.4,1.2649110640673518,0,4,0.825,2.608879069638913,0.0,8.25
1845,0.3,0.9486832980505138,0,3,0.6666666666666667,2.1081851067789197,0.0,6.666666666666667
1846,0.5,1.5811388300841898,0,5,0.45999999999999996,1.4546477236774542,0.0,4.6
1847,0.6,1.8973665961010275,0,6,0.4666666666666667,1.4757295747452437,0.0,4.666666666666667
1848,0.8,2.5298221281347035,0,8,0.425,1.343968005571561,0.0,4.25
1849,0.7,2.2135943621178655,0,7,0.4142857142857143,1.3100864592126145,0.0,4.142857142857143
1850,0.6,1.8973665961010275,0,6,0.4166666666666667,1.317615691736825,0.0,4.166666666666667
1851,0.7,2.2135943621178655,0,7,0.4428571428571429,1.4004372495031394,0.0,4.428571428571429
1852,0.7,2.2135943621178655,0,7,0.5428571428571429,1.7166650155199772,0.0,5.428571428571429
1853,0.5,1.5811388300841898,0,5,0.54,1.7076299364909253,0.0,5.4
1854,0.5,1.5811388300841898,0,5,0.64,2.0238577025077626,0.0,6.4
1855,0.4,1.2649110640673518,0,4,0.825,2.608879069638913,0.0,8.25
1856,0.5,1.5811388300841898,0,5,0.74,2.340085468524601,0.0,7.4
1857,0.4,1.2649110640673518,0,4,0.825,2.608879069638913,0.0,8.25
1858,0.3,0.9486832980505138,0,3,0.8333333333333334,2.63523138347365,0.0,8.333333333333334
1859,0.1,0.31622776601683794,0,1,0.3,0.9486832980505138,0.0,3.0
1860,0.1,0.31622776601683794,0,1,0.4,1.2649110640673518,0.0,4.0
1861,0.1,0.31622776601683794,0,1,0.5,1.5811388300841898,0.0,5.0
1862,0.1,0.31622776601683794,0,1,0.6,1.8973665961010275,0.0,6.0
1863,0.1,0.31622776601683794,0,1,0.7,2.2135943621178655,0.0,7.0
1864,0.2,0.6324555320336759,0,2,0.4,1.2649110640673518,0.0,4.0
1865,0.2,0.6324555320336759,0,2,0.5,1.5811388300841898,0.0,5.0
1866,0.2,0.6324555320336759,0,2,0.6,1.8973665961010275,0.0,6.0
1867,0.1,0.31622776601683794,0,1,0.3,0.9486832980505138,0.0,3.0
1868,0.1,0.31622776601683794,0,1,0.4,1.2649110640673518,0.0,4.0
1869,0.1,0.31622776601683794,0,1,0.5,1.5811388300841898,0.0,5.0
1870,0.1,0.31622776601683794,0,1,0.6,1.8973665961010275,0.0,6.0
1871,0.1,0.31622776601683794,0,1,0.7,2.2135943621178655,0.0,7.0
1872,0.1,0.31622776601683794,0,1,0.8,2.5298221281347035,0.0,8.0
1873,0.1,0.31622776601683794,0,1,0.9,2.8460498941515415,0.0,9.0
1874,0.1,0.31622776601683794,0,1,1.0,3.1622776601683795,0.0,10.0
1875,0.0,0.0,0,0,0.0,0.0,0.0,0.0
1876,0.0,0.0,0,0,0.0,0.0,0.0,0.0
1877,0.0,0.0,0,0,0.0,0.0,0.0,0.0
1878,0.0,0.0,0,0,0.0,0.0,0.0,0.0
1879,0.0,0.0,0,0,0.0,0.0,0.0,0.0
1880,0.0,0.0,0,0,0.0,0.0,0.0,0.0
1881,0.0,0.0,0,0,0.0,0.0,0.0,0.0
1882,0.0,0.0,0,0,0.0,0.0,0.0,0.0
1883,0.0,0.0,0,0,0.0,0.0,0.0,0.0
1884,0.0,0.0,0,0,0.0,0.0,0.0,0.0
1885,0.0,0.0,0,0,0.0,0.0,0.0,0.0
1886,0.0,0.0,0,0,0.0,0.0,0.0,0.0
1887,0.0,0.0,0,0,0.0,0.0,0.0,0.0
1888,0.0,0.0,0,0,0.0,0.0,0.0,0.0
1889,0.0,0.0,0,0,0.0,0.0,0.0,0.0
1890,0.0,0.0,0,0,0.0,0.0,0.0,0.0
1891,0.0,0.0,0,0,0.0,0.0,0.0,0.0
1892,0.0,0.0,0,0,0.0,0.0,0.0,0.0
1893,0.0,0.0,0,0,0.0,0.0,0.0,0.0
1894,0.0,0.0,0,0,0.0,0.0,0.0,0.0
1895,0.0,0.0,0,0,0.0,0.0,0.0,0.0
1896,0.0,0.0,0,0,0.0,0.0,0.0,0.0
1897,0.0,0.0,0,0,0.0,0.0,0.0,0.0
1898,0.0,0.0,0,0,0.0,0.0,0.0,0.0
1899,0.0,0.0,0,0,0.0,0.0,0.0,0.0
1900,0.0,0.0,0,0,0.0,0.0,0.0,0.0
1901,0.0,0.0,0,0,0.0,0.0,0.0,0.0
1902,0.0,0.0,0,0,0.0,0.0,0.0,0.0
1903,0.0,0.0,0,0,0.0,0.0,0.0,0.0
1904,0.0,0.0,0,0,0.0,0.0,0.0,0.0
1905,0.0,0.0,0,0,0.0,0.0,0.0,0.0
1906,0.0,0.0,0,0,0.0,0.0,0.0,0.0
1907,0.0,0.0,0,0,0.0,0.0,0.0,0.0
1908,0.0,0.0,0,0,0.0,0.0,0.0,0.0
1909,0.0,0.0,0,0,0.0,0.0,0.0,0.0
1910,0.0,0.0,0,0,0.0,0.0,0.0,0.0
1911,0.0,0.0,0,0,0.0,0.0,0.0,0.0
1912,0.0,0.0,0,0,0.0,0.0,0.0,0.0
1913,0.0,0.0,0,0,0.0,0.0,0.0,0.0
1914,0.0,0.0,0,0,0.0,0.0,0.0,0.0
1915,0.0,0.0,0,0,0.0,0.0,0.0,0.0
1916,0.0,0.0,0,0,0.0,0.0,0.0,0.0
1917,0.0,0.0,0,0,0.0,0.0,0.0,0.0
1918,0.0,0.0,0,0,0.0,0.0,0.0,0.0
1919,0.0,0.0,0,0,0.0,0.0,0.0,0.0
1920,0.0,0.0,0,0,0.0,0.0,0.0,0.0
1921,0.0,0.0,0,0,0.0,0.0,0.0,0.0
1922,0.0,0.0,0,0,0.0,0.0,0.0,0.0
1923,0.0,0.0,0,0,0.0,0.0,0.0,0.0
1924,0.0,0.0,0,0,0.0,0.0,0.0,0.0
1925,0.0,0.0,0,0,0.0,0.0,0.0,0.0
1926,0.0,0.0,0,0,0.0,0.0,0.0,0.0
1927,0.0,0.0,0,0,0.0,0.0,0.0,0.0
1928,0.0,0.0,0,0,0.0,0.0,0.0,0.0
1929,0.0,0.0,0,0,0.0,0.0,0.0,0.0
1930,0.0,0.0,0,0,0.0,0.0,0.0,0.0
1931,0.0,0.0,0,0,0.0,0.0,0.0,0.0
1932,0.0,0.0,0,0,0.0,0.0,0.0,0.0
1933,0.0,0.0,0,0,0.0,0.0,0.0,0.0
1934,0.0,0.0,0,0,0.0,0.0,0.0,0.0
1935,0.0,0.0,0,0,0.0,0.0,0.0,0.0
1936,0.0,0.0,0,0,0.0,0.0,0.0,0.0
1937,0.0,0.0,0,0,0.0,0.0,0.0,0.0
1938,0.0,0.0,0,0,0.0,0.0,0.0,0.0
1939,0.0,0.0,0,0,0.0,0.0,0.0,0.0
1940,0.0,0.0,0,0,0.0,0.0,0.0,0.0
1941,0.0,0.0,0,0,0.0,0.0,0.0,0.0
1942,0.0,0.0,0,0,0.0,0.0,0.0,0.0
1943,0.0,0.0,0,0,0.0,0.0,0.0,0.0
1944,0.0,0.0,0,0,0.0,0.0,0.0,0.0
1945,0.0,0.0,0,0,0.0,0.0,0.0,0.0
1946,0.0,0.0,0,0,0.0,0.0,0.0,0.0
1947,0.0,0.0,0,0,0.0,0.0,0.0,0.0
1948,0.0,0.0,0,0,0.0,0.0,0.0,0.0
1949,0.0,0.0,0,0,0.0,0.0,0.0,0.0
1950,0.0,0.0,0,0,0.0,0.0,0.0,0.0
1951,0.0,0.0,0,0,0.0,0.0,0.0,0.0
1952,0.0,0.0,0,0,0.0,0.0,0.0,0.0
1953,0.0,0.0,0,0,0.0,0.0,0.0,0.0
1954,0.0,0.0,0,0,0.0,0.0,0.0,0.0
1955,0.0,0.0,0,0,0.0,0.0,0.0,0.0
1956,0.0,0.0,0,0,0.0,0.0,0.0,0.0
1957,0.0,0.0,0,0,0.0,0.0,0.0,0.0
1958,0.0,0.0,0,0,0.0,0.0,0.0,0.0
1959,0.0,0.0,0,0,0.0,0.0,0.0,0.0
1960,0.0,0.0,0,0,0.0,0.0,0.0,0.0
1961,0.0,0.0,0,0,0.0,0.0,0.0,0.0
1962,0.0,0.0,0,0,0.0,0.0,0.0,0.0
1963,0.0,0.0,0,0,0.0,0.0,0.0,0.0
1964,0.0,0.0,0,0,0.0,0.0,0.0,0.0
1965,0.0,0.0,0,0,0.0,0.0,0.0,0.0
1966,0.0,0.0,0,0,0.0,0.0,0.0,0.0
1967,0.0,0.0,0,0,0.0,0.0,0.0,0.0
1968,0.0,0.0,0,0,0.0,0.0,0.0,0.0
1969,0.0,0.0,0,0,0.0,0.0,0.0,0.0
1970,0.0,0.0,0,0,0.0,0.0,0.0,0.0
1971,0.0,0.0,0,0,0.0,0.0,0.0,0.0
1972,0.0,0.0,0,0,0.0,0.0,0.0,0.0
1973,0.0,0.0,0,0,0.0,0.0,0.0,0.0
1974,0.0,0.0,0,0,0.0,0.0,0.0,0.0
1975,0.0,0.0,0,0,0.0,0.0,0.0,0.0
1976,0.0,0.0,0,0,0.0,0.0,0.0,0.0
1977,0.0,0.0,0,0,0.0,0.0,0.0,0.0
1978,0.0,0.0,0,0,0.0,0.0,0.0,0.0
1979,0.0,0.0,0,0,0.0,0.0,0.0,0.0
1980,0.0,0.0,0,0,0.0,0.0,0.0,0.0
1981,0.0,0.0,0,0,0.0,0.0,0.0,0.0
1982,0.0,0.0,0,0,0.0,0.0,0.0,0.0
1983,0.0,0.0,0,0,0.0,0.0,0.0,0.0
1984,0.0,0.0,0,0,0.0,0.0,0.0,0.0
1985,0.0,0.0,0,0,0.0,0.0,0.0,0.0
1986,0.0,0.0,0,0,0.0,0.0,0.0,0.0
1987,0.0,0.0,0,0,0.0,0.0,0.0,0.0
1988,0.0,0.0,0,0,0.0,0.0,0.0,0.0
1989,0.0,0.0,0,0,0.0,0.0,0.0,0.0
1990,0.0,0.0,0,0,0.0,0.0,0.0,0.0
1991,0.0,0.0,0,0,0.0,0.0,0.0,0.0
1992,0.0,0.0,0,0,0.0,0.0,0.0,0.0
1993,0.0,0.0,0,0,0.0,0.0,0.0,0.0
1994,0.0,0.0,0,0,0.0,0.0,0.0,0.0
1995,0.0,0.0,0,0,0.0,0.0,0.0,0.0
1996,0.0,0.0,0,0,0.0,0.0,0.0,0.0
1997,0.0,0.0,0,0,0.0,0.0,0.0,0.0
1998,0.0,0.0,0,0,0.0,0.0,0.0,0.0
1999,0.0,0.0,0,0,0.0,0.0,0.0,0.0
2000,0.0,0.0,0,0,0.0,0.0,0.0,0.0
2001,0.0,0.0,0,0,0.0,0.0,0.0,0.0
2002,0.0,0.0,0,0,0.0,0.0,0.0,0.0
2003,0.0,0.0,0,0,0.0,0.0,0.0,0.0
2004,0.0,0.0,0,0,0.0,0.0,0.0,0.0
2005,0.0,0.0,0,0,0.0,0.0,0.0,0.0
2006,0.0,0.0,0,0,0.0,0.0,0.0,0.0
2007,0.0,0.0,0,0,0.0,0.0,0.0,0.0
2008,0.0,0.0,0,0,0.0,0.0,0.0,0.0
2009,0.0,0.0,0,0,0.0,0.0,0.0,0.0
2010,0.0,0.0,0,0,0.0,0.0,0.0,0.0
2011,0.0,0.0,0,0,0.0,0.0,0.0,0.0
2012,0.0,0.0,0,0,0.0,0.0,0.0,0.0
2013,0.0,0.0,0,0,0.0,0.0,0.0,0.0
2014,0.0,0.0,0,0,0.0,0.0,0.0,0.0
2015,0.0,0.0,0,0,0.0,0.0,0.0,0.0
2016,0.0,0.0,0,0,0.0,0.0,0.0,0.0
2017,0.0,0.0,0,0,0.0,0.0,0.0,0.0
2018,0.0,0.0,0,0,0.0,0.0,0.0,0.0
2019,0.0,0.0,0,0,0.0,0.0,0.0,0.0
2020,0.0,0.0,0,0,0.0,0.0,0.0,0.0
2021,0.0,0.0,0,0,0.0,0.0,0.0,0.0
2022,0.0,0.0,0,0,0.0,0.0,0.0,0.0
2023,0.0,0.0,0,0,0.0,0.0,0.0,0.0
2024,0.0,0.0,0,0,0.0,0.0,0.0,0.0
2025,0.0,0.0,0,0,0.0,0.0,0.0,0.0
2026,0.0,0.0,0,0,0.0,0.0,0.0,0.0
2027,0.0,0.0,0,0,0.0,0.0,0.0,0.0
2028,0.0,0.0,0,0,0.0,0.0,0.0,0.0
2029,0.0,0.0,0,0,0.0,0.0,0.0,0.0
2030,0.0,0.0,0,0,0.0,0.0,0.0,0.0
2031,0.0,0.0,0,0,0.0,0.0,0.0,0.0
2032,0.0,0.0,0,0,0.0,0.0,0.0,0.0
2033,0.0,0.0,0,0,0.0,0.0,0.0,0.0
2034,0.0,0.0,0,0,0.0,0.0,0.0,0.0
2035,0.0,0.0,0,0,0.0,0.0,0.0,0.0
2036,0.0,0.0,0,0,0.0,0.0,0.0,0.0
2037,0.0,0.0,0,0,0.0,0.0,0.0,0.0
2038,0.0,0.0,0,0,0.0,0.0,0.0,0.0
2039,0.0,0.0,0,0,0.0,0.0,0.0,0.0
2040,0.0,0.0,0,0,0.0,0.0,0.0,0.0
2041,0.0,0.0,0,0,0.0,0.0,0.0,0.0
2042,0.0,0.0,0,0,0.0,0.0,0.0,0.0
2043,0.0,0.0,0,0,0.0,0.0,0.0,0.0
2044,0.0,0.0,0,0,0.0,0.0,0.0,0.0
2045,0.0,0.0,0,0,0.0,0.0,0.0,0.0
2046,0.0,0.0,0,0,0.0,0.0,0.0,0.0
2047,0.0,0.0,0,0,0.0,0.0,0.0,0.0
2048,0.0,0.0,0,0,0.0,0.0,0.0,0.0
2049,0.0,0.0,0,0,0.0,0.0,0.0,0.0
2050,0.0,0.0,0,0,0.0,0.0,0.0,0.0
2051,0.0,0.0,0,0,0.0,0.0,0.0,0.0
2052,0.0,0.0,0,0,0.0,0.0,0.0,0.0
2053,0.0,0.0,0,0,0.0,0.0,0.0,0.0
2054,0.0,0.0,0,0,0.0,0.0,0.0,0.0
2055,0.0,0.0,0,0,0.0,0.0,0.0,0.0
2056,0.0,0.0,0,0,0.0,0.0,0.0,0.0
2057,0.0,0.0,0,0,0.0,0.0,0.0,0.0
2058,0.0,0.0,0,0,0.0,0.0,0.0,0.0
2059,0.0,0.0,0,0,0.0,0.0,0.0,0.0
2060,0.0,0.0,0,0,0.0,0.0,0.0,0.0
2061,0.0,0.0,0,0,0.0,0.0,0.0,0.0
2062,0.0,0.0,0,0,0.0,0.0,0.0,0.0
2063,0.0,0.0,0,0,0.0,0.0,0.0,0.0
2064,0.0,0.0,0,0,0.0,0.0,0.0,0.0
2065,0.0,0.0,0,0,0.0,0.0,0.0,0.0
2066,0.0,0.0,0,0,0.0,0.0,0.0,0.0
2067,0.0,0.0,0,0,0.0,0.0,0.0,0.0
2068,0.0,0.0,0,0,0.0,0.0,0.0,0.0
2069,0.0,0.0,0,0,0.0,0.0,0.0,0.0
2070,0.0,0.0,0,0,0.0,0.0,0.0,0.0
2071,0.0,0.0,0,0,0.0,0.0,0.0,0.0
2072,0.0,0.0,0,0,0.0,0.0,0.0,0.0
2073,0.0,0.0,0,0,0.0,0.0,0.0,0.0
2074,0.0,0.0,0,0,0.0,0.0,0.0,0.0
2075,0.0,0.0,0,0,0.0,0.0,0.0,0.0
2076,0.0,0.0,0,0,0.0,0.0,0.0,0.0
2077,0.0,0.0,0,0,0.0,0.0,0.0,0.0
2078,0.0,0.0,0,0,0.0,0.0,0.0,0.0
2079,0.0,0.0,0,0,0.0,0.0,0.0,0.0
2080,0.0,0.0,0,0,0.0,0.0,0.0,0.0
2081,0.0,0.0,0,0,0.0,0.0,0.0,0.0
2082,0.0,0.0,0,0,0.0,0.0,0.0,0.0
2083,0.0,0.0,0,0,0.0,0.0,0.0,0.0
2084,0.0,0.0,0,0,0.0,0.0,0.0,0.0
2085,0.0,0.0,0,0,0.0,0.0,0.0,0.0
2086,0.0,0.0,0,0,0.0,0.0,0.0,0.0
2087,0.0,0.0,0,0,0.0,0.0,0.0,0.0
2088,0.0,0.0,0,0,0.0,0.0,0.0,0.0
2089,0.0,0.0,0,0,0.0,0.0,0.0,0.0
2090,0.0,0.0,0,0,0.0,0.0,0.0,0.0
2091,0.0,0.0,0,0,0.0,0.0,0.0,0.0
2092,0.0,0.0,0,0,0.0,0.0,0.0,0.0
2093,0.0,0.0,0,0,0.0,0.0,0.0,0.0
2094,0.0,0.0,0,0,0.0,0.0,0.0,0.0
2095,0.0,0.0,0,0,0.0,0.0,0.0,0.0
2096,0.0,0.0,0,0,0.0,0.0,0.0,0.0
2097,0.0,0.0,0,0,0.0,0.0,0.0,0.0
2098,0.0,0.0,0,0,0.0,0.0,0.0,0.0
2099,0.0,0.0,0,0,0.0,0.0,0.0,0.0
2100,0.0,0.0,0,0,0.0,0.0,0.0,0.0
2101,0.0,0.0,0,0,0.0,0.0,0.0,0.0
2102,0.0,0.0,0,0,0.0,0.0,0.0,0.0
2103,0.0,0.0,0,0,0.0,0.0,0.0,0.0
2104,0.0,0.0,0,0,0.0,0.0,0.0,0.0
2105,0.0,0.0,0,0,0.0,0.0,0.0,0.0
2106,0.0,0.0,0,0,0.0,0.0,0.0,0.0
2107,0.0,0.0,0,0,0.0,0.0,0.0,0.0
2108,0.0,0.0,0,0,0.0,0.0,0.0,0.0
2109,0.0,0.0,0,0,0.0,0.0,0.0,0.0
2110,0.0,0.0,0,0,0.0,0.0,0.0,0.0
2111,0.0,0.0,0,0,0.0,0.0,0.0,0.0
2112,0.0,0.0,0,0,0.0,0.0,0.0,0.0
2113,0.0,0.0,0,0,0.0,0.0,0.0,0.0
2114,0.0,0.0,0,0,0.0,0.0,0.0,0.0
2115,0.0,0.0,0,0,0.0,0.0,0.0,0.0
2116,0.0,0.0,0,0,0.0,0.0,0.0,0.0
2117,0.0,0.0,0,0,0.0,0.0,0.0,0.0
2118,0.0,0.0,0,0,0.0,0.0,0.0,0.0
2119,0.0,0.0,0,0,0.0,0.0,0.0,0.0
2120,0.0,0.0,0,0,0.0,0.0,0.0,0.0
2121,0.0,0.0,0,0,0.0,0.0,0.0,0.0
2122,0.0,0.0,0,0,0.0,0.0,0.0,0.0
2123,0.0,0.0,0,0,0.0,0.0,0.0,0.0
2124,0.0,0.0,0,0,0.0,0.0,0.0,0.0
2125,0.0,0.0,0,0,0.0,0.0,0.0,0.0
2126,0.0,0.0,0,0,0.0,0.0,0.0,0.0
2127,0.0,0.0,0,0,0.0,0.0,0.0,0.0
2128,0.0,0.0,0,0,0.0,0.0,0.0,0.0
2129,0.0,0.0,0,0,0.0,0.0,0.0,0.0
2130,0.0,0.0,0,0,0.0,0.0,0.0,0.0
2131,0.0,0.0,0,0,0.0,0.0,0.0,0.0
2132,0.0,0.0,0,0,0.0,0.0,0.0,0.0
2133,0.0,0.0,0,0,0.0,0.0,0.0,0.0
2134,0.0,0.0,0,0,0.0,0.0,0.0,0.0
2135,0.0,0.0,0,0,0.0,0.0,0.0,0.0
2136,0.0,0.0,0,0,0.0,0.0,0.0,0.0
2137,0.0,0.0,0,0,0.0,0.0,0.0,0.0
2138,0.0,0.0,0,0,0.0,0.0,0.0,0.0
2139,0.0,0.0,0,0,0.0,0.0,0.0,0.0
2140,0.0,0.0,0,0,0.0,0.0,0.0,0.0
2141,0.0,0.0,0,0,0.0,0.0,0.0,0.0
2142,0.0,0.0,0,0,0.0,0.0,0.0,0.0
2143,0.0,0.0,0,0,0.0,0.0,0.0,0.0
2144,0.0,0.0,0,0,0.0,0.0,0.0,0.0
2145,0.0,0.0,0,0,0.0,0.0,0.0,0.0
2146,0.0,0.0,0,0,0.0,0.0,0.0,0.0
2147,0.0,0.0,0,0,0.0,0.0,0.0,0.0
2148,0.0,0.0,0,0,0.0,0.0,0.0,0.0
2149,0.0,0.0,0,0,0.0,0.0,0.0,0.0
2150,0.0,0.0,0,0,0.0,0.0,0.0,0.0
2151,0.0,0.0,0,0,0.0,0.0,0.0,0.0
2152,0.0,0.0,0,0,0.0,0.0,0.0,0.0
2153,0.0,0.0,0,0,0.0,0.0,0.0,0.0
2154,0.0,0.0,0,0,0.0,0.0,0.0,0.0
2155,0.0,0.0,0,0,0.0,0.0,0.0,0.0
2156,0.0,0.0,0,0,0.0,0.0,0.0,0.0
2157,0.0,0.0,0,0,0.0,0.0,0.0,0.0
2158,0.0,0.0,0,0,0.0,0.0,0.0,0.0
2159,0.0,0.0,0,0,0.0,0.0,0.0,0.0
2160,0.0,0.0,0,0,0.0,0.0,0.0,0.0
2161,0.0,0.0,0,0,0.0,0.0,0.0,0.0
2162,0.0,0.0,0,0,0.0,0.0,0.0,0.0
2163,0.0,0.0,0,0,0.0,0.0,0.0,0.0
2164,0.0,0.0,0,0,0.0,0.0,0.0,0.0
2165,0.0,0.0,0,0,0.0,0.0,0.0,0.0
2166,0.0,0.0,0,0,0.0,0.0,0.0,0.0
2167,0.0,0.0,0,0,0.0,0.0,0.0,0.0
2168,0.0,0.0,0,0,0.0,0.0,0.0,0.0
2169,0.0,0.0,0,0,0.0,0.0,0.0,0.0
2170,0.0,0.0,0,0,0.0,0.0,0.0,0.0
2171,0.0,0.0,0,0,0.0,0.0,0.0,0.0
2172,0.0,0.0,0,0,0.0,0.0,0.0,0.0
2173,0.0,0.0,0,0,0.0,0.0,0.0,0.0
2174,0.0,0.0,0,0,0.0,0.0,0.0,0.0
2175,0.0,0.0,0,0,0.0,0.0,0.0,0.0
2176,0.0,0.0,0,0,0.0,0.0,0.0,0.0
2177,0.0,0.0,0,0,0.0,0.0,0.0,0.0
2178,0.0,0.0,0,0,0.0,0.0,0.0,0.0
2179,0.0,0.0,0,0,0.0,0.0,0.0,0.0
2180,0.0,0.0,0,0,0.0,0.0,0.0,0.0
2181,0.0,0.0,0,0,0.0,0.0,0.0,0.0
2182,0.0,0.0,0,0,0.0,0.0,0.0,0.0
2183,0.0,0.0,0,0,0.0,0.0,0.0,0.0
2184,0.0,0.0,0,0,0.0,0.0,0.0,0.0
2185,0.0,0.0,0,0,0.0,0.0,0.0,0.0
2186,0.0,0.0,0,0,0.0,0.0,0.0,0.0
2187,0.0,0.0,0,0,0.0,0.0,0.0,0.0
2188,0.0,0.0,0,0,0.0,0.0,0.0,0.0
2189,0.0,0.0,0,0,0.0,0.0,0.0,0.0
2190,0.0,0.0,0,0,0.0,0.0,0.0,0.0
2191,0.0,0.0,0,0,0.0,0.0,0.0,0.0
2192,0.0,0.0,0,0,0.0,0.0,0.0,0.0
2193,0.0,0.0,0,0,0.0,0.0,0.0,0.0
2194,0.0,0.0,0,0,0.0,0.0,0.0,0.0
2195,0.0,0.0,0,0,0.0,0.0,0.0,0.0
2196,0.0,0.0,0,0,0.0,0.0,0.0,0.0
2197,0.0,0.0,0,0,0.0,0.0,0.0,0.0
2198,0.0,0.0,0,0,0.0,0.0,0.0,0.0
2199,0.0,0.0,0,0,0.0,0.0,0.0,0.0
2200,0.0,0.0,0,0,0.0,0.0,0.0,0.0
2201,0.0,0.0,0,0,0.0,0.0,0.0,0.0
2202,0.0,0.0,0,0,0.0,0.0,0.0,0.0
2203,0.0,0.0,0,0,0.0,0.0,0.0,0.0
2204,0.0,0.0,0,0,0.0,0.0,0.0,0.0
2205,0.0,0.0,0,0,0.0,0.0,0.0,0.0
2206,0.0,0.0,0,0,0.0,0.0,0.0,0.0
2207,0.0,0.0,0,0,0.0,0.0,0.0,0.0
2208,0.0,0.0,0,0,0.0,0.0,0.0,0.0
2209,0.0,0.0,0,0,0.0,0.0,0.0,0.0
2210,0.0,0.0,0,0,0.0,0.0,0.0,0.0
2211,0.0,0.0,0,0,0.0,0.0,0.0,0.0
2212,0.0,0.0,0,0,0.0,0.0,0.0,0.0
2213,0.0,0.0,0,0,0.0,0.0,0.0,0.0
2214,0.0,0.0,0,0,0.0,0.0,0.0,0.0
2215,0.0,0.0,0,0,0.0,0.0,0.0,0.0
2216,0.0,0.0,0,0,0.0,0.0,0.0,0.0
2217,0.0,0.0,0,0,0.0,0.0,0.0,0.0
2218,0.0,0.0,0,0,0.0,0.0,0.0,0.0
2219,0.0,0.0,0,0,0.0,0.0,0.0,0.0
2220,0.0,0.0,0,0,0.0,0.0,0.0,0.0
2221,0.0,0.0,0,0,0.0,0.0,0.0,0.0
2222,0.0,0.0,0,0,0.0,0.0,0.0,0.0
2223,0.0,0.0,0,0,0.0,0.0,0.0,0.0
2224,0.0,0.0,0,0,0.0,0.0,0.0,0.0
2225,0.0,0.0,0,0,0.0,0.0,0.0,0.0
2226,0.0,0.0,0,0,0.0,0.0,0.0,0.0
2227,0.0,0.0,0,0,0.0,0.0,0.0,0.0
2228,0.0,0.0,0,0,0.0,0.0,0.0,0.0
2229,0.0,0.0,0,0,0.0,0.0,0.0,0.0
2230,0.0,0.0,0,0,0.0,0.0,0.0,0.0
2231,0.0,0.0,0,0,0.0,0.0,0.0,0.0
2232,0.0,0.0,0,0,0.0,0.0,0.0,0.0
2233,0.0,0.0,0,0,0.0,0.0,0.0,0.0
2234,0.0,0.0,0,0,0.0,0.0,0.0,0.0
2235,0.0,0.0,0,0,0.0,0.0,0.0,0.0
2236,0.0,0.0,0,0,0.0,0.0,0.0,0.0
2237,0.0,0.0,0,0,0.0,0.0,0.0,0.0
2238,0.0,0.0,0,0,0.0,0.0,0.0,0.0
2239,0.0,0.0,0,0,0.0,0.0,0.0,0.0
2240,0.0,0.0,0,0,0.0,0.0,0.0,0.0
2241,0.0,0.0,0,0,0.0,0.0,0.0,0.0
2242,0.0,0.0,0,0,0.0,0.0,0.0,0.0
2243,0.0,0.0,0,0,0.0,0.0,0.0,0.0
2244,0.0,0.0,0,0,0.0,0.0,0.0,0.0
2245,0.0,0.0,0,0,0.0,0.0,0.0,0.0
2246,0.0,0.0,0,0,0.0,0.0,0.0,0.0
2247,0.0,0.0,0,0,0.0,0.0,0.0,0.0
2248,0.0,0.0,0,0,0.0,0.0,0.0,0.0
2249,0.0,0.0,0,0,0.0,0.0,0.0,0.0
2250,0.0,0.0,0,0,0.0,0.0,0.0,0.0
2251,0.0,0.0,0,0,0.0,0.0,0.0,0.0
2252,0.0,0.0,0,0,0.0,0.0,0.0,0.0
2253,0.0,0.0,0,0,0.0,0.0,0.0,0.0
2254,0.0,0.0,0,0,0.0,0.0,0.0,0.0
2255,0.0,0.0,0,0,0.0,0.0,0.0,0.0
2256,0.0,0.0,0,0,0.0,0.0,0.0,0.0
2257,0.0,0.0,0,0,0.0,0.0,0.0,0.0
2258,0.0,0.0,0,0,0.0,0.0,0.0,0.0
2259,0.0,0.0,0,0,0.0,0.0,0.0,0.0
2260,0.0,0.0,0,0,0.0,0.0,0.0,0.0
2261,0.0,0.0,0,0,0.0,0.0,0.0,0.0
2262,0.0,0.0,0,0,0.0,0.0,0.0,0.0
2263,0.0,0.0,0,0,0.0,0.0,0.0,0.0
2264,0.0,0.0,0,0,0.0,0.0,0.0,0.0
2265,0.0,0.0,0,0,0.0,0.0,0.0,0.0
2266,0.0,0.0,0,0,0.0,0.0,0.0,0.0
2267,0.0,0.0,0,0,0.0,0.0,0.0,0.0
2268,0.0,0.0,0,0,0.0,0.0,0.0,0.0
2269,0.0,0.0,0,0,0.0,0.0,0.0,0.0
2270,0.0,0.0,0,0,0.0,0.0,0.0,0.0
2271,0.0,0.0,0,0,0.0,0.0,0.0,0.0
2272,0.0,0.0,0,0,0.0,0.0,0.0,0.0
2273,0.0,0.0,0,0,0.0,0.0,0.0,0.0
2274,0.0,0.0,0,0,0.0,0.0,0.0,0.0
2275,0.0,0.0,0,0,0.0,0.0,0.0,0.0
2276,0.0,0.0,0,0,0.0,0.0,0.0,0.0
2277,0.0,0.0,0,0,0.0,0.0,0.0,0.0
2278,0.0,0.0,0,0,0.0,0.0,0.0,0.0
2279,0.0,0.0,0,0,0.0,0.0,0.0,0.0
2280,0.0,0.0,0,0,0.0,0.0,0.0,0.0
2281,0.0,0.0,0,0,0.0,0.0,0.0,0.0
2282,0.0,0.0,0,0,0.0,0.0,0.0,0.0
2283,0.0,0.0,0,0,0.0,0.0,0.0,0.0
2284,0.0,0.0,0,0,0.0,0.0,0.0,0.0
2285,0.0,0.0,0,0,0.0,0.0,0.0,0.0
2286,0.0,0.0,0,0,0.0,0.0,0.0,0.0
2287,0.0,0.0,0,0,0.0,0.0,0.0,0.0
2288,0.0,0.0,0,0,0.0,0.0,0.0,0.0
2289,0.0,0.0,0,0,0.0,0.0,0.0,0.0
2290,0.0,0.0,0,0,0.0,0.0,0.0,0.0
2291,0.0,0.0,0,0,0.0,0.0,0.0,0.0
2292,0.0,0.0,0,0,0.0,0.0,0.0,0.0
2293,0.0,0.0,0,0,0.0,0.0,0.0,0.0
2294,0.0,0.0,0,0,0.0,0.0,0.0,0.0
2295,0.0,0.0,0,0,0.0,0.0,0.0,0.0
2296,0.0,0.0,0,0,0.0,0.0,0.0,0.0
2297,0.0,0.0,0,0,0.0,0.0,0.0,0.0
2298,0.0,0.0,0,0,0.0,0.0,0.0,0.0
2299,0.0,0.0,0,0,0.0,0.0,0.0,0.0
2300,0.0,0.0,0,0,0.0,0.0,0.0,0.0
2301,0.0,0.0,0,0,0.0,0.0,0.0,0.0
2302,0.0,0.0,0,0,0.0,0.0,0.0,0.0
2303,0.0,0.0,0,0,0.0,0.0,0.0,0.0
2304,0.0,0.0,0,0,0.0,0.0,0.0,0.0
2305,0.0,0.0,0,0,0.0,0.0,0.0,0.0
2306,0.0,0.0,0,0,0.0,0.0,0.0,0.0
2307,0.0,0.0,0,0,0.0,0.0,0.0,0.0
2308,0.0,0.0,0,0,0.0,0.0,0.0,0.0
2309,0.0,0.0,0,0,0.0,0.0,0.0,0.0
2310,0.0,0.0,0,0,0.0,0.0,0.0,0.0
2311,0.0,0.0,0,0,0.0,0.0,0.0,0.0
2312,0.0,0.0,0,0,0.0,0.0,0.0,0.0
2313,0.0,0.0,0,0,0.0,0.0,0.0,0.0
2314,0.0,0.0,0,0,0.0,0.0,0.0,0.0
2315,0.0,0.0,0,0,0.0,0.0,0.0,0.0
2316,0.0,0.0,0,0,0.0,0.0,0.0,0.0
2317,0.0,0.0,0,0,0.0,0.0,0.0,0.0
2318,0.0,0.0,0,0,0.0,0.0,0.0,0.0
2319,0.0,0.0,0,0,0.0,0.0,0.0,0.0
2320,0.0,0.0,0,0,0.0,0.0,0.0,0.0
2321,0.0,0.0,0,0,0.0,0.0,0.0,0.0
2322,0.0,0.0,0,0,0.0,0.0,0.0,0.0
2323,0.0,0.0,0,0,0.0,0.0,0.0,0.0
2324,0.0,0.0,0,0,0.0,0.0,0.0,0.0
2325,0.0,0.0,0,0,0.0,0.0,0.0,0.0
2326,0.0,0.0,0,0,0.0,0.0,0.0,0.0
2327,0.0,0.0,0,0,0.0,0.0,0.0,0.0
2328,0.0,0.0,0,0,0.0,0.0,0.0,0.0
2329,0.0,0.0,0,0,0.0,0.0,0.0,0.0
2330,0.0,0.0,0,0,0.0,0.0,0.0,0.0
2331,0.0,0.0,0,0,0.0,0.0,0.0,0.0
2332,0.0,0.0,0,0,0.0,0.0,0.0,0.0
2333,0.0,0.0,0,0,0.0,0.0,0.0,0.0
2334,0.0,0.0,0,0,0.0,0.0,0.0,0.0
2335,0.0,0.0,0,0,0.0,0.0,0.0,0.0
2336,0.0,0.0,0,0,0.0,0.0,0.0,0.0
2337,0.0,0.0,0,0,0.0,0.0,0.0,0.0
2338,0.0,0.0,0,0,0.0,0.0,0.0,0.0
2339,0.0,0.0,0,0,0.0,0.0,0.0,0.0
2340,0.0,0.0,0,0,0.0,0.0,0.0,0.0
2341,0.0,0.0,0,0,0.0,0.0,0.0,0.0
2342,0.0,0.0,0,0,0.0,0.0,0.0,0.0
2343,0.0,0.0,0,0,0.0,0.0,0.0,0.0
2344,0.0,0.0,0,0,0.0,0.0,0.0,0.0
2345,0.0,0.0,0,0,0.0,0.0,0.0,0.0
2346,0.0,0.0,0,0,0.0,0.0,0.0,0.0
2347,0.0,0.0,0,0,0.0,0.0,0.0,0.0
2348,0.0,0.0,0,0,0.0,0.0,0.0,0.0
2349,0.0,0.0,0,0,0.0,0.0,0.0,0.0
2350,0.0,0.0,0,0,0.0,0.0,0.0,0.0
2351,0.0,0.0,0,0,0.0,0.0,0.0,0.0
2352,0.0,0.0,0,0,0.0,0.0,0.0,0.0
2353,0.0,0.0,0,0,0.0,0.0,0.0,0.0
2354,0.0,0.0,0,0,0.0,0.0,0.0,0.0
2355,0.0,0.0,0,0,0.0,0.0,0.0,0.0
2356,0.0,0.0,0,0,0.0,0.0,0.0,0.0
2357,0.0,0.0,0,0,0.0,0.0,0.0,0.0
2358,0.0,0.0,0,0,0.0,0.0,0.0,0.0
2359,0.0,0.0,0,0,0.0,0.0,0.0,0.0
2360,0.0,0.0,0,0,0.0,0.0,0.0,0.0
2361,0.0,0.0,0,0,0.0,0.0,0.0,0.0
2362,0.0,0.0,0,0,0.0,0.0,0.0,0.0
2363,0.0,0.0,0,0,0.0,0.0,0.0,0.0
2364,0.0,0.0,0,0,0.0,0.0,0.0,0.0
2365,0.0,0.0,0,0,0.0,0.0,0.0,0.0
2366,0.0,0.0,0,0,0.0,0.0,0.0,0.0
2367,0.0,0.0,0,0,0.0,0.0,0.0,0.0
2368,0.0,0.0,0,0,0.0,0.0,0.0,0.0
2369,0.0,0.0,0,0,0.0,0.0,0.0,0.0
2370,0.0,0.0,0,0,0.0,0.0,0.0,0.0
2371,0.0,0.0,0,0,0.0,0.0,0.0,0.0
2372,0.0,0.0,0,0,0.0,0.0,0.0,0.0
2373,0.0,0.0,0,0,0.0,0.0,0.0,0.0
2374,0.0,0.0,0,0,0.0,0.0,0.0,0.0
2375,0.0,0.0,0,0,0.0,0.0,0.0,0.0
2376,0.0,0.0,0,0,0.0,0.0,0.0,0.0
2377,0.0,0.0,0,0,0.0,0.0,0.0,0.0
2378,0.0,0.0,0,0,0.0,0.0,0.0,0.0
2379,0.0,0.0,0,0,0.0,0.0,0.0,0.0
2380,0.0,0.0,0,0,0.0,0.0,0.0,0.0
2381,0.0,0.0,0,0,0.0,0.0,0.0,0.0
2382,0.0,0.0,0,0,0.0,0.0,0.0,0.0
2383,0.0,0.0,0,0,0.0,0.0,0.0,0.0
2384,0.0,0.0,0,0,0.0,0.0,0.0,0.0
2385,0.0,0.0,0,0,0.0,0.0,0.0,0.0
2386,0.0,0.0,0,0,0.0,0.0,0.0,0.0
2387,0.0,0.0,0,0,0.0,0.0,0.0,0.0
2388,0.0,0.0,0,0,0.0,0.0,0.0,0.0
2389,0.0,0.0,0,0,0.0,0.0,0.0,0.0
2390,0.0,0.0,0,0,0.0,0.0,0.0,0.0
2391,0.0,0.0,0,0,0.0,0.0,0.0,0.0
2392,0.0,0.0,0,0,0.0,0.0,0.0,0.0
2393,0.0,0.0,0,0,0.0,0.0,0.0,0.0
2394,0.0,0.0,0,0,0.0,0.0,0.0,0.0
2395,0.0,0.0,0,0,0.0,0.0,0.0,0.0
2396,0.0,0.0,0,0,0.0,0.0,0.0,0.0
2397,0.0,0.0,0,0,0.0,0.0,0.0,0.0
2398,0.0,0.0,0,0,0.0,0.0,0.0,0.0
2399,0.0,0.0,0,0,0.0,0.0,0.0,0.0
2400,0.0,0.0,0,0,0.0,0.0,0.0,0.0
2401,0.0,0.0,0,0,0.0,0.0,0.0,0.0
2402,0.0,0.0,0,0,0.0,0.0,0.0,0.0
2403,0.0,0.0,0,0,0.0,0.0,0.0,0.0
2404,0.0,0.0,0,0,0.0,0.0,0.0,0.0
2405,0.0,0.0,0,0,0.0,0.0,0.0,0.0
2406,0.0,0.0,0,0,0.0,0.0,0.0,0.0
2407,0.0,0.0,0,0,0.0,0.0,0.0,0.0
2408,0.0,0.0,0,0,0.0,0.0,0.0,0.0
2409,0.0,0.0,0,0,0.0,0.0,0.0,0.0
2410,0.0,0.0,0,0,0.0,0.0,0.0,0.0
2411,0.0,0.0,0,0,0.0,0.0,0.0,0.0
2412,0.0,0.0,0,0,0.0,0.0,0.0,0.0
2413,0.0,0.0,0,0,0.0,0.0,0.0,0.0
2414,0.0,0.0,0,0,0.0,0.0,0.0,0.0
2415,0.0,0.0,0,0,0.0,0.0,0.0,0.0
2416,0.0,0.0,0,0,0.0,0.0,0.0,0.0
2417,0.0,0.0,0,0,0.0,0.0,0.0,0.0
2418,0.0,0.0,0,0,0.0,0.0,0.0,0.0
2419,0.0,0.0,0,0,0.0,0.0,0.0,0.0
2420,0.0,0.0,0,0,0.0,0.0,0.0,0.0
2421,0.0,0.0,0,0,0.0,0.0,0.0,0.0
2422,0.0,0.0,0,0,0.0,0.0,0.0,0.0
2423,0.0,0.0,0,0,0.0,0.0,0.0,0.0
2424,0.0,0.0,0,0,0.0,0.0,0.0,0.0
2425,0.0,0.0,0,0,0.0,0.0,0.0,0.0
2426,0.0,0.0,0,0,0.0,0.0,0.0,0.0
2427,0.0,0.0,0,0,0.0,0.0,0.0,0.0
2428,0.0,0.0,0,0,0.0,0.0,0.0,0.0
2429,0.0,0.0,0,0,0.0,0.0,0.0,0.0
2430,0.0,0.0,0,0,0.0,0.0,0.0,0.0
2431,0.0,0.0,0,0,0.0,0.0,0.0,0.0
2432,0.0,0.0,0,0,0.0,0.0,0.0,0.0
2433,0.0,0.0,0,0,0.0,0.0,0.0,0.0
2434,0.0,0.0,0,0,0.0,0.0,0.0,0.0
2435,0.0,0.0,0,0,0.0,0.0,0.0,0.0
2436,0.0,0.0,0,0,0.0,0.0,0.0,0.0
2437,0.0,0.0,0,0,0.0,0.0,0.0,0.0
2438,0.0,0.0,0,0,0.0,0.0,0.0,0.0
2439,0.0,0.0,0,0,0.0,0.0,0.0,0.0
2440,0.0,0.0,0,0,0.0,0.0,0.0,0.0
2441,0.0,0.0,0,0,0.0,0.0,0.0,0.0
2442,0.0,0.0,0,0,0.0,0.0,0.0,0.0
2443,0.0,0.0,0,0,0.0,0.0,0.0,0.0
2444,0.0,0.0,0,0,0.0,0.0,0.0,0.0
2445,0.0,0.0,0,0,0.0,0.0,0.0,0.0
2446,0.0,0.0,0,0,0.0,0.0,0.0,0.0
2447,0.0,0.0,0,0,0.0,0.0,0.0,0.0
2448,0.0,0.0,0,0,0.0,0.0,0.0,0.0
2449,0.0,0.0,0,0,0.0,0.0,0.0,0.0
2450,0.0,0.0,0,0,0.0,0.0,0.0,0.0
2451,0.0,0.0,0,0,0.0,0.0,0.0,0.0
2452,0.0,0.0,0,0,0.0,0.0,0.0,0.0
2453,0.0,0.0,0,0,0.0,0.0,0.0,0.0
2454,0.0,0.0,0,0,0.0,0.0,0.0,0.0
2455,0.0,0.0,0,0,0.0,0.0,0.0,0.0
2456,0.0,0.0,0,0,0.0,0.0,0.0,0.0
2457,0.0,0.0,0,0,0.0,0.0,0.0,0.0
2458,0.0,0.0,0,0,0.0,0.0,0.0,0.0
2459,0.0,0.0,0,0,0.0,0.0,0.0,0.0
2460,0.0,0.0,0,0,0.0,0.0,0.0,0.0
2461,0.0,0.0,0,0,0.0,0.0,0.0,0.0
2462,0.0,0.0,0,0,0.0,0.0,0.0,0.0
2463,0.0,0.0,0,0,0.0,0.0,0.0,0.0
2464,0.0,0.0,0,0,0.0,0.0,0.0,0.0
2465,0.0,0.0,0,0,0.0,0.0,0.0,0.0
2466,0.0,0.0,0,0,0.0,0.0,0.0,0.0
2467,0.0,0.0,0,0,0.0,0.0,0.0,0.0
2468,0.0,0.0,0,0,0.0,0.0,0.0,0.0
2469,0.0,0.0,0,0,0.0,0.0,0.0,0.0
2470,0.0,0.0,0,0,0.0,0.0,0.0,0.0
2471,0.0,0.0,0,0,0.0,0.0,0.0,0.0
2472,0.0,0.0,0,0,0.0,0.0,0.0,0.0
2473,0.0,0.0,0,0,0.0,0.0,0.0,0.0
2474,0.0,0.0,0,0,0.0,0.0,0.0,0.0
2475,0.0,0.0,0,0,0.0,0.0,0.0,0.0
2476,0.0,0.0,0,0,0.0,0.0,0.0,0.0
2477,0.0,0.0,0,0,0.0,0.0,0.0,0.0
2478,0.0,0.0,0,0,0.0,0.0,0.0,0.0
2479,0.0,0.0,0,0,0.0,0.0,0.0,0.0
2480,0.0,0.0,0,0,0.0,0.0,0.0,0.0
2481,0.0,0.0,0,0,0.0,0.0,0.0,0.0
2482,0.0,0.0,0,0,0.0,0.0,0.0,0.0
2483,0.0,0.0,0,0,0.0,0.0,0.0,0.0
2484,0.0,0.0,0,0,0.0,0.0,0.0,0.0
2485,0.0,0.0,0,0,0.0,0.0,0.0,0.0
2486,0.0,0.0,0,0,0.0,0.0,0.0,0.0
2487,0.0,0.0,0,0,0.0,0.0,0.0,0.0
2488,0.0,0.0,0,0,0.0,0.0,0.0,0.0
2489,0.0,0.0,0,0,0.0,0.0,0.0,0.0
2490,0.0,0.0,0,0,0.0,0.0,0.0,0.0
2491,0.0,0.0,0,0,0.0,0.0,0.0,0.0
2492,0.0,0.0,0,0,0.0,0.0,0.0,0.0
2493,0.0,0.0,0,0,0.0,0.0,0.0,0.0
2494,0.0,0.0,0,0,0.0,0.0,0.0,0.0
2495,0.0,0.0,0,0,0.0,0.0,0.0,0.0
2496,0.0,0.0,0,0,0.0,0.0,0.0,0.0
2497,0.0,0.0,0,0,0.0,0.0,0.0,0.0
2498,0.0,0.0,0,0,0.0,0.0,0.0,0.0
2499,0.0,0.0,0,0,0.0,0.0,0.0,0.0
2500,0.0,0.0,0,0,0.0,0.0,0.0,0.0
2501,0.0,0.0,0,0,0.0,0.0,0.0,0.0
2502,0.0,0.0,0,0,0.0,0.0,0.0,0.0
2503,0.0,0.0,0,0,0.0,0.0,0.0,0.0
2504,0.0,0.0,0,0,0.0,0.0,0.0,0.0
2505,0.0,0.0,0,0,0.0,0.0,0.0,0.0
2506,0.0,0.0,0,0,0.0,0.0,0.0,0.0
2507,0.0,0.0,0,0,0.0,0.0,0.0,0.0
2508,0.0,0.0,0,0,0.0,0.0,0.0,0.0
2509,0.0,0.0,0,0,0.0,0.0,0.0,0.0
2510,0.0,0.0,0,0,0.0,0.0,0.0,0.0
2511,0.0,0.0,0,0,0.0,0.0,0.0,0.0
2512,0.0,0.0,0,0,0.0,0.0,0.0,0.0
2513,0.0,0.0,0,0,0.0,0.0,0.0,0.0
2514,0.0,0.0,0,0,0.0,0.0,0.0,0.0
2515,0.0,0.0,0,0,0.0,0.0,0.0,0.0
2516,0.0,0.0,0,0,0.0,0.0,0.0,0.0
2517,0.0,0.0,0,0,0.0,0.0,0.0,0.0
2518,0.0,0.0,0,0,0.0,0.0,0.0,0.0
2519,0.0,0.0,0,0,0.0,0.0,0.0,0.0
2520,0.0,0.0,0,0,0.0,0.0,0.0,0.0
2521,0.0,0.0,0,0,0.0,0.0,0.0,0.0
2522,0.0,0.0,0,0,0.0,0.0,0.0,0.0
2523,0.0,0.0,0,0,0.0,0.0,0.0,0.0
2524,0.0,0.0,0,0,0.0,0.0,0.0,0.0
2525,0.0,0.0,0,0,0.0,0.0,0.0,0.0
2526,0.0,0.0,0,0,0.0,0.0,0.0,0.0
2527,0.0,0.0,0,0,0.0,0.0,0.0,0.0
2528,0.0,0.0,0,0,0.0,0.0,0.0,0.0
2529,0.0,0.0,0,0,0.0,0.0,0.0,0.0
2530,0.0,0.0,0,0,0.0,0.0,0.0,0.0
2531,0.0,0.0,0,0,0.0,0.0,0.0,0.0
2532,0.0,0.0,0,0,0.0,0.0,0.0,0.0
2533,0.0,0.0,0,0,0.0,0.0,0.0,0.0
2534,0.0,0.0,0,0,0.0,0.0,0.0,0.0
2535,0.0,0.0,0,0,0.0,0.0,0.0,0.0
2536,0.0,0.0,0,0,0.0,0.0,0.0,0.0
2537,0.0,0.0,0,0,0.0,0.0,0.0,0.0
2538,0.0,0.0,0,0,0.0,0.0,0.0,0.0
2539,0.0,0.0,0,0,0.0,0.0,0.0,0.0
2540,0.0,0.0,0,0,0.0,0.0,0.0,0.0
2541,0.0,0.0,0,0,0.0,0.0,0.0,0.0
2542,0.0,0.0,0,0,0.0,0.0,0.0,0.0
2543,0.0,0.0,0,0,0.0,0.0,0.0,0.0
2544,0.0,0.0,0,0,0.0,0.0,0.0,0.0
2545,0.0,0.0,0,0,0.0,0.0,0.0,0.0
2546,0.0,0.0,0,0,0.0,0.0,0.0,0.0
2547,0.0,0.0,0,0,0.0,0.0,0.0,0.0
2548,0.0,0.0,0,0,0.0,0.0,0.0,0.0
2549,0.0,0.0,0,0,0.0,0.0,0.0,0.0
2550,0.0,0.0,0,0,0.0,0.0,0.0,0.0
2551,0.0,0.0,0,0,0.0,0.0,0.0,0.0
2552,0.0,0.0,0,0,0.0,0.0,0.0,0.0
2553,0.0,0.0,0,0,0.0,0.0,0.0,0.0
2554,0.0,0.0,0,0,0.0,0.0,0.0,0.0
2555,0.0,0.0,0,0,0.0,0.0,0.0,0.0
2556,0.0,0.0,0,0,0.0,0.0,0.0,0.0
2557,0.0,0.0,0,0,0.0,0.0,0.0,0.0
2558,0.0,0.0,0,0,0.0,0.0,0.0,0.0
2559,0.0,0.0,0,0,0.0,0.0,0.0,0.0
2560,0.0,0.0,0,0,0.0,0.0,0.0,0.0
2561,0.0,0.0,0,0,0.0,0.0,0.0,0.0
2562,0.0,0.0,0,0,0.0,0.0,0.0,0.0
2563,0.0,0.0,0,0,0.0,0.0,0.0,0.0
2564,0.0,0.0,0,0,0.0,0.0,0.0,0.0
2565,0.0,0.0,0,0,0.0,0.0,0.0,0.0
2566,0.0,0.0,0,0,0.0,0.0,0.0,0.0
2567,0.0,0.0,0,0,0.0,0.0,0.0,0.0
2568,0.0,0.0,0,0,0.0,0.0,0.0,0.0
2569,0.0,0.0,0,0,0.0,0.0,0.0,0.0
2570,0.0,0.0,0,0,0.0,0.0,0.0,0.0
2571,0.0,0.0,0,0,0.0,0.0,0.0,0.0
2572,0.0,0.0,0,0,0.0,0.0,0.0,0.0
2573,0.0,0.0,0,0,0.0,0.0,0.0,0.0
2574,0.0,0.0,0,0,0.0,0.0,0.0,0.0
2575,0.0,0.0,0,0,0.0,0.0,0.0,0.0
2576,0.0,0.0,0,0,0.0,0.0,0.0,0.0
2577,0.0,0.0,0,0,0.0,0.0,0.0,0.0
2578,0.0,0.0,0,0,0.0,0.0,0.0,0.0
2579,0.0,0.0,0,0,0.0,0.0,0.0,0.0
2580,0.0,0.0,0,0,0.0,0.0,0.0,0.0
2581,0.0,0.0,0,0,0.0,0.0,0.0,0.0
2582,0.0,0.0,0,0,0.0,0.0,0.0,0.0
2583,0.0,0.0,0,0,0.0,0.0,0.0,0.0
2584,0.0,0.0,0,0,0.0,0.0,0.0,0.0
2585,0.0,0.0,0,0,0.0,0.0,0.0,0.0
2586,0.0,0.0,0,0,0.0,0.0,0.0,0.0
2587,0.0,0.0,0,0,0.0,0.0,0.0,0.0
2588,0.0,0.0,0,0,0.0,0.0,0.0,0.0
2589,0.0,0.0,0,0,0.0,0.0,0.0,0.0
2590,0.0,0.0,0,0,0.0,0.0,0.0,0.0
2591,0.0,0.0,0,0,0.0,0.0,0.0,0.0
2592,0.0,0.0,0,0,0.0,0.0,0.0,0.0
2593,0.0,0.0,0,0,0.0,0.0,0.0,0.0
2594,0.0,0.0,0,0,0.0,0.0,0.0,0.0
2595,0.0,0.0,0,0,0.0,0.0,0.0,0.0
2596,0.0,0.0,0,0,0.0,0.0,0.0,0.0
2597,0.0,0.0,0,0,0.0,0.0,0.0,0.0
2598,0.0,0.0,0,0,0.0,0.0,0.0,0.0
2599,0.0,0.0,0,0,0.0,0.0,0.0,0.0
2600,0.0,0.0,0,0,0.0,0.0,0.0,0.0
2601,0.0,0.0,0,0,0.0,0.0,0.0,0.0
2602,0.0,0.0,0,0,0.0,0.0,0.0,0.0
2603,0.0,0.0,0,0,0.0,0.0,0.0,0.0
2604,0.0,0.0,0,0,0.0,0.0,0.0,0.0
2605,0.0,0.0,0,0,0.0,0.0,0.0,0.0
2606,0.0,0.0,0,0,0.0,0.0,0.0,0.0
2607,0.0,0.0,0,0,0.0,0.0,0.0,0.0
2608,0.0,0.0,0,0,0.0,0.0,0.0,0.0
2609,0.0,0.0,0,0,0.0,0.0,0.0,0.0
2610,0.0,0.0,0,0,0.0,0.0,0.0,0.0
2611,0.0,0.0,0,0,0.0,0.0,0.0,0.0
2612,0.0,0.0,0,0,0.0,0.0,0.0,0.0
2613,0.0,0.0,0,0,0.0,0.0,0.0,0.0
2614,0.0,0.0,0,0,0.0,0.0,0.0,0.0
2615,0.0,0.0,0,0,0.0,0.0,0.0,0.0
2616,0.0,0.0,0,0,0.0,0.0,0.0,0.0
2617,0.0,0.0,0,0,0.0,0.0,0.0,0.0
2618,0.0,0.0,0,0,0.0,0.0,0.0,0.0
2619,0.0,0.0,0,0,0.0,0.0,0.0,0.0
2620,0.0,0.0,0,0,0.0,0.0,0.0,0.0
2621,0.0,0.0,0,0,0.0,0.0,0.0,0.0
2622,0.0,0.0,0,0,0.0,0.0,0.0,0.0
2623,0.0,0.0,0,0,0.0,0.0,0.0,0.0
2624,0.0,0.0,0,0,0.0,0.0,0.0,0.0
2625,0.0,0.0,0,0,0.0,0.0,0.0,0.0
2626,0.0,0.0,0,0,0.0,0.0,0.0,0.0
2627,0.0,0.0,0,0,0.0,0.0,0.0,0.0
2628,0.0,0.0,0,0,0.0,0.0,0.0,0.0
2629,0.0,0.0,0,0,0.0,0.0,0.0,0.0
2630,0.0,0.0,0,0,0.0,0.0,0.0,0.0
2631,0.0,0.0,0,0,0.0,0.0,0.0,0.0
2632,0.0,0.0,0,0,0.0,0.0,0.0,0.0
2633,0.0,0.0,0,0,0.0,0.0,0.0,0.0
2634,0.0,0.0,0,0,0.0,0.0,0.0,0.0
2635,0.0,0.0,0,0,0.0,0.0,0.0,0.0
2636,0.0,0.0,0,0,0.0,0.0,0.0,0.0
2637,0.0,0.0,0,0,0.0,0.0,0.0,0.0
2638,0.0,0.0,0,0,0.0,0.0,0.0,0.0
2639,0.0,0.0,0,0,0.0,0.0,0.0,0.0
2640,0.0,0.0,0,0,0.0,0.0,0.0,0.0
2641,0.0,0.0,0,0,0.0,0.0,0.0,0.0
2642,0.0,0.0,0,0,0.0,0.0,0.0,0.0
2643,0.0,0.0,0,0,0.0,0.0,0.0,0.0
2644,0.0,0.0,0,0,0.0,0.0,0.0,0.0
2645,0.0,0.0,0,0,0.0,0.0,0.0,0.0
2646,0.0,0.0,0,0,0.0,0.0,0.0,0.0
2647,0.0,0.0,0,0,0.0,0.0,0.0,0.0
2648,0.0,0.0,0,0,0.0,0.0,0.0,0.0
2649,0.0,0.0,0,0,0.0,0.0,0.0,0.0
2650,0.0,0.0,0,0,0.0,0.0,0.0,0.0
2651,0.0,0.0,0,0,0.0,0.0,0.0,0.0
2652,0.0,0.0,0,0,0.0,0.0,0.0,0.0
2653,0.0,0.0,0,0,0.0,0.0,0.0,0.0
2654,0.0,0.0,0,0,0.0,0.0,0.0,0.0
2655,0.0,0.0,0,0,0.0,0.0,0.0,0.0
2656,0.0,0.0,0,0,0.0,0.0,0.0,0.0
2657,0.0,0.0,0,0,0.0,0.0,0.0,0.0
2658,0.0,0.0,0,0,0.0,0.0,0.0,0.0
2659,0.0,0.0,0,0,0.0,0.0,0.0,0.0
2660,0.0,0.0,0,0,0.0,0.0,0.0,0.0
2661,0.0,0.0,0,0,0.0,0.0,0.0,0.0
2662,0.0,0.0,0,0,0.0,0.0,0.0,0.0
2663,0.0,0.0,0,0,0.0,0.0,0.0,0.0
2664,0.0,0.0,0,0,0.0,0.0,0.0,0.0
2665,0.0,0.0,0,0,0.0,0.0,0.0,0.0
2666,0.0,0.0,0,0,0.0,0.0,0.0,0.0
2667,0.0,0.0,0,0,0.0,0.0,0.0,0.0
2668,0.0,0.0,0,0,0.0,0.0,0.0,0.0
2669,0.0,0.0,0,0,0.0,0.0,0.0,0.0
2670,0.0,0.0,0,0,0.0,0.0,0.0,0.0
2671,0.0,0.0,0,0,0.0,0.0,0.0,0.0
2672,0.0,0.0,0,0,0.0,0.0,0.0,0.0
2673,0.0,0.0,0,0,0.0,0.0,0.0,0.0
2674,0.0,0.0,0,0,0.0,0.0,0.0,0.0
2675,0.0,0.0,0,0,0.0,0.0,0.0,0.0
2676,0.0,0.0,0,0,0.0,0.0,0.0,0.0
2677,0.0,0.0,0,0,0.0,0.0,0.0,0.0
2678,0.0,0.0,0,0,0.0,0.0,0.0,0.0
2679,0.0,0.0,0,0,0.0,0.0,0.0,0.0
2680,0.0,0.0,0,0,0.0,0.0,0.0,0.0
2681,0.0,0.0,0,0,0.0,0.0,0.0,0.0
2682,0.0,0.0,0,0,0.0,0.0,0.0,0.0
2683,0.0,0.0,0,0,0.0,0.0,0.0,0.0
2684,0.0,0.0,0,0,0.0,0.0,0.0,0.0
2685,0.0,0.0,0,0,0.0,0.0,0.0,0.0
2686,0.0,0.0,0,0,0.0,0.0,0.0,0.0
2687,0.0,0.0,0,0,0.0,0.0,0.0,0.0
2688,0.0,0.0,0,0,0.0,0.0,0.0,0.0
2689,0.0,0.0,0,0,0.0,0.0,0.0,0.0
2690,0.0,0.0,0,0,0.0,0.0,0.0,0.0
2691,0.0,0.0,0,0,0.0,0.0,0.0,0.0
2692,0.0,0.0,0,0,0.0,0.0,0.0,0.0
2693,0.0,0.0,0,0,0.0,0.0,0.0,0.0
2694,0.0,0.0,0,0,0.0,0.0,0.0,0.0
2695,0.0,0.0,0,0,0.0,0.0,0.0,0.0
2696,0.0,0.0,0,0,0.0,0.0,0.0,0.0
2697,0.0,0.0,0,0,0.0,0.0,0.0,0.0
2698,0.0,0.0,0,0,0.0,0.0,0.0,0.0
2699,0.0,0.0,0,0,0.0,0.0,0.0,0.0
2700,0.0,0.0,0,0,0.0,0.0,0.0,0.0
2701,0.0,0.0,0,0,0.0,0.0,0.0,0.0
2702,0.0,0.0,0,0,0.0,0.0,0.0,0.0
2703,0.0,0.0,0,0,0.0,0.0,0.0,0.0
2704,0.0,0.0,0,0,0.0,0.0,0.0,0.0
2705,0.0,0.0,0,0,0.0,0.0,0.0,0.0
2706,0.0,0.0,0,0,0.0,0.0,0.0,0.0
2707,0.0,0.0,0,0,0.0,0.0,0.0,0.0
2708,0.0,0.0,0,0,0.0,0.0,0.0,0.0
2709,0.0,0.0,0,0,0.0,0.0,0.0,0.0
2710,0.0,0.0,0,0,0.0,0.0,0.0,0.0
2711,0.0,0.0,0,0,0.0,0.0,0.0,0.0
2712,0.0,0.0,0,0,0.0,0.0,0.0,0.0
2713,0.0,0.0,0,0,0.0,0.0,0.0,0.0
2714,0.0,0.0,0,0,0.0,0.0,0.0,0.0
2715,0.0,0.0,0,0,0.0,0.0,0.0,0.0
2716,0.0,0.0,0,0,0.0,0.0,0.0,0.0
2717,0.0,0.0,0,0,0.0,0.0,0.0,0.0
2718,0.0,0.0,0,0,0.0,0.0,0.0,0.0
2719,0.0,0.0,0,0,0.0,0.0,0.0,0.0
2720,0.0,0.0,0,0,0.0,0.0,0.0,0.0
2721,0.0,0.0,0,0,0.0,0.0,0.0,0.0
2722,0.0,0.0,0,0,0.0,0.0,0.0,0.0
2723,0.0,0.0,0,0,0.0,0.0,0.0,0.0
2724,0.0,0.0,0,0,0.0,0.0,0.0,0.0
2725,0.0,0.0,0,0,0.0,0.0,0.0,0.0
2726,0.0,0.0,0,0,0.0,0.0,0.0,0.0
2727,0.0,0.0,0,0,0.0,0.0,0.0,0.0
2728,0.0,0.0,0,0,0.0,0.0,0.0,0.0
2729,0.0,0.0,0,0,0.0,0.0,0.0,0.0
2730,0.0,0.0,0,0,0.0,0.0,0.0,0.0
2731,0.0,0.0,0,0,0.0,0.0,0.0,0.0
2732,0.0,0.0,0,0,0.0,0.0,0.0,0.0
2733,0.0,0.0,0,0,0.0,0.0,0.0,0.0
2734,0.0,0.0,0,0,0.0,0.0,0.0,0.0
2735,0.0,0.0,0,0,0.0,0.0,0.0,0.0
2736,0.0,0.0,0,0,0.0,0.0,0.0,0.0
2737,0.0,0.0,0,0,0.0,0.0,0.0,0.0
2738,0.0,0.0,0,0,0.0,0.0,0.0,0.0
2739,0.0,0.0,0,0,0.0,0.0,0.0,0.0
2740,0.0,0.0,0,0,0.0,0.0,0.0,0.0
2741,0.0,0.0,0,0,0.0,0.0,0.0,0.0
2742,0.0,0.0,0,0,0.0,0.0,0.0,0.0
2743,0.0,0.0,0,0,0.0,0.0,0.0,0.0
2744,0.0,0.0,0,0,0.0,0.0,0.0,0.0
2745,0.0,0.0,0,0,0.0,0.0,0.0,0.0
2746,0.0,0.0,0,0,0.0,0.0,0.0,0.0
2747,0.0,0.0,0,0,0.0,0.0,0.0,0.0
2748,0.0,0.0,0,0,0.0,0.0,0.0,0.0
2749,0.0,0.0,0,0,0.0,0.0,0.0,0.0
2750,0.0,0.0,0,0,0.0,0.0,0.0,0.0
2751,0.0,0.0,0,0,0.0,0.0,0.0,0.0
2752,0.0,0.0,0,0,0.0,0.0,0.0,0.0
2753,0.0,0.0,0,0,0.0,0.0,0.0,0.0
2754,0.0,0.0,0,0,0.0,0.0,0.0,0.0
2755,0.0,0.0,0,0,0.0,0.0,0.0,0.0
2756,0.0,0.0,0,0,0.0,0.0,0.0,0.0
2757,0.0,0.0,0,0,0.0,0.0,0.0,0.0
2758,0.0,0.0,0,0,0.0,0.0,0.0,0.0
2759,0.0,0.0,0,0,0.0,0.0,0.0,0.0
2760,0.0,0.0,0,0,0.0,0.0,0.0,0.0
2761,0.0,0.0,0,0,0.0,0.0,0.0,0.0
2762,0.0,0.0,0,0,0.0,0.0,0.0,0.0
2763,0.0,0.0,0,0,0.0,0.0,0.0,0.0
2764,0.0,0.0,0,0,0.0,0.0,0.0,0.0
2765,0.0,0.0,0,0,0.0,0.0,0.0,0.0
2766,0.0,0.0,0,0,0.0,0.0,0.0,0.0
2767,0.0,0.0,0,0,0.0,0.0,0.0,0.0
2768,0.0,0.0,0,0,0.0,0.0,0.0,0.0
2769,0.0,0.0,0,0,0.0,0.0,0.0,0.0
2770,0.0,0.0,0,0,0.0,0.0,0.0,0.0
2771,0.0,0.0,0,0,0.0,0.0,0.0,0.0
2772,0.0,0.0,0,0,0.0,0.0,0.0,0.0
2773,0.0,0.0,0,0,0.0,0.0,0.0,0.0
2774,0.0,0.0,0,0,0.0,0.0,0.0,0.0
2775,0.0,0.0,0,0,0.0,0.0,0.0,0.0
2776,0.0,0.0,0,0,0.0,0.0,0.0,0.0
2777,0.0,0.0,0,0,0.0,0.0,0.0,0.0
2778,0.0,0.0,0,0,0.0,0.0,0.0,0.0
2779,0.0,0.0,0,0,0.0,0.0,0.0,0.0
2780,0.0,0.0,0,0,0.0,0.0,0.0,0.0
2781,0.0,0.0,0,0,0.0,0.0,0.0,0.0
2782,0.0,0.0,0,0,0.0,0.0,0.0,0.0
2783,0.0,0.0,0,0,0.0,0.0,0.0,0.0
2784,0.0,0.0,0,0,0.0,0.0,0.0,0.0
2785,0.0,0.0,0,0,0.0,0.0,0.0,0.0
2786,0.0,0.0,0,0,0.0,0.0,0.0,0.0
2787,0.0,0.0,0,0,0.0,0.0,0.0,0.0
2788,0.0,0.0,0,0,0.0,0.0,0.0,0.0
2789,0.0,0.0,0,0,0.0,0.0,0.0,0.0
2790,0.0,0.0,0,0,0.0,0.0,0.0,0.0
2791,0.0,0.0,0,0,0.0,0.0,0.0,0.0
2792,0.0,0.0,0,0,0.0,0.0,0.0,0.0
2793,0.0,0.0,0,0,0.0,0.0,0.0,0.0
2794,0.0,0.0,0,0,0.0,0.0,0.0,0.0
2795,0.0,0.0,0,0,0.0,0.0,0.0,0.0
2796,0.0,0.0,0,0,0.0,0.0,0.0,0.0
2797,0.0,0.0,0,0,0.0,0.0,0.0,0.0
2798,0.0,0.0,0,0,0.0,0.0,0.0,0.0
2799,0.0,0.0,0,0,0.0,0.0,0.0,0.0
2800,0.0,0.0,0,0,0.0,0.0,0.0,0.0
2801,0.0,0.0,0,0,0.0,0.0,0.0,0.0
2802,0.0,0.0,0,0,0.0,0.0,0.0,0.0
2803,0.0,0.0,0,0,0.0,0.0,0.0,0.0
2804,0.0,0.0,0,0,0.0,0.0,0.0,0.0
2805,0.0,0.0,0,0,0.0,0.0,0.0,0.0
2806,0.0,0.0,0,0,0.0,0.0,0.0,0.0
2807,0.0,0.0,0,0,0.0,0.0,0.0,0.0
2808,0.0,0.0,0,0,0.0,0.0,0.0,0.0
2809,0.0,0.0,0,0,0.0,0.0,0.0,0.0
2810,0.0,0.0,0,0,0.0,0.0,0.0,0.0
2811,0.0,0.0,0,0,0.0,0.0,0.0,0.0
2812,0.0,0.0,0,0,0.0,0.0,0.0,0.0
2813,0.0,0.0,0,0,0.0,0.0,0.0,0.0
2814,0.0,0.0,0,0,0.0,0.0,0.0,0.0
2815,0.0,0.0,0,0,0.0,0.0,0.0,0.0
2816,0.0,0.0,0,0,0.0,0.0,0.0,0.0
2817,0.0,0.0,0,0,0.0,0.0,0.0,0.0
2818,0.0,0.0,0,0,0.0,0.0,0.0,0.0
2819,0.0,0.0,0,0,0.0,0.0,0.0,0.0
2820,0.0,0.0,0,0,0.0,0.0,0.0,0.0
2821,0.0,0.0,0,0,0.0,0.0,0.0,0.0
2822,0.0,0.0,0,0,0.0,0.0,0.0,0.0
2823,0.0,0.0,0,0,0.0,0.0,0.0,0.0
2824,0.0,0.0,0,0,0.0,0.0,0.0,0.0
2825,0.0,0.0,0,0,0.0,0.0,0.0,0.0
2826,0.0,0.0,0,0,0.0,0.0,0.0,0.0
2827,0.0,0.0,0,0,0.0,0.0,0.0,0.0
2828,0.0,0.0,0,0,0.0,0.0,0.0,0.0
2829,0.0,0.0,0,0,0.0,0.0,0.0,0.0
2830,0.0,0.0,0,0,0.0,0.0,0.0,0.0
2831,0.0,0.0,0,0,0.0,0.0,0.0,0.0
2832,0.0,0.0,0,0,0.0,0.0,0.0,0.0
2833,0.0,0.0,0,0,0.0,0.0,0.0,0.0
2834,0.0,0.0,0,0,0.0,0.0,0.0,0.0
2835,0.0,0.0,0,0,0.0,0.0,0.0,0.0
2836,0.0,0.0,0,0,0.0,0.0,0.0,0.0
2837,0.0,0.0,0,0,0.0,0.0,0.0,0.0
2838,0.0,0.0,0,0,0.0,0.0,0.0,0.0
2839,0.0,0.0,0,0,0.0,0.0,0.0,0.0
2840,0.0,0.0,0,0,0.0,0.0,0.0,0.0
2841,0.0,0.0,0,0,0.0,0.0,0.0,0.0
2842,0.0,0.0,0,0,0.0,0.0,0.0,0.0
2843,0.0,0.0,0,0,0.0,0.0,0.0,0.0
2844,0.0,0.0,0,0,0.0,0.0,0.0,0.0
2845,0.0,0.0,0,0,0.0,0.0,0.0,0.0
2846,0.0,0.0,0,0,0.0,0.0,0.0,0.0
2847,0.0,0.0,0,0,0.0,0.0,0.0,0.0
2848,0.0,0.0,0,0,0.0,0.0,0.0,0.0
2849,0.0,0.0,0,0,0.0,0.0,0.0,0.0
2850,0.0,0.0,0,0,0.0,0.0,0.0,0.0
2851,0.0,0.0,0,0,0.0,0.0,0.0,0.0
2852,0.0,0.0,0,0,0.0,0.0,0.0,0.0
2853,0.0,0.0,0,0,0.0,0.0,0.0,0.0
2854,0.0,0.0,0,0,0.0,0.0,0.0,0.0
2855,0.0,0.0,0,0,0.0,0.0,0.0,0.0
2856,0.0,0.0,0,0,0.0,0.0,0.0,0.0
2857,0.0,0.0,0,0,0.0,0.0,0.0,0.0
2858,0.0,0.0,0,0,0.0,0.0,0.0,0.0
2859,0.0,0.0,0,0,0.0,0.0,0.0,0.0
2860,0.0,0.0,0,0,0.0,0.0,0.0,0.0
2861,0.0,0.0,0,0,0.0,0.0,0.0,0.0
2862,0.0,0.0,0,0,0.0,0.0,0.0,0.0
2863,0.0,0.0,0,0,0.0,0.0,0.0,0.0
2864,0.0,0.0,0,0,0.0,0.0,0.0,0.0
2865,0.0,0.0,0,0,0.0,0.0,0.0,0.0
2866,0.0,0.0,0,0,0.0,0.0,0.0,0.0
2867,0.0,0.0,0,0,0.0,0.0,0.0,0.0
2868,0.0,0.0,0,0,0.0,0.0,0.0,0.0
2869,0.0,0.0,0,0,0.0,0.0,0.0,0.0
2870,0.0,0.0,0,0,0.0,0.0,0.0,0.0
2871,0.0,0.0,0,0,0.0,0.0,0.0,0.0
2872,0.0,0.0,0,0,0.0,0.0,0.0,0.0
2873,0.0,0.0,0,0,0.0,0.0,0.0,0.0
2874,0.0,0.0,0,0,0.0,0.0,0.0,0.0
2875,0.0,0.0,0,0,0.0,0.0,0.0,0.0
2876,0.0,0.0,0,0,0.0,0.0,0.0,0.0
2877,0.0,0.0,0,0,0.0,0.0,0.0,0.0
2878,0.0,0.0,0,0,0.0,0.0,0.0,0.0
2879,0.0,0.0,0,0,0.0,0.0,0.0,0.0
2880,0.0,0.0,0,0,0.0,0.0,0.0,0.0
2881,0.0,0.0,0,0,0.0,0.0,0.0,0.0
2882,0.0,0.0,0,0,0.0,0.0,0.0,0.0
2883,0.0,0.0,0,0,0.0,0.0,0.0,0.0
2884,0.0,0.0,0,0,0.0,0.0,0.0,0.0
2885,0.0,0.0,0,0,0.0,0.0,0.0,0.0
2886,0.0,0.0,0,0,0.0,0.0,0.0,0.0
2887,0.0,0.0,0,0,0.0,0.0,0.0,0.0
2888,0.0,0.0,0,0,0.0,0.0,0.0,0.0
2889,0.0,0.0,0,0,0.0,0.0,0.0,0.0
2890,0.0,0.0,0,0,0.0,0.0,0.0,0.0
2891,0.0,0.0,0,0,0.0,0.0,0.0,0.0
2892,0.0,0.0,0,0,0.0,0.0,0.0,0.0
2893,0.0,0.0,0,0,0.0,0.0,0.0,0.0
2894,0.0,0.0,0,0,0.0,0.0,0.0,0.0
2895,0.0,0.0,0,0,0.0,0.0,0.0,0.0
2896,0.0,0.0,0,0,0.0,0.0,0.0,0.0
2897,0.0,0.0,0,0,0.0,0.0,0.0,0.0
2898,0.0,0.0,0,0,0.0,0.0,0.0,0.0
2899,0.0,0.0,0,0,0.0,0.0,0.0,0.0
2900,0.0,0.0,0,0,0.0,0.0,0.0,0.0
2901,0.0,0.0,0,0,0.0,0.0,0.0,0.0
2902,0.0,0.0,0,0,0.0,0.0,0.0,0.0
2903,0.0,0.0,0,0,0.0,0.0,0.0,0.0
2904,0.0,0.0,0,0,0.0,0.0,0.0,0.0
2905,0.0,0.0,0,0,0.0,0.0,0.0,0.0
2906,0.0,0.0,0,0,0.0,0.0,0.0,0.0
2907,0.0,0.0,0,0,0.0,0.0,0.0,0.0
2908,0.0,0.0,0,0,0.0,0.0,0.0,0.0
2909,0.0,0.0,0,0,0.0,0.0,0.0,0.0
2910,0.0,0.0,0,0,0.0,0.0,0.0,0.0
2911,0.0,0.0,0,0,0.0,0.0,0.0,0.0
2912,0.0,0.0,0,0,0.0,0.0,0.0,0.0
2913,0.0,0.0,0,0,0.0,0.0,0.0,0.0
2914,0.0,0.0,0,0,0.0,0.0,0.0,0.0
2915,0.0,0.0,0,0,0.0,0.0,0.0,0.0
2916,0.0,0.0,0,0,0.0,0.0,0.0,0.0
2917,0.0,0.0,0,0,0.0,0.0,0.0,0.0
2918,0.0,0.0,0,0,0.0,0.0,0.0,0.0
2919,0.0,0.0,0,0,0.0,0.0,0.0,0.0
2920,0.0,0.0,0,0,0.0,0.0,0.0,0.0
2921,0.0,0.0,0,0,0.0,0.0,0.0,0.0
2922,0.0,0.0,0,0,0.0,0.0,0.0,0.0
2923,0.0,0.0,0,0,0.0,0.0,0.0,0.0
2924,0.0,0.0,0,0,0.0,0.0,0.0,0.0
2925,0.0,0.0,0,0,0.0,0.0,0.0,0.0
2926,0.0,0.0,0,0,0.0,0.0,0.0,0.0
2927,0.0,0.0,0,0,0.0,0.0,0.0,0.0
2928,0.0,0.0,0,0,0.0,0.0,0.0,0.0
2929,0.0,0.0,0,0,0.0,0.0,0.0,0.0
2930,0.0,0.0,0,0,0.0,0.0,0.0,0.0
2931,0.0,0.0,0,0,0.0,0.0,0.0,0.0
2932,0.0,0.0,0,0,0.0,0.0,0.0,0.0
2933,0.0,0.0,0,0,0.0,0.0,0.0,0.0
2934,0.0,0.0,0,0,0.0,0.0,0.0,0.0
2935,0.0,0.0,0,0,0.0,0.0,0.0,0.0
2936,0.0,0.0,0,0,0.0,0.0,0.0,0.0
2937,0.0,0.0,0,0,0.0,0.0,0.0,0.0
2938,0.0,0.0,0,0,0.0,0.0,0.0,0.0
2939,0.0,0.0,0,0,0.0,0.0,0.0,0.0
2940,0.0,0.0,0,0,0.0,0.0,0.0,0.0
2941,0.0,0.0,0,0,0.0,0.0,0.0,0.0
2942,0.0,0.0,0,0,0.0,0.0,0.0,0.0
2943,0.0,0.0,0,0,0.0,0.0,0.0,0.0
2944,0.0,0.0,0,0,0.0,0.0,0.0,0.0
2945,0.0,0.0,0,0,0.0,0.0,0.0,0.0
2946,0.0,0.0,0,0,0.0,0.0,0.0,0.0
2947,0.0,0.0,0,0,0.0,0.0,0.0,0.0
2948,0.0,0.0,0,0,0.0,0.0,0.0,0.0
2949,0.0,0.0,0,0,0.0,0.0,0.0,0.0
2950,0.0,0.0,0,0,0.0,0.0,0.0,0.0
2951,0.0,0.0,0,0,0.0,0.0,0.0,0.0
2952,0.0,0.0,0,0,0.0,0.0,0.0,0.0
2953,0.0,0.0,0,0,0.0,0.0,0.0,0.0
2954,0.0,0.0,0,0,0.0,0.0,0.0,0.0
2955,0.0,0.0,0,0,0.0,0.0,0.0,0.0
2956,0.0,0.0,0,0,0.0,0.0,0.0,0.0
2957,0.0,0.0,0,0,0.0,0.0,0.0,0.0
2958,0.0,0.0,0,0,0.0,0.0,0.0,0.0
2959,0.0,0.0,0,0,0.0,0.0,0.0,0.0
2960,0.0,0.0,0,0,0.0,0.0,0.0,0.0
2961,0.0,0.0,0,0,0.0,0.0,0.0,0.0
2962,0.0,0.0,0,0,0.0,0.0,0.0,0.0
2963,0.0,0.0,0,0,0.0,0.0,0.0,0.0
2964,0.0,0.0,0,0,0.0,0.0,0.0,0.0
2965,0.0,0.0,0,0,0.0,0.0,0.0,0.0
2966,0.0,0.0,0,0,0.0,0.0,0.0,0.0
2967,0.0,0.0,0,0,0.0,0.0,0.0,0.0
2968,0.0,0.0,0,0,0.0,0.0,0.0,0.0
2969,0.0,0.0,0,0,0.0,0.0,0.0,0.0
2970,0.0,0.0,0,0,0.0,0.0,0.0,0.0
2971,0.0,0.0,0,0,0.0,0.0,0.0,0.0
2972,0.0,0.0,0,0,0.0,0.0,0.0,0.0
2973,0.0,0.0,0,0,0.0,0.0,0.0,0.0
2974,0.0,0.0,0,0,0.0,0.0,0.0,0.0
2975,0.0,0.0,0,0,0.0,0.0,0.0,0.0
2976,0.0,0.0,0,0,0.0,0.0,0.0,0.0
2977,0.0,0.0,0,0,0.0,0.0,0.0,0.0
2978,0.0,0.0,0,0,0.0,0.0,0.0,0.0
2979,0.0,0.0,0,0,0.0,0.0,0.0,0.0
2980,0.0,0.0,0,0,0.0,0.0,0.0,0.0
2981,0.0,0.0,0,0,0.0,0.0,0.0,0.0
2982,0.0,0.0,0,0,0.0,0.0,0.0,0.0
2983,0.0,0.0,0,0,0.0,0.0,0.0,0.0
2984,0.0,0.0,0,0,0.0,0.0,0.0,0.0
2985,0.0,0.0,0,0,0.0,0.0,0.0,0.0
2986,0.0,0.0,0,0,0.0,0.0,0.0,0.0
2987,0.0,0.0,0,0,0.0,0.0,0.0,0.0
2988,0.0,0.0,0,0,0.0,0.0,0.0,0.0
2989,0.0,0.0,0,0,0.0,0.0,0.0,0.0
2990,0.0,0.0,0,0,0.0,0.0,0.0,0.0
2991,0.0,0.0,0,0,0.0,0.0,0.0,0.0
2992,0.0,0.0,0,0,0.0,0.0,0.0,0.0
2993,0.0,0.0,0,0,0.0,0.0,0.0,0.0
2994,0.0,0.0,0,0,0.0,0.0,0.0,0.0
2995,0.0,0.0,0,0,0.0,0.0,0.0,0.0
2996,0.0,0.0,0,0,0.0,0.0,0.0,0.0
2997,0.0,0.0,0,0,0.0,0.0,0.0,0.0
2998,0.0,0.0,0,0,0.0,0.0,0.0,0.0
2999,0.0,0.0,0,0,0.0,0.0,0.0,0.0
3000,0.0,0.0,0,0,0.0,0.0,0.0,0.0
3001,0.0,0.0,0,0,0.0,0.0,0.0,0.0
3002,0.0,0.0,0,0,0.0,0.0,0.0,0.0
3003,0.0,0.0,0,0,0.0,0.0,0.0,0.0
3004,0.0,0.0,0,0,0.0,0.0,0.0,0.0
3005,0.0,0.0,0,0,0.0,0.0,0.0,0.0
3006,0.0,0.0,0,0,0.0,0.0,0.0,0.0
3007,0.0,0.0,0,0,0.0,0.0,0.0,0.0
3008,0.0,0.0,0,0,0.0,0.0,0.0,0.0
3009,0.0,0.0,0,0,0.0,0.0,0.0,0.0
3010,0.0,0.0,0,0,0.0,0.0,0.0,0.0
3011,0.0,0.0,0,0,0.0,0.0,0.0,0.0
3012,0.0,0.0,0,0,0.0,0.0,0.0,0.0
3013,0.0,0.0,0,0,0.0,0.0,0.0,0.0
3014,0.0,0.0,0,0,0.0,0.0,0.0,0.0
3015,0.0,0.0,0,0,0.0,0.0,0.0,0.0
3016,0.0,0.0,0,0,0.0,0.0,0.0,0.0
3017,0.0,0.0,0,0,0.0,0.0,0.0,0.0
3018,0.0,0.0,0,0,0.0,0.0,0.0,0.0
3019,0.0,0.0,0,0,0.0,0.0,0.0,0.0
3020,0.0,0.0,0,0,0.0,0.0,0.0,0.0
3021,0.0,0.0,0,0,0.0,0.0,0.0,0.0
3022,0.0,0.0,0,0,0.0,0.0,0.0,0.0
3023,0.0,0.0,0,0,0.0,0.0,0.0,0.0
3024,0.0,0.0,0,0,0.0,0.0,0.0,0.0
3025,0.0,0.0,0,0,0.0,0.0,0.0,0.0
3026,0.0,0.0,0,0,0.0,0.0,0.0,0.0
3027,0.0,0.0,0,0,0.0,0.0,0.0,0.0
3028,0.0,0.0,0,0,0.0,0.0,0.0,0.0
3029,0.0,0.0,0,0,0.0,0.0,0.0,0.0
3030,0.0,0.0,0,0,0.0,0.0,0.0,0.0
3031,0.0,0.0,0,0,0.0,0.0,0.0,0.0
3032,0.0,0.0,0,0,0.0,0.0,0.0,0.0
3033,0.0,0.0,0,0,0.0,0.0,0.0,0.0
3034,0.0,0.0,0,0,0.0,0.0,0.0,0.0
3035,0.0,0.0,0,0,0.0,0.0,0.0,0.0
3036,0.0,0.0,0,0,0.0,0.0,0.0,0.0
3037,0.0,0.0,0,0,0.0,0.0,0.0,0.0
3038,0.0,0.0,0,0,0.0,0.0,0.0,0.0
3039,0.0,0.0,0,0,0.0,0.0,0.0,0.0
3040,0.0,0.0,0,0,0.0,0.0,0.0,0.0
3041,0.0,0.0,0,0,0.0,0.0,0.0,0.0
3042,0.0,0.0,0,0,0.0,0.0,0.0,0.0
3043,0.0,0.0,0,0,0.0,0.0,0.0,0.0
3044,0.0,0.0,0,0,0.0,0.0,0.0,0.0
3045,0.0,0.0,0,0,0.0,0.0,0.0,0.0
3046,0.0,0.0,0,0,0.0,0.0,0.0,0.0
3047,0.0,0.0,0,0,0.0,0.0,0.0,0.0
3048,0.0,0.0,0,0,0.0,0.0,0.0,0.0
3049,0.0,0.0,0,0,0.0,0.0,0.0,0.0
3050,0.0,0.0,0,0,0.0,0.0,0.0,0.0
3051,0.0,0.0,0,0,0.0,0.0,0.0,0.0
3052,0.0,0.0,0,0,0.0,0.0,0.0,0.0
3053,0.0,0.0,0,0,0.0,0.0,0.0,0.0
3054,0.0,0.0,0,0,0.0,0.0,0.0,0.0
3055,0.0,0.0,0,0,0.0,0.0,0.0,0.0
3056,0.0,0.0,0,0,0.0,0.0,0.0,0.0
3057,0.0,0.0,0,0,0.0,0.0,0.0,0.0
3058,0.0,0.0,0,0,0.0,0.0,0.0,0.0
3059,0.0,0.0,0,0,0.0,0.0,0.0,0.0
3060,0.0,0.0,0,0,0.0,0.0,0.0,0.0
3061,0.0,0.0,0,0,0.0,0.0,0.0,0.0
3062,0.0,0.0,0,0,0.0,0.0,0.0,0.0
3063,0.0,0.0,0,0,0.0,0.0,0.0,0.0
3064,0.0,0.0,0,0,0.0,0.0,0.0,0.0
3065,0.0,0.0,0,0,0.0,0.0,0.0,0.0
3066,0.0,0.0,0,0,0.0,0.0,0.0,0.0
3067,0.0,0.0,0,0,0.0,0.0,0.0,0.0
3068,0.0,0.0,0,0,0.0,0.0,0.0,0.0
3069,0.0,0.0,0,0,0.0,0.0,0.0,0.0
3070,0.0,0.0,0,0,0.0,0.0,0.0,0.0
3071,0.0,0.0,0,0,0.0,0.0,0.0,0.0
3072,0.0,0.0,0,0,0.0,0.0,0.0,0.0
3073,0.0,0.0,0,0,0.0,0.0,0.0,0.0
3074,0.0,0.0,0,0,0.0,0.0,0.0,0.0
3075,0.0,0.0,0,0,0.0,0.0,0.0,0.0
3076,0.0,0.0,0,0,0.0,0.0,0.0,0.0
3077,0.0,0.0,0,0,0.0,0.0,0.0,0.0
3078,0.0,0.0,0,0,0.0,0.0,0.0,0.0
3079,0.0,0.0,0,0,0.0,0.0,0.0,0.0
3080,0.0,0.0,0,0,0.0,0.0,0.0,0.0
3081,0.0,0.0,0,0,0.0,0.0,0.0,0.0
3082,0.0,0.0,0,0,0.0,0.0,0.0,0.0
3083,0.0,0.0,0,0,0.0,0.0,0.0,0.0
3084,0.0,0.0,0,0,0.0,0.0,0.0,0.0
3085,0.0,0.0,0,0,0.0,0.0,0.0,0.0
3086,0.0,0.0,0,0,0.0,0.0,0.0,0.0
3087,0.0,0.0,0,0,0.0,0.0,0.0,0.0
3088,0.0,0.0,0,0,0.0,0.0,0.0,0.0
3089,0.0,0.0,0,0,0.0,0.0,0.0,0.0
3090,0.0,0.0,0,0,0.0,0.0,0.0,0.0
3091,0.0,0.0,0,0,0.0,0.0,0.0,0.0
3092,0.0,0.0,0,0,0.0,0.0,0.0,0.0
3093,0.0,0.0,0,0,0.0,0.0,0.0,0.0
3094,0.0,0.0,0,0,0.0,0.0,0.0,0.0
3095,0.0,0.0,0,0,0.0,0.0,0.0,0.0
3096,0.0,0.0,0,0,0.0,0.0,0.0,0.0
3097,0.0,0.0,0,0,0.0,0.0,0.0,0.0
3098,0.0,0.0,0,0,0.0,0.0,0.0,0.0
3099,0.0,0.0,0,0,0.0,0.0,0.0,0.0
3100,0.0,0.0,0,0,0.0,0.0,0.0,0.0
3101,0.0,0.0,0,0,0.0,0.0,0.0,0.0
3102,0.0,0.0,0,0,0.0,0.0,0.0,0.0
3103,0.0,0.0,0,0,0.0,0.0,0.0,0.0
3104,0.0,0.0,0,0,0.0,0.0,0.0,0.0
3105,0.0,0.0,0,0,0.0,0.0,0.0,0.0
3106,0.0,0.0,0,0,0.0,0.0,0.0,0.0
3107,0.0,0.0,0,0,0.0,0.0,0.0,0.0
3108,0.0,0.0,0,0,0.0,0.0,0.0,0.0
3109,0.0,0.0,0,0,0.0,0.0,0.0,0.0
3110,0.0,0.0,0,0,0.0,0.0,0.0,0.0
3111,0.0,0.0,0,0,0.0,0.0,0.0,0.0
3112,0.0,0.0,0,0,0.0,0.0,0.0,0.0
3113,0.0,0.0,0,0,0.0,0.0,0.0,0.0
3114,0.0,0.0,0,0,0.0,0.0,0.0,0.0
3115,0.0,0.0,0,0,0.0,0.0,0.0,0.0
3116,0.0,0.0,0,0,0.0,0.0,0.0,0.0
3117,0.0,0.0,0,0,0.0,0.0,0.0,0.0
3118,0.0,0.0,0,0,0.0,0.0,0.0,0.0
3119,0.0,0.0,0,0,0.0,0.0,0.0,0.0
3120,0.0,0.0,0,0,0.0,0.0,0.0,0.0
3121,0.0,0.0,0,0,0.0,0.0,0.0,0.0
3122,0.0,0.0,0,0,0.0,0.0,0.0,0.0
3123,0.0,0.0,0,0,0.0,0.0,0.0,0.0
3124,0.0,0.0,0,0,0.0,0.0,0.0,0.0
3125,0.0,0.0,0,0,0.0,0.0,0.0,0.0
3126,0.0,0.0,0,0,0.0,0.0,0.0,0.0
3127,0.0,0.0,0,0,0.0,0.0,0.0,0.0
3128,0.0,0.0,0,0,0.0,0.0,0.0,0.0
3129,0.0,0.0,0,0,0.0,0.0,0.0,0.0
3130,0.0,0.0,0,0,0.0,0.0,0.0,0.0
3131,0.0,0.0,0,0,0.0,0.0,0.0,0.0
3132,0.0,0.0,0,0,0.0,0.0,0.0,0.0
3133,0.0,0.0,0,0,0.0,0.0,0.0,0.0
3134,0.0,0.0,0,0,0.0,0.0,0.0,0.0
3135,0.0,0.0,0,0,0.0,0.0,0.0,0.0
3136,0.0,0.0,0,0,0.0,0.0,0.0,0.0
3137,0.0,0.0,0,0,0.0,0.0,0.0,0.0
3138,0.0,0.0,0,0,0.0,0.0,0.0,0.0
3139,0.0,0.0,0,0,0.0,0.0,0.0,0.0
3140,0.0,0.0,0,0,0.0,0.0,0.0,0.0
3141,0.0,0.0,0,0,0.0,0.0,0.0,0.0
3142,0.0,0.0,0,0,0.0,0.0,0.0,0.0
3143,0.0,0.0,0,0,0.0,0.0,0.0,0.0
3144,0.0,0.0,0,0,0.0,0.0,0.0,0.0
3145,0.0,0.0,0,0,0.0,0.0,0.0,0.0
3146,0.0,0.0,0,0,0.0,0.0,0.0,0.0
3147,0.0,0.0,0,0,0.0,0.0,0.0,0.0
3148,0.0,0.0,0,0,0.0,0.0,0.0,0.0
3149,0.0,0.0,0,0,0.0,0.0,0.0,0.0
3150,0.0,0.0,0,0,0.0,0.0,0.0,0.0
3151,0.0,0.0,0,0,0.0,0.0,0.0,0.0
3152,0.0,0.0,0,0,0.0,0.0,0.0,0.0
3153,0.0,0.0,0,0,0.0,0.0,0.0,0.0
3154,0.0,0.0,0,0,0.0,0.0,0.0,0.0
3155,0.0,0.0,0,0,0.0,0.0,0.0,0.0
3156,0.0,0.0,0,0,0.0,0.0,0.0,0.0
3157,0.0,0.0,0,0,0.0,0.0,0.0,0.0
3158,0.0,0.0,0,0,0.0,0.0,0.0,0.0
3159,0.0,0.0,0,0,0.0,0.0,0.0,0.0
3160,0.0,0.0,0,0,0.0,0.0,0.0,0.0
3161,0.0,0.0,0,0,0.0,0.0,0.0,0.0
3162,0.0,0.0,0,0,0.0,0.0,0.0,0.0
3163,0.0,0.0,0,0,0.0,0.0,0.0,0.0
3164,0.0,0.0,0,0,0.0,0.0,0.0,0.0
3165,0.0,0.0,0,0,0.0,0.0,0.0,0.0
3166,0.0,0.0,0,0,0.0,0.0,0.0,0.0
3167,0.0,0.0,0,0,0.0,0.0,0.0,0.0
3168,0.0,0.0,0,0,0.0,0.0,0.0,0.0
3169,0.0,0.0,0,0,0.0,0.0,0.0,0.0
3170,0.0,0.0,0,0,0.0,0.0,0.0,0.0
3171,0.0,0.0,0,0,0.0,0.0,0.0,0.0
3172,0.0,0.0,0,0,0.0,0.0,0.0,0.0
3173,0.0,0.0,0,0,0.0,0.0,0.0,0.0
3174,0.0,0.0,0,0,0.0,0.0,0.0,0.0
3175,0.0,0.0,0,0,0.0,0.0,0.0,0.0
3176,0.0,0.0,0,0,0.0,0.0,0.0,0.0
3177,0.0,0.0,0,0,0.0,0.0,0.0,0.0
3178,0.0,0.0,0,0,0.0,0.0,0.0,0.0
3179,0.0,0.0,0,0,0.0,0.0,0.0,0.0
3180,0.0,0.0,0,0,0.0,0.0,0.0,0.0
3181,0.0,0.0,0,0,0.0,0.0,0.0,0.0
3182,0.0,0.0,0,0,0.0,0.0,0.0,0.0
3183,0.0,0.0,0,0,0.0,0.0,0.0,0.0
3184,0.0,0.0,0,0,0.0,0.0,0.0,0.0
3185,0.0,0.0,0,0,0.0,0.0,0.0,0.0
3186,0.0,0.0,0,0,0.0,0.0,0.0,0.0
3187,0.0,0.0,0,0,0.0,0.0,0.0,0.0
3188,0.0,0.0,0,0,0.0,0.0,0.0,0.0
3189,0.0,0.0,0,0,0.0,0.0,0.0,0.0
3190,0.0,0.0,0,0,0.0,0.0,0.0,0.0
3191,0.0,0.0,0,0,0.0,0.0,0.0,0.0
3192,0.0,0.0,0,0,0.0,0.0,0.0,0.0
3193,0.0,0.0,0,0,0.0,0.0,0.0,0.0
3194,0.0,0.0,0,0,0.0,0.0,0.0,0.0
3195,0.0,0.0,0,0,0.0,0.0,0.0,0.0
3196,0.0,0.0,0,0,0.0,0.0,0.0,0.0
3197,0.0,0.0,0,0,0.0,0.0,0.0,0.0
3198,0.0,0.0,0,0,0.0,0.0,0.0,0.0
3199,0.0,0.0,0,0,0.0,0.0,0.0,0.0
3200,0.0,0.0,0,0,0.0,0.0,0.0,0.0
3201,0.0,0.0,0,0,0.0,0.0,0.0,0.0
3202,0.0,0.0,0,0,0.0,0.0,0.0,0.0
3203,0.0,0.0,0,0,0.0,0.0,0.0,0.0
3204,0.0,0.0,0,0,0.0,0.0,0.0,0.0
3205,0.0,0.0,0,0,0.0,0.0,0.0,0.0
3206,0.0,0.0,0,0,0.0,0.0,0.0,0.0
3207,0.0,0.0,0,0,0.0,0.0,0.0,0.0
3208,0.0,0.0,0,0,0.0,0.0,0.0,0.0
3209,0.0,0.0,0,0,0.0,0.0,0.0,0.0
3210,0.0,0.0,0,0,0.0,0.0,0.0,0.0
3211,0.0,0.0,0,0,0.0,0.0,0.0,0.0
3212,0.0,0.0,0,0,0.0,0.0,0.0,0.0
3213,0.0,0.0,0,0,0.0,0.0,0.0,0.0
3214,0.0,0.0,0,0,0.0,0.0,0.0,0.0
3215,0.0,0.0,0,0,0.0,0.0,0.0,0.0
3216,0.0,0.0,0,0,0.0,0.0,0.0,0.0
3217,0.0,0.0,0,0,0.0,0.0,0.0,0.0
3218,0.0,0.0,0,0,0.0,0.0,0.0,0.0
3219,0.0,0.0,0,0,0.0,0.0,0.0,0.0
3220,0.0,0.0,0,0,0.0,0.0,0.0,0.0
3221,0.0,0.0,0,0,0.0,0.0,0.0,0.0
3222,0.0,0.0,0,0,0.0,0.0,0.0,0.0
3223,0.0,0.0,0,0,0.0,0.0,0.0,0.0
3224,0.0,0.0,0,0,0.0,0.0,0.0,0.0
3225,0.0,0.0,0,0,0.0,0.0,0.0,0.0
3226,0.0,0.0,0,0,0.0,0.0,0.0,0.0
3227,0.0,0.0,0,0,0.0,0.0,0.0,0.0
3228,0.0,0.0,0,0,0.0,0.0,0.0,0.0
3229,0.0,0.0,0,0,0.0,0.0,0.0,0.0
3230,0.0,0.0,0,0,0.0,0.0,0.0,0.0
3231,0.0,0.0,0,0,0.0,0.0,0.0,0.0
3232,0.0,0.0,0,0,0.0,0.0,0.0,0.0
3233,0.0,0.0,0,0,0.0,0.0,0.0,0.0
3234,0.0,0.0,0,0,0.0,0.0,0.0,0.0
3235,0.0,0.0,0,0,0.0,0.0,0.0,0.0
3236,0.0,0.0,0,0,0.0,0.0,0.0,0.0
3237,0.0,0.0,0,0,0.0,0.0,0.0,0.0
3238,0.0,0.0,0,0,0.0,0.0,0.0,0.0
3239,0.0,0.0,0,0,0.0,0.0,0.0,0.0
3240,0.0,0.0,0,0,0.0,0.0,0.0,0.0
3241,0.0,0.0,0,0,0.0,0.0,0.0,0.0
3242,0.0,0.0,0,0,0.0,0.0,0.0,0.0
3243,0.0,0.0,0,0,0.0,0.0,0.0,0.0
3244,0.0,0.0,0,0,0.0,0.0,0.0,0.0
3245,0.0,0.0,0,0,0.0,0.0,0.0,0.0
3246,0.0,0.0,0,0,0.0,0.0,0.0,0.0
3247,0.0,0.0,0,0,0.0,0.0,0.0,0.0
3248,0.0,0.0,0,0,0.0,0.0,0.0,0.0
3249,0.0,0.0,0,0,0.0,0.0,0.0,0.0
3250,0.0,0.0,0,0,0.0,0.0,0.0,0.0
3251,0.0,0.0,0,0,0.0,0.0,0.0,0.0
3252,0.0,0.0,0,0,0.0,0.0,0.0,0.0
3253,0.0,0.0,0,0,0.0,0.0,0.0,0.0
3254,0.0,0.0,0,0,0.0,0.0,0.0,0.0
3255,0.0,0.0,0,0,0.0,0.0,0.0,0.0
3256,0.0,0.0,0,0,0.0,0.0,0.0,0.0
3257,0.0,0.0,0,0,0.0,0.0,0.0,0.0
3258,0.0,0.0,0,0,0.0,0.0,0.0,0.0
3259,0.0,0.0,0,0,0.0,0.0,0.0,0.0
3260,0.0,0.0,0,0,0.0,0.0,0.0,0.0
3261,0.0,0.0,0,0,0.0,0.0,0.0,0.0
3262,0.0,0.0,0,0,0.0,0.0,0.0,0.0
3263,0.0,0.0,0,0,0.0,0.0,0.0,0.0
3264,0.0,0.0,0,0,0.0,0.0,0.0,0.0
3265,0.0,0.0,0,0,0.0,0.0,0.0,0.0
3266,0.0,0.0,0,0,0.0,0.0,0.0,0.0
3267,0.0,0.0,0,0,0.0,0.0,0.0,0.0
3268,0.0,0.0,0,0,0.0,0.0,0.0,0.0
3269,0.0,0.0,0,0,0.0,0.0,0.0,0.0
3270,0.0,0.0,0,0,0.0,0.0,0.0,0.0
3271,0.0,0.0,0,0,0.0,0.0,0.0,0.0
3272,0.0,0.0,0,0,0.0,0.0,0.0,0.0
3273,0.0,0.0,0,0,0.0,0.0,0.0,0.0
3274,0.0,0.0,0,0,0.0,0.0,0.0,0.0
3275,0.0,0.0,0,0,0.0,0.0,0.0,0.0
3276,0.0,0.0,0,0,0.0,0.0,0.0,0.0
3277,0.0,0.0,0,0,0.0,0.0,0.0,0.0
3278,0.0,0.0,0,0,0.0,0.0,0.0,0.0
3279,0.0,0.0,0,0,0.0,0.0,0.0,0.0
3280,0.0,0.0,0,0,0.0,0.0,0.0,0.0
3281,0.0,0.0,0,0,0.0,0.0,0.0,0.0
3282,0.0,0.0,0,0,0.0,0.0,0.0,0.0
3283,0.0,0.0,0,0,0.0,0.0,0.0,0.0
3284,0.0,0.0,0,0,0.0,0.0,0.0,0.0
3285,0.0,0.0,0,0,0.0,0.0,0.0,0.0
3286,0.0,0.0,0,0,0.0,0.0,0.0,0.0
3287,0.0,0.0,0,0,0.0,0.0,0.0,0.0
3288,0.0,0.0,0,0,0.0,0.0,0.0,0.0
3289,0.0,0.0,0,0,0.0,0.0,0.0,0.0
3290,0.0,0.0,0,0,0.0,0.0,0.0,0.0
3291,0.0,0.0,0,0,0.0,0.0,0.0,0.0
3292,0.0,0.0,0,0,0.0,0.0,0.0,0.0
3293,0.0,0.0,0,0,0.0,0.0,0.0,0.0
3294,0.0,0.0,0,0,0.0,0.0,0.0,0.0
3295,0.0,0.0,0,0,0.0,0.0,0.0,0.0
3296,0.0,0.0,0,0,0.0,0.0,0.0,0.0
3297,0.0,0.0,0,0,0.0,0.0,0.0,0.0
3298,0.0,0.0,0,0,0.0,0.0,0.0,0.0
3299,0.0,0.0,0,0,0.0,0.0,0.0,0.0
3300,0.0,0.0,0,0,0.0,0.0,0.0,0.0
3301,0.0,0.0,0,0,0.0,0.0,0.0,0.0
3302,0.0,0.0,0,0,0.0,0.0,0.0,0.0
3303,0.0,0.0,0,0,0.0,0.0,0.0,0.0
3304,0.0,0.0,0,0,0.0,0.0,0.0,0.0
3305,0.0,0.0,0,0,0.0,0.0,0.0,0.0
3306,0.0,0.0,0,0,0.0,0.0,0.0,0.0
3307,0.0,0.0,0,0,0.0,0.0,0.0,0.0
3308,0.0,0.0,0,0,0.0,0.0,0.0,0.0
3309,0.0,0.0,0,0,0.0,0.0,0.0,0.0
3310,0.0,0.0,0,0,0.0,0.0,0.0,0.0
3311,0.0,0.0,0,0,0.0,0.0,0.0,0.0
3312,0.0,0.0,0,0,0.0,0.0,0.0,0.0
3313,0.0,0.0,0,0,0.0,0.0,0.0,0.0
3314,0.0,0.0,0,0,0.0,0.0,0.0,0.0
3315,0.0,0.0,0,0,0.0,0.0,0.0,0.0
3316,0.0,0.0,0,0,0.0,0.0,0.0,0.0
3317,0.0,0.0,0,0,0.0,0.0,0.0,0.0
3318,0.0,0.0,0,0,0.0,0.0,0.0,0.0
3319,0.0,0.0,0,0,0.0,0.0,0.0,0.0
3320,0.0,0.0,0,0,0.0,0.0,0.0,0.0
3321,0.0,0.0,0,0,0.0,0.0,0.0,0.0
3322,0.0,0.0,0,0,0.0,0.0,0.0,0.0
3323,0.0,0.0,0,0,0.0,0.0,0.0,0.0
3324,0.0,0.0,0,0,0.0,0.0,0.0,0.0
3325,0.0,0.0,0,0,0.0,0.0,0.0,0.0
3326,0.0,0.0,0,0,0.0,0.0,0.0,0.0
3327,0.0,0.0,0,0,0.0,0.0,0.0,0.0
3328,0.0,0.0,0,0,0.0,0.0,0.0,0.0
3329,0.0,0.0,0,0,0.0,0.0,0.0,0.0
3330,0.0,0.0,0,0,0.0,0.0,0.0,0.0
3331,0.0,0.0,0,0,0.0,0.0,0.0,0.0
3332,0.0,0.0,0,0,0.0,0.0,0.0,0.0
3333,0.0,0.0,0,0,0.0,0.0,0.0,0.0
3334,0.0,0.0,0,0,0.0,0.0,0.0,0.0
3335,0.0,0.0,0,0,0.0,0.0,0.0,0.0
3336,0.0,0.0,0,0,0.0,0.0,0.0,0.0
3337,0.0,0.0,0,0,0.0,0.0,0.0,0.0
3338,0.0,0.0,0,0,0.0,0.0,0.0,0.0
3339,0.0,0.0,0,0,0.0,0.0,0.0,0.0
3340,0.0,0.0,0,0,0.0,0.0,0.0,0.0
3341,0.0,0.0,0,0,0.0,0.0,0.0,0.0
3342,0.0,0.0,0,0,0.0,0.0,0.0,0.0
3343,0.0,0.0,0,0,0.0,0.0,0.0,0.0
3344,0.0,0.0,0,0,0.0,0.0,0.0,0.0
3345,0.0,0.0,0,0,0.0,0.0,0.0,0.0
3346,0.0,0.0,0,0,0.0,0.0,0.0,0.0
3347,0.0,0.0,0,0,0.0,0.0,0.0,0.0
3348,0.0,0.0,0,0,0.0,0.0,0.0,0.0
3349,0.0,0.0,0,0,0.0,0.0,0.0,0.0
3350,0.0,0.0,0,0,0.0,0.0,0.0,0.0
3351,0.0,0.0,0,0,0.0,0.0,0.0,0.0
3352,0.0,0.0,0,0,0.0,0.0,0.0,0.0
3353,0.0,0.0,0,0,0.0,0.0,0.0,0.0
3354,0.0,0.0,0,0,0.0,0.0,0.0,0.0
3355,0.0,0.0,0,0,0.0,0.0,0.0,0.0
3356,0.0,0.0,0,0,0.0,0.0,0.0,0.0
3357,0.0,0.0,0,0,0.0,0.0,0.0,0.0
3358,0.0,0.0,0,0,0.0,0.0,0.0,0.0
3359,0.0,0.0,0,0,0.0,0.0,0.0,0.0
3360,0.0,0.0,0,0,0.0,0.0,0.0,0.0
3361,0.0,0.0,0,0,0.0,0.0,0.0,0.0
3362,0.0,0.0,0,0,0.0,0.0,0.0,0.0
3363,0.0,0.0,0,0,0.0,0.0,0.0,0.0
3364,0.0,0.0,0,0,0.0,0.0,0.0,0.0
3365,0.0,0.0,0,0,0.0,0.0,0.0,0.0
3366,0.0,0.0,0,0,0.0,0.0,0.0,0.0
3367,0.0,0.0,0,0,0.0,0.0,0.0,0.0
3368,0.0,0.0,0,0,0.0,0.0,0.0,0.0
3369,0.0,0.0,0,0,0.0,0.0,0.0,0.0
3370,0.0,0.0,0,0,0.0,0.0,0.0,0.0
3371,0.0,0.0,0,0,0.0,0.0,0.0,0.0
3372,0.0,0.0,0,0,0.0,0.0,0.0,0.0
3373,0.0,0.0,0,0,0.0,0.0,0.0,0.0
3374,0.0,0.0,0,0,0.0,0.0,0.0,0.0
3375,0.0,0.0,0,0,0.0,0.0,0.0,0.0
3376,0.0,0.0,0,0,0.0,0.0,0.0,0.0
3377,0.0,0.0,0,0,0.0,0.0,0.0,0.0
3378,0.0,0.0,0,0,0.0,0.0,0.0,0.0
3379,0.0,0.0,0,0,0.0,0.0,0.0,0.0
3380,0.0,0.0,0,0,0.0,0.0,0.0,0.0
3381,0.0,0.0,0,0,0.0,0.0,0.0,0.0
3382,0.0,0.0,0,0,0.0,0.0,0.0,0.0
3383,0.0,0.0,0,0,0.0,0.0,0.0,0.0
3384,0.0,0.0,0,0,0.0,0.0,0.0,0.0
3385,0.0,0.0,0,0,0.0,0.0,0.0,0.0
3386,0.0,0.0,0,0,0.0,0.0,0.0,0.0
3387,0.0,0.0,0,0,0.0,0.0,0.0,0.0
3388,0.0,0.0,0,0,0.0,0.0,0.0,0.0
3389,0.0,0.0,0,0,0.0,0.0,0.0,0.0
3390,0.0,0.0,0,0,0.0,0.0,0.0,0.0
3391,0.0,0.0,0,0,0.0,0.0,0.0,0.0
3392,0.0,0.0,0,0,0.0,0.0,0.0,0.0
3393,0.0,0.0,0,0,0.0,0.0,0.0,0.0
3394,0.0,0.0,0,0,0.0,0.0,0.0,0.0
3395,0.0,0.0,0,0,0.0,0.0,0.0,0.0
3396,0.0,0.0,0,0,0.0,0.0,0.0,0.0
3397,0.0,0.0,0,0,0.0,0.0,0.0,0.0
3398,0.0,0.0,0,0,0.0,0.0,0.0,0.0
3399,0.0,0.0,0,0,0.0,0.0,0.0,0.0
3400,0.0,0.0,0,0,0.0,0.0,0.0,0.0
3401,0.0,0.0,0,0,0.0,0.0,0.0,0.0
3402,0.0,0.0,0,0,0.0,0.0,0.0,0.0
3403,0.0,0.0,0,0,0.0,0.0,0.0,0.0
3404,0.0,0.0,0,0,0.0,0.0,0.0,0.0
3405,0.0,0.0,0,0,0.0,0.0,0.0,0.0
3406,0.0,0.0,0,0,0.0,0.0,0.0,0.0
3407,0.0,0.0,0,0,0.0,0.0,0.0,0.0
3408,0.0,0.0,0,0,0.0,0.0,0.0,0.0
3409,0.0,0.0,0,0,0.0,0.0,0.0,0.0
3410,0.0,0.0,0,0,0.0,0.0,0.0,0.0
3411,0.0,0.0,0,0,0.0,0.0,0.0,0.0
3412,0.0,0.0,0,0,0.0,0.0,0.0,0.0
3413,0.0,0.0,0,0,0.0,0.0,0.0,0.0
3414,0.0,0.0,0,0,0.0,0.0,0.0,0.0
3415,0.0,0.0,0,0,0.0,0.0,0.0,0.0
3416,0.0,0.0,0,0,0.0,0.0,0.0,0.0
3417,0.0,0.0,0,0,0.0,0.0,0.0,0.0
3418,0.0,0.0,0,0,0.0,0.0,0.0,0.0
3419,0.0,0.0,0,0,0.0,0.0,0.0,0.0
3420,0.0,0.0,0,0,0.0,0.0,0.0,0.0
3421,0.0,0.0,0,0,0.0,0.0,0.0,0.0
3422,0.0,0.0,0,0,0.0,0.0,0.0,0.0
3423,0.0,0.0,0,0,0.0,0.0,0.0,0.0
3424,0.0,0.0,0,0,0.0,0.0,0.0,0.0
3425,0.0,0.0,0,0,0.0,0.0,0.0,0.0
3426,0.0,0.0,0,0,0.0,0.0,0.0,0.0
3427,0.0,0.0,0,0,0.0,0.0,0.0,0.0
3428,0.0,0.0,0,0,0.0,0.0,0.0,0.0
3429,0.0,0.0,0,0,0.0,0.0,0.0,0.0
3430,0.0,0.0,0,0,0.0,0.0,0.0,0.0
3431,0.0,0.0,0,0,0.0,0.0,0.0,0.0
3432,0.0,0.0,0,0,0.0,0.0,0.0,0.0
3433,0.0,0.0,0,0,0.0,0.0,0.0,0.0
3434,0.0,0.0,0,0,0.0,0.0,0.0,0.0
3435,0.0,0.0,0,0,0.0,0.0,0.0,0.0
3436,0.0,0.0,0,0,0.0,0.0,0.0,0.0
3437,0.0,0.0,0,0,0.0,0.0,0.0,0.0
3438,0.0,0.0,0,0,0.0,0.0,0.0,0.0
3439,0.0,0.0,0,0,0.0,0.0,0.0,0.0
3440,0.0,0.0,0,0,0.0,0.0,0.0,0.0
3441,0.0,0.0,0,0,0.0,0.0,0.0,0.0
3442,0.0,0.0,0,0,0.0,0.0,0.0,0.0
3443,0.0,0.0,0,0,0.0,0.0,0.0,0.0
3444,0.0,0.0,0,0,0.0,0.0,0.0,0.0
3445,0.0,0.0,0,0,0.0,0.0,0.0,0.0
3446,0.0,0.0,0,0,0.0,0.0,0.0,0.0
3447,0.0,0.0,0,0,0.0,0.0,0.0,0.0
3448,0.0,0.0,0,0,0.0,0.0,0.0,0.0
3449,0.0,0.0,0,0,0.0,0.0,0.0,0.0
3450,0.0,0.0,0,0,0.0,0.0,0.0,0.0
3451,0.0,0.0,0,0,0.0,0.0,0.0,0.0
3452,0.0,0.0,0,0,0.0,0.0,0.0,0.0
3453,0.0,0.0,0,0,0.0,0.0,0.0,0.0
3454,0.0,0.0,0,0,0.0,0.0,0.0,0.0
3455,0.0,0.0,0,0,0.0,0.0,0.0,0.0
3456,0.0,0.0,0,0,0.0,0.0,0.0,0.0
3457,0.0,0.0,0,0,0.0,0.0,0.0,0.0
3458,0.0,0.0,0,0,0.0,0.0,0.0,0.0
3459,0.0,0.0,0,0,0.0,0.0,0.0,0.0
3460,0.0,0.0,0,0,0.0,0.0,0.0,0.0
3461,0.0,0.0,0,0,0.0,0.0,0.0,0.0
3462,0.0,0.0,0,0,0.0,0.0,0.0,0.0
3463,0.0,0.0,0,0,0.0,0.0,0.0,0.0
3464,0.0,0.0,0,0,0.0,0.0,0.0,0.0
3465,0.0,0.0,0,0,0.0,0.0,0.0,0.0
3466,0.0,0.0,0,0,0.0,0.0,0.0,0.0
3467,0.0,0.0,0,0,0.0,0.0,0.0,0.0
3468,0.0,0.0,0,0,0.0,0.0,0.0,0.0
3469,0.0,0.0,0,0,0.0,0.0,0.0,0.0
3470,0.0,0.0,0,0,0.0,0.0,0.0,0.0
3471,0.0,0.0,0,0,0.0,0.0,0.0,0.0
3472,0.0,0.0,0,0,0.0,0.0,0.0,0.0
3473,0.0,0.0,0,0,0.0,0.0,0.0,0.0
3474,0.0,0.0,0,0,0.0,0.0,0.0,0.0
3475,0.0,0.0,0,0,0.0,0.0,0.0,0.0
3476,0.0,0.0,0,0,0.0,0.0,0.0,0.0
3477,0.0,0.0,0,0,0.0,0.0,0.0,0.0
3478,0.0,0.0,0,0,0.0,0.0,0.0,0.0
3479,0.0,0.0,0,0,0.0,0.0,0.0,0.0
3480,0.0,0.0,0,0,0.0,0.0,0.0,0.0
3481,0.0,0.0,0,0,0.0,0.0,0.0,0.0
3482,0.0,0.0,0,0,0.0,0.0,0.0,0.0
3483,0.0,0.0,0,0,0.0,0.0,0.0,0.0
3484,0.0,0.0,0,0,0.0,0.0,0.0,0.0
3485,0.0,0.0,0,0,0.0,0.0,0.0,0.0
3486,0.0,0.0,0,0,0.0,0.0,0.0,0.0
3487,0.0,0.0,0,0,0.0,0.0,0.0,0.0
3488,0.0,0.0,0,0,0.0,0.0,0.0,0.0
3489,0.0,0.0,0,0,0.0,0.0,0.0,0.0
3490,0.0,0.0,0,0,0.0,0.0,0.0,0.0
3491,0.0,0.0,0,0,0.0,0.0,0.0,0.0
3492,0.0,0.0,0,0,0.0,0.0,0.0,0.0
3493,0.0,0.0,0,0,0.0,0.0,0.0,0.0
3494,0.0,0.0,0,0,0.0,0.0,0.0,0.0
3495,0.0,0.0,0,0,0.0,0.0,0.0,0.0
3496,0.0,0.0,0,0,0.0,0.0,0.0,0.0
3497,0.0,0.0,0,0,0.0,0.0,0.0,0.0
3498,0.0,0.0,0,0,0.0,0.0,0.0,0.0
3499,0.0,0.0,0,0,0.0,0.0,0.0,0.0
3500,0.0,0.0,0,0,0.0,0.0,0.0,0.0
3501,0.0,0.0,0,0,0.0,0.0,0.0,0.0
3502,0.0,0.0,0,0,0.0,0.0,0.0,0.0
3503,0.0,0.0,0,0,0.0,0.0,0.0,0.0
3504,0.0,0.0,0,0,0.0,0.0,0.0,0.0
3505,0.0,0.0,0,0,0.0,0.0,0.0,0.0
3506,0.0,0.0,0,0,0.0,0.0,0.0,0.0
3507,0.0,0.0,0,0,0.0,0.0,0.0,0.0
3508,0.0,0.0,0,0,0.0,0.0,0.0,0.0
3509,0.0,0.0,0,0,0.0,0.0,0.0,0.0
3510,0.0,0.0,0,0,0.0,0.0,0.0,0.0
3511,0.0,0.0,0,0,0.0,0.0,0.0,0.0
3512,0.0,0.0,0,0,0.0,0.0,0.0,0.0
3513,0.0,0.0,0,0,0.0,0.0,0.0,0.0
3514,0.0,0.0,0,0,0.0,0.0,0.0,0.0
3515,0.0,0.0,0,0,0.0,0.0,0.0,0.0
3516,0.0,0.0,0,0,0.0,0.0,0.0,0.0
3517,0.0,0.0,0,0,0.0,0.0,0.0,0.0
3518,0.0,0.0,0,0,0.0,0.0,0.0,0.0
3519,0.0,0.0,0,0,0.0,0.0,0.0,0.0
3520,0.0,0.0,0,0,0.0,0.0,0.0,0.0
3521,0.0,0.0,0,0,0.0,0.0,0.0,0.0
3522,0.0,0.0,0,0,0.0,0.0,0.0,0.0
3523,0.0,0.0,0,0,0.0,0.0,0.0,0.0
3524,0.0,0.0,0,0,0.0,0.0,0.0,0.0
3525,0.0,0.0,0,0,0.0,0.0,0.0,0.0
3526,0.0,0.0,0,0,0.0,0.0,0.0,0.0
3527,0.0,0.0,0,0,0.0,0.0,0.0,0.0
3528,0.0,0.0,0,0,0.0,0.0,0.0,0.0
3529,0.0,0.0,0,0,0.0,0.0,0.0,0.0
3530,0.0,0.0,0,0,0.0,0.0,0.0,0.0
3531,0.0,0.0,0,0,0.0,0.0,0.0,0.0
3532,0.0,0.0,0,0,0.0,0.0,0.0,0.0
3533,0.0,0.0,0,0,0.0,0.0,0.0,0.0
3534,0.0,0.0,0,0,0.0,0.0,0.0,0.0
3535,0.0,0.0,0,0,0.0,0.0,0.0,0.0
3536,0.0,0.0,0,0,0.0,0.0,0.0,0.0
3537,0.0,0.0,0,0,0.0,0.0,0.0,0.0
3538,0.0,0.0,0,0,0.0,0.0,0.0,0.0
3539,0.0,0.0,0,0,0.0,0.0,0.0,0.0
3540,0.0,0.0,0,0,0.0,0.0,0.0,0.0
3541,0.0,0.0,0,0,0.0,0.0,0.0,0.0
3542,0.0,0.0,0,0,0.0,0.0,0.0,0.0
3543,0.0,0.0,0,0,0.0,0.0,0.0,0.0
3544,0.0,0.0,0,0,0.0,0.0,0.0,0.0
3545,0.0,0.0,0,0,0.0,0.0,0.0,0.0
3546,0.0,0.0,0,0,0.0,0.0,0.0,0.0
3547,0.0,0.0,0,0,0.0,0.0,0.0,0.0
3548,0.0,0.0,0,0,0.0,0.0,0.0,0.0
3549,0.0,0.0,0,0,0.0,0.0,0.0,0.0
3550,0.0,0.0,0,0,0.0,0.0,0.0,0.0
3551,0.0,0.0,0,0,0.0,0.0,0.0,0.0
3552,0.0,0.0,0,0,0.0,0.0,0.0,0.0
3553,0.0,0.0,0,0,0.0,0.0,0.0,0.0
3554,0.0,0.0,0,0,0.0,0.0,0.0,0.0
3555,0.0,0.0,0,0,0.0,0.0,0.0,0.0
3556,0.0,0.0,0,0,0.0,0.0,0.0,0.0
3557,0.0,0.0,0,0,0.0,0.0,0.0,0.0
3558,0.0,0.0,0,0,0.0,0.0,0.0,0.0
3559,0.0,0.0,0,0,0.0,0.0,0.0,0.0
3560,0.0,0.0,0,0,0.0,0.0,0.0,0.0
3561,0.0,0.0,0,0,0.0,0.0,0.0,0.0
3562,0.0,0.0,0,0,0.0,0.0,0.0,0.0
3563,0.0,0.0,0,0,0.0,0.0,0.0,0.0
3564,0.0,0.0,0,0,0.0,0.0,0.0,0.0
3565,0.0,0.0,0,0,0.0,0.0,0.0,0.0
3566,0.0,0.0,0,0,0.0,0.0,0.0,0.0
3567,0.0,0.0,0,0,0.0,0.0,0.0,0.0
3568,0.0,0.0,0,0,0.0,0.0,0.0,0.0
3569,0.0,0.0,0,0,0.0,0.0,0.0,0.0
3570,0.0,0.0,0,0,0.0,0.0,0.0,0.0
3571,0.0,0.0,0,0,0.0,0.0,0.0,0.0
3572,0.0,0.0,0,0,0.0,0.0,0.0,0.0
3573,0.0,0.0,0,0,0.0,0.0,0.0,0.0
3574,0.0,0.0,0,0,0.0,0.0,0.0,0.0
3575,0.0,0.0,0,0,0.0,0.0,0.0,0.0
3576,0.0,0.0,0,0,0.0,0.0,0.0,0.0
3577,0.0,0.0,0,0,0.0,0.0,0.0,0.0
3578,0.0,0.0,0,0,0.0,0.0,0.0,0.0
3579,0.0,0.0,0,0,0.0,0.0,0.0,0.0
3580,0.0,0.0,0,0,0.0,0.0,0.0,0.0
3581,0.0,0.0,0,0,0.0,0.0,0.0,0.0
3582,0.0,0.0,0,0,0.0,0.0,0.0,0.0
3583,0.0,0.0,0,0,0.0,0.0,0.0,0.0
3584,0.0,0.0,0,0,0.0,0.0,0.0,0.0
3585,0.0,0.0,0,0,0.0,0.0,0.0,0.0
3586,0.0,0.0,0,0,0.0,0.0,0.0,0.0
3587,0.0,0.0,0,0,0.0,0.0,0.0,0.0
3588,0.0,0.0,0,0,0.0,0.0,0.0,0.0
3589,0.0,0.0,0,0,0.0,0.0,0.0,0.0
3590,0.0,0.0,0,0,0.0,0.0,0.0,0.0
3591,0.0,0.0,0,0,0.0,0.0,0.0,0.0
3592,0.0,0.0,0,0,0.0,0.0,0.0,0.0
3593,0.0,0.0,0,0,0.0,0.0,0.0,0.0
3594,0.0,0.0,0,0,0.0,0.0,0.0,0.0
3595,0.0,0.0,0,0,0.0,0.0,0.0,0.0
3596,0.0,0.0,0,0,0.0,0.0,0.0,0.0
3597,0.0,0.0,0,0,0.0,0.0,0.0,0.0
3598,0.0,0.0,0,0,0.0,0.0,0.0,0.0
3599,0.0,0.0,0,0,0.0,0.0,0.0,0.0
3600,0.0,0.0,0,0,0.0,0.0,0.0,0.0
3601,0.0,0.0,0,0,0.0,0.0,0.0,0.0
3602,0.0,0.0,0,0,0.0,0.0,0.0,0.0
3603,0.0,0.0,0,0,0.0,0.0,0.0,0.0
3604,0.0,0.0,0,0,0.0,0.0,0.0,0.0
3605,0.0,0.0,0,0,0.0,0.0,0.0,0.0
3606,0.0,0.0,0,0,0.0,0.0,0.0,0.0
3607,0.0,0.0,0,0,0.0,0.0,0.0,0.0
3608,0.0,0.0,0,0,0.0,0.0,0.0,0.0
3609,0.0,0.0,0,0,0.0,0.0,0.0,0.0
3610,0.0,0.0,0,0,0.0,0.0,0.0,0.0
3611,0.0,0.0,0,0,0.0,0.0,0.0,0.0
3612,0.0,0.0,0,0,0.0,0.0,0.0,0.0
3613,0.0,0.0,0,0,0.0,0.0,0.0,0.0
3614,0.0,0.0,0,0,0.0,0.0,0.0,0.0
3615,0.0,0.0,0,0,0.0,0.0,0.0,0.0
3616,0.0,0.0,0,0,0.0,0.0,0.0,0.0
3617,0.0,0.0,0,0,0.0,0.0,0.0,0.0
3618,0.0,0.0,0,0,0.0,0.0,0.0,0.0
3619,0.0,0.0,0,0,0.0,0.0,0.0,0.0
3620,0.0,0.0,0,0,0.0,0.0,0.0,0.0
3621,0.0,0.0,0,0,0.0,0.0,0.0,0.0
3622,0.0,0.0,0,0,0.0,0.0,0.0,0.0
3623,0.0,0.0,0,0,0.0,0.0,0.0,0.0
3624,0.0,0.0,0,0,0.0,0.0,0.0,0.0
3625,0.0,0.0,0,0,0.0,0.0,0.0,0.0
3626,0.0,0.0,0,0,0.0,0.0,0.0,0.0
3627,0.0,0.0,0,0,0.0,0.0,0.0,0.0
3628,0.0,0.0,0,0,0.0,0.0,0.0,0.0
3629,0.0,0.0,0,0,0.0,0.0,0.0,0.0
3630,0.0,0.0,0,0,0.0,0.0,0.0,0.0
3631,0.0,0.0,0,0,0.0,0.0,0.0,0.0
3632,0.0,0.0,0,0,0.0,0.0,0.0,0.0
3633,0.0,0.0,0,0,0.0,0.0,0.0,0.0
3634,0.0,0.0,0,0,0.0,0.0,0.0,0.0
3635,0.0,0.0,0,0,0.0,0.0,0.0,0.0
3636,0.0,0.0,0,0,0.0,0.0,0.0,0.0
3637,0.0,0.0,0,0,0.0,0.0,0.0,0.0
3638,0.0,0.0,0,0,0.0,0.0,0.0,0.0
3639,0.0,0.0,0,0,0.0,0.0,0.0,0.0
3640,0.0,0.0,0,0,0.0,0.0,0.0,0.0
3641,0.0,0.0,0,0,0.0,0.0,0.0,0.0
3642,0.0,0.0,0,0,0.0,0.0,0.0,0.0
3643,0.0,0.0,0,0,0.0,0.0,0.0,0.0
3644,0.0,0.0,0,0,0.0,0.0,0.0,0.0
3645,0.0,0.0,0,0,0.0,0.0,0.0,0.0
3646,0.0,0.0,0,0,0.0,0.0,0.0,0.0
3647,0.0,0.0,0,0,0.0,0.0,0.0,0.0
3648,0.0,0.0,0,0,0.0,0.0,0.0,0.0
3649,0.0,0.0,0,0,0.0,0.0,0.0,0.0
3650,0.0,0.0,0,0,0.0,0.0,0.0,0.0
3651,0.0,0.0,0,0,0.0,0.0,0.0,0.0
3652,0.0,0.0,0,0,0.0,0.0,0.0,0.0
3653,0.0,0.0,0,0,0.0,0.0,0.0,0.0
3654,0.0,0.0,0,0,0.0,0.0,0.0,0.0
3655,0.0,0.0,0,0,0.0,0.0,0.0,0.0
3656,0.0,0.0,0,0,0.0,0.0,0.0,0.0
3657,0.0,0.0,0,0,0.0,0.0,0.0,0.0
3658,0.0,0.0,0,0,0.0,0.0,0.0,0.0
3659,0.0,0.0,0,0,0.0,0.0,0.0,0.0
3660,0.0,0.0,0,0,0.0,0.0,0.0,0.0
3661,0.0,0.0,0,0,0.0,0.0,0.0,0.0
3662,0.0,0.0,0,0,0.0,0.0,0.0,0.0
3663,0.0,0.0,0,0,0.0,0.0,0.0,0.0
3664,0.0,0.0,0,0,0.0,0.0,0.0,0.0
3665,0.0,0.0,0,0,0.0,0.0,0.0,0.0
3666,0.0,0.0,0,0,0.0,0.0,0.0,0.0
3667,0.0,0.0,0,0,0.0,0.0,0.0,0.0
3668,0.0,0.0,0,0,0.0,0.0,0.0,0.0
3669,0.0,0.0,0,0,0.0,0.0,0.0,0.0
3670,0.0,0.0,0,0,0.0,0.0,0.0,0.0
3671,0.0,0.0,0,0,0.0,0.0,0.0,0.0
3672,0.0,0.0,0,0,0.0,0.0,0.0,0.0
3673,0.0,0.0,0,0,0.0,0.0,0.0,0.0
3674,0.0,0.0,0,0,0.0,0.0,0.0,0.0
3675,0.0,0.0,0,0,0.0,0.0,0.0,0.0
3676,0.0,0.0,0,0,0.0,0.0,0.0,0.0
3677,0.0,0.0,0,0,0.0,0.0,0.0,0.0
3678,0.0,0.0,0,0,0.0,0.0,0.0,0.0
3679,0.0,0.0,0,0,0.0,0.0,0.0,0.0
3680,0.0,0.0,0,0,0.0,0.0,0.0,0.0
3681,0.0,0.0,0,0,0.0,0.0,0.0,0.0
3682,0.0,0.0,0,0,0.0,0.0,0.0,0.0
3683,0.0,0.0,0,0,0.0,0.0,0.0,0.0
3684,0.0,0.0,0,0,0.0,0.0,0.0,0.0
3685,0.0,0.0,0,0,0.0,0.0,0.0,0.0
3686,0.0,0.0,0,0,0.0,0.0,0.0,0.0
3687,0.0,0.0,0,0,0.0,0.0,0.0,0.0
3688,0.0,0.0,0,0,0.0,0.0,0.0,0.0
3689,0.0,0.0,0,0,0.0,0.0,0.0,0.0
3690,0.0,0.0,0,0,0.0,0.0,0.0,0.0
3691,0.0,0.0,0,0,0.0,0.0,0.0,0.0
3692,0.0,0.0,0,0,0.0,0.0,0.0,0.0
3693,0.0,0.0,0,0,0.0,0.0,0.0,0.0
3694,0.0,0.0,0,0,0.0,0.0,0.0,0.0
3695,0.0,0.0,0,0,0.0,0.0,0.0,0.0
3696,0.0,0.0,0,0,0.0,0.0,0.0,0.0
3697,0.0,0.0,0,0,0.0,0.0,0.0,0.0
3698,0.0,0.0,0,0,0.0,0.0,0.0,0.0
3699,0.0,0.0,0,0,0.0,0.0,0.0,0.0
3700,0.0,0.0,0,0,0.0,0.0,0.0,0.0
3701,0.0,0.0,0,0,0.0,0.0,0.0,0.0
3702,0.0,0.0,0,0,0.0,0.0,0.0,0.0
3703,0.0,0.0,0,0,0.0,0.0,0.0,0.0
3704,0.0,0.0,0,0,0.0,0.0,0.0,0.0
3705,0.0,0.0,0,0,0.0,0.0,0.0,0.0
3706,0.0,0.0,0,0,0.0,0.0,0.0,0.0
3707,0.0,0.0,0,0,0.0,0.0,0.0,0.0
3708,0.0,0.0,0,0,0.0,0.0,0.0,0.0
3709,0.0,0.0,0,0,0.0,0.0,0.0,0.0
3710,0.0,0.0,0,0,0.0,0.0,0.0,0.0
3711,0.0,0.0,0,0,0.0,0.0,0.0,0.0
3712,0.0,0.0,0,0,0.0,0.0,0.0,0.0
3713,0.0,0.0,0,0,0.0,0.0,0.0,0.0
3714,0.0,0.0,0,0,0.0,0.0,0.0,0.0
3715,0.0,0.0,0,0,0.0,0.0,0.0,0.0
3716,0.0,0.0,0,0,0.0,0.0,0.0,0.0
3717,0.0,0.0,0,0,0.0,0.0,0.0,0.0
3718,0.0,0.0,0,0,0.0,0.0,0.0,0.0
3719,0.0,0.0,0,0,0.0,0.0,0.0,0.0
3720,0.0,0.0,0,0,0.0,0.0,0.0,0.0
3721,0.0,0.0,0,0,0.0,0.0,0.0,0.0
3722,0.0,0.0,0,0,0.0,0.0,0.0,0.0
3723,0.0,0.0,0,0,0.0,0.0,0.0,0.0
3724,0.0,0.0,0,0,0.0,0.0,0.0,0.0
3725,0.0,0.0,0,0,0.0,0.0,0.0,0.0
3726,0.0,0.0,0,0,0.0,0.0,0.0,0.0
3727,0.0,0.0,0,0,0.0,0.0,0.0,0.0
3728,0.0,0.0,0,0,0.0,0.0,0.0,0.0
3729,0.0,0.0,0,0,0.0,0.0,0.0,0.0
3730,0.0,0.0,0,0,0.0,0.0,0.0,0.0
3731,0.0,0.0,0,0,0.0,0.0,0.0,0.0
3732,0.0,0.0,0,0,0.0,0.0,0.0,0.0
3733,0.0,0.0,0,0,0.0,0.0,0.0,0.0
3734,0.0,0.0,0,0,0.0,0.0,0.0,0.0
3735,0.0,0.0,0,0,0.0,0.0,0.0,0.0
3736,0.0,0.0,0,0,0.0,0.0,0.0,0.0
3737,0.0,0.0,0,0,0.0,0.0,0.0,0.0
3738,0.0,0.0,0,0,0.0,0.0,0.0,0.0
3739,0.0,0.0,0,0,0.0,0.0,0.0,0.0
3740,0.0,0.0,0,0,0.0,0.0,0.0,0.0
3741,0.0,0.0,0,0,0.0,0.0,0.0,0.0
3742,0.0,0.0,0,0,0.0,0.0,0.0,0.0
3743,0.0,0.0,0,0,0.0,0.0,0.0,0.0
3744,0.0,0.0,0,0,0.0,0.0,0.0,0.0
3745,0.0,0.0,0,0,0.0,0.0,0.0,0.0
3746,0.0,0.0,0,0,0.0,0.0,0.0,0.0
3747,0.0,0.0,0,0,0.0,0.0,0.0,0.0
3748,0.0,0.0,0,0,0.0,0.0,0.0,0.0
3749,0.0,0.0,0,0,0.0,0.0,0.0,0.0
3750,0.0,0.0,0,0,0.0,0.0,0.0,0.0
3751,0.0,0.0,0,0,0.0,0.0,0.0,0.0
3752,0.0,0.0,0,0,0.0,0.0,0.0,0.0
3753,0.0,0.0,0,0,0.0,0.0,0.0,0.0
3754,0.0,0.0,0,0,0.0,0.0,0.0,0.0
3755,0.0,0.0,0,0,0.0,0.0,0.0,0.0
3756,0.0,0.0,0,0,0.0,0.0,0.0,0.0
3757,0.0,0.0,0,0,0.0,0.0,0.0,0.0
3758,0.0,0.0,0,0,0.0,0.0,0.0,0.0
3759,0.0,0.0,0,0,0.0,0.0,0.0,0.0
3760,0.0,0.0,0,0,0.0,0.0,0.0,0.0
3761,0.0,0.0,0,0,0.0,0.0,0.0,0.0
3762,0.0,0.0,0,0,0.0,0.0,0.0,0.0
3763,0.0,0.0,0,0,0.0,0.0,0.0,0.0
3764,0.0,0.0,0,0,0.0,0.0,0.0,0.0
3765,0.0,0.0,0,0,0.0,0.0,0.0,0.0
3766,0.0,0.0,0,0,0.0,0.0,0.0,0.0
3767,0.0,0.0,0,0,0.0,0.0,0.0,0.0
3768,0.0,0.0,0,0,0.0,0.0,0.0,0.0
3769,0.0,0.0,0,0,0.0,0.0,0.0,0.0
3770,0.0,0.0,0,0,0.0,0.0,0.0,0.0
3771,0.0,0.0,0,0,0.0,0.0,0.0,0.0
3772,0.0,0.0,0,0,0.0,0.0,0.0,0.0
3773,0.0,0.0,0,0,0.0,0.0,0.0,0.0
3774,0.0,0.0,0,0,0.0,0.0,0.0,0.0
3775,0.0,0.0,0,0,0.0,0.0,0.0,0.0
3776,0.0,0.0,0,0,0.0,0.0,0.0,0.0
3777,0.0,0.0,0,0,0.0,0.0,0.0,0.0
3778,0.0,0.0,0,0,0.0,0.0,0.0,0.0
3779,0.0,0.0,0,0,0.0,0.0,0.0,0.0
3780,0.0,0.0,0,0,0.0,0.0,0.0,0.0
3781,0.0,0.0,0,0,0.0,0.0,0.0,0.0
3782,0.0,0.0,0,0,0.0,0.0,0.0,0.0
3783,0.0,0.0,0,0,0.0,0.0,0.0,0.0
3784,0.0,0.0,0,0,0.0,0.0,0.0,0.0
3785,0.0,0.0,0,0,0.0,0.0,0.0,0.0
3786,0.0,0.0,0,0,0.0,0.0,0.0,0.0
3787,0.0,0.0,0,0,0.0,0.0,0.0,0.0
3788,0.0,0.0,0,0,0.0,0.0,0.0,0.0
3789,0.0,0.0,0,0,0.0,0.0,0.0,0.0
3790,0.0,0.0,0,0,0.0,0.0,0.0,0.0
3791,0.0,0.0,0,0,0.0,0.0,0.0,0.0
3792,0.0,0.0,0,0,0.0,0.0,0.0,0.0
3793,0.0,0.0,0,0,0.0,0.0,0.0,0.0
3794,0.0,0.0,0,0,0.0,0.0,0.0,0.0
3795,0.0,0.0,0,0,0.0,0.0,0.0,0.0
3796,0.0,0.0,0,0,0.0,0.0,0.0,0.0
3797,0.0,0.0,0,0,0.0,0.0,0.0,0.0
3798,0.0,0.0,0,0,0.0,0.0,0.0,0.0
3799,0.0,0.0,0,0,0.0,0.0,0.0,0.0
3800,0.0,0.0,0,0,0.0,0.0,0.0,0.0
3801,0.0,0.0,0,0,0.0,0.0,0.0,0.0
3802,0.0,0.0,0,0,0.0,0.0,0.0,0.0
3803,0.0,0.0,0,0,0.0,0.0,0.0,0.0
3804,0.0,0.0,0,0,0.0,0.0,0.0,0.0
3805,0.0,0.0,0,0,0.0,0.0,0.0,0.0
3806,0.0,0.0,0,0,0.0,0.0,0.0,0.0
3807,0.0,0.0,0,0,0.0,0.0,0.0,0.0
3808,0.0,0.0,0,0,0.0,0.0,0.0,0.0
3809,0.0,0.0,0,0,0.0,0.0,0.0,0.0
3810,0.0,0.0,0,0,0.0,0.0,0.0,0.0
3811,0.0,0.0,0,0,0.0,0.0,0.0,0.0
3812,0.0,0.0,0,0,0.0,0.0,0.0,0.0
3813,0.0,0.0,0,0,0.0,0.0,0.0,0.0
3814,0.0,0.0,0,0,0.0,0.0,0.0,0.0
3815,0.0,0.0,0,0,0.0,0.0,0.0,0.0
3816,0.0,0.0,0,0,0.0,0.0,0.0,0.0
3817,0.0,0.0,0,0,0.0,0.0,0.0,0.0
3818,0.0,0.0,0,0,0.0,0.0,0.0,0.0
3819,0.0,0.0,0,0,0.0,0.0,0.0,0.0
3820,0.0,0.0,0,0,0.0,0.0,0.0,0.0
3821,0.0,0.0,0,0,0.0,0.0,0.0,0.0
3822,0.0,0.0,0,0,0.0,0.0,0.0,0.0
3823,0.0,0.0,0,0,0.0,0.0,0.0,0.0
3824,0.0,0.0,0,0,0.0,0.0,0.0,0.0
3825,0.0,0.0,0,0,0.0,0.0,0.0,0.0
3826,0.0,0.0,0,0,0.0,0.0,0.0,0.0
3827,0.0,0.0,0,0,0.0,0.0,0.0,0.0
3828,0.0,0.0,0,0,0.0,0.0,0.0,0.0
3829,0.0,0.0,0,0,0.0,0.0,0.0,0.0
3830,0.0,0.0,0,0,0.0,0.0,0.0,0.0
3831,0.0,0.0,0,0,0.0,0.0,0.0,0.0
3832,0.0,0.0,0,0,0.0,0.0,0.0,0.0
3833,0.0,0.0,0,0,0.0,0.0,0.0,0.0
3834,0.0,0.0,0,0,0.0,0.0,0.0,0.0
3835,0.0,0.0,0,0,0.0,0.0,0.0,0.0
3836,0.0,0.0,0,0,0.0,0.0,0.0,0.0
3837,0.0,0.0,0,0,0.0,0.0,0.0,0.0
3838,0.0,0.0,0,0,0.0,0.0,0.0,0.0
3839,0.0,0.0,0,0,0.0,0.0,0.0,0.0
3840,0.0,0.0,0,0,0.0,0.0,0.0,0.0
3841,0.0,0.0,0,0,0.0,0.0,0.0,0.0
3842,0.0,0.0,0,0,0.0,0.0,0.0,0.0
3843,0.0,0.0,0,0,0.0,0.0,0.0,0.0
3844,0.0,0.0,0,0,0.0,0.0,0.0,0.0
3845,0.0,0.0,0,0,0.0,0.0,0.0,0.0
3846,0.0,0.0,0,0,0.0,0.0,0.0,0.0
3847,0.0,0.0,0,0,0.0,0.0,0.0,0.0
3848,0.0,0.0,0,0,0.0,0.0,0.0,0.0
3849,0.0,0.0,0,0,0.0,0.0,0.0,0.0
3850,0.0,0.0,0,0,0.0,0.0,0.0,0.0
3851,0.0,0.0,0,0,0.0,0.0,0.0,0.0
3852,0.0,0.0,0,0,0.0,0.0,0.0,0.0
3853,0.0,0.0,0,0,0.0,0.0,0.0,0.0
3854,0.0,0.0,0,0,0.0,0.0,0.0,0.0
3855,0.0,0.0,0,0,0.0,0.0,0.0,0.0
3856,0.0,0.0,0,0,0.0,0.0,0.0,0.0
3857,0.0,0.0,0,0,0.0,0.0,0.0,0.0
3858,0.0,0.0,0,0,0.0,0.0,0.0,0.0
3859,0.0,0.0,0,0,0.0,0.0,0.0,0.0
3860,0.0,0.0,0,0,0.0,0.0,0.0,0.0
3861,0.0,0.0,0,0,0.0,0.0,0.0,0.0
3862,0.0,0.0,0,0,0.0,0.0,0.0,0.0
3863,0.0,0.0,0,0,0.0,0.0,0.0,0.0
3864,0.0,0.0,0,0,0.0,0.0,0.0,0.0
3865,0.0,0.0,0,0,0.0,0.0,0.0,0.0
3866,0.0,0.0,0,0,0.0,0.0,0.0,0.0
3867,0.0,0.0,0,0,0.0,0.0,0.0,0.0
3868,0.0,0.0,0,0,0.0,0.0,0.0,0.0
3869,0.0,0.0,0,0,0.0,0.0,0.0,0.0
3870,0.0,0.0,0,0,0.0,0.0,0.0,0.0
3871,0.0,0.0,0,0,0.0,0.0,0.0,0.0
3872,0.0,0.0,0,0,0.0,0.0,0.0,0.0
3873,0.0,0.0,0,0,0.0,0.0,0.0,0.0
3874,0.0,0.0,0,0,0.0,0.0,0.0,0.0
3875,0.0,0.0,0,0,0.0,0.0,0.0,0.0
3876,0.0,0.0,0,0,0.0,0.0,0.0,0.0
3877,0.0,0.0,0,0,0.0,0.0,0.0,0.0
3878,0.0,0.0,0,0,0.0,0.0,0.0,0.0
3879,0.0,0.0,0,0,0.0,0.0,0.0,0.0
3880,0.0,0.0,0,0,0.0,0.0,0.0,0.0
3881,0.0,0.0,0,0,0.0,0.0,0.0,0.0
3882,0.0,0.0,0,0,0.0,0.0,0.0,0.0
3883,0.0,0.0,0,0,0.0,0.0,0.0,0.0
3884,0.0,0.0,0,0,0.0,0.0,0.0,0.0
3885,0.0,0.0,0,0,0.0,0.0,0.0,0.0
3886,0.0,0.0,0,0,0.0,0.0,0.0,0.0
3887,0.0,0.0,0,0,0.0,0.0,0.0,0.0
3888,0.0,0.0,0,0,0.0,0.0,0.0,0.0
3889,0.0,0.0,0,0,0.0,0.0,0.0,0.0
3890,0.0,0.0,0,0,0.0,0.0,0.0,0.0
3891,0.0,0.0,0,0,0.0,0.0,0.0,0.0
3892,0.0,0.0,0,0,0.0,0.0,0.0,0.0
3893,0.0,0.0,0,0,0.0,0.0,0.0,0.0
3894,0.0,0.0,0,0,0.0,0.0,0.0,0.0
3895,0.0,0.0,0,0,0.0,0.0,0.0,0.0
3896,0.0,0.0,0,0,0.0,0.0,0.0,0.0
3897,0.0,0.0,0,0,0.0,0.0,0.0,0.0
3898,0.0,0.0,0,0,0.0,0.0,0.0,0.0
3899,0.0,0.0,0,0,0.0,0.0,0.0,0.0
3900,0.0,0.0,0,0,0.0,0.0,0.0,0.0
3901,0.0,0.0,0,0,0.0,0.0,0.0,0.0
3902,0.0,0.0,0,0,0.0,0.0,0.0,0.0
3903,0.0,0.0,0,0,0.0,0.0,0.0,0.0
3904,0.0,0.0,0,0,0.0,0.0,0.0,0.0
3905,0.0,0.0,0,0,0.0,0.0,0.0,0.0
3906,0.0,0.0,0,0,0.0,0.0,0.0,0.0
3907,0.0,0.0,0,0,0.0,0.0,0.0,0.0
3908,0.0,0.0,0,0,0.0,0.0,0.0,0.0
3909,0.0,0.0,0,0,0.0,0.0,0.0,0.0
3910,0.0,0.0,0,0,0.0,0.0,0.0,0.0
3911,0.0,0.0,0,0,0.0,0.0,0.0,0.0
3912,0.0,0.0,0,0,0.0,0.0,0.0,0.0
3913,0.0,0.0,0,0,0.0,0.0,0.0,0.0
3914,0.0,0.0,0,0,0.0,0.0,0.0,0.0
3915,0.0,0.0,0,0,0.0,0.0,0.0,0.0
3916,0.0,0.0,0,0,0.0,0.0,0.0,0.0
3917,0.0,0.0,0,0,0.0,0.0,0.0,0.0
3918,0.0,0.0,0,0,0.0,0.0,0.0,0.0
3919,0.0,0.0,0,0,0.0,0.0,0.0,0.0
3920,0.0,0.0,0,0,0.0,0.0,0.0,0.0
3921,0.0,0.0,0,0,0.0,0.0,0.0,0.0
3922,0.0,0.0,0,0,0.0,0.0,0.0,0.0
3923,0.0,0.0,0,0,0.0,0.0,0.0,0.0
3924,0.0,0.0,0,0,0.0,0.0,0.0,0.0
3925,0.0,0.0,0,0,0.0,0.0,0.0,0.0
3926,0.0,0.0,0,0,0.0,0.0,0.0,0.0
3927,0.0,0.0,0,0,0.0,0.0,0.0,0.0
3928,0.0,0.0,0,0,0.0,0.0,0.0,0.0
3929,0.0,0.0,0,0,0.0,0.0,0.0,0.0
3930,0.0,0.0,0,0,0.0,0.0,0.0,0.0
3931,0.0,0.0,0,0,0.0,0.0,0.0,0.0
3932,0.0,0.0,0,0,0.0,0.0,0.0,0.0
3933,0.0,0.0,0,0,0.0,0.0,0.0,0.0
3934,0.0,0.0,0,0,0.0,0.0,0.0,0.0
3935,0.0,0.0,0,0,0.0,0.0,0.0,0.0
3936,0.0,0.0,0,0,0.0,0.0,0.0,0.0
3937,0.0,0.0,0,0,0.0,0.0,0.0,0.0
3938,0.0,0.0,0,0,0.0,0.0,0.0,0.0
3939,0.0,0.0,0,0,0.0,0.0,0.0,0.0
3940,0.0,0.0,0,0,0.0,0.0,0.0,0.0
3941,0.0,0.0,0,0,0.0,0.0,0.0,0.0
3942,0.0,0.0,0,0,0.0,0.0,0.0,0.0
3943,0.0,0.0,0,0,0.0,0.0,0.0,0.0
3944,0.0,0.0,0,0,0.0,0.0,0.0,0.0
3945,0.0,0.0,0,0,0.0,0.0,0.0,0.0
3946,0.0,0.0,0,0,0.0,0.0,0.0,0.0
3947,0.0,0.0,0,0,0.0,0.0,0.0,0.0
3948,0.0,0.0,0,0,0.0,0.0,0.0,0.0
3949,0.0,0.0,0,0,0.0,0.0,0.0,0.0
3950,0.0,0.0,0,0,0.0,0.0,0.0,0.0
3951,0.0,0.0,0,0,0.0,0.0,0.0,0.0
3952,0.0,0.0,0,0,0.0,0.0,0.0,0.0
3953,0.0,0.0,0,0,0.0,0.0,0.0,0.0
3954,0.0,0.0,0,0,0.0,0.0,0.0,0.0
3955,0.0,0.0,0,0,0.0,0.0,0.0,0.0
3956,0.0,0.0,0,0,0.0,0.0,0.0,0.0
3957,0.0,0.0,0,0,0.0,0.0,0.0,0.0
3958,0.0,0.0,0,0,0.0,0.0,0.0,0.0
3959,0.0,0.0,0,0,0.0,0.0,0.0,0.0
3960,0.0,0.0,0,0,0.0,0.0,0.0,0.0
3961,0.0,0.0,0,0,0.0,0.0,0.0,0.0
3962,0.0,0.0,0,0,0.0,0.0,0.0,0.0
3963,0.0,0.0,0,0,0.0,0.0,0.0,0.0
3964,0.0,0.0,0,0,0.0,0.0,0.0,0.0
3965,0.0,0.0,0,0,0.0,0.0,0.0,0.0
3966,0.0,0.0,0,0,0.0,0.0,0.0,0.0
3967,0.0,0.0,0,0,0.0,0.0,0.0,0.0
3968,0.0,0.0,0,0,0.0,0.0,0.0,0.0
3969,0.0,0.0,0,0,0.0,0.0,0.0,0.0
3970,0.0,0.0,0,0,0.0,0.0,0.0,0.0
3971,0.0,0.0,0,0,0.0,0.0,0.0,0.0
3972,0.0,0.0,0,0,0.0,0.0,0.0,0.0
3973,0.0,0.0,0,0,0.0,0.0,0.0,0.0
3974,0.0,0.0,0,0,0.0,0.0,0.0,0.0
3975,0.0,0.0,0,0,0.0,0.0,0.0,0.0
3976,0.0,0.0,0,0,0.0,0.0,0.0,0.0
3977,0.0,0.0,0,0,0.0,0.0,0.0,0.0
3978,0.0,0.0,0,0,0.0,0.0,0.0,0.0
3979,0.0,0.0,0,0,0.0,0.0,0.0,0.0
3980,0.0,0.0,0,0,0.0,0.0,0.0,0.0
3981,0.0,0.0,0,0,0.0,0.0,0.0,0.0
3982,0.0,0.0,0,0,0.0,0.0,0.0,0.0
3983,0.0,0.0,0,0,0.0,0.0,0.0,0.0
3984,0.0,0.0,0,0,0.0,0.0,0.0,0.0
3985,0.0,0.0,0,0,0.0,0.0,0.0,0.0
3986,0.0,0.0,0,0,0.0,0.0,0.0,0.0
3987,0.0,0.0,0,0,0.0,0.0,0.0,0.0
3988,0.0,0.0,0,0,0.0,0.0,0.0,0.0
3989,0.0,0.0,0,0,0.0,0.0,0.0,0.0
3990,0.0,0.0,0,0,0.0,0.0,0.0,0.0
3991,0.0,0.0,0,0,0.0,0.0,0.0,0.0
3992,0.0,0.0,0,0,0.0,0.0,0.0,0.0
3993,0.0,0.0,0,0,0.0,0.0,0.0,0.0
3994,0.0,0.0,0,0,0.0,0.0,0.0,0.0
3995,0.0,0.0,0,0,0.0,0.0,0.0,0.0
3996,0.0,0.0,0,0,0.0,0.0,0.0,0.0
3997,0.0,0.0,0,0,0.0,0.0,0.0,0.0
3998,0.0,0.0,0,0,0.0,0.0,0.0,0.0
3999,0.0,0.0,0,0,0.0,0.0,0.0,0.0
4000,0.0,0.0,0,0,0.0,0.0,0.0,0.0
4001,0.0,0.0,0,0,0.0,0.0,0.0,0.0
4002,0.0,0.0,0,0,0.0,0.0,0.0,0.0
4003,0.0,0.0,0,0,0.0,0.0,0.0,0.0
4004,0.0,0.0,0,0,0.0,0.0,0.0,0.0
4005,0.0,0.0,0,0,0.0,0.0,0.0,0.0
4006,0.0,0.0,0,0,0.0,0.0,0.0,0.0
4007,0.0,0.0,0,0,0.0,0.0,0.0,0.0
4008,0.0,0.0,0,0,0.0,0.0,0.0,0.0
4009,0.0,0.0,0,0,0.0,0.0,0.0,0.0
4010,0.0,0.0,0,0,0.0,0.0,0.0,0.0
4011,0.0,0.0,0,0,0.0,0.0,0.0,0.0
4012,0.0,0.0,0,0,0.0,0.0,0.0,0.0
4013,0.0,0.0,0,0,0.0,0.0,0.0,0.0
4014,0.0,0.0,0,0,0.0,0.0,0.0,0.0
4015,0.0,0.0,0,0,0.0,0.0,0.0,0.0
4016,0.0,0.0,0,0,0.0,0.0,0.0,0.0
4017,0.0,0.0,0,0,0.0,0.0,0.0,0.0
4018,0.0,0.0,0,0,0.0,0.0,0.0,0.0
4019,0.0,0.0,0,0,0.0,0.0,0.0,0.0
4020,0.0,0.0,0,0,0.0,0.0,0.0,0.0
4021,0.0,0.0,0,0,0.0,0.0,0.0,0.0
4022,0.0,0.0,0,0,0.0,0.0,0.0,0.0
4023,0.0,0.0,0,0,0.0,0.0,0.0,0.0
4024,0.0,0.0,0,0,0.0,0.0,0.0,0.0
4025,0.0,0.0,0,0,0.0,0.0,0.0,0.0
4026,0.0,0.0,0,0,0.0,0.0,0.0,0.0
4027,0.0,0.0,0,0,0.0,0.0,0.0,0.0
4028,0.0,0.0,0,0,0.0,0.0,0.0,0.0
4029,0.0,0.0,0,0,0.0,0.0,0.0,0.0
4030,0.0,0.0,0,0,0.0,0.0,0.0,0.0
4031,0.0,0.0,0,0,0.0,0.0,0.0,0.0
4032,0.0,0.0,0,0,0.0,0.0,0.0,0.0
4033,0.0,0.0,0,0,0.0,0.0,0.0,0.0
4034,0.0,0.0,0,0,0.0,0.0,0.0,0.0
4035,0.0,0.0,0,0,0.0,0.0,0.0,0.0
4036,0.0,0.0,0,0,0.0,0.0,0.0,0.0
4037,0.0,0.0,0,0,0.0,0.0,0.0,0.0
4038,0.0,0.0,0,0,0.0,0.0,0.0,0.0
4039,0.0,0.0,0,0,0.0,0.0,0.0,0.0
4040,0.0,0.0,0,0,0.0,0.0,0.0,0.0
4041,0.0,0.0,0,0,0.0,0.0,0.0,0.0
4042,0.0,0.0,0,0,0.0,0.0,0.0,0.0
4043,0.0,0.0,0,0,0.0,0.0,0.0,0.0
4044,0.0,0.0,0,0,0.0,0.0,0.0,0.0
4045,0.0,0.0,0,0,0.0,0.0,0.0,0.0
4046,0.0,0.0,0,0,0.0,0.0,0.0,0.0
4047,0.0,0.0,0,0,0.0,0.0,0.0,0.0
4048,0.0,0.0,0,0,0.0,0.0,0.0,0.0
4049,0.0,0.0,0,0,0.0,0.0,0.0,0.0
4050,0.0,0.0,0,0,0.0,0.0,0.0,0.0
4051,0.0,0.0,0,0,0.0,0.0,0.0,0.0
4052,0.0,0.0,0,0,0.0,0.0,0.0,0.0
4053,0.0,0.0,0,0,0.0,0.0,0.0,0.0
4054,0.0,0.0,0,0,0.0,0.0,0.0,0.0
4055,0.0,0.0,0,0,0.0,0.0,0.0,0.0
4056,0.0,0.0,0,0,0.0,0.0,0.0,0.0
4057,0.0,0.0,0,0,0.0,0.0,0.0,0.0
4058,0.0,0.0,0,0,0.0,0.0,0.0,0.0
4059,0.0,0.0,0,0,0.0,0.0,0.0,0.0
4060,0.0,0.0,0,0,0.0,0.0,0.0,0.0
4061,0.0,0.0,0,0,0.0,0.0,0.0,0.0
4062,0.0,0.0,0,0,0.0,0.0,0.0,0.0
4063,0.0,0.0,0,0,0.0,0.0,0.0,0.0
4064,0.0,0.0,0,0,0.0,0.0,0.0,0.0
4065,0.0,0.0,0,0,0.0,0.0,0.0,0.0
4066,0.0,0.0,0,0,0.0,0.0,0.0,0.0
4067,0.0,0.0,0,0,0.0,0.0,0.0,0.0
4068,0.0,0.0,0,0,0.0,0.0,0.0,0.0
4069,0.0,0.0,0,0,0.0,0.0,0.0,0.0
4070,0.0,0.0,0,0,0.0,0.0,0.0,0.0
4071,0.0,0.0,0,0,0.0,0.0,0.0,0.0
4072,0.0,0.0,0,0,0.0,0.0,0.0,0.0
4073,0.0,0.0,0,0,0.0,0.0,0.0,0.0
4074,0.0,0.0,0,0,0.0,0.0,0.0,0.0
4075,0.0,0.0,0,0,0.0,0.0,0.0,0.0
4076,0.0,0.0,0,0,0.0,0.0,0.0,0.0
4077,0.0,0.0,0,0,0.0,0.0,0.0,0.0
4078,0.0,0.0,0,0,0.0,0.0,0.0,0.0
4079,0.0,0.0,0,0,0.0,0.0,0.0,0.0
4080,0.0,0.0,0,0,0.0,0.0,0.0,0.0
4081,0.0,0.0,0,0,0.0,0.0,0.0,0.0
4082,0.0,0.0,0,0,0.0,0.0,0.0,0.0
4083,0.0,0.0,0,0,0.0,0.0,0.0,0.0
4084,0.0,0.0,0,0,0.0,0.0,0.0,0.0
4085,0.0,0.0,0,0,0.0,0.0,0.0,0.0
4086,0.0,0.0,0,0,0.0,0.0,0.0,0.0
4087,0.0,0.0,0,0,0.0,0.0,0.0,0.0
4088,0.0,0.0,0,0,0.0,0.0,0.0,0.0
4089,0.0,0.0,0,0,0.0,0.0,0.0,0.0
4090,0.0,0.0,0,0,0.0,0.0,0.0,0.0
4091,0.0,0.0,0,0,0.0,0.0,0.0,0.0
4092,0.0,0.0,0,0,0.0,0.0,0.0,0.0
4093,0.0,0.0,0,0,0.0,0.0,0.0,0.0
4094,0.0,0.0,0,0,0.0,0.0,0.0,0.0
4095,0.0,0.0,0,0,0.0,0.0,0.0,0.0
4096,0.0,0.0,0,0,0.0,0.0,0.0,0.0
4097,0.0,0.0,0,0,0.0,0.0,0.0,0.0
4098,0.0,0.0,0,0,0.0,0.0,0.0,0.0
4099,0.0,0.0,0,0,0.0,0.0,0.0,0.0
4100,0.0,0.0,0,0,0.0,0.0,0.0,0.0
4101,0.0,0.0,0,0,0.0,0.0,0.0,0.0
4102,0.0,0.0,0,0,0.0,0.0,0.0,0.0
4103,0.0,0.0,0,0,0.0,0.0,0.0,0.0
4104,0.0,0.0,0,0,0.0,0.0,0.0,0.0
4105,0.0,0.0,0,0,0.0,0.0,0.0,0.0
4106,0.0,0.0,0,0,0.0,0.0,0.0,0.0
4107,0.0,0.0,0,0,0.0,0.0,0.0,0.0
4108,0.0,0.0,0,0,0.0,0.0,0.0,0.0
4109,0.0,0.0,0,0,0.0,0.0,0.0,0.0
4110,0.0,0.0,0,0,0.0,0.0,0.0,0.0
4111,0.0,0.0,0,0,0.0,0.0,0.0,0.0
4112,0.0,0.0,0,0,0.0,0.0,0.0,0.0
4113,0.0,0.0,0,0,0.0,0.0,0.0,0.0
4114,0.0,0.0,0,0,0.0,0.0,0.0,0.0
4115,0.0,0.0,0,0,0.0,0.0,0.0,0.0
4116,0.0,0.0,0,0,0.0,0.0,0.0,0.0
4117,0.0,0.0,0,0,0.0,0.0,0.0,0.0
4118,0.0,0.0,0,0,0.0,0.0,0.0,0.0
4119,0.0,0.0,0,0,0.0,0.0,0.0,0.0
4120,0.0,0.0,0,0,0.0,0.0,0.0,0.0
4121,0.0,0.0,0,0,0.0,0.0,0.0,0.0
4122,0.0,0.0,0,0,0.0,0.0,0.0,0.0
4123,0.0,0.0,0,0,0.0,0.0,0.0,0.0
4124,0.0,0.0,0,0,0.0,0.0,0.0,0.0
4125,0.0,0.0,0,0,0.0,0.0,0.0,0.0
4126,0.0,0.0,0,0,0.0,0.0,0.0,0.0
4127,0.0,0.0,0,0,0.0,0.0,0.0,0.0
4128,0.0,0.0,0,0,0.0,0.0,0.0,0.0
4129,0.0,0.0,0,0,0.0,0.0,0.0,0.0
4130,0.0,0.0,0,0,0.0,0.0,0.0,0.0
4131,0.0,0.0,0,0,0.0,0.0,0.0,0.0
4132,0.0,0.0,0,0,0.0,0.0,0.0,0.0
4133,0.0,0.0,0,0,0.0,0.0,0.0,0.0
4134,0.0,0.0,0,0,0.0,0.0,0.0,0.0
4135,0.0,0.0,0,0,0.0,0.0,0.0,0.0
4136,0.0,0.0,0,0,0.0,0.0,0.0,0.0
4137,0.0,0.0,0,0,0.0,0.0,0.0,0.0
4138,0.0,0.0,0,0,0.0,0.0,0.0,0.0
4139,0.0,0.0,0,0,0.0,0.0,0.0,0.0
4140,0.0,0.0,0,0,0.0,0.0,0.0,0.0
4141,0.0,0.0,0,0,0.0,0.0,0.0,0.0
4142,0.0,0.0,0,0,0.0,0.0,0.0,0.0
4143,0.0,0.0,0,0,0.0,0.0,0.0,0.0
4144,0.0,0.0,0,0,0.0,0.0,0.0,0.0
4145,0.0,0.0,0,0,0.0,0.0,0.0,0.0
4146,0.0,0.0,0,0,0.0,0.0,0.0,0.0
4147,0.0,0.0,0,0,0.0,0.0,0.0,0.0
4148,0.0,0.0,0,0,0.0,0.0,0.0,0.0
4149,0.0,0.0,0,0,0.0,0.0,0.0,0.0
4150,0.0,0.0,0,0,0.0,0.0,0.0,0.0
4151,0.0,0.0,0,0,0.0,0.0,0.0,0.0
4152,0.0,0.0,0,0,0.0,0.0,0.0,0.0
4153,0.0,0.0,0,0,0.0,0.0,0.0,0.0
4154,0.0,0.0,0,0,0.0,0.0,0.0,0.0
4155,0.0,0.0,0,0,0.0,0.0,0.0,0.0
4156,0.0,0.0,0,0,0.0,0.0,0.0,0.0
4157,0.0,0.0,0,0,0.0,0.0,0.0,0.0
4158,0.0,0.0,0,0,0.0,0.0,0.0,0.0
4159,0.0,0.0,0,0,0.0,0.0,0.0,0.0
4160,0.0,0.0,0,0,0.0,0.0,0.0,0.0
4161,0.0,0.0,0,0,0.0,0.0,0.0,0.0
4162,0.0,0.0,0,0,0.0,0.0,0.0,0.0
4163,0.0,0.0,0,0,0.0,0.0,0.0,0.0
4164,0.0,0.0,0,0,0.0,0.0,0.0,0.0
4165,0.0,0.0,0,0,0.0,0.0,0.0,0.0
4166,0.0,0.0,0,0,0.0,0.0,0.0,0.0
4167,0.0,0.0,0,0,0.0,0.0,0.0,0.0
4168,0.0,0.0,0,0,0.0,0.0,0.0,0.0
4169,0.0,0.0,0,0,0.0,0.0,0.0,0.0
4170,0.0,0.0,0,0,0.0,0.0,0.0,0.0
4171,0.0,0.0,0,0,0.0,0.0,0.0,0.0
4172,0.0,0.0,0,0,0.0,0.0,0.0,0.0
4173,0.0,0.0,0,0,0.0,0.0,0.0,0.0
4174,0.0,0.0,0,0,0.0,0.0,0.0,0.0
4175,0.0,0.0,0,0,0.0,0.0,0.0,0.0
4176,0.0,0.0,0,0,0.0,0.0,0.0,0.0
4177,0.0,0.0,0,0,0.0,0.0,0.0,0.0
4178,0.0,0.0,0,0,0.0,0.0,0.0,0.0
4179,0.0,0.0,0,0,0.0,0.0,0.0,0.0
4180,0.0,0.0,0,0,0.0,0.0,0.0,0.0
4181,0.0,0.0,0,0,0.0,0.0,0.0,0.0
4182,0.0,0.0,0,0,0.0,0.0,0.0,0.0
4183,0.0,0.0,0,0,0.0,0.0,0.0,0.0
4184,0.0,0.0,0,0,0.0,0.0,0.0,0.0
4185,0.0,0.0,0,0,0.0,0.0,0.0,0.0
4186,0.0,0.0,0,0,0.0,0.0,0.0,0.0
4187,0.0,0.0,0,0,0.0,0.0,0.0,0.0
4188,0.0,0.0,0,0,0.0,0.0,0.0,0.0
4189,0.0,0.0,0,0,0.0,0.0,0.0,0.0
4190,0.0,0.0,0,0,0.0,0.0,0.0,0.0
4191,0.0,0.0,0,0,0.0,0.0,0.0,0.0
4192,0.0,0.0,0,0,0.0,0.0,0.0,0.0
4193,0.0,0.0,0,0,0.0,0.0,0.0,0.0
4194,0.0,0.0,0,0,0.0,0.0,0.0,0.0
4195,0.0,0.0,0,0,0.0,0.0,0.0,0.0
4196,0.0,0.0,0,0,0.0,0.0,0.0,0.0
4197,0.0,0.0,0,0,0.0,0.0,0.0,0.0
4198,0.0,0.0,0,0,0.0,0.0,0.0,0.0
4199,0.0,0.0,0,0,0.0,0.0,0.0,0.0
4200,0.0,0.0,0,0,0.0,0.0,0.0,0.0
4201,0.0,0.0,0,0,0.0,0.0,0.0,0.0
4202,0.0,0.0,0,0,0.0,0.0,0.0,0.0
4203,0.0,0.0,0,0,0.0,0.0,0.0,0.0
4204,0.0,0.0,0,0,0.0,0.0,0.0,0.0
4205,0.0,0.0,0,0,0.0,0.0,0.0,0.0
4206,0.0,0.0,0,0,0.0,0.0,0.0,0.0
4207,0.0,0.0,0,0,0.0,0.0,0.0,0.0
4208,0.0,0.0,0,0,0.0,0.0,0.0,0.0
4209,0.0,0.0,0,0,0.0,0.0,0.0,0.0
4210,0.0,0.0,0,0,0.0,0.0,0.0,0.0
4211,0.0,0.0,0,0,0.0,0.0,0.0,0.0
4212,0.0,0.0,0,0,0.0,0.0,0.0,0.0
4213,0.0,0.0,0,0,0.0,0.0,0.0,0.0
4214,0.0,0.0,0,0,0.0,0.0,0.0,0.0
4215,0.0,0.0,0,0,0.0,0.0,0.0,0.0
4216,0.0,0.0,0,0,0.0,0.0,0.0,0.0
4217,0.0,0.0,0,0,0.0,0.0,0.0,0.0
4218,0.0,0.0,0,0,0.0,0.0,0.0,0.0
4219,0.0,0.0,0,0,0.0,0.0,0.0,0.0
4220,0.0,0.0,0,0,0.0,0.0,0.0,0.0
4221,0.0,0.0,0,0,0.0,0.0,0.0,0.0
4222,0.0,0.0,0,0,0.0,0.0,0.0,0.0
4223,0.0,0.0,0,0,0.0,0.0,0.0,0.0
4224,0.0,0.0,0,0,0.0,0.0,0.0,0.0
4225,0.0,0.0,0,0,0.0,0.0,0.0,0.0
4226,0.0,0.0,0,0,0.0,0.0,0.0,0.0
4227,0.0,0.0,0,0,0.0,0.0,0.0,0.0
4228,0.0,0.0,0,0,0.0,0.0,0.0,0.0
4229,0.0,0.0,0,0,0.0,0.0,0.0,0.0
4230,0.0,0.0,0,0,0.0,0.0,0.0,0.0
4231,0.0,0.0,0,0,0.0,0.0,0.0,0.0
4232,0.0,0.0,0,0,0.0,0.0,0.0,0.0
4233,0.0,0.0,0,0,0.0,0.0,0.0,0.0
4234,0.0,0.0,0,0,0.0,0.0,0.0,0.0
4235,0.0,0.0,0,0,0.0,0.0,0.0,0.0
4236,0.0,0.0,0,0,0.0,0.0,0.0,0.0
4237,0.0,0.0,0,0,0.0,0.0,0.0,0.0
4238,0.0,0.0,0,0,0.0,0.0,0.0,0.0
4239,0.0,0.0,0,0,0.0,0.0,0.0,0.0
4240,0.0,0.0,0,0,0.0,0.0,0.0,0.0
4241,0.0,0.0,0,0,0.0,0.0,0.0,0.0
4242,0.0,0.0,0,0,0.0,0.0,0.0,0.0
4243,0.0,0.0,0,0,0.0,0.0,0.0,0.0
4244,0.0,0.0,0,0,0.0,0.0,0.0,0.0
4245,0.0,0.0,0,0,0.0,0.0,0.0,0.0
4246,0.0,0.0,0,0,0.0,0.0,0.0,0.0
4247,0.0,0.0,0,0,0.0,0.0,0.0,0.0
4248,0.0,0.0,0,0,0.0,0.0,0.0,0.0
4249,0.0,0.0,0,0,0.0,0.0,0.0,0.0
4250,0.0,0.0,0,0,0.0,0.0,0.0,0.0
4251,0.0,0.0,0,0,0.0,0.0,0.0,0.0
4252,0.0,0.0,0,0,0.0,0.0,0.0,0.0
4253,0.0,0.0,0,0,0.0,0.0,0.0,0.0
4254,0.0,0.0,0,0,0.0,0.0,0.0,0.0
4255,0.0,0.0,0,0,0.0,0.0,0.0,0.0
4256,0.0,0.0,0,0,0.0,0.0,0.0,0.0
4257,0.0,0.0,0,0,0.0,0.0,0.0,0.0
4258,0.0,0.0,0,0,0.0,0.0,0.0,0.0
4259,0.0,0.0,0,0,0.0,0.0,0.0,0.0
4260,0.0,0.0,0,0,0.0,0.0,0.0,0.0
4261,0.0,0.0,0,0,0.0,0.0,0.0,0.0
4262,0.0,0.0,0,0,0.0,0.0,0.0,0.0
4263,0.0,0.0,0,0,0.0,0.0,0.0,0.0
4264,0.0,0.0,0,0,0.0,0.0,0.0,0.0
4265,0.0,0.0,0,0,0.0,0.0,0.0,0.0
4266,0.0,0.0,0,0,0.0,0.0,0.0,0.0
4267,0.0,0.0,0,0,0.0,0.0,0.0,0.0
4268,0.0,0.0,0,0,0.0,0.0,0.0,0.0
4269,0.0,0.0,0,0,0.0,0.0,0.0,0.0
4270,0.0,0.0,0,0,0.0,0.0,0.0,0.0
4271,0.0,0.0,0,0,0.0,0.0,0.0,0.0
4272,0.0,0.0,0,0,0.0,0.0,0.0,0.0
4273,0.0,0.0,0,0,0.0,0.0,0.0,0.0
4274,0.0,0.0,0,0,0.0,0.0,0.0,0.0
4275,0.0,0.0,0,0,0.0,0.0,0.0,0.0
4276,0.0,0.0,0,0,0.0,0.0,0.0,0.0
4277,0.0,0.0,0,0,0.0,0.0,0.0,0.0
4278,0.0,0.0,0,0,0.0,0.0,0.0,0.0
4279,0.0,0.0,0,0,0.0,0.0,0.0,0.0
4280,0.0,0.0,0,0,0.0,0.0,0.0,0.0
4281,0.0,0.0,0,0,0.0,0.0,0.0,0.0
4282,0.0,0.0,0,0,0.0,0.0,0.0,0.0
4283,0.0,0.0,0,0,0.0,0.0,0.0,0.0
4284,0.0,0.0,0,0,0.0,0.0,0.0,0.0
4285,0.0,0.0,0,0,0.0,0.0,0.0,0.0
4286,0.0,0.0,0,0,0.0,0.0,0.0,0.0
4287,0.0,0.0,0,0,0.0,0.0,0.0,0.0
4288,0.0,0.0,0,0,0.0,0.0,0.0,0.0
4289,0.0,0.0,0,0,0.0,0.0,0.0,0.0
4290,0.0,0.0,0,0,0.0,0.0,0.0,0.0
4291,0.0,0.0,0,0,0.0,0.0,0.0,0.0
4292,0.0,0.0,0,0,0.0,0.0,0.0,0.0
4293,0.0,0.0,0,0,0.0,0.0,0.0,0.0
4294,0.0,0.0,0,0,0.0,0.0,0.0,0.0
4295,0.0,0.0,0,0,0.0,0.0,0.0,0.0
4296,0.0,0.0,0,0,0.0,0.0,0.0,0.0
4297,0.0,0.0,0,0,0.0,0.0,0.0,0.0
4298,0.0,0.0,0,0,0.0,0.0,0.0,0.0
4299,0.0,0.0,0,0,0.0,0.0,0.0,0.0
4300,0.0,0.0,0,0,0.0,0.0,0.0,0.0
4301,0.0,0.0,0,0,0.0,0.0,0.0,0.0
4302,0.0,0.0,0,0,0.0,0.0,0.0,0.0
4303,0.0,0.0,0,0,0.0,0.0,0.0,0.0
4304,0.0,0.0,0,0,0.0,0.0,0.0,0.0
4305,0.0,0.0,0,0,0.0,0.0,0.0,0.0
4306,0.0,0.0,0,0,0.0,0.0,0.0,0.0
4307,0.0,0.0,0,0,0.0,0.0,0.0,0.0
4308,0.0,0.0,0,0,0.0,0.0,0.0,0.0
4309,0.0,0.0,0,0,0.0,0.0,0.0,0.0
4310,0.0,0.0,0,0,0.0,0.0,0.0,0.0
4311,0.0,0.0,0,0,0.0,0.0,0.0,0.0
4312,0.0,0.0,0,0,0.0,0.0,0.0,0.0
4313,0.0,0.0,0,0,0.0,0.0,0.0,0.0
4314,0.0,0.0,0,0,0.0,0.0,0.0,0.0
4315,0.0,0.0,0,0,0.0,0.0,0.0,0.0
4316,0.0,0.0,0,0,0.0,0.0,0.0,0.0
4317,0.0,0.0,0,0,0.0,0.0,0.0,0.0
4318,0.0,0.0,0,0,0.0,0.0,0.0,0.0
4319,0.0,0.0,0,0,0.0,0.0,0.0,0.0
4320,0.0,0.0,0,0,0.0,0.0,0.0,0.0
4321,0.0,0.0,0,0,0.0,0.0,0.0,0.0
4322,0.0,0.0,0,0,0.0,0.0,0.0,0.0
4323,0.0,0.0,0,0,0.0,0.0,0.0,0.0
4324,0.0,0.0,0,0,0.0,0.0,0.0,0.0
4325,0.0,0.0,0,0,0.0,0.0,0.0,0.0
4326,0.0,0.0,0,0,0.0,0.0,0.0,0.0
4327,0.0,0.0,0,0,0.0,0.0,0.0,0.0
4328,0.0,0.0,0,0,0.0,0.0,0.0,0.0
4329,0.0,0.0,0,0,0.0,0.0,0.0,0.0
4330,0.0,0.0,0,0,0.0,0.0,0.0,0.0
4331,0.0,0.0,0,0,0.0,0.0,0.0,0.0
4332,0.0,0.0,0,0,0.0,0.0,0.0,0.0
4333,0.0,0.0,0,0,0.0,0.0,0.0,0.0
4334,0.0,0.0,0,0,0.0,0.0,0.0,0.0
4335,0.0,0.0,0,0,0.0,0.0,0.0,0.0
4336,0.0,0.0,0,0,0.0,0.0,0.0,0.0
4337,0.0,0.0,0,0,0.0,0.0,0.0,0.0
4338,0.0,0.0,0,0,0.0,0.0,0.0,0.0
4339,0.0,0.0,0,0,0.0,0.0,0.0,0.0
4340,0.0,0.0,0,0,0.0,0.0,0.0,0.0
4341,0.0,0.0,0,0,0.0,0.0,0.0,0.0
4342,0.0,0.0,0,0,0.0,0.0,0.0,0.0
4343,0.0,0.0,0,0,0.0,0.0,0.0,0.0
4344,0.0,0.0,0,0,0.0,0.0,0.0,0.0
4345,0.0,0.0,0,0,0.0,0.0,0.0,0.0
4346,0.0,0.0,0,0,0.0,0.0,0.0,0.0
4347,0.0,0.0,0,0,0.0,0.0,0.0,0.0
4348,0.0,0.0,0,0,0.0,0.0,0.0,0.0
4349,0.0,0.0,0,0,0.0,0.0,0.0,0.0
4350,0.0,0.0,0,0,0.0,0.0,0.0,0.0
4351,0.0,0.0,0,0,0.0,0.0,0.0,0.0
4352,0.0,0.0,0,0,0.0,0.0,0.0,0.0
4353,0.0,0.0,0,0,0.0,0.0,0.0,0.0
4354,0.0,0.0,0,0,0.0,0.0,0.0,0.0
4355,0.0,0.0,0,0,0.0,0.0,0.0,0.0
4356,0.0,0.0,0,0,0.0,0.0,0.0,0.0
4357,0.0,0.0,0,0,0.0,0.0,0.0,0.0
4358,0.0,0.0,0,0,0.0,0.0,0.0,0.0
4359,0.0,0.0,0,0,0.0,0.0,0.0,0.0
4360,0.0,0.0,0,0,0.0,0.0,0.0,0.0
4361,0.0,0.0,0,0,0.0,0.0,0.0,0.0
4362,0.0,0.0,0,0,0.0,0.0,0.0,0.0
4363,0.0,0.0,0,0,0.0,0.0,0.0,0.0
4364,0.0,0.0,0,0,0.0,0.0,0.0,0.0
4365,0.0,0.0,0,0,0.0,0.0,0.0,0.0
4366,0.0,0.0,0,0,0.0,0.0,0.0,0.0
4367,0.0,0.0,0,0,0.0,0.0,0.0,0.0
4368,0.0,0.0,0,0,0.0,0.0,0.0,0.0
4369,0.0,0.0,0,0,0.0,0.0,0.0,0.0
4370,0.0,0.0,0,0,0.0,0.0,0.0,0.0
4371,0.0,0.0,0,0,0.0,0.0,0.0,0.0
4372,0.0,0.0,0,0,0.0,0.0,0.0,0.0
4373,0.0,0.0,0,0,0.0,0.0,0.0,0.0
4374,0.0,0.0,0,0,0.0,0.0,0.0,0.0
4375,0.0,0.0,0,0,0.0,0.0,0.0,0.0
4376,0.0,0.0,0,0,0.0,0.0,0.0,0.0
4377,0.0,0.0,0,0,0.0,0.0,0.0,0.0
4378,0.0,0.0,0,0,0.0,0.0,0.0,0.0
4379,0.0,0.0,0,0,0.0,0.0,0.0,0.0
4380,0.0,0.0,0,0,0.0,0.0,0.0,0.0
4381,0.0,0.0,0,0,0.0,0.0,0.0,0.0
4382,0.0,0.0,0,0,0.0,0.0,0.0,0.0
4383,0.0,0.0,0,0,0.0,0.0,0.0,0.0
4384,0.0,0.0,0,0,0.0,0.0,0.0,0.0
4385,0.0,0.0,0,0,0.0,0.0,0.0,0.0
4386,0.0,0.0,0,0,0.0,0.0,0.0,0.0
4387,0.0,0.0,0,0,0.0,0.0,0.0,0.0
4388,0.0,0.0,0,0,0.0,0.0,0.0,0.0
4389,0.0,0.0,0,0,0.0,0.0,0.0,0.0
4390,0.0,0.0,0,0,0.0,0.0,0.0,0.0
4391,0.0,0.0,0,0,0.0,0.0,0.0,0.0
4392,0.0,0.0,0,0,0.0,0.0,0.0,0.0
4393,0.0,0.0,0,0,0.0,0.0,0.0,0.0
4394,0.0,0.0,0,0,0.0,0.0,0.0,0.0
4395,0.0,0.0,0,0,0.0,0.0,0.0,0.0
4396,0.0,0.0,0,0,0.0,0.0,0.0,0.0
4397,0.0,0.0,0,0,0.0,0.0,0.0,0.0
4398,0.0,0.0,0,0,0.0,0.0,0.0,0.0
4399,0.0,0.0,0,0,0.0,0.0,0.0,0.0
4400,0.0,0.0,0,0,0.0,0.0,0.0,0.0
4401,0.0,0.0,0,0,0.0,0.0,0.0,0.0
4402,0.0,0.0,0,0,0.0,0.0,0.0,0.0
4403,0.0,0.0,0,0,0.0,0.0,0.0,0.0
4404,0.0,0.0,0,0,0.0,0.0,0.0,0.0
4405,0.0,0.0,0,0,0.0,0.0,0.0,0.0
4406,0.0,0.0,0,0,0.0,0.0,0.0,0.0
4407,0.0,0.0,0,0,0.0,0.0,0.0,0.0
4408,0.0,0.0,0,0,0.0,0.0,0.0,0.0
4409,0.0,0.0,0,0,0.0,0.0,0.0,0.0
4410,0.0,0.0,0,0,0.0,0.0,0.0,0.0
4411,0.0,0.0,0,0,0.0,0.0,0.0,0.0
4412,0.0,0.0,0,0,0.0,0.0,0.0,0.0
4413,0.0,0.0,0,0,0.0,0.0,0.0,0.0
4414,0.0,0.0,0,0,0.0,0.0,0.0,0.0
4415,0.0,0.0,0,0,0.0,0.0,0.0,0.0
4416,0.0,0.0,0,0,0.0,0.0,0.0,0.0
4417,0.0,0.0,0,0,0.0,0.0,0.0,0.0
4418,0.0,0.0,0,0,0.0,0.0,0.0,0.0
4419,0.0,0.0,0,0,0.0,0.0,0.0,0.0
4420,0.0,0.0,0,0,0.0,0.0,0.0,0.0
4421,0.0,0.0,0,0,0.0,0.0,0.0,0.0
4422,0.0,0.0,0,0,0.0,0.0,0.0,0.0
4423,0.0,0.0,0,0,0.0,0.0,0.0,0.0
4424,0.0,0.0,0,0,0.0,0.0,0.0,0.0
4425,0.0,0.0,0,0,0.0,0.0,0.0,0.0
4426,0.0,0.0,0,0,0.0,0.0,0.0,0.0
4427,0.0,0.0,0,0,0.0,0.0,0.0,0.0
4428,0.0,0.0,0,0,0.0,0.0,0.0,0.0
4429,0.0,0.0,0,0,0.0,0.0,0.0,0.0
4430,0.0,0.0,0,0,0.0,0.0,0.0,0.0
4431,0.0,0.0,0,0,0.0,0.0,0.0,0.0
4432,0.0,0.0,0,0,0.0,0.0,0.0,0.0
4433,0.0,0.0,0,0,0.0,0.0,0.0,0.0
4434,0.0,0.0,0,0,0.0,0.0,0.0,0.0
4435,0.0,0.0,0,0,0.0,0.0,0.0,0.0
4436,0.0,0.0,0,0,0.0,0.0,0.0,0.0
4437,0.0,0.0,0,0,0.0,0.0,0.0,0.0
4438,0.0,0.0,0,0,0.0,0.0,0.0,0.0
4439,0.0,0.0,0,0,0.0,0.0,0.0,0.0
4440,0.0,0.0,0,0,0.0,0.0,0.0,0.0
4441,0.0,0.0,0,0,0.0,0.0,0.0,0.0
4442,0.0,0.0,0,0,0.0,0.0,0.0,0.0
4443,0.0,0.0,0,0,0.0,0.0,0.0,0.0
4444,0.0,0.0,0,0,0.0,0.0,0.0,0.0
4445,0.0,0.0,0,0,0.0,0.0,0.0,0.0
4446,0.0,0.0,0,0,0.0,0.0,0.0,0.0
4447,0.0,0.0,0,0,0.0,0.0,0.0,0.0
4448,0.0,0.0,0,0,0.0,0.0,0.0,0.0
4449,0.0,0.0,0,0,0.0,0.0,0.0,0.0
4450,0.0,0.0,0,0,0.0,0.0,0.0,0.0
4451,0.0,0.0,0,0,0.0,0.0,0.0,0.0
4452,0.0,0.0,0,0,0.0,0.0,0.0,0.0
4453,0.0,0.0,0,0,0.0,0.0,0.0,0.0
4454,0.0,0.0,0,0,0.0,0.0,0.0,0.0
4455,0.0,0.0,0,0,0.0,0.0,0.0,0.0
4456,0.0,0.0,0,0,0.0,0.0,0.0,0.0
4457,0.0,0.0,0,0,0.0,0.0,0.0,0.0
4458,0.0,0.0,0,0,0.0,0.0,0.0,0.0
4459,0.0,0.0,0,0,0.0,0.0,0.0,0.0
4460,0.0,0.0,0,0,0.0,0.0,0.0,0.0
4461,0.0,0.0,0,0,0.0,0.0,0.0,0.0
4462,0.0,0.0,0,0,0.0,0.0,0.0,0.0
4463,0.0,0.0,0,0,0.0,0.0,0.0,0.0
4464,0.0,0.0,0,0,0.0,0.0,0.0,0.0
4465,0.0,0.0,0,0,0.0,0.0,0.0,0.0
4466,0.0,0.0,0,0,0.0,0.0,0.0,0.0
4467,0.0,0.0,0,0,0.0,0.0,0.0,0.0
4468,0.0,0.0,0,0,0.0,0.0,0.0,0.0
4469,0.0,0.0,0,0,0.0,0.0,0.0,0.0
4470,0.0,0.0,0,0,0.0,0.0,0.0,0.0
4471,0.0,0.0,0,0,0.0,0.0,0.0,0.0
4472,0.0,0.0,0,0,0.0,0.0,0.0,0.0
4473,0.0,0.0,0,0,0.0,0.0,0.0,0.0
4474,0.0,0.0,0,0,0.0,0.0,0.0,0.0
4475,0.0,0.0,0,0,0.0,0.0,0.0,0.0
4476,0.0,0.0,0,0,0.0,0.0,0.0,0.0
4477,0.0,0.0,0,0,0.0,0.0,0.0,0.0
4478,0.0,0.0,0,0,0.0,0.0,0.0,0.0
4479,0.0,0.0,0,0,0.0,0.0,0.0,0.0
4480,0.0,0.0,0,0,0.0,0.0,0.0,0.0
4481,0.0,0.0,0,0,0.0,0.0,0.0,0.0
4482,0.0,0.0,0,0,0.0,0.0,0.0,0.0
4483,0.0,0.0,0,0,0.0,0.0,0.0,0.0
4484,0.0,0.0,0,0,0.0,0.0,0.0,0.0
4485,0.0,0.0,0,0,0.0,0.0,0.0,0.0
4486,0.0,0.0,0,0,0.0,0.0,0.0,0.0
4487,0.0,0.0,0,0,0.0,0.0,0.0,0.0
4488,0.0,0.0,0,0,0.0,0.0,0.0,0.0
4489,0.0,0.0,0,0,0.0,0.0,0.0,0.0
4490,0.0,0.0,0,0,0.0,0.0,0.0,0.0
4491,0.0,0.0,0,0,0.0,0.0,0.0,0.0
4492,0.0,0.0,0,0,0.0,0.0,0.0,0.0
4493,0.0,0.0,0,0,0.0,0.0,0.0,0.0
4494,0.0,0.0,0,0,0.0,0.0,0.0,0.0
4495,0.0,0.0,0,0,0.0,0.0,0.0,0.0
4496,0.0,0.0,0,0,0.0,0.0,0.0,0.0
4497,0.0,0.0,0,0,0.0,0.0,0.0,0.0
4498,0.0,0.0,0,0,0.0,0.0,0.0,0.0
4499,0.0,0.0,0,0,0.0,0.0,0.0,0.0
4500,0.0,0.0,0,0,0.0,0.0,0.0,0.0
4501,0.0,0.0,0,0,0.0,0.0,0.0,0.0
4502,0.0,0.0,0,0,0.0,0.0,0.0,0.0
4503,0.0,0.0,0,0,0.0,0.0,0.0,0.0
4504,0.0,0.0,0,0,0.0,0.0,0.0,0.0
4505,0.0,0.0,0,0,0.0,0.0,0.0,0.0
4506,0.0,0.0,0,0,0.0,0.0,0.0,0.0
4507,0.0,0.0,0,0,0.0,0.0,0.0,0.0
4508,0.0,0.0,0,0,0.0,0.0,0.0,0.0
4509,0.0,0.0,0,0,0.0,0.0,0.0,0.0
4510,0.0,0.0,0,0,0.0,0.0,0.0,0.0
4511,0.0,0.0,0,0,0.0,0.0,0.0,0.0
4512,0.0,0.0,0,0,0.0,0.0,0.0,0.0
4513,0.0,0.0,0,0,0.0,0.0,0.0,0.0
4514,0.0,0.0,0,0,0.0,0.0,0.0,0.0
4515,0.0,0.0,0,0,0.0,0.0,0.0,0.0
4516,0.0,0.0,0,0,0.0,0.0,0.0,0.0
4517,0.0,0.0,0,0,0.0,0.0,0.0,0.0
4518,0.0,0.0,0,0,0.0,0.0,0.0,0.0
4519,0.0,0.0,0,0,0.0,0.0,0.0,0.0
4520,0.0,0.0,0,0,0.0,0.0,0.0,0.0
4521,0.0,0.0,0,0,0.0,0.0,0.0,0.0
4522,0.0,0.0,0,0,0.0,0.0,0.0,0.0
4523,0.0,0.0,0,0,0.0,0.0,0.0,0.0
4524,0.0,0.0,0,0,0.0,0.0,0.0,0.0
4525,0.0,0.0,0,0,0.0,0.0,0.0,0.0
4526,0.0,0.0,0,0,0.0,0.0,0.0,0.0
4527,0.0,0.0,0,0,0.0,0.0,0.0,0.0
4528,0.0,0.0,0,0,0.0,0.0,0.0,0.0
4529,0.0,0.0,0,0,0.0,0.0,0.0,0.0
4530,0.0,0.0,0,0,0.0,0.0,0.0,0.0
4531,0.0,0.0,0,0,0.0,0.0,0.0,0.0
4532,0.0,0.0,0,0,0.0,0.0,0.0,0.0
4533,0.0,0.0,0,0,0.0,0.0,0.0,0.0
4534,0.0,0.0,0,0,0.0,0.0,0.0,0.0
4535,0.0,0.0,0,0,0.0,0.0,0.0,0.0
4536,0.0,0.0,0,0,0.0,0.0,0.0,0.0
4537,0.0,0.0,0,0,0.0,0.0,0.0,0.0
4538,0.0,0.0,0,0,0.0,0.0,0.0,0.0
4539,0.0,0.0,0,0,0.0,0.0,0.0,0.0
4540,0.0,0.0,0,0,0.0,0.0,0.0,0.0
4541,0.0,0.0,0,0,0.0,0.0,0.0,0.0
4542,0.0,0.0,0,0,0.0,0.0,0.0,0.0
4543,0.0,0.0,0,0,0.0,0.0,0.0,0.0
4544,0.0,0.0,0,0,0.0,0.0,0.0,0.0
4545,0.0,0.0,0,0,0.0,0.0,0.0,0.0
4546,0.0,0.0,0,0,0.0,0.0,0.0,0.0
4547,0.0,0.0,0,0,0.0,0.0,0.0,0.0
4548,0.0,0.0,0,0,0.0,0.0,0.0,0.0
4549,0.0,0.0,0,0,0.0,0.0,0.0,0.0
4550,0.0,0.0,0,0,0.0,0.0,0.0,0.0
4551,0.0,0.0,0,0,0.0,0.0,0.0,0.0
4552,0.0,0.0,0,0,0.0,0.0,0.0,0.0
4553,0.0,0.0,0,0,0.0,0.0,0.0,0.0
4554,0.0,0.0,0,0,0.0,0.0,0.0,0.0
4555,0.0,0.0,0,0,0.0,0.0,0.0,0.0
4556,0.0,0.0,0,0,0.0,0.0,0.0,0.0
4557,0.0,0.0,0,0,0.0,0.0,0.0,0.0
4558,0.0,0.0,0,0,0.0,0.0,0.0,0.0
4559,0.0,0.0,0,0,0.0,0.0,0.0,0.0
4560,0.0,0.0,0,0,0.0,0.0,0.0,0.0
4561,0.0,0.0,0,0,0.0,0.0,0.0,0.0
4562,0.0,0.0,0,0,0.0,0.0,0.0,0.0
4563,0.0,0.0,0,0,0.0,0.0,0.0,0.0
4564,0.0,0.0,0,0,0.0,0.0,0.0,0.0
4565,0.0,0.0,0,0,0.0,0.0,0.0,0.0
4566,0.0,0.0,0,0,0.0,0.0,0.0,0.0
4567,0.0,0.0,0,0,0.0,0.0,0.0,0.0
4568,0.0,0.0,0,0,0.0,0.0,0.0,0.0
4569,0.0,0.0,0,0,0.0,0.0,0.0,0.0
4570,0.0,0.0,0,0,0.0,0.0,0.0,0.0
4571,0.0,0.0,0,0,0.0,0.0,0.0,0.0
4572,0.0,0.0,0,0,0.0,0.0,0.0,0.0
4573,0.0,0.0,0,0,0.0,0.0,0.0,0.0
4574,0.0,0.0,0,0,0.0,0.0,0.0,0.0
4575,0.0,0.0,0,0,0.0,0.0,0.0,0.0
4576,0.0,0.0,0,0,0.0,0.0,0.0,0.0
4577,0.0,0.0,0,0,0.0,0.0,0.0,0.0
4578,0.0,0.0,0,0,0.0,0.0,0.0,0.0
4579,0.0,0.0,0,0,0.0,0.0,0.0,0.0
4580,0.0,0.0,0,0,0.0,0.0,0.0,0.0
4581,0.0,0.0,0,0,0.0,0.0,0.0,0.0
4582,0.0,0.0,0,0,0.0,0.0,0.0,0.0
4583,0.0,0.0,0,0,0.0,0.0,0.0,0.0
4584,0.0,0.0,0,0,0.0,0.0,0.0,0.0
4585,0.0,0.0,0,0,0.0,0.0,0.0,0.0
4586,0.0,0.0,0,0,0.0,0.0,0.0,0.0
4587,0.0,0.0,0,0,0.0,0.0,0.0,0.0
4588,0.0,0.0,0,0,0.0,0.0,0.0,0.0
4589,0.0,0.0,0,0,0.0,0.0,0.0,0.0
4590,0.0,0.0,0,0,0.0,0.0,0.0,0.0
4591,0.0,0.0,0,0,0.0,0.0,0.0,0.0
4592,0.0,0.0,0,0,0.0,0.0,0.0,0.0
4593,0.0,0.0,0,0,0.0,0.0,0.0,0.0
4594,0.0,0.0,0,0,0.0,0.0,0.0,0.0
4595,0.0,0.0,0,0,0.0,0.0,0.0,0.0
4596,0.0,0.0,0,0,0.0,0.0,0.0,0.0
4597,0.0,0.0,0,0,0.0,0.0,0.0,0.0
4598,0.0,0.0,0,0,0.0,0.0,0.0,0.0
4599,0.0,0.0,0,0,0.0,0.0,0.0,0.0
4600,0.0,0.0,0,0,0.0,0.0,0.0,0.0
4601,0.0,0.0,0,0,0.0,0.0,0.0,0.0
4602,0.0,0.0,0,0,0.0,0.0,0.0,0.0
4603,0.0,0.0,0,0,0.0,0.0,0.0,0.0
4604,0.0,0.0,0,0,0.0,0.0,0.0,0.0
4605,0.0,0.0,0,0,0.0,0.0,0.0,0.0
4606,0.0,0.0,0,0,0.0,0.0,0.0,0.0
4607,0.0,0.0,0,0,0.0,0.0,0.0,0.0
4608,0.0,0.0,0,0,0.0,0.0,0.0,0.0
4609,0.0,0.0,0,0,0.0,0.0,0.0,0.0
4610,0.0,0.0,0,0,0.0,0.0,0.0,0.0
4611,0.0,0.0,0,0,0.0,0.0,0.0,0.0
4612,0.0,0.0,0,0,0.0,0.0,0.0,0.0
4613,0.0,0.0,0,0,0.0,0.0,0.0,0.0
4614,0.0,0.0,0,0,0.0,0.0,0.0,0.0
4615,0.0,0.0,0,0,0.0,0.0,0.0,0.0
4616,0.0,0.0,0,0,0.0,0.0,0.0,0.0
4617,0.0,0.0,0,0,0.0,0.0,0.0,0.0
4618,0.0,0.0,0,0,0.0,0.0,0.0,0.0
4619,0.0,0.0,0,0,0.0,0.0,0.0,0.0
4620,0.0,0.0,0,0,0.0,0.0,0.0,0.0
4621,0.0,0.0,0,0,0.0,0.0,0.0,0.0
4622,0.0,0.0,0,0,0.0,0.0,0.0,0.0
4623,0.0,0.0,0,0,0.0,0.0,0.0,0.0
4624,0.0,0.0,0,0,0.0,0.0,0.0,0.0
4625,0.0,0.0,0,0,0.0,0.0,0.0,0.0
4626,0.0,0.0,0,0,0.0,0.0,0.0,0.0
4627,0.0,0.0,0,0,0.0,0.0,0.0,0.0
4628,0.0,0.0,0,0,0.0,0.0,0.0,0.0
4629,0.0,0.0,0,0,0.0,0.0,0.0,0.0
4630,0.0,0.0,0,0,0.0,0.0,0.0,0.0
4631,0.0,0.0,0,0,0.0,0.0,0.0,0.0
4632,0.0,0.0,0,0,0.0,0.0,0.0,0.0
4633,0.0,0.0,0,0,0.0,0.0,0.0,0.0
4634,0.0,0.0,0,0,0.0,0.0,0.0,0.0
4635,0.0,0.0,0,0,0.0,0.0,0.0,0.0
4636,0.0,0.0,0,0,0.0,0.0,0.0,0.0
4637,0.0,0.0,0,0,0.0,0.0,0.0,0.0
4638,0.0,0.0,0,0,0.0,0.0,0.0,0.0
4639,0.0,0.0,0,0,0.0,0.0,0.0,0.0
4640,0.0,0.0,0,0,0.0,0.0,0.0,0.0
4641,0.0,0.0,0,0,0.0,0.0,0.0,0.0
4642,0.0,0.0,0,0,0.0,0.0,0.0,0.0
4643,0.0,0.0,0,0,0.0,0.0,0.0,0.0
4644,0.0,0.0,0,0,0.0,0.0,0.0,0.0
4645,0.0,0.0,0,0,0.0,0.0,0.0,0.0
4646,0.0,0.0,0,0,0.0,0.0,0.0,0.0
4647,0.0,0.0,0,0,0.0,0.0,0.0,0.0
4648,0.0,0.0,0,0,0.0,0.0,0.0,0.0
4649,0.0,0.0,0,0,0.0,0.0,0.0,0.0
4650,0.0,0.0,0,0,0.0,0.0,0.0,0.0
4651,0.0,0.0,0,0,0.0,0.0,0.0,0.0
4652,0.0,0.0,0,0,0.0,0.0,0.0,0.0
4653,0.0,0.0,0,0,0.0,0.0,0.0,0.0
4654,0.0,0.0,0,0,0.0,0.0,0.0,0.0
4655,0.0,0.0,0,0,0.0,0.0,0.0,0.0
4656,0.0,0.0,0,0,0.0,0.0,0.0,0.0
4657,0.0,0.0,0,0,0.0,0.0,0.0,0.0
4658,0.0,0.0,0,0,0.0,0.0,0.0,0.0
4659,0.0,0.0,0,0,0.0,0.0,0.0,0.0
4660,0.0,0.0,0,0,0.0,0.0,0.0,0.0
4661,0.0,0.0,0,0,0.0,0.0,0.0,0.0
4662,0.0,0.0,0,0,0.0,0.0,0.0,0.0
4663,0.0,0.0,0,0,0.0,0.0,0.0,0.0
4664,0.0,0.0,0,0,0.0,0.0,0.0,0.0
4665,0.0,0.0,0,0,0.0,0.0,0.0,0.0
4666,0.0,0.0,0,0,0.0,0.0,0.0,0.0
4667,0.0,0.0,0,0,0.0,0.0,0.0,0.0
4668,0.0,0.0,0,0,0.0,0.0,0.0,0.0
4669,0.0,0.0,0,0,0.0,0.0,0.0,0.0
4670,0.0,0.0,0,0,0.0,0.0,0.0,0.0
4671,0.0,0.0,0,0,0.0,0.0,0.0,0.0
4672,0.0,0.0,0,0,0.0,0.0,0.0,0.0
4673,0.0,0.0,0,0,0.0,0.0,0.0,0.0
4674,0.0,0.0,0,0,0.0,0.0,0.0,0.0
4675,0.0,0.0,0,0,0.0,0.0,0.0,0.0
4676,0.0,0.0,0,0,0.0,0.0,0.0,0.0
4677,0.0,0.0,0,0,0.0,0.0,0.0,0.0
4678,0.0,0.0,0,0,0.0,0.0,0.0,0.0
4679,0.0,0.0,0,0,0.0,0.0,0.0,0.0
4680,0.0,0.0,0,0,0.0,0.0,0.0,0.0
4681,0.0,0.0,0,0,0.0,0.0,0.0,0.0
4682,0.0,0.0,0,0,0.0,0.0,0.0,0.0
4683,0.0,0.0,0,0,0.0,0.0,0.0,0.0
4684,0.0,0.0,0,0,0.0,0.0,0.0,0.0
4685,0.0,0.0,0,0,0.0,0.0,0.0,0.0
4686,0.0,0.0,0,0,0.0,0.0,0.0,0.0
4687,0.0,0.0,0,0,0.0,0.0,0.0,0.0
4688,0.0,0.0,0,0,0.0,0.0,0.0,0.0
4689,0.0,0.0,0,0,0.0,0.0,0.0,0.0
4690,0.0,0.0,0,0,0.0,0.0,0.0,0.0
4691,0.0,0.0,0,0,0.0,0.0,0.0,0.0
4692,0.0,0.0,0,0,0.0,0.0,0.0,0.0
4693,0.0,0.0,0,0,0.0,0.0,0.0,0.0
4694,0.0,0.0,0,0,0.0,0.0,0.0,0.0
4695,0.0,0.0,0,0,0.0,0.0,0.0,0.0
4696,0.0,0.0,0,0,0.0,0.0,0.0,0.0
4697,0.0,0.0,0,0,0.0,0.0,0.0,0.0
4698,0.0,0.0,0,0,0.0,0.0,0.0,0.0
4699,0.0,0.0,0,0,0.0,0.0,0.0,0.0
4700,0.0,0.0,0,0,0.0,0.0,0.0,0.0
4701,0.0,0.0,0,0,0.0,0.0,0.0,0.0
4702,0.0,0.0,0,0,0.0,0.0,0.0,0.0
4703,0.0,0.0,0,0,0.0,0.0,0.0,0.0
4704,0.0,0.0,0,0,0.0,0.0,0.0,0.0
4705,0.0,0.0,0,0,0.0,0.0,0.0,0.0
4706,0.0,0.0,0,0,0.0,0.0,0.0,0.0
4707,0.0,0.0,0,0,0.0,0.0,0.0,0.0
4708,0.0,0.0,0,0,0.0,0.0,0.0,0.0
4709,0.0,0.0,0,0,0.0,0.0,0.0,0.0
4710,0.0,0.0,0,0,0.0,0.0,0.0,0.0
4711,0.0,0.0,0,0,0.0,0.0,0.0,0.0
4712,0.0,0.0,0,0,0.0,0.0,0.0,0.0
4713,0.0,0.0,0,0,0.0,0.0,0.0,0.0
4714,0.0,0.0,0,0,0.0,0.0,0.0,0.0
4715,0.0,0.0,0,0,0.0,0.0,0.0,0.0
4716,0.0,0.0,0,0,0.0,0.0,0.0,0.0
4717,0.0,0.0,0,0,0.0,0.0,0.0,0.0
4718,0.0,0.0,0,0,0.0,0.0,0.0,0.0
4719,0.0,0.0,0,0,0.0,0.0,0.0,0.0
4720,0.0,0.0,0,0,0.0,0.0,0.0,0.0
4721,0.0,0.0,0,0,0.0,0.0,0.0,0.0
4722,0.0,0.0,0,0,0.0,0.0,0.0,0.0
4723,0.0,0.0,0,0,0.0,0.0,0.0,0.0
4724,0.0,0.0,0,0,0.0,0.0,0.0,0.0
4725,0.0,0.0,0,0,0.0,0.0,0.0,0.0
4726,0.0,0.0,0,0,0.0,0.0,0.0,0.0
4727,0.0,0.0,0,0,0.0,0.0,0.0,0.0
4728,0.0,0.0,0,0,0.0,0.0,0.0,0.0
4729,0.0,0.0,0,0,0.0,0.0,0.0,0.0
4730,0.0,0.0,0,0,0.0,0.0,0.0,0.0
4731,0.0,0.0,0,0,0.0,0.0,0.0,0.0
4732,0.0,0.0,0,0,0.0,0.0,0.0,0.0
4733,0.0,0.0,0,0,0.0,0.0,0.0,0.0
4734,0.0,0.0,0,0,0.0,0.0,0.0,0.0
4735,0.0,0.0,0,0,0.0,0.0,0.0,0.0
4736,0.0,0.0,0,0,0.0,0.0,0.0,0.0
4737,0.0,0.0,0,0,0.0,0.0,0.0,0.0
4738,0.0,0.0,0,0,0.0,0.0,0.0,0.0
4739,0.0,0.0,0,0,0.0,0.0,0.0,0.0
4740,0.0,0.0,0,0,0.0,0.0,0.0,0.0
4741,0.0,0.0,0,0,0.0,0.0,0.0,0.0
4742,0.0,0.0,0,0,0.0,0.0,0.0,0.0
4743,0.0,0.0,0,0,0.0,0.0,0.0,0.0
4744,0.0,0.0,0,0,0.0,0.0,0.0,0.0
4745,0.0,0.0,0,0,0.0,0.0,0.0,0.0
4746,0.0,0.0,0,0,0.0,0.0,0.0,0.0
4747,0.0,0.0,0,0,0.0,0.0,0.0,0.0
4748,0.0,0.0,0,0,0.0,0.0,0.0,0.0
4749,0.0,0.0,0,0,0.0,0.0,0.0,0.0
4750,0.0,0.0,0,0,0.0,0.0,0.0,0.0
4751,0.0,0.0,0,0,0.0,0.0,0.0,0.0
4752,0.0,0.0,0,0,0.0,0.0,0.0,0.0
4753,0.0,0.0,0,0,0.0,0.0,0.0,0.0
4754,0.0,0.0,0,0,0.0,0.0,0.0,0.0
4755,0.0,0.0,0,0,0.0,0.0,0.0,0.0
4756,0.0,0.0,0,0,0.0,0.0,0.0,0.0
4757,0.0,0.0,0,0,0.0,0.0,0.0,0.0
4758,0.0,0.0,0,0,0.0,0.0,0.0,0.0
4759,0.0,0.0,0,0,0.0,0.0,0.0,0.0
4760,0.0,0.0,0,0,0.0,0.0,0.0,0.0
4761,0.0,0.0,0,0,0.0,0.0,0.0,0.0
4762,0.0,0.0,0,0,0.0,0.0,0.0,0.0
4763,0.0,0.0,0,0,0.0,0.0,0.0,0.0
4764,0.0,0.0,0,0,0.0,0.0,0.0,0.0
4765,0.0,0.0,0,0,0.0,0.0,0.0,0.0
4766,0.0,0.0,0,0,0.0,0.0,0.0,0.0
4767,0.0,0.0,0,0,0.0,0.0,0.0,0.0
4768,0.0,0.0,0,0,0.0,0.0,0.0,0.0
4769,0.0,0.0,0,0,0.0,0.0,0.0,0.0
4770,0.0,0.0,0,0,0.0,0.0,0.0,0.0
4771,0.0,0.0,0,0,0.0,0.0,0.0,0.0
4772,0.0,0.0,0,0,0.0,0.0,0.0,0.0
4773,0.0,0.0,0,0,0.0,0.0,0.0,0.0
4774,0.0,0.0,0,0,0.0,0.0,0.0,0.0
4775,0.0,0.0,0,0,0.0,0.0,0.0,0.0
4776,0.0,0.0,0,0,0.0,0.0,0.0,0.0
4777,0.0,0.0,0,0,0.0,0.0,0.0,0.0
4778,0.0,0.0,0,0,0.0,0.0,0.0,0.0
4779,0.0,0.0,0,0,0.0,0.0,0.0,0.0
4780,0.0,0.0,0,0,0.0,0.0,0.0,0.0
4781,0.0,0.0,0,0,0.0,0.0,0.0,0.0
4782,0.0,0.0,0,0,0.0,0.0,0.0,0.0
4783,0.0,0.0,0,0,0.0,0.0,0.0,0.0
4784,0.0,0.0,0,0,0.0,0.0,0.0,0.0
4785,0.0,0.0,0,0,0.0,0.0,0.0,0.0
4786,0.0,0.0,0,0,0.0,0.0,0.0,0.0
4787,0.0,0.0,0,0,0.0,0.0,0.0,0.0
4788,0.0,0.0,0,0,0.0,0.0,0.0,0.0
4789,0.0,0.0,0,0,0.0,0.0,0.0,0.0
4790,0.0,0.0,0,0,0.0,0.0,0.0,0.0
4791,0.0,0.0,0,0,0.0,0.0,0.0,0.0
4792,0.0,0.0,0,0,0.0,0.0,0.0,0.0
4793,0.0,0.0,0,0,0.0,0.0,0.0,0.0
4794,0.0,0.0,0,0,0.0,0.0,0.0,0.0
4795,0.0,0.0,0,0,0.0,0.0,0.0,0.0
4796,0.0,0.0,0,0,0.0,0.0,0.0,0.0
4797,0.0,0.0,0,0,0.0,0.0,0.0,0.0
4798,0.0,0.0,0,0,0.0,0.0,0.0,0.0
4799,0.0,0.0,0,0,0.0,0.0,0.0,0.0
4800,0.0,0.0,0,0,0.0,0.0,0.0,0.0
4801,0.0,0.0,0,0,0.0,0.0,0.0,0.0
4802,0.0,0.0,0,0,0.0,0.0,0.0,0.0
4803,0.0,0.0,0,0,0.0,0.0,0.0,0.0
4804,0.0,0.0,0,0,0.0,0.0,0.0,0.0
4805,0.0,0.0,0,0,0.0,0.0,0.0,0.0
4806,0.0,0.0,0,0,0.0,0.0,0.0,0.0
4807,0.0,0.0,0,0,0.0,0.0,0.0,0.0
4808,0.0,0.0,0,0,0.0,0.0,0.0,0.0
4809,0.0,0.0,0,0,0.0,0.0,0.0,0.0
4810,0.0,0.0,0,0,0.0,0.0,0.0,0.0
4811,0.0,0.0,0,0,0.0,0.0,0.0,0.0
4812,0.0,0.0,0,0,0.0,0.0,0.0,0.0
4813,0.0,0.0,0,0,0.0,0.0,0.0,0.0
4814,0.0,0.0,0,0,0.0,0.0,0.0,0.0
4815,0.0,0.0,0,0,0.0,0.0,0.0,0.0
4816,0.0,0.0,0,0,0.0,0.0,0.0,0.0
4817,0.0,0.0,0,0,0.0,0.0,0.0,0.0
4818,0.0,0.0,0,0,0.0,0.0,0.0,0.0
4819,0.0,0.0,0,0,0.0,0.0,0.0,0.0
4820,0.0,0.0,0,0,0.0,0.0,0.0,0.0
4821,0.0,0.0,0,0,0.0,0.0,0.0,0.0
4822,0.0,0.0,0,0,0.0,0.0,0.0,0.0
4823,0.0,0.0,0,0,0.0,0.0,0.0,0.0
4824,0.0,0.0,0,0,0.0,0.0,0.0,0.0
4825,0.0,0.0,0,0,0.0,0.0,0.0,0.0
4826,0.0,0.0,0,0,0.0,0.0,0.0,0.0
4827,0.0,0.0,0,0,0.0,0.0,0.0,0.0
4828,0.0,0.0,0,0,0.0,0.0,0.0,0.0
4829,0.0,0.0,0,0,0.0,0.0,0.0,0.0
4830,0.0,0.0,0,0,0.0,0.0,0.0,0.0
4831,0.0,0.0,0,0,0.0,0.0,0.0,0.0
4832,0.0,0.0,0,0,0.0,0.0,0.0,0.0
4833,0.0,0.0,0,0,0.0,0.0,0.0,0.0
4834,0.0,0.0,0,0,0.0,0.0,0.0,0.0
4835,0.0,0.0,0,0,0.0,0.0,0.0,0.0
4836,0.0,0.0,0,0,0.0,0.0,0.0,0.0
4837,0.0,0.0,0,0,0.0,0.0,0.0,0.0
4838,0.0,0.0,0,0,0.0,0.0,0.0,0.0
4839,0.0,0.0,0,0,0.0,0.0,0.0,0.0
4840,0.0,0.0,0,0,0.0,0.0,0.0,0.0
4841,0.0,0.0,0,0,0.0,0.0,0.0,0.0
4842,0.0,0.0,0,0,0.0,0.0,0.0,0.0
4843,0.0,0.0,0,0,0.0,0.0,0.0,0.0
4844,0.0,0.0,0,0,0.0,0.0,0.0,0.0
4845,0.0,0.0,0,0,0.0,0.0,0.0,0.0
4846,0.0,0.0,0,0,0.0,0.0,0.0,0.0
4847,0.0,0.0,0,0,0.0,0.0,0.0,0.0
4848,0.0,0.0,0,0,0.0,0.0,0.0,0.0
4849,0.0,0.0,0,0,0.0,0.0,0.0,0.0
4850,0.0,0.0,0,0,0.0,0.0,0.0,0.0
4851,0.0,0.0,0,0,0.0,0.0,0.0,0.0
4852,0.0,0.0,0,0,0.0,0.0,0.0,0.0
4853,0.0,0.0,0,0,0.0,0.0,0.0,0.0
4854,0.0,0.0,0,0,0.0,0.0,0.0,0.0
4855,0.0,0.0,0,0,0.0,0.0,0.0,0.0
4856,0.0,0.0,0,0,0.0,0.0,0.0,0.0
4857,0.0,0.0,0,0,0.0,0.0,0.0,0.0
4858,0.0,0.0,0,0,0.0,0.0,0.0,0.0
4859,0.0,0.0,0,0,0.0,0.0,0.0,0.0
4860,0.0,0.0,0,0,0.0,0.0,0.0,0.0
4861,0.0,0.0,0,0,0.0,0.0,0.0,0.0
4862,0.0,0.0,0,0,0.0,0.0,0.0,0.0
4863,0.0,0.0,0,0,0.0,0.0,0.0,0.0
4864,0.0,0.0,0,0,0.0,0.0,0.0,0.0
4865,0.0,0.0,0,0,0.0,0.0,0.0,0.0
4866,0.0,0.0,0,0,0.0,0.0,0.0,0.0
4867,0.0,0.0,0,0,0.0,0.0,0.0,0.0
4868,0.0,0.0,0,0,0.0,0.0,0.0,0.0
4869,0.0,0.0,0,0,0.0,0.0,0.0,0.0
4870,0.0,0.0,0,0,0.0,0.0,0.0,0.0
4871,0.0,0.0,0,0,0.0,0.0,0.0,0.0
4872,0.0,0.0,0,0,0.0,0.0,0.0,0.0
4873,0.0,0.0,0,0,0.0,0.0,0.0,0.0
4874,0.0,0.0,0,0,0.0,0.0,0.0,0.0
4875,0.0,0.0,0,0,0.0,0.0,0.0,0.0
4876,0.0,0.0,0,0,0.0,0.0,0.0,0.0
4877,0.0,0.0,0,0,0.0,0.0,0.0,0.0
4878,0.0,0.0,0,0,0.0,0.0,0.0,0.0
4879,0.0,0.0,0,0,0.0,0.0,0.0,0.0
4880,0.0,0.0,0,0,0.0,0.0,0.0,0.0
4881,0.0,0.0,0,0,0.0,0.0,0.0,0.0
4882,0.0,0.0,0,0,0.0,0.0,0.0,0.0
4883,0.0,0.0,0,0,0.0,0.0,0.0,0.0
4884,0.0,0.0,0,0,0.0,0.0,0.0,0.0
4885,0.0,0.0,0,0,0.0,0.0,0.0,0.0
4886,0.0,0.0,0,0,0.0,0.0,0.0,0.0
4887,0.0,0.0,0,0,0.0,0.0,0.0,0.0
4888,0.0,0.0,0,0,0.0,0.0,0.0,0.0
4889,0.0,0.0,0,0,0.0,0.0,0.0,0.0
4890,0.0,0.0,0,0,0.0,0.0,0.0,0.0
4891,0.0,0.0,0,0,0.0,0.0,0.0,0.0
4892,0.0,0.0,0,0,0.0,0.0,0.0,0.0
4893,0.0,0.0,0,0,0.0,0.0,0.0,0.0
4894,0.0,0.0,0,0,0.0,0.0,0.0,0.0
4895,0.0,0.0,0,0,0.0,0.0,0.0,0.0
4896,0.0,0.0,0,0,0.0,0.0,0.0,0.0
4897,0.0,0.0,0,0,0.0,0.0,0.0,0.0
4898,0.0,0.0,0,0,0.0,0.0,0.0,0.0
4899,0.0,0.0,0,0,0.0,0.0,0.0,0.0
4900,0.0,0.0,0,0,0.0,0.0,0.0,0.0
4901,0.0,0.0,0,0,0.0,0.0,0.0,0.0
4902,0.0,0.0,0,0,0.0,0.0,0.0,0.0
4903,0.0,0.0,0,0,0.0,0.0,0.0,0.0
4904,0.0,0.0,0,0,0.0,0.0,0.0,0.0
4905,0.0,0.0,0,0,0.0,0.0,0.0,0.0
4906,0.0,0.0,0,0,0.0,0.0,0.0,0.0
4907,0.0,0.0,0,0,0.0,0.0,0.0,0.0
4908,0.0,0.0,0,0,0.0,0.0,0.0,0.0
4909,0.0,0.0,0,0,0.0,0.0,0.0,0.0
4910,0.0,0.0,0,0,0.0,0.0,0.0,0.0
4911,0.0,0.0,0,0,0.0,0.0,0.0,0.0
4912,0.0,0.0,0,0,0.0,0.0,0.0,0.0
4913,0.0,0.0,0,0,0.0,0.0,0.0,0.0
4914,0.0,0.0,0,0,0.0,0.0,0.0,0.0
4915,0.0,0.0,0,0,0.0,0.0,0.0,0.0
4916,0.0,0.0,0,0,0.0,0.0,0.0,0.0
4917,0.0,0.0,0,0,0.0,0.0,0.0,0.0
4918,0.0,0.0,0,0,0.0,0.0,0.0,0.0
4919,0.0,0.0,0,0,0.0,0.0,0.0,0.0
4920,0.0,0.0,0,0,0.0,0.0,0.0,0.0
4921,0.0,0.0,0,0,0.0,0.0,0.0,0.0
4922,0.0,0.0,0,0,0.0,0.0,0.0,0.0
4923,0.0,0.0,0,0,0.0,0.0,0.0,0.0
4924,0.0,0.0,0,0,0.0,0.0,0.0,0.0
4925,0.0,0.0,0,0,0.0,0.0,0.0,0.0
4926,0.0,0.0,0,0,0.0,0.0,0.0,0.0
4927,0.0,0.0,0,0,0.0,0.0,0.0,0.0
4928,0.0,0.0,0,0,0.0,0.0,0.0,0.0
4929,0.0,0.0,0,0,0.0,0.0,0.0,0.0
4930,0.0,0.0,0,0,0.0,0.0,0.0,0.0
4931,0.0,0.0,0,0,0.0,0.0,0.0,0.0
4932,0.0,0.0,0,0,0.0,0.0,0.0,0.0
4933,0.0,0.0,0,0,0.0,0.0,0.0,0.0
4934,0.0,0.0,0,0,0.0,0.0,0.0,0.0
4935,0.0,0.0,0,0,0.0,0.0,0.0,0.0
4936,0.0,0.0,0,0,0.0,0.0,0.0,0.0
4937,0.0,0.0,0,0,0.0,0.0,0.0,0.0
4938,0.0,0.0,0,0,0.0,0.0,0.0,0.0
4939,0.0,0.0,0,0,0.0,0.0,0.0,0.0
4940,0.0,0.0,0,0,0.0,0.0,0.0,0.0
4941,0.0,0.0,0,0,0.0,0.0,0.0,0.0
4942,0.0,0.0,0,0,0.0,0.0,0.0,0.0
4943,0.0,0.0,0,0,0.0,0.0,0.0,0.0
4944,0.0,0.0,0,0,0.0,0.0,0.0,0.0
4945,0.0,0.0,0,0,0.0,0.0,0.0,0.0
4946,0.0,0.0,0,0,0.0,0.0,0.0,0.0
4947,0.0,0.0,0,0,0.0,0.0,0.0,0.0
4948,0.0,0.0,0,0,0.0,0.0,0.0,0.0
4949,0.0,0.0,0,0,0.0,0.0,0.0,0.0
4950,0.0,0.0,0,0,0.0,0.0,0.0,0.0
4951,0.0,0.0,0,0,0.0,0.0,0.0,0.0
4952,0.0,0.0,0,0,0.0,0.0,0.0,0.0
4953,0.0,0.0,0,0,0.0,0.0,0.0,0.0
4954,0.0,0.0,0,0,0.0,0.0,0.0,0.0
4955,0.0,0.0,0,0,0.0,0.0,0.0,0.0
4956,0.0,0.0,0,0,0.0,0.0,0.0,0.0
4957,0.0,0.0,0,0,0.0,0.0,0.0,0.0
4958,0.0,0.0,0,0,0.0,0.0,0.0,0.0
4959,0.0,0.0,0,0,0.0,0.0,0.0,0.0
4960,0.0,0.0,0,0,0.0,0.0,0.0,0.0
4961,0.0,0.0,0,0,0.0,0.0,0.0,0.0
4962,0.0,0.0,0,0,0.0,0.0,0.0,0.0
4963,0.0,0.0,0,0,0.0,0.0,0.0,0.0
4964,0.0,0.0,0,0,0.0,0.0,0.0,0.0
4965,0.0,0.0,0,0,0.0,0.0,0.0,0.0
4966,0.0,0.0,0,0,0.0,0.0,0.0,0.0
4967,0.0,0.0,0,0,0.0,0.0,0.0,0.0
4968,0.0,0.0,0,0,0.0,0.0,0.0,0.0
4969,0.0,0.0,0,0,0.0,0.0,0.0,0.0
4970,0.0,0.0,0,0,0.0,0.0,0.0,0.0
4971,0.0,0.0,0,0,0.0,0.0,0.0,0.0
4972,0.0,0.0,0,0,0.0,0.0,0.0,0.0
4973,0.0,0.0,0,0,0.0,0.0,0.0,0.0
4974,0.0,0.0,0,0,0.0,0.0,0.0,0.0
4975,0.0,0.0,0,0,0.0,0.0,0.0,0.0
4976,0.0,0.0,0,0,0.0,0.0,0.0,0.0
4977,0.0,0.0,0,0,0.0,0.0,0.0,0.0
4978,0.0,0.0,0,0,0.0,0.0,0.0,0.0
4979,0.0,0.0,0,0,0.0,0.0,0.0,0.0
4980,0.0,0.0,0,0,0.0,0.0,0.0,0.0
4981,0.0,0.0,0,0,0.0,0.0,0.0,0.0
4982,0.0,0.0,0,0,0.0,0.0,0.0,0.0
4983,0.0,0.0,0,0,0.0,0.0,0.0,0.0
4984,0.0,0.0,0,0,0.0,0.0,0.0,0.0
4985,0.0,0.0,0,0,0.0,0.0,0.0,0.0
4986,0.0,0.0,0,0,0.0,0.0,0.0,0.0
4987,0.0,0.0,0,0,0.0,0.0,0.0,0.0
4988,0.0,0.0,0,0,0.0,0.0,0.0,0.0
4989,0.0,0.0,0,0,0.0,0.0,0.0,0.0
4990,0.0,0.0,0,0,0.0,0.0,0.0,0.0
4991,0.0,0.0,0,0,0.0,0.0,0.0,0.0
4992,0.0,0.0,0,0,0.0,0.0,0.0,0.0
4993,0.0,0.0,0,0,0.0,0.0,0.0,0.0
4994,0.0,0.0,0,0,0.0,0.0,0.0,0.0
4995,0.0,0.0,0,0,0.0,0.0,0.0,0.0
4996,0.0,0.0,0,0,0.0,0.0,0.0,0.0
4997,0.0,0.0,0,0,0.0,0.0,0.0,0.0
4998,0.0,0.0,0,0,0.0,0.0,0.0,0.0
4999,0.0,0.0,0,0,0.0,0.0,0.0,0.0
5000,0.0,0.0,0,0,0.0,0.0,0.0,0.0
5001,0.0,0.0,0,0,0.0,0.0,0.0,0.0
5002,0.0,0.0,0,0,0.0,0.0,0.0,0.0
5003,0.0,0.0,0,0,0.0,0.0,0.0,0.0
5004,0.0,0.0,0,0,0.0,0.0,0.0,0.0
5005,0.0,0.0,0,0,0.0,0.0,0.0,0.0
5006,0.0,0.0,0,0,0.0,0.0,0.0,0.0
5007,0.0,0.0,0,0,0.0,0.0,0.0,0.0
5008,0.0,0.0,0,0,0.0,0.0,0.0,0.0
5009,0.0,0.0,0,0,0.0,0.0,0.0,0.0
5010,0.0,0.0,0,0,0.0,0.0,0.0,0.0
5011,0.0,0.0,0,0,0.0,0.0,0.0,0.0
5012,0.0,0.0,0,0,0.0,0.0,0.0,0.0
5013,0.0,0.0,0,0,0.0,0.0,0.0,0.0
5014,0.0,0.0,0,0,0.0,0.0,0.0,0.0
5015,0.0,0.0,0,0,0.0,0.0,0.0,0.0
5016,0.0,0.0,0,0,0.0,0.0,0.0,0.0
5017,0.0,0.0,0,0,0.0,0.0,0.0,0.0
5018,0.0,0.0,0,0,0.0,0.0,0.0,0.0
5019,0.0,0.0,0,0,0.0,0.0,0.0,0.0
5020,0.0,0.0,0,0,0.0,0.0,0.0,0.0
5021,0.0,0.0,0,0,0.0,0.0,0.0,0.0
5022,0.0,0.0,0,0,0.0,0.0,0.0,0.0
5023,0.0,0.0,0,0,0.0,0.0,0.0,0.0
5024,0.0,0.0,0,0,0.0,0.0,0.0,0.0
5025,0.0,0.0,0,0,0.0,0.0,0.0,0.0
5026,0.0,0.0,0,0,0.0,0.0,0.0,0.0
5027,0.0,0.0,0,0,0.0,0.0,0.0,0.0
5028,0.0,0.0,0,0,0.0,0.0,0.0,0.0
5029,0.0,0.0,0,0,0.0,0.0,0.0,0.0
5030,0.0,0.0,0,0,0.0,0.0,0.0,0.0
5031,0.0,0.0,0,0,0.0,0.0,0.0,0.0
5032,0.0,0.0,0,0,0.0,0.0,0.0,0.0
5033,0.0,0.0,0,0,0.0,0.0,0.0,0.0
5034,0.0,0.0,0,0,0.0,0.0,0.0,0.0
5035,0.0,0.0,0,0,0.0,0.0,0.0,0.0
5036,0.0,0.0,0,0,0.0,0.0,0.0,0.0
5037,0.0,0.0,0,0,0.0,0.0,0.0,0.0
5038,0.0,0.0,0,0,0.0,0.0,0.0,0.0
5039,0.0,0.0,0,0,0.0,0.0,0.0,0.0
5040,0.0,0.0,0,0,0.0,0.0,0.0,0.0
5041,0.0,0.0,0,0,0.0,0.0,0.0,0.0
5042,0.0,0.0,0,0,0.0,0.0,0.0,0.0
5043,0.0,0.0,0,0,0.0,0.0,0.0,0.0
5044,0.0,0.0,0,0,0.0,0.0,0.0,0.0
5045,0.0,0.0,0,0,0.0,0.0,0.0,0.0
5046,0.0,0.0,0,0,0.0,0.0,0.0,0.0
5047,0.0,0.0,0,0,0.0,0.0,0.0,0.0
5048,0.0,0.0,0,0,0.0,0.0,0.0,0.0
5049,0.0,0.0,0,0,0.0,0.0,0.0,0.0
5050,0.0,0.0,0,0,0.0,0.0,0.0,0.0
5051,0.0,0.0,0,0,0.0,0.0,0.0,0.0
5052,0.0,0.0,0,0,0.0,0.0,0.0,0.0
5053,0.0,0.0,0,0,0.0,0.0,0.0,0.0
5054,0.0,0.0,0,0,0.0,0.0,0.0,0.0
5055,0.0,0.0,0,0,0.0,0.0,0.0,0.0
5056,0.0,0.0,0,0,0.0,0.0,0.0,0.0
5057,0.0,0.0,0,0,0.0,0.0,0.0,0.0
5058,0.0,0.0,0,0,0.0,0.0,0.0,0.0
5059,0.0,0.0,0,0,0.0,0.0,0.0,0.0
5060,0.0,0.0,0,0,0.0,0.0,0.0,0.0
5061,0.0,0.0,0,0,0.0,0.0,0.0,0.0
5062,0.0,0.0,0,0,0.0,0.0,0.0,0.0
5063,0.0,0.0,0,0,0.0,0.0,0.0,0.0
5064,0.0,0.0,0,0,0.0,0.0,0.0,0.0
5065,0.0,0.0,0,0,0.0,0.0,0.0,0.0
5066,0.0,0.0,0,0,0.0,0.0,0.0,0.0
5067,0.0,0.0,0,0,0.0,0.0,0.0,0.0
5068,0.0,0.0,0,0,0.0,0.0,0.0,0.0
5069,0.0,0.0,0,0,0.0,0.0,0.0,0.0
5070,0.0,0.0,0,0,0.0,0.0,0.0,0.0
5071,0.0,0.0,0,0,0.0,0.0,0.0,0.0
5072,0.0,0.0,0,0,0.0,0.0,0.0,0.0
5073,0.0,0.0,0,0,0.0,0.0,0.0,0.0
5074,0.0,0.0,0,0,0.0,0.0,0.0,0.0
5075,0.0,0.0,0,0,0.0,0.0,0.0,0.0
5076,0.0,0.0,0,0,0.0,0.0,0.0,0.0
5077,0.0,0.0,0,0,0.0,0.0,0.0,0.0
5078,0.0,0.0,0,0,0.0,0.0,0.0,0.0
5079,0.0,0.0,0,0,0.0,0.0,0.0,0.0
5080,0.0,0.0,0,0,0.0,0.0,0.0,0.0
5081,0.0,0.0,0,0,0.0,0.0,0.0,0.0
5082,0.0,0.0,0,0,0.0,0.0,0.0,0.0
5083,0.0,0.0,0,0,0.0,0.0,0.0,0.0
5084,0.0,0.0,0,0,0.0,0.0,0.0,0.0
5085,0.0,0.0,0,0,0.0,0.0,0.0,0.0
5086,0.0,0.0,0,0,0.0,0.0,0.0,0.0
5087,0.0,0.0,0,0,0.0,0.0,0.0,0.0
5088,0.0,0.0,0,0,0.0,0.0,0.0,0.0
5089,0.0,0.0,0,0,0.0,0.0,0.0,0.0
5090,0.0,0.0,0,0,0.0,0.0,0.0,0.0
5091,0.0,0.0,0,0,0.0,0.0,0.0,0.0
5092,0.0,0.0,0,0,0.0,0.0,0.0,0.0
5093,0.0,0.0,0,0,0.0,0.0,0.0,0.0
5094,0.0,0.0,0,0,0.0,0.0,0.0,0.0
5095,0.0,0.0,0,0,0.0,0.0,0.0,0.0
5096,0.0,0.0,0,0,0.0,0.0,0.0,0.0
5097,0.0,0.0,0,0,0.0,0.0,0.0,0.0
5098,0.0,0.0,0,0,0.0,0.0,0.0,0.0
5099,0.0,0.0,0,0,0.0,0.0,0.0,0.0
5100,0.0,0.0,0,0,0.0,0.0,0.0,0.0
5101,0.0,0.0,0,0,0.0,0.0,0.0,0.0
5102,0.0,0.0,0,0,0.0,0.0,0.0,0.0
5103,0.0,0.0,0,0,0.0,0.0,0.0,0.0
5104,0.0,0.0,0,0,0.0,0.0,0.0,0.0
5105,0.0,0.0,0,0,0.0,0.0,0.0,0.0
5106,0.0,0.0,0,0,0.0,0.0,0.0,0.0
5107,0.0,0.0,0,0,0.0,0.0,0.0,0.0
5108,0.0,0.0,0,0,0.0,0.0,0.0,0.0
5109,0.0,0.0,0,0,0.0,0.0,0.0,0.0
5110,0.0,0.0,0,0,0.0,0.0,0.0,0.0
5111,0.0,0.0,0,0,0.0,0.0,0.0,0.0
5112,0.0,0.0,0,0,0.0,0.0,0.0,0.0
5113,0.0,0.0,0,0,0.0,0.0,0.0,0.0
5114,0.0,0.0,0,0,0.0,0.0,0.0,0.0
5115,0.0,0.0,0,0,0.0,0.0,0.0,0.0
5116,0.0,0.0,0,0,0.0,0.0,0.0,0.0
5117,0.0,0.0,0,0,0.0,0.0,0.0,0.0
5118,0.0,0.0,0,0,0.0,0.0,0.0,0.0
5119,0.0,0.0,0,0,0.0,0.0,0.0,0.0
5120,0.0,0.0,0,0,0.0,0.0,0.0,0.0
5121,0.0,0.0,0,0,0.0,0.0,0.0,0.0
5122,0.0,0.0,0,0,0.0,0.0,0.0,0.0
5123,0.0,0.0,0,0,0.0,0.0,0.0,0.0
5124,0.0,0.0,0,0,0.0,0.0,0.0,0.0
5125,0.0,0.0,0,0,0.0,0.0,0.0,0.0
5126,0.0,0.0,0,0,0.0,0.0,0.0,0.0
5127,0.0,0.0,0,0,0.0,0.0,0.0,0.0
5128,0.0,0.0,0,0,0.0,0.0,0.0,0.0
5129,0.0,0.0,0,0,0.0,0.0,0.0,0.0
5130,0.0,0.0,0,0,0.0,0.0,0.0,0.0
5131,0.0,0.0,0,0,0.0,0.0,0.0,0.0
5132,0.0,0.0,0,0,0.0,0.0,0.0,0.0
5133,0.0,0.0,0,0,0.0,0.0,0.0,0.0
5134,0.0,0.0,0,0,0.0,0.0,0.0,0.0
5135,0.0,0.0,0,0,0.0,0.0,0.0,0.0
5136,0.0,0.0,0,0,0.0,0.0,0.0,0.0
5137,0.0,0.0,0,0,0.0,0.0,0.0,0.0
5138,0.0,0.0,0,0,0.0,0.0,0.0,0.0
5139,0.0,0.0,0,0,0.0,0.0,0.0,0.0
5140,0.0,0.0,0,0,0.0,0.0,0.0,0.0
5141,0.0,0.0,0,0,0.0,0.0,0.0,0.0
5142,0.0,0.0,0,0,0.0,0.0,0.0,0.0
5143,0.0,0.0,0,0,0.0,0.0,0.0,0.0
5144,0.0,0.0,0,0,0.0,0.0,0.0,0.0
5145,0.0,0.0,0,0,0.0,0.0,0.0,0.0
5146,0.0,0.0,0,0,0.0,0.0,0.0,0.0
5147,0.0,0.0,0,0,0.0,0.0,0.0,0.0
5148,0.0,0.0,0,0,0.0,0.0,0.0,0.0
5149,0.0,0.0,0,0,0.0,0.0,0.0,0.0
5150,0.0,0.0,0,0,0.0,0.0,0.0,0.0
5151,0.0,0.0,0,0,0.0,0.0,0.0,0.0
5152,0.0,0.0,0,0,0.0,0.0,0.0,0.0
5153,0.0,0.0,0,0,0.0,0.0,0.0,0.0
5154,0.0,0.0,0,0,0.0,0.0,0.0,0.0
5155,0.0,0.0,0,0,0.0,0.0,0.0,0.0
5156,0.0,0.0,0,0,0.0,0.0,0.0,0.0
5157,0.0,0.0,0,0,0.0,0.0,0.0,0.0
5158,0.0,0.0,0,0,0.0,0.0,0.0,0.0
5159,0.0,0.0,0,0,0.0,0.0,0.0,0.0
5160,0.0,0.0,0,0,0.0,0.0,0.0,0.0
5161,0.0,0.0,0,0,0.0,0.0,0.0,0.0
5162,0.0,0.0,0,0,0.0,0.0,0.0,0.0
5163,0.0,0.0,0,0,0.0,0.0,0.0,0.0
5164,0.0,0.0,0,0,0.0,0.0,0.0,0.0
5165,0.0,0.0,0,0,0.0,0.0,0.0,0.0
5166,0.0,0.0,0,0,0.0,0.0,0.0,0.0
5167,0.0,0.0,0,0,0.0,0.0,0.0,0.0
5168,0.0,0.0,0,0,0.0,0.0,0.0,0.0
5169,0.0,0.0,0,0,0.0,0.0,0.0,0.0
5170,0.0,0.0,0,0,0.0,0.0,0.0,0.0
5171,0.0,0.0,0,0,0.0,0.0,0.0,0.0
5172,0.0,0.0,0,0,0.0,0.0,0.0,0.0
5173,0.0,0.0,0,0,0.0,0.0,0.0,0.0
5174,0.0,0.0,0,0,0.0,0.0,0.0,0.0
5175,0.0,0.0,0,0,0.0,0.0,0.0,0.0
5176,0.0,0.0,0,0,0.0,0.0,0.0,0.0
5177,0.0,0.0,0,0,0.0,0.0,0.0,0.0
5178,0.0,0.0,0,0,0.0,0.0,0.0,0.0
5179,0.0,0.0,0,0,0.0,0.0,0.0,0.0
5180,0.0,0.0,0,0,0.0,0.0,0.0,0.0
5181,0.0,0.0,0,0,0.0,0.0,0.0,0.0
5182,0.0,0.0,0,0,0.0,0.0,0.0,0.0
5183,0.0,0.0,0,0,0.0,0.0,0.0,0.0
5184,0.0,0.0,0,0,0.0,0.0,0.0,0.0
5185,0.0,0.0,0,0,0.0,0.0,0.0,0.0
5186,0.0,0.0,0,0,0.0,0.0,0.0,0.0
5187,0.0,0.0,0,0,0.0,0.0,0.0,0.0
5188,0.0,0.0,0,0,0.0,0.0,0.0,0.0
5189,0.0,0.0,0,0,0.0,0.0,0.0,0.0
5190,0.0,0.0,0,0,0.0,0.0,0.0,0.0
5191,0.0,0.0,0,0,0.0,0.0,0.0,0.0
5192,0.0,0.0,0,0,0.0,0.0,0.0,0.0
5193,0.0,0.0,0,0,0.0,0.0,0.0,0.0
5194,0.0,0.0,0,0,0.0,0.0,0.0,0.0
5195,0.0,0.0,0,0,0.0,0.0,0.0,0.0
5196,0.0,0.0,0,0,0.0,0.0,0.0,0.0
5197,0.0,0.0,0,0,0.0,0.0,0.0,0.0
5198,0.0,0.0,0,0,0.0,0.0,0.0,0.0
5199,0.0,0.0,0,0,0.0,0.0,0.0,0.0
5200,0.0,0.0,0,0,0.0,0.0,0.0,0.0
5201,0.0,0.0,0,0,0.0,0.0,0.0,0.0
5202,0.0,0.0,0,0,0.0,0.0,0.0,0.0
5203,0.0,0.0,0,0,0.0,0.0,0.0,0.0
5204,0.0,0.0,0,0,0.0,0.0,0.0,0.0
5205,0.0,0.0,0,0,0.0,0.0,0.0,0.0
5206,0.0,0.0,0,0,0.0,0.0,0.0,0.0
5207,0.0,0.0,0,0,0.0,0.0,0.0,0.0
5208,0.0,0.0,0,0,0.0,0.0,0.0,0.0
5209,0.0,0.0,0,0,0.0,0.0,0.0,0.0
5210,0.0,0.0,0,0,0.0,0.0,0.0,0.0
5211,0.0,0.0,0,0,0.0,0.0,0.0,0.0
5212,0.0,0.0,0,0,0.0,0.0,0.0,0.0
5213,0.0,0.0,0,0,0.0,0.0,0.0,0.0
5214,0.0,0.0,0,0,0.0,0.0,0.0,0.0
5215,0.0,0.0,0,0,0.0,0.0,0.0,0.0
5216,0.0,0.0,0,0,0.0,0.0,0.0,0.0
5217,0.0,0.0,0,0,0.0,0.0,0.0,0.0
5218,0.0,0.0,0,0,0.0,0.0,0.0,0.0
5219,0.0,0.0,0,0,0.0,0.0,0.0,0.0
5220,0.0,0.0,0,0,0.0,0.0,0.0,0.0
5221,0.0,0.0,0,0,0.0,0.0,0.0,0.0
5222,0.0,0.0,0,0,0.0,0.0,0.0,0.0
5223,0.0,0.0,0,0,0.0,0.0,0.0,0.0
5224,0.0,0.0,0,0,0.0,0.0,0.0,0.0
5225,0.0,0.0,0,0,0.0,0.0,0.0,0.0
5226,0.0,0.0,0,0,0.0,0.0,0.0,0.0
5227,0.0,0.0,0,0,0.0,0.0,0.0,0.0
5228,0.0,0.0,0,0,0.0,0.0,0.0,0.0
5229,0.0,0.0,0,0,0.0,0.0,0.0,0.0
5230,0.0,0.0,0,0,0.0,0.0,0.0,0.0
5231,0.0,0.0,0,0,0.0,0.0,0.0,0.0
5232,0.0,0.0,0,0,0.0,0.0,0.0,0.0
5233,0.0,0.0,0,0,0.0,0.0,0.0,0.0
5234,0.0,0.0,0,0,0.0,0.0,0.0,0.0
5235,0.0,0.0,0,0,0.0,0.0,0.0,0.0
5236,0.0,0.0,0,0,0.0,0.0,0.0,0.0
5237,0.0,0.0,0,0,0.0,0.0,0.0,0.0
5238,0.0,0.0,0,0,0.0,0.0,0.0,0.0
5239,0.0,0.0,0,0,0.0,0.0,0.0,0.0
5240,0.0,0.0,0,0,0.0,0.0,0.0,0.0
5241,0.0,0.0,0,0,0.0,0.0,0.0,0.0
5242,0.0,0.0,0,0,0.0,0.0,0.0,0.0
5243,0.0,0.0,0,0,0.0,0.0,0.0,0.0
5244,0.0,0.0,0,0,0.0,0.0,0.0,0.0
5245,0.0,0.0,0,0,0.0,0.0,0.0,0.0
5246,0.0,0.0,0,0,0.0,0.0,0.0,0.0
5247,0.0,0.0,0,0,0.0,0.0,0.0,0.0
5248,0.0,0.0,0,0,0.0,0.0,0.0,0.0
5249,0.0,0.0,0,0,0.0,0.0,0.0,0.0
5250,0.0,0.0,0,0,0.0,0.0,0.0,0.0
5251,0.0,0.0,0,0,0.0,0.0,0.0,0.0
5252,0.0,0.0,0,0,0.0,0.0,0.0,0.0
5253,0.0,0.0,0,0,0.0,0.0,0.0,0.0
5254,0.0,0.0,0,0,0.0,0.0,0.0,0.0
5255,0.0,0.0,0,0,0.0,0.0,0.0,0.0
5256,0.0,0.0,0,0,0.0,0.0,0.0,0.0
5257,0.0,0.0,0,0,0.0,0.0,0.0,0.0
5258,0.0,0.0,0,0,0.0,0.0,0.0,0.0
5259,0.0,0.0,0,0,0.0,0.0,0.0,0.0
5260,0.0,0.0,0,0,0.0,0.0,0.0,0.0
5261,0.0,0.0,0,0,0.0,0.0,0.0,0.0
5262,0.0,0.0,0,0,0.0,0.0,0.0,0.0
5263,0.0,0.0,0,0,0.0,0.0,0.0,0.0
5264,0.0,0.0,0,0,0.0,0.0,0.0,0.0
5265,0.0,0.0,0,0,0.0,0.0,0.0,0.0
5266,0.0,0.0,0,0,0.0,0.0,0.0,0.0
5267,0.0,0.0,0,0,0.0,0.0,0.0,0.0
5268,0.0,0.0,0,0,0.0,0.0,0.0,0.0
5269,0.0,0.0,0,0,0.0,0.0,0.0,0.0
5270,0.0,0.0,0,0,0.0,0.0,0.0,0.0
5271,0.0,0.0,0,0,0.0,0.0,0.0,0.0
5272,0.0,0.0,0,0,0.0,0.0,0.0,0.0
5273,0.0,0.0,0,0,0.0,0.0,0.0,0.0
5274,0.0,0.0,0,0,0.0,0.0,0.0,0.0
5275,0.0,0.0,0,0,0.0,0.0,0.0,0.0
5276,0.0,0.0,0,0,0.0,0.0,0.0,0.0
5277,0.0,0.0,0,0,0.0,0.0,0.0,0.0
5278,0.0,0.0,0,0,0.0,0.0,0.0,0.0
5279,0.0,0.0,0,0,0.0,0.0,0.0,0.0
5280,0.0,0.0,0,0,0.0,0.0,0.0,0.0
5281,0.0,0.0,0,0,0.0,0.0,0.0,0.0
5282,0.0,0.0,0,0,0.0,0.0,0.0,0.0
5283,0.0,0.0,0,0,0.0,0.0,0.0,0.0
5284,0.0,0.0,0,0,0.0,0.0,0.0,0.0
5285,0.0,0.0,0,0,0.0,0.0,0.0,0.0
5286,0.0,0.0,0,0,0.0,0.0,0.0,0.0
5287,0.0,0.0,0,0,0.0,0.0,0.0,0.0
5288,0.0,0.0,0,0,0.0,0.0,0.0,0.0
5289,0.0,0.0,0,0,0.0,0.0,0.0,0.0
5290,0.0,0.0,0,0,0.0,0.0,0.0,0.0
5291,0.0,0.0,0,0,0.0,0.0,0.0,0.0
5292,0.0,0.0,0,0,0.0,0.0,0.0,0.0
5293,0.0,0.0,0,0,0.0,0.0,0.0,0.0
5294,0.0,0.0,0,0,0.0,0.0,0.0,0.0
5295,0.0,0.0,0,0,0.0,0.0,0.0,0.0
5296,0.0,0.0,0,0,0.0,0.0,0.0,0.0
5297,0.0,0.0,0,0,0.0,0.0,0.0,0.0
5298,0.0,0.0,0,0,0.0,0.0,0.0,0.0
5299,0.0,0.0,0,0,0.0,0.0,0.0,0.0
5300,0.0,0.0,0,0,0.0,0.0,0.0,0.0
5301,0.0,0.0,0,0,0.0,0.0,0.0,0.0
5302,0.0,0.0,0,0,0.0,0.0,0.0,0.0
5303,0.0,0.0,0,0,0.0,0.0,0.0,0.0
5304,0.0,0.0,0,0,0.0,0.0,0.0,0.0
5305,0.0,0.0,0,0,0.0,0.0,0.0,0.0
5306,0.0,0.0,0,0,0.0,0.0,0.0,0.0
5307,0.0,0.0,0,0,0.0,0.0,0.0,0.0
5308,0.0,0.0,0,0,0.0,0.0,0.0,0.0
5309,0.0,0.0,0,0,0.0,0.0,0.0,0.0
5310,0.0,0.0,0,0,0.0,0.0,0.0,0.0
5311,0.0,0.0,0,0,0.0,0.0,0.0,0.0
5312,0.0,0.0,0,0,0.0,0.0,0.0,0.0
5313,0.0,0.0,0,0,0.0,0.0,0.0,0.0
5314,0.0,0.0,0,0,0.0,0.0,0.0,0.0
5315,0.0,0.0,0,0,0.0,0.0,0.0,0.0
5316,0.0,0.0,0,0,0.0,0.0,0.0,0.0
5317,0.0,0.0,0,0,0.0,0.0,0.0,0.0
5318,0.0,0.0,0,0,0.0,0.0,0.0,0.0
5319,0.0,0.0,0,0,0.0,0.0,0.0,0.0
5320,0.0,0.0,0,0,0.0,0.0,0.0,0.0
5321,0.0,0.0,0,0,0.0,0.0,0.0,0.0
5322,0.0,0.0,0,0,0.0,0.0,0.0,0.0
5323,0.0,0.0,0,0,0.0,0.0,0.0,0.0
5324,0.0,0.0,0,0,0.0,0.0,0.0,0.0
5325,0.0,0.0,0,0,0.0,0.0,0.0,0.0
5326,0.0,0.0,0,0,0.0,0.0,0.0,0.0
5327,0.0,0.0,0,0,0.0,0.0,0.0,0.0
5328,0.0,0.0,0,0,0.0,0.0,0.0,0.0
5329,0.0,0.0,0,0,0.0,0.0,0.0,0.0
5330,0.0,0.0,0,0,0.0,0.0,0.0,0.0
5331,0.0,0.0,0,0,0.0,0.0,0.0,0.0
5332,0.0,0.0,0,0,0.0,0.0,0.0,0.0
5333,0.0,0.0,0,0,0.0,0.0,0.0,0.0
5334,0.0,0.0,0,0,0.0,0.0,0.0,0.0
5335,0.0,0.0,0,0,0.0,0.0,0.0,0.0
5336,0.0,0.0,0,0,0.0,0.0,0.0,0.0
5337,0.0,0.0,0,0,0.0,0.0,0.0,0.0
5338,0.0,0.0,0,0,0.0,0.0,0.0,0.0
5339,0.0,0.0,0,0,0.0,0.0,0.0,0.0
5340,0.0,0.0,0,0,0.0,0.0,0.0,0.0
5341,0.0,0.0,0,0,0.0,0.0,0.0,0.0
5342,0.0,0.0,0,0,0.0,0.0,0.0,0.0
5343,0.0,0.0,0,0,0.0,0.0,0.0,0.0
5344,0.0,0.0,0,0,0.0,0.0,0.0,0.0
5345,0.0,0.0,0,0,0.0,0.0,0.0,0.0
5346,0.0,0.0,0,0,0.0,0.0,0.0,0.0
5347,0.0,0.0,0,0,0.0,0.0,0.0,0.0
5348,0.0,0.0,0,0,0.0,0.0,0.0,0.0
5349,0.0,0.0,0,0,0.0,0.0,0.0,0.0
5350,0.0,0.0,0,0,0.0,0.0,0.0,0.0
5351,0.0,0.0,0,0,0.0,0.0,0.0,0.0
5352,0.0,0.0,0,0,0.0,0.0,0.0,0.0
5353,0.0,0.0,0,0,0.0,0.0,0.0,0.0
5354,0.0,0.0,0,0,0.0,0.0,0.0,0.0
5355,0.0,0.0,0,0,0.0,0.0,0.0,0.0
5356,0.0,0.0,0,0,0.0,0.0,0.0,0.0
5357,0.0,0.0,0,0,0.0,0.0,0.0,0.0
5358,0.0,0.0,0,0,0.0,0.0,0.0,0.0
5359,0.0,0.0,0,0,0.0,0.0,0.0,0.0
5360,0.0,0.0,0,0,0.0,0.0,0.0,0.0
5361,0.0,0.0,0,0,0.0,0.0,0.0,0.0
5362,0.0,0.0,0,0,0.0,0.0,0.0,0.0
5363,0.0,0.0,0,0,0.0,0.0,0.0,0.0
5364,0.0,0.0,0,0,0.0,0.0,0.0,0.0
5365,0.0,0.0,0,0,0.0,0.0,0.0,0.0
5366,0.0,0.0,0,0,0.0,0.0,0.0,0.0
5367,0.0,0.0,0,0,0.0,0.0,0.0,0.0
5368,0.0,0.0,0,0,0.0,0.0,0.0,0.0
5369,0.0,0.0,0,0,0.0,0.0,0.0,0.0
5370,0.0,0.0,0,0,0.0,0.0,0.0,0.0
5371,0.0,0.0,0,0,0.0,0.0,0.0,0.0
5372,0.0,0.0,0,0,0.0,0.0,0.0,0.0
5373,0.0,0.0,0,0,0.0,0.0,0.0,0.0
5374,0.0,0.0,0,0,0.0,0.0,0.0,0.0
5375,0.0,0.0,0,0,0.0,0.0,0.0,0.0
5376,0.0,0.0,0,0,0.0,0.0,0.0,0.0
5377,0.0,0.0,0,0,0.0,0.0,0.0,0.0
5378,0.0,0.0,0,0,0.0,0.0,0.0,0.0
5379,0.0,0.0,0,0,0.0,0.0,0.0,0.0
5380,0.0,0.0,0,0,0.0,0.0,0.0,0.0
5381,0.0,0.0,0,0,0.0,0.0,0.0,0.0
5382,0.0,0.0,0,0,0.0,0.0,0.0,0.0
5383,0.0,0.0,0,0,0.0,0.0,0.0,0.0
5384,0.0,0.0,0,0,0.0,0.0,0.0,0.0
5385,0.0,0.0,0,0,0.0,0.0,0.0,0.0
5386,0.0,0.0,0,0,0.0,0.0,0.0,0.0
5387,0.0,0.0,0,0,0.0,0.0,0.0,0.0
5388,0.0,0.0,0,0,0.0,0.0,0.0,0.0
5389,0.0,0.0,0,0,0.0,0.0,0.0,0.0
5390,0.0,0.0,0,0,0.0,0.0,0.0,0.0
5391,0.0,0.0,0,0,0.0,0.0,0.0,0.0
5392,0.0,0.0,0,0,0.0,0.0,0.0,0.0
5393,0.0,0.0,0,0,0.0,0.0,0.0,0.0
5394,0.0,0.0,0,0,0.0,0.0,0.0,0.0
5395,0.0,0.0,0,0,0.0,0.0,0.0,0.0
5396,0.0,0.0,0,0,0.0,0.0,0.0,0.0
5397,0.0,0.0,0,0,0.0,0.0,0.0,0.0
5398,0.0,0.0,0,0,0.0,0.0,0.0,0.0
5399,0.0,0.0,0,0,0.0,0.0,0.0,0.0
5400,0.0,0.0,0,0,0.0,0.0,0.0,0.0
5401,0.0,0.0,0,0,0.0,0.0,0.0,0.0
5402,0.0,0.0,0,0,0.0,0.0,0.0,0.0
5403,0.0,0.0,0,0,0.0,0.0,0.0,0.0
5404,0.0,0.0,0,0,0.0,0.0,0.0,0.0
5405,0.0,0.0,0,0,0.0,0.0,0.0,0.0
5406,0.0,0.0,0,0,0.0,0.0,0.0,0.0
5407,0.0,0.0,0,0,0.0,0.0,0.0,0.0
5408,0.0,0.0,0,0,0.0,0.0,0.0,0.0
5409,0.0,0.0,0,0,0.0,0.0,0.0,0.0
5410,0.0,0.0,0,0,0.0,0.0,0.0,0.0
5411,0.0,0.0,0,0,0.0,0.0,0.0,0.0
5412,0.0,0.0,0,0,0.0,0.0,0.0,0.0
5413,0.0,0.0,0,0,0.0,0.0,0.0,0.0
5414,0.0,0.0,0,0,0.0,0.0,0.0,0.0
5415,0.0,0.0,0,0,0.0,0.0,0.0,0.0
5416,0.0,0.0,0,0,0.0,0.0,0.0,0.0
5417,0.0,0.0,0,0,0.0,0.0,0.0,0.0
5418,0.0,0.0,0,0,0.0,0.0,0.0,0.0
5419,0.0,0.0,0,0,0.0,0.0,0.0,0.0
5420,0.0,0.0,0,0,0.0,0.0,0.0,0.0
5421,0.0,0.0,0,0,0.0,0.0,0.0,0.0
5422,0.0,0.0,0,0,0.0,0.0,0.0,0.0
5423,0.0,0.0,0,0,0.0,0.0,0.0,0.0
5424,0.0,0.0,0,0,0.0,0.0,0.0,0.0
5425,0.0,0.0,0,0,0.0,0.0,0.0,0.0
5426,0.0,0.0,0,0,0.0,0.0,0.0,0.0
5427,0.0,0.0,0,0,0.0,0.0,0.0,0.0
5428,0.0,0.0,0,0,0.0,0.0,0.0,0.0
5429,0.0,0.0,0,0,0.0,0.0,0.0,0.0
5430,0.0,0.0,0,0,0.0,0.0,0.0,0.0
5431,0.0,0.0,0,0,0.0,0.0,0.0,0.0
5432,0.0,0.0,0,0,0.0,0.0,0.0,0.0
5433,0.0,0.0,0,0,0.0,0.0,0.0,0.0
5434,0.0,0.0,0,0,0.0,0.0,0.0,0.0
5435,0.0,0.0,0,0,0.0,0.0,0.0,0.0
5436,0.0,0.0,0,0,0.0,0.0,0.0,0.0
5437,0.0,0.0,0,0,0.0,0.0,0.0,0.0
5438,0.0,0.0,0,0,0.0,0.0,0.0,0.0
5439,0.0,0.0,0,0,0.0,0.0,0.0,0.0
5440,0.0,0.0,0,0,0.0,0.0,0.0,0.0
5441,0.0,0.0,0,0,0.0,0.0,0.0,0.0
5442,0.0,0.0,0,0,0.0,0.0,0.0,0.0
5443,0.0,0.0,0,0,0.0,0.0,0.0,0.0
5444,0.0,0.0,0,0,0.0,0.0,0.0,0.0
5445,0.0,0.0,0,0,0.0,0.0,0.0,0.0
5446,0.0,0.0,0,0,0.0,0.0,0.0,0.0
5447,0.0,0.0,0,0,0.0,0.0,0.0,0.0
5448,0.0,0.0,0,0,0.0,0.0,0.0,0.0
5449,0.0,0.0,0,0,0.0,0.0,0.0,0.0
5450,0.0,0.0,0,0,0.0,0.0,0.0,0.0
5451,0.0,0.0,0,0,0.0,0.0,0.0,0.0
5452,0.0,0.0,0,0,0.0,0.0,0.0,0.0
5453,0.0,0.0,0,0,0.0,0.0,0.0,0.0
5454,0.0,0.0,0,0,0.0,0.0,0.0,0.0
5455,0.0,0.0,0,0,0.0,0.0,0.0,0.0
5456,0.0,0.0,0,0,0.0,0.0,0.0,0.0
5457,0.0,0.0,0,0,0.0,0.0,0.0,0.0
5458,0.0,0.0,0,0,0.0,0.0,0.0,0.0
5459,0.0,0.0,0,0,0.0,0.0,0.0,0.0
5460,0.0,0.0,0,0,0.0,0.0,0.0,0.0
5461,0.0,0.0,0,0,0.0,0.0,0.0,0.0
5462,0.0,0.0,0,0,0.0,0.0,0.0,0.0
5463,0.0,0.0,0,0,0.0,0.0,0.0,0.0
5464,0.0,0.0,0,0,0.0,0.0,0.0,0.0
5465,0.0,0.0,0,0,0.0,0.0,0.0,0.0
5466,0.0,0.0,0,0,0.0,0.0,0.0,0.0
5467,0.0,0.0,0,0,0.0,0.0,0.0,0.0
5468,0.0,0.0,0,0,0.0,0.0,0.0,0.0
5469,0.0,0.0,0,0,0.0,0.0,0.0,0.0
5470,0.0,0.0,0,0,0.0,0.0,0.0,0.0
5471,0.0,0.0,0,0,0.0,0.0,0.0,0.0
5472,0.0,0.0,0,0,0.0,0.0,0.0,0.0
5473,0.0,0.0,0,0,0.0,0.0,0.0,0.0
5474,0.0,0.0,0,0,0.0,0.0,0.0,0.0
5475,0.0,0.0,0,0,0.0,0.0,0.0,0.0
5476,0.0,0.0,0,0,0.0,0.0,0.0,0.0
5477,0.0,0.0,0,0,0.0,0.0,0.0,0.0
5478,0.0,0.0,0,0,0.0,0.0,0.0,0.0
5479,0.0,0.0,0,0,0.0,0.0,0.0,0.0
5480,0.0,0.0,0,0,0.0,0.0,0.0,0.0
5481,0.0,0.0,0,0,0.0,0.0,0.0,0.0
5482,0.0,0.0,0,0,0.0,0.0,0.0,0.0
5483,0.0,0.0,0,0,0.0,0.0,0.0,0.0
5484,0.0,0.0,0,0,0.0,0.0,0.0,0.0
5485,0.0,0.0,0,0,0.0,0.0,0.0,0.0
5486,0.0,0.0,0,0,0.0,0.0,0.0,0.0
5487,0.0,0.0,0,0,0.0,0.0,0.0,0.0
5488,0.0,0.0,0,0,0.0,0.0,0.0,0.0
5489,0.0,0.0,0,0,0.0,0.0,0.0,0.0
5490,0.0,0.0,0,0,0.0,0.0,0.0,0.0
5491,0.0,0.0,0,0,0.0,0.0,0.0,0.0
5492,0.0,0.0,0,0,0.0,0.0,0.0,0.0
5493,0.0,0.0,0,0,0.0,0.0,0.0,0.0
5494,0.0,0.0,0,0,0.0,0.0,0.0,0.0
5495,0.0,0.0,0,0,0.0,0.0,0.0,0.0
5496,0.0,0.0,0,0,0.0,0.0,0.0,0.0
5497,0.0,0.0,0,0,0.0,0.0,0.0,0.0
5498,0.0,0.0,0,0,0.0,0.0,0.0,0.0
5499,0.0,0.0,0,0,0.0,0.0,0.0,0.0
5500,0.0,0.0,0,0,0.0,0.0,0.0,0.0
5501,0.0,0.0,0,0,0.0,0.0,0.0,0.0
5502,0.0,0.0,0,0,0.0,0.0,0.0,0.0
5503,0.0,0.0,0,0,0.0,0.0,0.0,0.0
5504,0.0,0.0,0,0,0.0,0.0,0.0,0.0
5505,0.0,0.0,0,0,0.0,0.0,0.0,0.0
5506,0.0,0.0,0,0,0.0,0.0,0.0,0.0
5507,0.0,0.0,0,0,0.0,0.0,0.0,0.0
5508,0.0,0.0,0,0,0.0,0.0,0.0,0.0
5509,0.0,0.0,0,0,0.0,0.0,0.0,0.0
5510,0.0,0.0,0,0,0.0,0.0,0.0,0.0
5511,0.0,0.0,0,0,0.0,0.0,0.0,0.0
5512,0.0,0.0,0,0,0.0,0.0,0.0,0.0
5513,0.0,0.0,0,0,0.0,0.0,0.0,0.0
5514,0.0,0.0,0,0,0.0,0.0,0.0,0.0
5515,0.0,0.0,0,0,0.0,0.0,0.0,0.0
5516,0.0,0.0,0,0,0.0,0.0,0.0,0.0
5517,0.0,0.0,0,0,0.0,0.0,0.0,0.0
5518,0.0,0.0,0,0,0.0,0.0,0.0,0.0
5519,0.0,0.0,0,0,0.0,0.0,0.0,0.0
5520,0.0,0.0,0,0,0.0,0.0,0.0,0.0
5521,0.0,0.0,0,0,0.0,0.0,0.0,0.0
5522,0.0,0.0,0,0,0.0,0.0,0.0,0.0
5523,0.0,0.0,0,0,0.0,0.0,0.0,0.0
5524,0.0,0.0,0,0,0.0,0.0,0.0,0.0
5525,0.0,0.0,0,0,0.0,0.0,0.0,0.0
5526,0.0,0.0,0,0,0.0,0.0,0.0,0.0
5527,0.0,0.0,0,0,0.0,0.0,0.0,0.0
5528,0.0,0.0,0,0,0.0,0.0,0.0,0.0
5529,0.0,0.0,0,0,0.0,0.0,0.0,0.0
5530,0.0,0.0,0,0,0.0,0.0,0.0,0.0
5531,0.0,0.0,0,0,0.0,0.0,0.0,0.0
5532,0.0,0.0,0,0,0.0,0.0,0.0,0.0
5533,0.0,0.0,0,0,0.0,0.0,0.0,0.0
5534,0.0,0.0,0,0,0.0,0.0,0.0,0.0
5535,0.0,0.0,0,0,0.0,0.0,0.0,0.0
5536,0.0,0.0,0,0,0.0,0.0,0.0,0.0
5537,0.0,0.0,0,0,0.0,0.0,0.0,0.0
5538,0.0,0.0,0,0,0.0,0.0,0.0,0.0
5539,0.0,0.0,0,0,0.0,0.0,0.0,0.0
5540,0.0,0.0,0,0,0.0,0.0,0.0,0.0
5541,0.0,0.0,0,0,0.0,0.0,0.0,0.0
5542,0.0,0.0,0,0,0.0,0.0,0.0,0.0
5543,0.0,0.0,0,0,0.0,0.0,0.0,0.0
5544,0.0,0.0,0,0,0.0,0.0,0.0,0.0
5545,0.0,0.0,0,0,0.0,0.0,0.0,0.0
5546,0.0,0.0,0,0,0.0,0.0,0.0,0.0
5547,0.0,0.0,0,0,0.0,0.0,0.0,0.0
5548,0.0,0.0,0,0,0.0,0.0,0.0,0.0
5549,0.0,0.0,0,0,0.0,0.0,0.0,0.0
5550,0.0,0.0,0,0,0.0,0.0,0.0,0.0
5551,0.0,0.0,0,0,0.0,0.0,0.0,0.0
5552,0.0,0.0,0,0,0.0,0.0,0.0,0.0
5553,0.0,0.0,0,0,0.0,0.0,0.0,0.0
5554,0.0,0.0,0,0,0.0,0.0,0.0,0.0
5555,0.0,0.0,0,0,0.0,0.0,0.0,0.0
5556,0.0,0.0,0,0,0.0,0.0,0.0,0.0
5557,0.0,0.0,0,0,0.0,0.0,0.0,0.0
5558,0.0,0.0,0,0,0.0,0.0,0.0,0.0
5559,0.0,0.0,0,0,0.0,0.0,0.0,0.0
5560,0.0,0.0,0,0,0.0,0.0,0.0,0.0
5561,0.0,0.0,0,0,0.0,0.0,0.0,0.0
5562,0.0,0.0,0,0,0.0,0.0,0.0,0.0
5563,0.0,0.0,0,0,0.0,0.0,0.0,0.0
5564,0.0,0.0,0,0,0.0,0.0,0.0,0.0
5565,0.0,0.0,0,0,0.0,0.0,0.0,0.0
5566,0.0,0.0,0,0,0.0,0.0,0.0,0.0
5567,0.0,0.0,0,0,0.0,0.0,0.0,0.0
5568,0.0,0.0,0,0,0.0,0.0,0.0,0.0
5569,0.0,0.0,0,0,0.0,0.0,0.0,0.0
5570,0.0,0.0,0,0,0.0,0.0,0.0,0.0
5571,0.0,0.0,0,0,0.0,0.0,0.0,0.0
5572,0.0,0.0,0,0,0.0,0.0,0.0,0.0
5573,0.0,0.0,0,0,0.0,0.0,0.0,0.0
5574,0.0,0.0,0,0,0.0,0.0,0.0,0.0
5575,0.0,0.0,0,0,0.0,0.0,0.0,0.0
5576,0.0,0.0,0,0,0.0,0.0,0.0,0.0
5577,0.0,0.0,0,0,0.0,0.0,0.0,0.0
5578,0.0,0.0,0,0,0.0,0.0,0.0,0.0
5579,0.0,0.0,0,0,0.0,0.0,0.0,0.0
5580,0.0,0.0,0,0,0.0,0.0,0.0,0.0
5581,0.0,0.0,0,0,0.0,0.0,0.0,0.0
5582,0.0,0.0,0,0,0.0,0.0,0.0,0.0
5583,0.0,0.0,0,0,0.0,0.0,0.0,0.0
5584,0.0,0.0,0,0,0.0,0.0,0.0,0.0
5585,0.0,0.0,0,0,0.0,0.0,0.0,0.0
5586,0.0,0.0,0,0,0.0,0.0,0.0,0.0
5587,0.0,0.0,0,0,0.0,0.0,0.0,0.0
5588,0.0,0.0,0,0,0.0,0.0,0.0,0.0
5589,0.0,0.0,0,0,0.0,0.0,0.0,0.0
5590,0.0,0.0,0,0,0.0,0.0,0.0,0.0
5591,0.0,0.0,0,0,0.0,0.0,0.0,0.0
5592,0.0,0.0,0,0,0.0,0.0,0.0,0.0
5593,0.0,0.0,0,0,0.0,0.0,0.0,0.0
5594,0.0,0.0,0,0,0.0,0.0,0.0,0.0
5595,0.0,0.0,0,0,0.0,0.0,0.0,0.0
5596,0.0,0.0,0,0,0.0,0.0,0.0,0.0
5597,0.0,0.0,0,0,0.0,0.0,0.0,0.0
5598,0.0,0.0,0,0,0.0,0.0,0.0,0.0
5599,0.0,0.0,0,0,0.0,0.0,0.0,0.0
5600,0.0,0.0,0,0,0.0,0.0,0.0,0.0
5601,0.0,0.0,0,0,0.0,0.0,0.0,0.0
5602,0.0,0.0,0,0,0.0,0.0,0.0,0.0
5603,0.0,0.0,0,0,0.0,0.0,0.0,0.0
5604,0.0,0.0,0,0,0.0,0.0,0.0,0.0
5605,0.0,0.0,0,0,0.0,0.0,0.0,0.0
5606,0.0,0.0,0,0,0.0,0.0,0.0,0.0
5607,0.0,0.0,0,0,0.0,0.0,0.0,0.0
5608,0.0,0.0,0,0,0.0,0.0,0.0,0.0
5609,0.0,0.0,0,0,0.0,0.0,0.0,0.0
5610,0.0,0.0,0,0,0.0,0.0,0.0,0.0
5611,0.0,0.0,0,0,0.0,0.0,0.0,0.0
5612,0.0,0.0,0,0,0.0,0.0,0.0,0.0
5613,0.0,0.0,0,0,0.0,0.0,0.0,0.0
5614,0.0,0.0,0,0,0.0,0.0,0.0,0.0
5615,0.0,0.0,0,0,0.0,0.0,0.0,0.0
5616,0.0,0.0,0,0,0.0,0.0,0.0,0.0
5617,0.0,0.0,0,0,0.0,0.0,0.0,0.0
5618,0.0,0.0,0,0,0.0,0.0,0.0,0.0
5619,0.0,0.0,0,0,0.0,0.0,0.0,0.0
5620,0.0,0.0,0,0,0.0,0.0,0.0,0.0
5621,0.0,0.0,0,0,0.0,0.0,0.0,0.0
5622,0.0,0.0,0,0,0.0,0.0,0.0,0.0
5623,0.0,0.0,0,0,0.0,0.0,0.0,0.0
5624,0.0,0.0,0,0,0.0,0.0,0.0,0.0
5625,0.0,0.0,0,0,0.0,0.0,0.0,0.0
5626,0.0,0.0,0,0,0.0,0.0,0.0,0.0
5627,0.0,0.0,0,0,0.0,0.0,0.0,0.0
5628,0.0,0.0,0,0,0.0,0.0,0.0,0.0
5629,0.0,0.0,0,0,0.0,0.0,0.0,0.0
5630,0.0,0.0,0,0,0.0,0.0,0.0,0.0
5631,0.0,0.0,0,0,0.0,0.0,0.0,0.0
5632,0.0,0.0,0,0,0.0,0.0,0.0,0.0
5633,0.0,0.0,0,0,0.0,0.0,0.0,0.0
5634,0.0,0.0,0,0,0.0,0.0,0.0,0.0
5635,0.0,0.0,0,0,0.0,0.0,0.0,0.0
5636,0.0,0.0,0,0,0.0,0.0,0.0,0.0
5637,0.0,0.0,0,0,0.0,0.0,0.0,0.0
5638,0.0,0.0,0,0,0.0,0.0,0.0,0.0
5639,0.0,0.0,0,0,0.0,0.0,0.0,0.0
5640,0.0,0.0,0,0,0.0,0.0,0.0,0.0
5641,0.0,0.0,0,0,0.0,0.0,0.0,0.0
5642,0.0,0.0,0,0,0.0,0.0,0.0,0.0
5643,0.0,0.0,0,0,0.0,0.0,0.0,0.0
5644,0.0,0.0,0,0,0.0,0.0,0.0,0.0
5645,0.0,0.0,0,0,0.0,0.0,0.0,0.0
5646,0.0,0.0,0,0,0.0,0.0,0.0,0.0
5647,0.0,0.0,0,0,0.0,0.0,0.0,0.0
5648,0.0,0.0,0,0,0.0,0.0,0.0,0.0
5649,0.0,0.0,0,0,0.0,0.0,0.0,0.0
5650,0.0,0.0,0,0,0.0,0.0,0.0,0.0
5651,0.0,0.0,0,0,0.0,0.0,0.0,0.0
5652,0.0,0.0,0,0,0.0,0.0,0.0,0.0
5653,0.0,0.0,0,0,0.0,0.0,0.0,0.0
5654,0.0,0.0,0,0,0.0,0.0,0.0,0.0
5655,0.0,0.0,0,0,0.0,0.0,0.0,0.0
5656,0.0,0.0,0,0,0.0,0.0,0.0,0.0
5657,0.0,0.0,0,0,0.0,0.0,0.0,0.0
5658,0.0,0.0,0,0,0.0,0.0,0.0,0.0
5659,0.0,0.0,0,0,0.0,0.0,0.0,0.0
5660,0.0,0.0,0,0,0.0,0.0,0.0,0.0
5661,0.0,0.0,0,0,0.0,0.0,0.0,0.0
5662,0.0,0.0,0,0,0.0,0.0,0.0,0.0
5663,0.0,0.0,0,0,0.0,0.0,0.0,0.0
5664,0.0,0.0,0,0,0.0,0.0,0.0,0.0
5665,0.0,0.0,0,0,0.0,0.0,0.0,0.0
5666,0.0,0.0,0,0,0.0,0.0,0.0,0.0
5667,0.0,0.0,0,0,0.0,0.0,0.0,0.0
5668,0.0,0.0,0,0,0.0,0.0,0.0,0.0
5669,0.0,0.0,0,0,0.0,0.0,0.0,0.0
5670,0.0,0.0,0,0,0.0,0.0,0.0,0.0
5671,0.0,0.0,0,0,0.0,0.0,0.0,0.0
5672,0.0,0.0,0,0,0.0,0.0,0.0,0.0
5673,0.0,0.0,0,0,0.0,0.0,0.0,0.0
5674,0.0,0.0,0,0,0.0,0.0,0.0,0.0
5675,0.0,0.0,0,0,0.0,0.0,0.0,0.0
5676,0.0,0.0,0,0,0.0,0.0,0.0,0.0
5677,0.0,0.0,0,0,0.0,0.0,0.0,0.0
5678,0.0,0.0,0,0,0.0,0.0,0.0,0.0
5679,0.0,0.0,0,0,0.0,0.0,0.0,0.0
5680,0.0,0.0,0,0,0.0,0.0,0.0,0.0
5681,0.0,0.0,0,0,0.0,0.0,0.0,0.0
5682,0.0,0.0,0,0,0.0,0.0,0.0,0.0
5683,0.0,0.0,0,0,0.0,0.0,0.0,0.0
5684,0.0,0.0,0,0,0.0,0.0,0.0,0.0
5685,0.0,0.0,0,0,0.0,0.0,0.0,0.0
5686,0.0,0.0,0,0,0.0,0.0,0.0,0.0
5687,0.0,0.0,0,0,0.0,0.0,0.0,0.0
5688,0.0,0.0,0,0,0.0,0.0,0.0,0.0
5689,0.0,0.0,0,0,0.0,0.0,0.0,0.0
5690,0.0,0.0,0,0,0.0,0.0,0.0,0.0
5691,0.0,0.0,0,0,0.0,0.0,0.0,0.0
5692,0.0,0.0,0,0,0.0,0.0,0.0,0.0
5693,0.0,0.0,0,0,0.0,0.0,0.0,0.0
5694,0.0,0.0,0,0,0.0,0.0,0.0,0.0
5695,0.0,0.0,0,0,0.0,0.0,0.0,0.0
5696,0.0,0.0,0,0,0.0,0.0,0.0,0.0
5697,0.0,0.0,0,0,0.0,0.0,0.0,0.0
5698,0.0,0.0,0,0,0.0,0.0,0.0,0.0
5699,0.0,0.0,0,0,0.0,0.0,0.0,0.0
5700,0.0,0.0,0,0,0.0,0.0,0.0,0.0
5701,0.0,0.0,0,0,0.0,0.0,0.0,0.0
5702,0.0,0.0,0,0,0.0,0.0,0.0,0.0
5703,0.0,0.0,0,0,0.0,0.0,0.0,0.0
5704,0.0,0.0,0,0,0.0,0.0,0.0,0.0
5705,0.0,0.0,0,0,0.0,0.0,0.0,0.0
5706,0.0,0.0,0,0,0.0,0.0,0.0,0.0
5707,0.0,0.0,0,0,0.0,0.0,0.0,0.0
5708,0.0,0.0,0,0,0.0,0.0,0.0,0.0
5709,0.0,0.0,0,0,0.0,0.0,0.0,0.0
5710,0.0,0.0,0,0,0.0,0.0,0.0,0.0
5711,0.0,0.0,0,0,0.0,0.0,0.0,0.0
5712,0.0,0.0,0,0,0.0,0.0,0.0,0.0
5713,0.0,0.0,0,0,0.0,0.0,0.0,0.0
5714,0.0,0.0,0,0,0.0,0.0,0.0,0.0
5715,0.0,0.0,0,0,0.0,0.0,0.0,0.0
5716,0.0,0.0,0,0,0.0,0.0,0.0,0.0
5717,0.0,0.0,0,0,0.0,0.0,0.0,0.0
5718,0.0,0.0,0,0,0.0,0.0,0.0,0.0
5719,0.0,0.0,0,0,0.0,0.0,0.0,0.0
5720,0.0,0.0,0,0,0.0,0.0,0.0,0.0
5721,0.0,0.0,0,0,0.0,0.0,0.0,0.0
5722,0.0,0.0,0,0,0.0,0.0,0.0,0.0
5723,0.0,0.0,0,0,0.0,0.0,0.0,0.0
5724,0.0,0.0,0,0,0.0,0.0,0.0,0.0
5725,0.0,0.0,0,0,0.0,0.0,0.0,0.0
5726,0.0,0.0,0,0,0.0,0.0,0.0,0.0
5727,0.0,0.0,0,0,0.0,0.0,0.0,0.0
5728,0.0,0.0,0,0,0.0,0.0,0.0,0.0
5729,0.0,0.0,0,0,0.0,0.0,0.0,0.0
5730,0.0,0.0,0,0,0.0,0.0,0.0,0.0
5731,0.0,0.0,0,0,0.0,0.0,0.0,0.0
5732,0.0,0.0,0,0,0.0,0.0,0.0,0.0
5733,0.0,0.0,0,0,0.0,0.0,0.0,0.0
5734,0.0,0.0,0,0,0.0,0.0,0.0,0.0
5735,0.0,0.0,0,0,0.0,0.0,0.0,0.0
5736,0.0,0.0,0,0,0.0,0.0,0.0,0.0
5737,0.0,0.0,0,0,0.0,0.0,0.0,0.0
5738,0.0,0.0,0,0,0.0,0.0,0.0,0.0
5739,0.0,0.0,0,0,0.0,0.0,0.0,0.0
5740,0.0,0.0,0,0,0.0,0.0,0.0,0.0
5741,0.0,0.0,0,0,0.0,0.0,0.0,0.0
5742,0.0,0.0,0,0,0.0,0.0,0.0,0.0
5743,0.0,0.0,0,0,0.0,0.0,0.0,0.0
5744,0.0,0.0,0,0,0.0,0.0,0.0,0.0
5745,0.0,0.0,0,0,0.0,0.0,0.0,0.0
5746,0.0,0.0,0,0,0.0,0.0,0.0,0.0
5747,0.0,0.0,0,0,0.0,0.0,0.0,0.0
5748,0.0,0.0,0,0,0.0,0.0,0.0,0.0
5749,0.0,0.0,0,0,0.0,0.0,0.0,0.0
5750,0.0,0.0,0,0,0.0,0.0,0.0,0.0
5751,0.0,0.0,0,0,0.0,0.0,0.0,0.0
5752,0.0,0.0,0,0,0.0,0.0,0.0,0.0
5753,0.0,0.0,0,0,0.0,0.0,0.0,0.0
5754,0.0,0.0,0,0,0.0,0.0,0.0,0.0
5755,0.0,0.0,0,0,0.0,0.0,0.0,0.0
5756,0.0,0.0,0,0,0.0,0.0,0.0,0.0
5757,0.0,0.0,0,0,0.0,0.0,0.0,0.0
5758,0.0,0.0,0,0,0.0,0.0,0.0,0.0
5759,0.0,0.0,0,0,0.0,0.0,0.0,0.0
5760,0.0,0.0,0,0,0.0,0.0,0.0,0.0
5761,0.0,0.0,0,0,0.0,0.0,0.0,0.0
5762,0.0,0.0,0,0,0.0,0.0,0.0,0.0
5763,0.0,0.0,0,0,0.0,0.0,0.0,0.0
5764,0.0,0.0,0,0,0.0,0.0,0.0,0.0
5765,0.0,0.0,0,0,0.0,0.0,0.0,0.0
5766,0.0,0.0,0,0,0.0,0.0,0.0,0.0
5767,0.0,0.0,0,0,0.0,0.0,0.0,0.0
5768,0.0,0.0,0,0,0.0,0.0,0.0,0.0
5769,0.0,0.0,0,0,0.0,0.0,0.0,0.0
5770,0.0,0.0,0,0,0.0,0.0,0.0,0.0
5771,0.0,0.0,0,0,0.0,0.0,0.0,0.0
5772,0.0,0.0,0,0,0.0,0.0,0.0,0.0
5773,0.0,0.0,0,0,0.0,0.0,0.0,0.0
5774,0.0,0.0,0,0,0.0,0.0,0.0,0.0
5775,0.0,0.0,0,0,0.0,0.0,0.0,0.0
5776,0.0,0.0,0,0,0.0,0.0,0.0,0.0
5777,0.0,0.0,0,0,0.0,0.0,0.0,0.0
5778,0.0,0.0,0,0,0.0,0.0,0.0,0.0
5779,0.0,0.0,0,0,0.0,0.0,0.0,0.0
5780,0.0,0.0,0,0,0.0,0.0,0.0,0.0
5781,0.0,0.0,0,0,0.0,0.0,0.0,0.0
5782,0.0,0.0,0,0,0.0,0.0,0.0,0.0
5783,0.0,0.0,0,0,0.0,0.0,0.0,0.0
5784,0.0,0.0,0,0,0.0,0.0,0.0,0.0
5785,0.0,0.0,0,0,0.0,0.0,0.0,0.0
5786,0.0,0.0,0,0,0.0,0.0,0.0,0.0
5787,0.0,0.0,0,0,0.0,0.0,0.0,0.0
5788,0.0,0.0,0,0,0.0,0.0,0.0,0.0
5789,0.0,0.0,0,0,0.0,0.0,0.0,0.0
5790,0.0,0.0,0,0,0.0,0.0,0.0,0.0
5791,0.0,0.0,0,0,0.0,0.0,0.0,0.0
5792,0.0,0.0,0,0,0.0,0.0,0.0,0.0
5793,0.0,0.0,0,0,0.0,0.0,0.0,0.0
5794,0.0,0.0,0,0,0.0,0.0,0.0,0.0
5795,0.0,0.0,0,0,0.0,0.0,0.0,0.0
5796,0.0,0.0,0,0,0.0,0.0,0.0,0.0
5797,0.0,0.0,0,0,0.0,0.0,0.0,0.0
5798,0.0,0.0,0,0,0.0,0.0,0.0,0.0
5799,0.0,0.0,0,0,0.0,0.0,0.0,0.0
5800,0.0,0.0,0,0,0.0,0.0,0.0,0.0
5801,0.0,0.0,0,0,0.0,0.0,0.0,0.0
5802,0.0,0.0,0,0,0.0,0.0,0.0,0.0
5803,0.0,0.0,0,0,0.0,0.0,0.0,0.0
5804,0.0,0.0,0,0,0.0,0.0,0.0,0.0
5805,0.0,0.0,0,0,0.0,0.0,0.0,0.0
5806,0.0,0.0,0,0,0.0,0.0,0.0,0.0
5807,0.0,0.0,0,0,0.0,0.0,0.0,0.0
5808,0.0,0.0,0,0,0.0,0.0,0.0,0.0
5809,0.0,0.0,0,0,0.0,0.0,0.0,0.0
5810,0.0,0.0,0,0,0.0,0.0,0.0,0.0
5811,0.0,0.0,0,0,0.0,0.0,0.0,0.0
5812,0.0,0.0,0,0,0.0,0.0,0.0,0.0
5813,0.0,0.0,0,0,0.0,0.0,0.0,0.0
5814,0.0,0.0,0,0,0.0,0.0,0.0,0.0
5815,0.0,0.0,0,0,0.0,0.0,0.0,0.0
5816,0.0,0.0,0,0,0.0,0.0,0.0,0.0
5817,0.0,0.0,0,0,0.0,0.0,0.0,0.0
5818,0.0,0.0,0,0,0.0,0.0,0.0,0.0
5819,0.0,0.0,0,0,0.0,0.0,0.0,0.0
5820,0.0,0.0,0,0,0.0,0.0,0.0,0.0
5821,0.0,0.0,0,0,0.0,0.0,0.0,0.0
5822,0.0,0.0,0,0,0.0,0.0,0.0,0.0
5823,0.0,0.0,0,0,0.0,0.0,0.0,0.0
5824,0.0,0.0,0,0,0.0,0.0,0.0,0.0
5825,0.0,0.0,0,0,0.0,0.0,0.0,0.0
5826,0.0,0.0,0,0,0.0,0.0,0.0,0.0
5827,0.0,0.0,0,0,0.0,0.0,0.0,0.0
5828,0.0,0.0,0,0,0.0,0.0,0.0,0.0
5829,0.0,0.0,0,0,0.0,0.0,0.0,0.0
5830,0.0,0.0,0,0,0.0,0.0,0.0,0.0
5831,0.0,0.0,0,0,0.0,0.0,0.0,0.0
5832,0.0,0.0,0,0,0.0,0.0,0.0,0.0
5833,0.0,0.0,0,0,0.0,0.0,0.0,0.0
5834,0.0,0.0,0,0,0.0,0.0,0.0,0.0
5835,0.0,0.0,0,0,0.0,0.0,0.0,0.0
5836,0.0,0.0,0,0,0.0,0.0,0.0,0.0
5837,0.0,0.0,0,0,0.0,0.0,0.0,0.0
5838,0.0,0.0,0,0,0.0,0.0,0.0,0.0
5839,0.0,0.0,0,0,0.0,0.0,0.0,0.0
5840,0.0,0.0,0,0,0.0,0.0,0.0,0.0
5841,0.0,0.0,0,0,0.0,0.0,0.0,0.0
5842,0.0,0.0,0,0,0.0,0.0,0.0,0.0
5843,0.0,0.0,0,0,0.0,0.0,0.0,0.0
5844,0.0,0.0,0,0,0.0,0.0,0.0,0.0
5845,0.0,0.0,0,0,0.0,0.0,0.0,0.0
5846,0.0,0.0,0,0,0.0,0.0,0.0,0.0
5847,0.0,0.0,0,0,0.0,0.0,0.0,0.0
5848,0.0,0.0,0,0,0.0,0.0,0.0,0.0
5849,0.0,0.0,0,0,0.0,0.0,0.0,0.0
5850,0.0,0.0,0,0,0.0,0.0,0.0,0.0
5851,0.0,0.0,0,0,0.0,0.0,0.0,0.0
5852,0.0,0.0,0,0,0.0,0.0,0.0,0.0
5853,0.0,0.0,0,0,0.0,0.0,0.0,0.0
5854,0.0,0.0,0,0,0.0,0.0,0.0,0.0
5855,0.0,0.0,0,0,0.0,0.0,0.0,0.0
5856,0.0,0.0,0,0,0.0,0.0,0.0,0.0
5857,0.0,0.0,0,0,0.0,0.0,0.0,0.0
5858,0.0,0.0,0,0,0.0,0.0,0.0,0.0
5859,0.0,0.0,0,0,0.0,0.0,0.0,0.0
5860,0.0,0.0,0,0,0.0,0.0,0.0,0.0
5861,0.0,0.0,0,0,0.0,0.0,0.0,0.0
5862,0.0,0.0,0,0,0.0,0.0,0.0,0.0
5863,0.0,0.0,0,0,0.0,0.0,0.0,0.0
5864,0.0,0.0,0,0,0.0,0.0,0.0,0.0
5865,0.0,0.0,0,0,0.0,0.0,0.0,0.0
5866,0.0,0.0,0,0,0.0,0.0,0.0,0.0
5867,0.0,0.0,0,0,0.0,0.0,0.0,0.0
5868,0.0,0.0,0,0,0.0,0.0,0.0,0.0
5869,0.0,0.0,0,0,0.0,0.0,0.0,0.0
5870,0.0,0.0,0,0,0.0,0.0,0.0,0.0
5871,0.0,0.0,0,0,0.0,0.0,0.0,0.0
5872,0.0,0.0,0,0,0.0,0.0,0.0,0.0
5873,0.0,0.0,0,0,0.0,0.0,0.0,0.0
5874,0.0,0.0,0,0,0.0,0.0,0.0,0.0
5875,0.0,0.0,0,0,0.0,0.0,0.0,0.0
5876,0.0,0.0,0,0,0.0,0.0,0.0,0.0
5877,0.0,0.0,0,0,0.0,0.0,0.0,0.0
5878,0.0,0.0,0,0,0.0,0.0,0.0,0.0
5879,0.0,0.0,0,0,0.0,0.0,0.0,0.0
5880,0.0,0.0,0,0,0.0,0.0,0.0,0.0
5881,0.0,0.0,0,0,0.0,0.0,0.0,0.0
5882,0.0,0.0,0,0,0.0,0.0,0.0,0.0
5883,0.0,0.0,0,0,0.0,0.0,0.0,0.0
5884,0.0,0.0,0,0,0.0,0.0,0.0,0.0
5885,0.0,0.0,0,0,0.0,0.0,0.0,0.0
5886,0.0,0.0,0,0,0.0,0.0,0.0,0.0
5887,0.0,0.0,0,0,0.0,0.0,0.0,0.0
5888,0.0,0.0,0,0,0.0,0.0,0.0,0.0
5889,0.0,0.0,0,0,0.0,0.0,0.0,0.0
5890,0.0,0.0,0,0,0.0,0.0,0.0,0.0
5891,0.0,0.0,0,0,0.0,0.0,0.0,0.0
5892,0.0,0.0,0,0,0.0,0.0,0.0,0.0
5893,0.0,0.0,0,0,0.0,0.0,0.0,0.0
5894,0.0,0.0,0,0,0.0,0.0,0.0,0.0
5895,0.0,0.0,0,0,0.0,0.0,0.0,0.0
5896,0.0,0.0,0,0,0.0,0.0,0.0,0.0
5897,0.0,0.0,0,0,0.0,0.0,0.0,0.0
5898,0.0,0.0,0,0,0.0,0.0,0.0,0.0
5899,0.0,0.0,0,0,0.0,0.0,0.0,0.0
5900,0.0,0.0,0,0,0.0,0.0,0.0,0.0
5901,0.0,0.0,0,0,0.0,0.0,0.0,0.0
5902,0.0,0.0,0,0,0.0,0.0,0.0,0.0
5903,0.0,0.0,0,0,0.0,0.0,0.0,0.0
5904,0.0,0.0,0,0,0.0,0.0,0.0,0.0
5905,0.0,0.0,0,0,0.0,0.0,0.0,0.0
5906,0.0,0.0,0,0,0.0,0.0,0.0,0.0
5907,0.0,0.0,0,0,0.0,0.0,0.0,0.0
5908,0.0,0.0,0,0,0.0,0.0,0.0,0.0
5909,0.0,0.0,0,0,0.0,0.0,0.0,0.0
5910,0.0,0.0,0,0,0.0,0.0,0.0,0.0
5911,0.0,0.0,0,0,0.0,0.0,0.0,0.0
5912,0.0,0.0,0,0,0.0,0.0,0.0,0.0
5913,0.0,0.0,0,0,0.0,0.0,0.0,0.0
5914,0.0,0.0,0,0,0.0,0.0,0.0,0.0
5915,0.0,0.0,0,0,0.0,0.0,0.0,0.0
5916,0.0,0.0,0,0,0.0,0.0,0.0,0.0
5917,0.0,0.0,0,0,0.0,0.0,0.0,0.0
5918,0.0,0.0,0,0,0.0,0.0,0.0,0.0
5919,0.0,0.0,0,0,0.0,0.0,0.0,0.0
5920,0.0,0.0,0,0,0.0,0.0,0.0,0.0
5921,0.0,0.0,0,0,0.0,0.0,0.0,0.0
5922,0.0,0.0,0,0,0.0,0.0,0.0,0.0
5923,0.0,0.0,0,0,0.0,0.0,0.0,0.0
5924,0.0,0.0,0,0,0.0,0.0,0.0,0.0
5925,0.0,0.0,0,0,0.0,0.0,0.0,0.0
5926,0.0,0.0,0,0,0.0,0.0,0.0,0.0
5927,0.0,0.0,0,0,0.0,0.0,0.0,0.0
5928,0.0,0.0,0,0,0.0,0.0,0.0,0.0
5929,0.0,0.0,0,0,0.0,0.0,0.0,0.0
5930,0.0,0.0,0,0,0.0,0.0,0.0,0.0
5931,0.0,0.0,0,0,0.0,0.0,0.0,0.0
5932,0.0,0.0,0,0,0.0,0.0,0.0,0.0
5933,0.0,0.0,0,0,0.0,0.0,0.0,0.0
5934,0.0,0.0,0,0,0.0,0.0,0.0,0.0
5935,0.0,0.0,0,0,0.0,0.0,0.0,0.0
5936,0.0,0.0,0,0,0.0,0.0,0.0,0.0
5937,0.0,0.0,0,0,0.0,0.0,0.0,0.0
5938,0.0,0.0,0,0,0.0,0.0,0.0,0.0
5939,0.0,0.0,0,0,0.0,0.0,0.0,0.0
5940,0.0,0.0,0,0,0.0,0.0,0.0,0.0
5941,0.0,0.0,0,0,0.0,0.0,0.0,0.0
5942,0.0,0.0,0,0,0.0,0.0,0.0,0.0
5943,0.0,0.0,0,0,0.0,0.0,0.0,0.0
5944,0.0,0.0,0,0,0.0,0.0,0.0,0.0
5945,0.0,0.0,0,0,0.0,0.0,0.0,0.0
5946,0.0,0.0,0,0,0.0,0.0,0.0,0.0
5947,0.0,0.0,0,0,0.0,0.0,0.0,0.0
5948,0.0,0.0,0,0,0.0,0.0,0.0,0.0
5949,0.0,0.0,0,0,0.0,0.0,0.0,0.0
5950,0.0,0.0,0,0,0.0,0.0,0.0,0.0
5951,0.0,0.0,0,0,0.0,0.0,0.0,0.0
5952,0.0,0.0,0,0,0.0,0.0,0.0,0.0
5953,0.0,0.0,0,0,0.0,0.0,0.0,0.0
5954,0.0,0.0,0,0,0.0,0.0,0.0,0.0
5955,0.0,0.0,0,0,0.0,0.0,0.0,0.0
5956,0.0,0.0,0,0,0.0,0.0,0.0,0.0
5957,0.0,0.0,0,0,0.0,0.0,0.0,0.0
5958,0.0,0.0,0,0,0.0,0.0,0.0,0.0
5959,0.0,0.0,0,0,0.0,0.0,0.0,0.0
5960,0.0,0.0,0,0,0.0,0.0,0.0,0.0
5961,0.0,0.0,0,0,0.0,0.0,0.0,0.0
5962,0.0,0.0,0,0,0.0,0.0,0.0,0.0
5963,0.0,0.0,0,0,0.0,0.0,0.0,0.0
5964,0.0,0.0,0,0,0.0,0.0,0.0,0.0
5965,0.0,0.0,0,0,0.0,0.0,0.0,0.0
5966,0.0,0.0,0,0,0.0,0.0,0.0,0.0
5967,0.0,0.0,0,0,0.0,0.0,0.0,0.0
5968,0.0,0.0,0,0,0.0,0.0,0.0,0.0
5969,0.0,0.0,0,0,0.0,0.0,0.0,0.0
5970,0.0,0.0,0,0,0.0,0.0,0.0,0.0
5971,0.0,0.0,0,0,0.0,0.0,0.0,0.0
5972,0.0,0.0,0,0,0.0,0.0,0.0,0.0
5973,0.0,0.0,0,0,0.0,0.0,0.0,0.0
5974,0.0,0.0,0,0,0.0,0.0,0.0,0.0
5975,0.0,0.0,0,0,0.0,0.0,0.0,0.0
5976,0.0,0.0,0,0,0.0,0.0,0.0,0.0
5977,0.0,0.0,0,0,0.0,0.0,0.0,0.0
5978,0.0,0.0,0,0,0.0,0.0,0.0,0.0
5979,0.0,0.0,0,0,0.0,0.0,0.0,0.0
5980,0.0,0.0,0,0,0.0,0.0,0.0,0.0
5981,0.0,0.0,0,0,0.0,0.0,0.0,0.0
5982,0.0,0.0,0,0,0.0,0.0,0.0,0.0
5983,0.0,0.0,0,0,0.0,0.0,0.0,0.0
5984,0.0,0.0,0,0,0.0,0.0,0.0,0.0
5985,0.0,0.0,0,0,0.0,0.0,0.0,0.0
5986,0.0,0.0,0,0,0.0,0.0,0.0,0.0
5987,0.0,0.0,0,0,0.0,0.0,0.0,0.0
5988,0.0,0.0,0,0,0.0,0.0,0.0,0.0
5989,0.0,0.0,0,0,0.0,0.0,0.0,0.0
5990,0.0,0.0,0,0,0.0,0.0,0.0,0.0
5991,0.0,0.0,0,0,0.0,0.0,0.0,0.0
5992,0.0,0.0,0,0,0.0,0.0,0.0,0.0
5993,0.0,0.0,0,0,0.0,0.0,0.0,0.0
5994,0.0,0.0,0,0,0.0,0.0,0.0,0.0
5995,0.0,0.0,0,0,0.0,0.0,0.0,0.0
5996,0.0,0.0,0,0,0.0,0.0,0.0,0.0
5997,0.0,0.0,0,0,0.0,0.0,0.0,0.0
5998,0.0,0.0,0,0,0.0,0.0,0.0,0.0
5999,0.0,0.0,0,0,0.0,0.0,0.0,0.0
6000,0.0,0.0,0,0,0.0,0.0,0.0,0.0
6001,0.0,0.0,0,0,0.0,0.0,0.0,0.0
6002,0.0,0.0,0,0,0.0,0.0,0.0,0.0
6003,0.0,0.0,0,0,0.0,0.0,0.0,0.0
6004,0.0,0.0,0,0,0.0,0.0,0.0,0.0
6005,0.0,0.0,0,0,0.0,0.0,0.0,0.0
6006,0.0,0.0,0,0,0.0,0.0,0.0,0.0
6007,0.0,0.0,0,0,0.0,0.0,0.0,0.0
6008,0.0,0.0,0,0,0.0,0.0,0.0,0.0
6009,0.0,0.0,0,0,0.0,0.0,0.0,0.0
6010,0.0,0.0,0,0,0.0,0.0,0.0,0.0
6011,0.0,0.0,0,0,0.0,0.0,0.0,0.0
6012,0.0,0.0,0,0,0.0,0.0,0.0,0.0
6013,0.0,0.0,0,0,0.0,0.0,0.0,0.0
6014,0.0,0.0,0,0,0.0,0.0,0.0,0.0
6015,0.0,0.0,0,0,0.0,0.0,0.0,0.0
6016,0.0,0.0,0,0,0.0,0.0,0.0,0.0
6017,0.0,0.0,0,0,0.0,0.0,0.0,0.0
6018,0.0,0.0,0,0,0.0,0.0,0.0,0.0
6019,0.0,0.0,0,0,0.0,0.0,0.0,0.0
6020,0.0,0.0,0,0,0.0,0.0,0.0,0.0
6021,0.0,0.0,0,0,0.0,0.0,0.0,0.0
6022,0.0,0.0,0,0,0.0,0.0,0.0,0.0
6023,0.0,0.0,0,0,0.0,0.0,0.0,0.0
6024,0.0,0.0,0,0,0.0,0.0,0.0,0.0
6025,0.0,0.0,0,0,0.0,0.0,0.0,0.0
6026,0.0,0.0,0,0,0.0,0.0,0.0,0.0
6027,0.0,0.0,0,0,0.0,0.0,0.0,0.0
6028,0.0,0.0,0,0,0.0,0.0,0.0,0.0
6029,0.0,0.0,0,0,0.0,0.0,0.0,0.0
6030,0.0,0.0,0,0,0.0,0.0,0.0,0.0
6031,0.0,0.0,0,0,0.0,0.0,0.0,0.0
6032,0.0,0.0,0,0,0.0,0.0,0.0,0.0
6033,0.0,0.0,0,0,0.0,0.0,0.0,0.0
6034,0.0,0.0,0,0,0.0,0.0,0.0,0.0
6035,0.0,0.0,0,0,0.0,0.0,0.0,0.0
6036,0.0,0.0,0,0,0.0,0.0,0.0,0.0
6037,0.0,0.0,0,0,0.0,0.0,0.0,0.0
6038,0.0,0.0,0,0,0.0,0.0,0.0,0.0
6039,0.0,0.0,0,0,0.0,0.0,0.0,0.0
6040,0.0,0.0,0,0,0.0,0.0,0.0,0.0
6041,0.0,0.0,0,0,0.0,0.0,0.0,0.0
6042,0.0,0.0,0,0,0.0,0.0,0.0,0.0
6043,0.0,0.0,0,0,0.0,0.0,0.0,0.0
6044,0.0,0.0,0,0,0.0,0.0,0.0,0.0
6045,0.0,0.0,0,0,0.0,0.0,0.0,0.0
6046,0.0,0.0,0,0,0.0,0.0,0.0,0.0
6047,0.0,0.0,0,0,0.0,0.0,0.0,0.0
6048,0.0,0.0,0,0,0.0,0.0,0.0,0.0
6049,0.0,0.0,0,0,0.0,0.0,0.0,0.0
6050,0.0,0.0,0,0,0.0,0.0,0.0,0.0
6051,0.0,0.0,0,0,0.0,0.0,0.0,0.0
6052,0.0,0.0,0,0,0.0,0.0,0.0,0.0
6053,0.0,0.0,0,0,0.0,0.0,0.0,0.0
6054,0.0,0.0,0,0,0.0,0.0,0.0,0.0
6055,0.0,0.0,0,0,0.0,0.0,0.0,0.0
6056,0.0,0.0,0,0,0.0,0.0,0.0,0.0
6057,0.0,0.0,0,0,0.0,0.0,0.0,0.0
6058,0.0,0.0,0,0,0.0,0.0,0.0,0.0
6059,0.0,0.0,0,0,0.0,0.0,0.0,0.0
6060,0.0,0.0,0,0,0.0,0.0,0.0,0.0
6061,0.0,0.0,0,0,0.0,0.0,0.0,0.0
6062,0.0,0.0,0,0,0.0,0.0,0.0,0.0
6063,0.0,0.0,0,0,0.0,0.0,0.0,0.0
6064,0.0,0.0,0,0,0.0,0.0,0.0,0.0
6065,0.0,0.0,0,0,0.0,0.0,0.0,0.0
6066,0.0,0.0,0,0,0.0,0.0,0.0,0.0
6067,0.0,0.0,0,0,0.0,0.0,0.0,0.0
6068,0.0,0.0,0,0,0.0,0.0,0.0,0.0
6069,0.0,0.0,0,0,0.0,0.0,0.0,0.0
6070,0.0,0.0,0,0,0.0,0.0,0.0,0.0
6071,0.0,0.0,0,0,0.0,0.0,0.0,0.0
6072,0.0,0.0,0,0,0.0,0.0,0.0,0.0
6073,0.0,0.0,0,0,0.0,0.0,0.0,0.0
6074,0.0,0.0,0,0,0.0,0.0,0.0,0.0
6075,0.0,0.0,0,0,0.0,0.0,0.0,0.0
6076,0.0,0.0,0,0,0.0,0.0,0.0,0.0
6077,0.0,0.0,0,0,0.0,0.0,0.0,0.0
6078,0.0,0.0,0,0,0.0,0.0,0.0,0.0
6079,0.0,0.0,0,0,0.0,0.0,0.0,0.0
6080,0.0,0.0,0,0,0.0,0.0,0.0,0.0
6081,0.0,0.0,0,0,0.0,0.0,0.0,0.0
6082,0.0,0.0,0,0,0.0,0.0,0.0,0.0
6083,0.0,0.0,0,0,0.0,0.0,0.0,0.0
6084,0.0,0.0,0,0,0.0,0.0,0.0,0.0
6085,0.0,0.0,0,0,0.0,0.0,0.0,0.0
6086,0.0,0.0,0,0,0.0,0.0,0.0,0.0
6087,0.0,0.0,0,0,0.0,0.0,0.0,0.0
6088,0.0,0.0,0,0,0.0,0.0,0.0,0.0
6089,0.0,0.0,0,0,0.0,0.0,0.0,0.0
6090,0.0,0.0,0,0,0.0,0.0,0.0,0.0
6091,0.0,0.0,0,0,0.0,0.0,0.0,0.0
6092,0.0,0.0,0,0,0.0,0.0,0.0,0.0
6093,0.0,0.0,0,0,0.0,0.0,0.0,0.0
6094,0.0,0.0,0,0,0.0,0.0,0.0,0.0
6095,0.0,0.0,0,0,0.0,0.0,0.0,0.0
6096,0.0,0.0,0,0,0.0,0.0,0.0,0.0
6097,0.0,0.0,0,0,0.0,0.0,0.0,0.0
6098,0.0,0.0,0,0,0.0,0.0,0.0,0.0
6099,0.0,0.0,0,0,0.0,0.0,0.0,0.0
6100,0.0,0.0,0,0,0.0,0.0,0.0,0.0
6101,0.0,0.0,0,0,0.0,0.0,0.0,0.0
6102,0.0,0.0,0,0,0.0,0.0,0.0,0.0
6103,0.0,0.0,0,0,0.0,0.0,0.0,0.0
6104,0.0,0.0,0,0,0.0,0.0,0.0,0.0
6105,0.0,0.0,0,0,0.0,0.0,0.0,0.0
6106,0.0,0.0,0,0,0.0,0.0,0.0,0.0
6107,0.0,0.0,0,0,0.0,0.0,0.0,0.0
6108,0.0,0.0,0,0,0.0,0.0,0.0,0.0
6109,0.0,0.0,0,0,0.0,0.0,0.0,0.0
6110,0.0,0.0,0,0,0.0,0.0,0.0,0.0
6111,0.0,0.0,0,0,0.0,0.0,0.0,0.0
6112,0.0,0.0,0,0,0.0,0.0,0.0,0.0
6113,0.0,0.0,0,0,0.0,0.0,0.0,0.0
6114,0.0,0.0,0,0,0.0,0.0,0.0,0.0
6115,0.0,0.0,0,0,0.0,0.0,0.0,0.0
6116,0.0,0.0,0,0,0.0,0.0,0.0,0.0
6117,0.0,0.0,0,0,0.0,0.0,0.0,0.0
6118,0.0,0.0,0,0,0.0,0.0,0.0,0.0
6119,0.0,0.0,0,0,0.0,0.0,0.0,0.0
6120,0.0,0.0,0,0,0.0,0.0,0.0,0.0
6121,0.0,0.0,0,0,0.0,0.0,0.0,0.0
6122,0.0,0.0,0,0,0.0,0.0,0.0,0.0
6123,0.0,0.0,0,0,0.0,0.0,0.0,0.0
6124,0.0,0.0,0,0,0.0,0.0,0.0,0.0
6125,0.0,0.0,0,0,0.0,0.0,0.0,0.0
6126,0.0,0.0,0,0,0.0,0.0,0.0,0.0
6127,0.0,0.0,0,0,0.0,0.0,0.0,0.0
6128,0.0,0.0,0,0,0.0,0.0,0.0,0.0
6129,0.0,0.0,0,0,0.0,0.0,0.0,0.0
6130,0.0,0.0,0,0,0.0,0.0,0.0,0.0
6131,0.0,0.0,0,0,0.0,0.0,0.0,0.0
6132,0.0,0.0,0,0,0.0,0.0,0.0,0.0
6133,0.0,0.0,0,0,0.0,0.0,0.0,0.0
6134,0.0,0.0,0,0,0.0,0.0,0.0,0.0
6135,0.0,0.0,0,0,0.0,0.0,0.0,0.0
6136,0.0,0.0,0,0,0.0,0.0,0.0,0.0
6137,0.0,0.0,0,0,0.0,0.0,0.0,0.0
6138,0.0,0.0,0,0,0.0,0.0,0.0,0.0
6139,0.0,0.0,0,0,0.0,0.0,0.0,0.0
6140,0.0,0.0,0,0,0.0,0.0,0.0,0.0
6141,0.0,0.0,0,0,0.0,0.0,0.0,0.0
6142,0.0,0.0,0,0,0.0,0.0,0.0,0.0
6143,0.0,0.0,0,0,0.0,0.0,0.0,0.0
6144,0.0,0.0,0,0,0.0,0.0,0.0,0.0
6145,0.0,0.0,0,0,0.0,0.0,0.0,0.0
6146,0.0,0.0,0,0,0.0,0.0,0.0,0.0
6147,0.0,0.0,0,0,0.0,0.0,0.0,0.0
6148,0.0,0.0,0,0,0.0,0.0,0.0,0.0
6149,0.0,0.0,0,0,0.0,0.0,0.0,0.0
6150,0.0,0.0,0,0,0.0,0.0,0.0,0.0
6151,0.0,0.0,0,0,0.0,0.0,0.0,0.0
6152,0.0,0.0,0,0,0.0,0.0,0.0,0.0
6153,0.0,0.0,0,0,0.0,0.0,0.0,0.0
6154,0.0,0.0,0,0,0.0,0.0,0.0,0.0
6155,0.0,0.0,0,0,0.0,0.0,0.0,0.0
6156,0.0,0.0,0,0,0.0,0.0,0.0,0.0
6157,0.0,0.0,0,0,0.0,0.0,0.0,0.0
6158,0.0,0.0,0,0,0.0,0.0,0.0,0.0
6159,0.0,0.0,0,0,0.0,0.0,0.0,0.0
6160,0.0,0.0,0,0,0.0,0.0,0.0,0.0
6161,0.0,0.0,0,0,0.0,0.0,0.0,0.0
6162,0.0,0.0,0,0,0.0,0.0,0.0,0.0
6163,0.0,0.0,0,0,0.0,0.0,0.0,0.0
6164,0.0,0.0,0,0,0.0,0.0,0.0,0.0
6165,0.0,0.0,0,0,0.0,0.0,0.0,0.0
6166,0.0,0.0,0,0,0.0,0.0,0.0,0.0
6167,0.0,0.0,0,0,0.0,0.0,0.0,0.0
6168,0.0,0.0,0,0,0.0,0.0,0.0,0.0
6169,0.0,0.0,0,0,0.0,0.0,0.0,0.0
6170,0.0,0.0,0,0,0.0,0.0,0.0,0.0
6171,0.0,0.0,0,0,0.0,0.0,0.0,0.0
6172,0.0,0.0,0,0,0.0,0.0,0.0,0.0
6173,0.0,0.0,0,0,0.0,0.0,0.0,0.0
6174,0.0,0.0,0,0,0.0,0.0,0.0,0.0
6175,0.0,0.0,0,0,0.0,0.0,0.0,0.0
6176,0.0,0.0,0,0,0.0,0.0,0.0,0.0
6177,0.0,0.0,0,0,0.0,0.0,0.0,0.0
6178,0.0,0.0,0,0,0.0,0.0,0.0,0.0
6179,0.0,0.0,0,0,0.0,0.0,0.0,0.0
6180,0.0,0.0,0,0,0.0,0.0,0.0,0.0
6181,0.0,0.0,0,0,0.0,0.0,0.0,0.0
6182,0.0,0.0,0,0,0.0,0.0,0.0,0.0
6183,0.0,0.0,0,0,0.0,0.0,0.0,0.0
6184,0.0,0.0,0,0,0.0,0.0,0.0,0.0
6185,0.0,0.0,0,0,0.0,0.0,0.0,0.0
6186,0.0,0.0,0,0,0.0,0.0,0.0,0.0
6187,0.0,0.0,0,0,0.0,0.0,0.0,0.0
6188,0.0,0.0,0,0,0.0,0.0,0.0,0.0
6189,0.0,0.0,0,0,0.0,0.0,0.0,0.0
6190,0.0,0.0,0,0,0.0,0.0,0.0,0.0
6191,0.0,0.0,0,0,0.0,0.0,0.0,0.0
6192,0.0,0.0,0,0,0.0,0.0,0.0,0.0
6193,0.0,0.0,0,0,0.0,0.0,0.0,0.0
6194,0.0,0.0,0,0,0.0,0.0,0.0,0.0
6195,0.0,0.0,0,0,0.0,0.0,0.0,0.0
6196,0.0,0.0,0,0,0.0,0.0,0.0,0.0
6197,0.0,0.0,0,0,0.0,0.0,0.0,0.0
6198,0.0,0.0,0,0,0.0,0.0,0.0,0.0
6199,0.0,0.0,0,0,0.0,0.0,0.0,0.0
6200,0.0,0.0,0,0,0.0,0.0,0.0,0.0
6201,0.0,0.0,0,0,0.0,0.0,0.0,0.0
6202,0.0,0.0,0,0,0.0,0.0,0.0,0.0
6203,0.0,0.0,0,0,0.0,0.0,0.0,0.0
6204,0.0,0.0,0,0,0.0,0.0,0.0,0.0
6205,0.0,0.0,0,0,0.0,0.0,0.0,0.0
6206,0.0,0.0,0,0,0.0,0.0,0.0,0.0
6207,0.0,0.0,0,0,0.0,0.0,0.0,0.0
6208,0.0,0.0,0,0,0.0,0.0,0.0,0.0
6209,0.0,0.0,0,0,0.0,0.0,0.0,0.0
6210,0.0,0.0,0,0,0.0,0.0,0.0,0.0
6211,0.0,0.0,0,0,0.0,0.0,0.0,0.0
6212,0.0,0.0,0,0,0.0,0.0,0.0,0.0
6213,0.0,0.0,0,0,0.0,0.0,0.0,0.0
6214,0.0,0.0,0,0,0.0,0.0,0.0,0.0
6215,0.0,0.0,0,0,0.0,0.0,0.0,0.0
6216,0.0,0.0,0,0,0.0,0.0,0.0,0.0
6217,0.0,0.0,0,0,0.0,0.0,0.0,0.0
6218,0.0,0.0,0,0,0.0,0.0,0.0,0.0
6219,0.0,0.0,0,0,0.0,0.0,0.0,0.0
6220,0.0,0.0,0,0,0.0,0.0,0.0,0.0
6221,0.0,0.0,0,0,0.0,0.0,0.0,0.0
6222,0.0,0.0,0,0,0.0,0.0,0.0,0.0
6223,0.0,0.0,0,0,0.0,0.0,0.0,0.0
6224,0.0,0.0,0,0,0.0,0.0,0.0,0.0
6225,0.0,0.0,0,0,0.0,0.0,0.0,0.0
6226,0.0,0.0,0,0,0.0,0.0,0.0,0.0
6227,0.0,0.0,0,0,0.0,0.0,0.0,0.0
6228,0.0,0.0,0,0,0.0,0.0,0.0,0.0
6229,0.0,0.0,0,0,0.0,0.0,0.0,0.0
6230,0.0,0.0,0,0,0.0,0.0,0.0,0.0
6231,0.0,0.0,0,0,0.0,0.0,0.0,0.0
6232,0.0,0.0,0,0,0.0,0.0,0.0,0.0
6233,0.0,0.0,0,0,0.0,0.0,0.0,0.0
6234,0.0,0.0,0,0,0.0,0.0,0.0,0.0
6235,0.0,0.0,0,0,0.0,0.0,0.0,0.0
6236,0.0,0.0,0,0,0.0,0.0,0.0,0.0
6237,0.0,0.0,0,0,0.0,0.0,0.0,0.0
6238,0.0,0.0,0,0,0.0,0.0,0.0,0.0
6239,0.0,0.0,0,0,0.0,0.0,0.0,0.0
6240,0.0,0.0,0,0,0.0,0.0,0.0,0.0
6241,0.0,0.0,0,0,0.0,0.0,0.0,0.0
6242,0.0,0.0,0,0,0.0,0.0,0.0,0.0
6243,0.0,0.0,0,0,0.0,0.0,0.0,0.0
6244,0.0,0.0,0,0,0.0,0.0,0.0,0.0
6245,0.0,0.0,0,0,0.0,0.0,0.0,0.0
6246,0.0,0.0,0,0,0.0,0.0,0.0,0.0
6247,0.0,0.0,0,0,0.0,0.0,0.0,0.0
6248,0.0,0.0,0,0,0.0,0.0,0.0,0.0
6249,0.0,0.0,0,0,0.0,0.0,0.0,0.0
6250,0.0,0.0,0,0,0.0,0.0,0.0,0.0
6251,0.0,0.0,0,0,0.0,0.0,0.0,0.0
6252,0.0,0.0,0,0,0.0,0.0,0.0,0.0
6253,0.0,0.0,0,0,0.0,0.0,0.0,0.0
6254,0.0,0.0,0,0,0.0,0.0,0.0,0.0
6255,0.0,0.0,0,0,0.0,0.0,0.0,0.0
6256,0.0,0.0,0,0,0.0,0.0,0.0,0.0
6257,0.0,0.0,0,0,0.0,0.0,0.0,0.0
6258,0.0,0.0,0,0,0.0,0.0,0.0,0.0
6259,0.0,0.0,0,0,0.0,0.0,0.0,0.0
6260,0.0,0.0,0,0,0.0,0.0,0.0,0.0
6261,0.0,0.0,0,0,0.0,0.0,0.0,0.0
6262,0.0,0.0,0,0,0.0,0.0,0.0,0.0
6263,0.0,0.0,0,0,0.0,0.0,0.0,0.0
6264,0.0,0.0,0,0,0.0,0.0,0.0,0.0
6265,0.0,0.0,0,0,0.0,0.0,0.0,0.0
6266,0.0,0.0,0,0,0.0,0.0,0.0,0.0
6267,0.0,0.0,0,0,0.0,0.0,0.0,0.0
6268,0.0,0.0,0,0,0.0,0.0,0.0,0.0
6269,0.0,0.0,0,0,0.0,0.0,0.0,0.0
6270,0.0,0.0,0,0,0.0,0.0,0.0,0.0
6271,0.0,0.0,0,0,0.0,0.0,0.0,0.0
6272,0.0,0.0,0,0,0.0,0.0,0.0,0.0
6273,0.0,0.0,0,0,0.0,0.0,0.0,0.0
6274,0.0,0.0,0,0,0.0,0.0,0.0,0.0
6275,0.0,0.0,0,0,0.0,0.0,0.0,0.0
6276,0.0,0.0,0,0,0.0,0.0,0.0,0.0
6277,0.0,0.0,0,0,0.0,0.0,0.0,0.0
6278,0.0,0.0,0,0,0.0,0.0,0.0,0.0
6279,0.0,0.0,0,0,0.0,0.0,0.0,0.0
6280,0.0,0.0,0,0,0.0,0.0,0.0,0.0
6281,0.0,0.0,0,0,0.0,0.0,0.0,0.0
6282,0.0,0.0,0,0,0.0,0.0,0.0,0.0
6283,0.0,0.0,0,0,0.0,0.0,0.0,0.0
6284,0.0,0.0,0,0,0.0,0.0,0.0,0.0
6285,0.0,0.0,0,0,0.0,0.0,0.0,0.0
6286,0.0,0.0,0,0,0.0,0.0,0.0,0.0
6287,0.0,0.0,0,0,0.0,0.0,0.0,0.0
6288,0.0,0.0,0,0,0.0,0.0,0.0,0.0
6289,0.0,0.0,0,0,0.0,0.0,0.0,0.0
6290,0.0,0.0,0,0,0.0,0.0,0.0,0.0
6291,0.0,0.0,0,0,0.0,0.0,0.0,0.0
6292,0.0,0.0,0,0,0.0,0.0,0.0,0.0
6293,0.0,0.0,0,0,0.0,0.0,0.0,0.0
6294,0.0,0.0,0,0,0.0,0.0,0.0,0.0
6295,0.0,0.0,0,0,0.0,0.0,0.0,0.0
6296,0.0,0.0,0,0,0.0,0.0,0.0,0.0
6297,0.0,0.0,0,0,0.0,0.0,0.0,0.0
6298,0.0,0.0,0,0,0.0,0.0,0.0,0.0
6299,0.0,0.0,0,0,0.0,0.0,0.0,0.0
6300,0.0,0.0,0,0,0.0,0.0,0.0,0.0
6301,0.0,0.0,0,0,0.0,0.0,0.0,0.0
6302,0.0,0.0,0,0,0.0,0.0,0.0,0.0
6303,0.0,0.0,0,0,0.0,0.0,0.0,0.0
6304,0.0,0.0,0,0,0.0,0.0,0.0,0.0
6305,0.0,0.0,0,0,0.0,0.0,0.0,0.0
6306,0.0,0.0,0,0,0.0,0.0,0.0,0.0
6307,0.0,0.0,0,0,0.0,0.0,0.0,0.0
6308,0.0,0.0,0,0,0.0,0.0,0.0,0.0
6309,0.0,0.0,0,0,0.0,0.0,0.0,0.0
6310,0.0,0.0,0,0,0.0,0.0,0.0,0.0
6311,0.0,0.0,0,0,0.0,0.0,0.0,0.0
6312,0.0,0.0,0,0,0.0,0.0,0.0,0.0
6313,0.0,0.0,0,0,0.0,0.0,0.0,0.0
6314,0.0,0.0,0,0,0.0,0.0,0.0,0.0
6315,0.0,0.0,0,0,0.0,0.0,0.0,0.0
6316,0.0,0.0,0,0,0.0,0.0,0.0,0.0
6317,0.0,0.0,0,0,0.0,0.0,0.0,0.0
6318,0.0,0.0,0,0,0.0,0.0,0.0,0.0
6319,0.0,0.0,0,0,0.0,0.0,0.0,0.0
6320,0.0,0.0,0,0,0.0,0.0,0.0,0.0
6321,0.0,0.0,0,0,0.0,0.0,0.0,0.0
6322,0.0,0.0,0,0,0.0,0.0,0.0,0.0
6323,0.0,0.0,0,0,0.0,0.0,0.0,0.0
6324,0.0,0.0,0,0,0.0,0.0,0.0,0.0
6325,0.0,0.0,0,0,0.0,0.0,0.0,0.0
6326,0.0,0.0,0,0,0.0,0.0,0.0,0.0
6327,0.0,0.0,0,0,0.0,0.0,0.0,0.0
6328,0.0,0.0,0,0,0.0,0.0,0.0,0.0
6329,0.0,0.0,0,0,0.0,0.0,0.0,0.0
6330,0.0,0.0,0,0,0.0,0.0,0.0,0.0
6331,0.0,0.0,0,0,0.0,0.0,0.0,0.0
6332,0.0,0.0,0,0,0.0,0.0,0.0,0.0
6333,0.0,0.0,0,0,0.0,0.0,0.0,0.0
6334,0.0,0.0,0,0,0.0,0.0,0.0,0.0
6335,0.0,0.0,0,0,0.0,0.0,0.0,0.0
6336,0.0,0.0,0,0,0.0,0.0,0.0,0.0
6337,0.0,0.0,0,0,0.0,0.0,0.0,0.0
6338,0.0,0.0,0,0,0.0,0.0,0.0,0.0
6339,0.0,0.0,0,0,0.0,0.0,0.0,0.0
6340,0.0,0.0,0,0,0.0,0.0,0.0,0.0
6341,0.0,0.0,0,0,0.0,0.0,0.0,0.0
6342,0.0,0.0,0,0,0.0,0.0,0.0,0.0
6343,0.0,0.0,0,0,0.0,0.0,0.0,0.0
6344,0.0,0.0,0,0,0.0,0.0,0.0,0.0
6345,0.0,0.0,0,0,0.0,0.0,0.0,0.0
6346,0.0,0.0,0,0,0.0,0.0,0.0,0.0
6347,0.0,0.0,0,0,0.0,0.0,0.0,0.0
6348,0.0,0.0,0,0,0.0,0.0,0.0,0.0
6349,0.0,0.0,0,0,0.0,0.0,0.0,0.0
6350,0.0,0.0,0,0,0.0,0.0,0.0,0.0
6351,0.0,0.0,0,0,0.0,0.0,0.0,0.0
6352,0.0,0.0,0,0,0.0,0.0,0.0,0.0
6353,0.0,0.0,0,0,0.0,0.0,0.0,0.0
6354,0.0,0.0,0,0,0.0,0.0,0.0,0.0
6355,0.0,0.0,0,0,0.0,0.0,0.0,0.0
6356,0.0,0.0,0,0,0.0,0.0,0.0,0.0
6357,0.0,0.0,0,0,0.0,0.0,0.0,0.0
6358,0.0,0.0,0,0,0.0,0.0,0.0,0.0
6359,0.0,0.0,0,0,0.0,0.0,0.0,0.0
6360,0.0,0.0,0,0,0.0,0.0,0.0,0.0
6361,0.0,0.0,0,0,0.0,0.0,0.0,0.0
6362,0.0,0.0,0,0,0.0,0.0,0.0,0.0
6363,0.0,0.0,0,0,0.0,0.0,0.0,0.0
6364,0.0,0.0,0,0,0.0,0.0,0.0,0.0
6365,0.0,0.0,0,0,0.0,0.0,0.0,0.0
6366,0.0,0.0,0,0,0.0,0.0,0.0,0.0
6367,0.0,0.0,0,0,0.0,0.0,0.0,0.0
6368,0.0,0.0,0,0,0.0,0.0,0.0,0.0
6369,0.0,0.0,0,0,0.0,0.0,0.0,0.0
6370,0.0,0.0,0,0,0.0,0.0,0.0,0.0
6371,0.0,0.0,0,0,0.0,0.0,0.0,0.0
6372,0.0,0.0,0,0,0.0,0.0,0.0,0.0
6373,0.0,0.0,0,0,0.0,0.0,0.0,0.0
6374,0.0,0.0,0,0,0.0,0.0,0.0,0.0
6375,0.0,0.0,0,0,0.0,0.0,0.0,0.0
6376,0.0,0.0,0,0,0.0,0.0,0.0,0.0
6377,0.0,0.0,0,0,0.0,0.0,0.0,0.0
6378,0.0,0.0,0,0,0.0,0.0,0.0,0.0
6379,0.0,0.0,0,0,0.0,0.0,0.0,0.0
6380,0.0,0.0,0,0,0.0,0.0,0.0,0.0
6381,0.0,0.0,0,0,0.0,0.0,0.0,0.0
6382,0.0,0.0,0,0,0.0,0.0,0.0,0.0
6383,0.0,0.0,0,0,0.0,0.0,0.0,0.0
6384,0.0,0.0,0,0,0.0,0.0,0.0,0.0
6385,0.0,0.0,0,0,0.0,0.0,0.0,0.0
6386,0.0,0.0,0,0,0.0,0.0,0.0,0.0
6387,0.0,0.0,0,0,0.0,0.0,0.0,0.0
6388,0.0,0.0,0,0,0.0,0.0,0.0,0.0
6389,0.0,0.0,0,0,0.0,0.0,0.0,0.0
6390,0.0,0.0,0,0,0.0,0.0,0.0,0.0
6391,0.0,0.0,0,0,0.0,0.0,0.0,0.0
6392,0.0,0.0,0,0,0.0,0.0,0.0,0.0
6393,0.0,0.0,0,0,0.0,0.0,0.0,0.0
6394,0.0,0.0,0,0,0.0,0.0,0.0,0.0
6395,0.0,0.0,0,0,0.0,0.0,0.0,0.0
6396,0.0,0.0,0,0,0.0,0.0,0.0,0.0
6397,0.0,0.0,0,0,0.0,0.0,0.0,0.0
6398,0.0,0.0,0,0,0.0,0.0,0.0,0.0
6399,0.0,0.0,0,0,0.0,0.0,0.0,0.0
6400,0.0,0.0,0,0,0.0,0.0,0.0,0.0
6401,0.0,0.0,0,0,0.0,0.0,0.0,0.0
6402,0.0,0.0,0,0,0.0,0.0,0.0,0.0
6403,0.0,0.0,0,0,0.0,0.0,0.0,0.0
6404,0.0,0.0,0,0,0.0,0.0,0.0,0.0
6405,0.0,0.0,0,0,0.0,0.0,0.0,0.0
6406,0.0,0.0,0,0,0.0,0.0,0.0,0.0
6407,0.0,0.0,0,0,0.0,0.0,0.0,0.0
6408,0.0,0.0,0,0,0.0,0.0,0.0,0.0
6409,0.0,0.0,0,0,0.0,0.0,0.0,0.0
6410,0.0,0.0,0,0,0.0,0.0,0.0,0.0
6411,0.0,0.0,0,0,0.0,0.0,0.0,0.0
6412,0.0,0.0,0,0,0.0,0.0,0.0,0.0
6413,0.0,0.0,0,0,0.0,0.0,0.0,0.0
6414,0.0,0.0,0,0,0.0,0.0,0.0,0.0
6415,0.0,0.0,0,0,0.0,0.0,0.0,0.0
6416,0.0,0.0,0,0,0.0,0.0,0.0,0.0
6417,0.0,0.0,0,0,0.0,0.0,0.0,0.0
6418,0.0,0.0,0,0,0.0,0.0,0.0,0.0
6419,0.0,0.0,0,0,0.0,0.0,0.0,0.0
6420,0.0,0.0,0,0,0.0,0.0,0.0,0.0
6421,0.0,0.0,0,0,0.0,0.0,0.0,0.0
6422,0.0,0.0,0,0,0.0,0.0,0.0,0.0
6423,0.0,0.0,0,0,0.0,0.0,0.0,0.0
6424,0.0,0.0,0,0,0.0,0.0,0.0,0.0
6425,0.0,0.0,0,0,0.0,0.0,0.0,0.0
6426,0.0,0.0,0,0,0.0,0.0,0.0,0.0
6427,0.0,0.0,0,0,0.0,0.0,0.0,0.0
6428,0.0,0.0,0,0,0.0,0.0,0.0,0.0
6429,0.0,0.0,0,0,0.0,0.0,0.0,0.0
6430,0.0,0.0,0,0,0.0,0.0,0.0,0.0
6431,0.0,0.0,0,0,0.0,0.0,0.0,0.0
6432,0.0,0.0,0,0,0.0,0.0,0.0,0.0
6433,0.0,0.0,0,0,0.0,0.0,0.0,0.0
6434,0.0,0.0,0,0,0.0,0.0,0.0,0.0
6435,0.0,0.0,0,0,0.0,0.0,0.0,0.0
6436,0.0,0.0,0,0,0.0,0.0,0.0,0.0
6437,0.0,0.0,0,0,0.0,0.0,0.0,0.0
6438,0.0,0.0,0,0,0.0,0.0,0.0,0.0
6439,0.0,0.0,0,0,0.0,0.0,0.0,0.0
6440,0.0,0.0,0,0,0.0,0.0,0.0,0.0
6441,0.0,0.0,0,0,0.0,0.0,0.0,0.0
6442,0.0,0.0,0,0,0.0,0.0,0.0,0.0
6443,0.0,0.0,0,0,0.0,0.0,0.0,0.0
6444,0.0,0.0,0,0,0.0,0.0,0.0,0.0
6445,0.0,0.0,0,0,0.0,0.0,0.0,0.0
6446,0.0,0.0,0,0,0.0,0.0,0.0,0.0
6447,0.0,0.0,0,0,0.0,0.0,0.0,0.0
6448,0.0,0.0,0,0,0.0,0.0,0.0,0.0
6449,0.0,0.0,0,0,0.0,0.0,0.0,0.0
6450,0.0,0.0,0,0,0.0,0.0,0.0,0.0
6451,0.0,0.0,0,0,0.0,0.0,0.0,0.0
6452,0.0,0.0,0,0,0.0,0.0,0.0,0.0
6453,0.0,0.0,0,0,0.0,0.0,0.0,0.0
6454,0.0,0.0,0,0,0.0,0.0,0.0,0.0
6455,0.0,0.0,0,0,0.0,0.0,0.0,0.0
6456,0.0,0.0,0,0,0.0,0.0,0.0,0.0
6457,0.0,0.0,0,0,0.0,0.0,0.0,0.0
6458,0.0,0.0,0,0,0.0,0.0,0.0,0.0
6459,0.0,0.0,0,0,0.0,0.0,0.0,0.0
6460,0.0,0.0,0,0,0.0,0.0,0.0,0.0
6461,0.0,0.0,0,0,0.0,0.0,0.0,0.0
6462,0.0,0.0,0,0,0.0,0.0,0.0,0.0
6463,0.0,0.0,0,0,0.0,0.0,0.0,0.0
6464,0.0,0.0,0,0,0.0,0.0,0.0,0.0
6465,0.0,0.0,0,0,0.0,0.0,0.0,0.0
6466,0.0,0.0,0,0,0.0,0.0,0.0,0.0
6467,0.0,0.0,0,0,0.0,0.0,0.0,0.0
6468,0.0,0.0,0,0,0.0,0.0,0.0,0.0
6469,0.0,0.0,0,0,0.0,0.0,0.0,0.0
6470,0.0,0.0,0,0,0.0,0.0,0.0,0.0
6471,0.0,0.0,0,0,0.0,0.0,0.0,0.0
6472,0.0,0.0,0,0,0.0,0.0,0.0,0.0
6473,0.0,0.0,0,0,0.0,0.0,0.0,0.0
6474,0.0,0.0,0,0,0.0,0.0,0.0,0.0
6475,0.0,0.0,0,0,0.0,0.0,0.0,0.0
6476,0.0,0.0,0,0,0.0,0.0,0.0,0.0
6477,0.0,0.0,0,0,0.0,0.0,0.0,0.0
6478,0.0,0.0,0,0,0.0,0.0,0.0,0.0
6479,0.0,0.0,0,0,0.0,0.0,0.0,0.0
6480,0.0,0.0,0,0,0.0,0.0,0.0,0.0
6481,0.0,0.0,0,0,0.0,0.0,0.0,0.0
6482,0.0,0.0,0,0,0.0,0.0,0.0,0.0
6483,0.0,0.0,0,0,0.0,0.0,0.0,0.0
6484,0.0,0.0,0,0,0.0,0.0,0.0,0.0
6485,0.0,0.0,0,0,0.0,0.0,0.0,0.0
6486,0.0,0.0,0,0,0.0,0.0,0.0,0.0
6487,0.0,0.0,0,0,0.0,0.0,0.0,0.0
6488,0.0,0.0,0,0,0.0,0.0,0.0,0.0
6489,0.0,0.0,0,0,0.0,0.0,0.0,0.0
6490,0.0,0.0,0,0,0.0,0.0,0.0,0.0
6491,0.0,0.0,0,0,0.0,0.0,0.0,0.0
6492,0.0,0.0,0,0,0.0,0.0,0.0,0.0
6493,0.0,0.0,0,0,0.0,0.0,0.0,0.0
6494,0.0,0.0,0,0,0.0,0.0,0.0,0.0
6495,0.0,0.0,0,0,0.0,0.0,0.0,0.0
6496,0.0,0.0,0,0,0.0,0.0,0.0,0.0
6497,0.0,0.0,0,0,0.0,0.0,0.0,0.0
6498,0.0,0.0,0,0,0.0,0.0,0.0,0.0
6499,0.0,0.0,0,0,0.0,0.0,0.0,0.0
6500,0.0,0.0,0,0,0.0,0.0,0.0,0.0
6501,0.0,0.0,0,0,0.0,0.0,0.0,0.0
6502,0.0,0.0,0,0,0.0,0.0,0.0,0.0
6503,0.0,0.0,0,0,0.0,0.0,0.0,0.0
6504,0.0,0.0,0,0,0.0,0.0,0.0,0.0
6505,0.0,0.0,0,0,0.0,0.0,0.0,0.0
6506,0.0,0.0,0,0,0.0,0.0,0.0,0.0
6507,0.0,0.0,0,0,0.0,0.0,0.0,0.0
6508,0.0,0.0,0,0,0.0,0.0,0.0,0.0
6509,0.0,0.0,0,0,0.0,0.0,0.0,0.0
6510,0.0,0.0,0,0,0.0,0.0,0.0,0.0
6511,0.0,0.0,0,0,0.0,0.0,0.0,0.0
6512,0.0,0.0,0,0,0.0,0.0,0.0,0.0
6513,0.0,0.0,0,0,0.0,0.0,0.0,0.0
6514,0.0,0.0,0,0,0.0,0.0,0.0,0.0
6515,0.0,0.0,0,0,0.0,0.0,0.0,0.0
6516,0.0,0.0,0,0,0.0,0.0,0.0,0.0
6517,0.0,0.0,0,0,0.0,0.0,0.0,0.0
6518,0.0,0.0,0,0,0.0,0.0,0.0,0.0
6519,0.0,0.0,0,0,0.0,0.0,0.0,0.0
6520,0.0,0.0,0,0,0.0,0.0,0.0,0.0
6521,0.0,0.0,0,0,0.0,0.0,0.0,0.0
6522,0.0,0.0,0,0,0.0,0.0,0.0,0.0
6523,0.0,0.0,0,0,0.0,0.0,0.0,0.0
6524,0.0,0.0,0,0,0.0,0.0,0.0,0.0
6525,0.0,0.0,0,0,0.0,0.0,0.0,0.0
6526,0.0,0.0,0,0,0.0,0.0,0.0,0.0
6527,0.0,0.0,0,0,0.0,0.0,0.0,0.0
6528,0.0,0.0,0,0,0.0,0.0,0.0,0.0
6529,0.0,0.0,0,0,0.0,0.0,0.0,0.0
6530,0.0,0.0,0,0,0.0,0.0,0.0,0.0
6531,0.0,0.0,0,0,0.0,0.0,0.0,0.0
6532,0.0,0.0,0,0,0.0,0.0,0.0,0.0
6533,0.0,0.0,0,0,0.0,0.0,0.0,0.0
6534,0.0,0.0,0,0,0.0,0.0,0.0,0.0
6535,0.0,0.0,0,0,0.0,0.0,0.0,0.0
6536,0.0,0.0,0,0,0.0,0.0,0.0,0.0
6537,0.0,0.0,0,0,0.0,0.0,0.0,0.0
6538,0.0,0.0,0,0,0.0,0.0,0.0,0.0
6539,0.0,0.0,0,0,0.0,0.0,0.0,0.0
6540,0.0,0.0,0,0,0.0,0.0,0.0,0.0
6541,0.0,0.0,0,0,0.0,0.0,0.0,0.0
6542,0.0,0.0,0,0,0.0,0.0,0.0,0.0
6543,0.0,0.0,0,0,0.0,0.0,0.0,0.0
6544,0.0,0.0,0,0,0.0,0.0,0.0,0.0
6545,0.0,0.0,0,0,0.0,0.0,0.0,0.0
6546,0.0,0.0,0,0,0.0,0.0,0.0,0.0
6547,0.0,0.0,0,0,0.0,0.0,0.0,0.0
6548,0.0,0.0,0,0,0.0,0.0,0.0,0.0
6549,0.0,0.0,0,0,0.0,0.0,0.0,0.0
6550,0.0,0.0,0,0,0.0,0.0,0.0,0.0
6551,0.0,0.0,0,0,0.0,0.0,0.0,0.0
6552,0.0,0.0,0,0,0.0,0.0,0.0,0.0
6553,0.0,0.0,0,0,0.0,0.0,0.0,0.0
6554,0.0,0.0,0,0,0.0,0.0,0.0,0.0
6555,0.0,0.0,0,0,0.0,0.0,0.0,0.0
6556,0.0,0.0,0,0,0.0,0.0,0.0,0.0
6557,0.0,0.0,0,0,0.0,0.0,0.0,0.0
6558,0.0,0.0,0,0,0.0,0.0,0.0,0.0
6559,0.0,0.0,0,0,0.0,0.0,0.0,0.0
6560,0.0,0.0,0,0,0.0,0.0,0.0,0.0
6561,0.0,0.0,0,0,0.0,0.0,0.0,0.0
6562,0.0,0.0,0,0,0.0,0.0,0.0,0.0
6563,0.0,0.0,0,0,0.0,0.0,0.0,0.0
6564,0.0,0.0,0,0,0.0,0.0,0.0,0.0
6565,0.0,0.0,0,0,0.0,0.0,0.0,0.0
6566,0.0,0.0,0,0,0.0,0.0,0.0,0.0
6567,0.0,0.0,0,0,0.0,0.0,0.0,0.0
6568,0.0,0.0,0,0,0.0,0.0,0.0,0.0
6569,0.0,0.0,0,0,0.0,0.0,0.0,0.0
6570,0.0,0.0,0,0,0.0,0.0,0.0,0.0
6571,0.0,0.0,0,0,0.0,0.0,0.0,0.0
6572,0.0,0.0,0,0,0.0,0.0,0.0,0.0
6573,0.0,0.0,0,0,0.0,0.0,0.0,0.0
6574,0.0,0.0,0,0,0.0,0.0,0.0,0.0
6575,0.0,0.0,0,0,0.0,0.0,0.0,0.0
6576,0.0,0.0,0,0,0.0,0.0,0.0,0.0
6577,0.0,0.0,0,0,0.0,0.0,0.0,0.0
6578,0.0,0.0,0,0,0.0,0.0,0.0,0.0
6579,0.0,0.0,0,0,0.0,0.0,0.0,0.0
6580,0.0,0.0,0,0,0.0,0.0,0.0,0.0
6581,0.0,0.0,0,0,0.0,0.0,0.0,0.0
6582,0.0,0.0,0,0,0.0,0.0,0.0,0.0
6583,0.0,0.0,0,0,0.0,0.0,0.0,0.0
6584,0.0,0.0,0,0,0.0,0.0,0.0,0.0
6585,0.0,0.0,0,0,0.0,0.0,0.0,0.0
6586,0.0,0.0,0,0,0.0,0.0,0.0,0.0
6587,0.0,0.0,0,0,0.0,0.0,0.0,0.0
6588,0.0,0.0,0,0,0.0,0.0,0.0,0.0
6589,0.0,0.0,0,0,0.0,0.0,0.0,0.0
6590,0.0,0.0,0,0,0.0,0.0,0.0,0.0
6591,0.0,0.0,0,0,0.0,0.0,0.0,0.0
6592,0.0,0.0,0,0,0.0,0.0,0.0,0.0
6593,0.0,0.0,0,0,0.0,0.0,0.0,0.0
6594,0.0,0.0,0,0,0.0,0.0,0.0,0.0
6595,0.0,0.0,0,0,0.0,0.0,0.0,0.0
6596,0.0,0.0,0,0,0.0,0.0,0.0,0.0
6597,0.0,0.0,0,0,0.0,0.0,0.0,0.0
6598,0.0,0.0,0,0,0.0,0.0,0.0,0.0
6599,0.0,0.0,0,0,0.0,0.0,0.0,0.0
6600,0.0,0.0,0,0,0.0,0.0,0.0,0.0
6601,0.0,0.0,0,0,0.0,0.0,0.0,0.0
6602,0.0,0.0,0,0,0.0,0.0,0.0,0.0
6603,0.0,0.0,0,0,0.0,0.0,0.0,0.0
6604,0.0,0.0,0,0,0.0,0.0,0.0,0.0
6605,0.0,0.0,0,0,0.0,0.0,0.0,0.0
6606,0.0,0.0,0,0,0.0,0.0,0.0,0.0
6607,0.0,0.0,0,0,0.0,0.0,0.0,0.0
6608,0.0,0.0,0,0,0.0,0.0,0.0,0.0
6609,0.0,0.0,0,0,0.0,0.0,0.0,0.0
6610,0.0,0.0,0,0,0.0,0.0,0.0,0.0
6611,0.0,0.0,0,0,0.0,0.0,0.0,0.0
6612,0.0,0.0,0,0,0.0,0.0,0.0,0.0
6613,0.0,0.0,0,0,0.0,0.0,0.0,0.0
6614,0.0,0.0,0,0,0.0,0.0,0.0,0.0
6615,0.0,0.0,0,0,0.0,0.0,0.0,0.0
6616,0.0,0.0,0,0,0.0,0.0,0.0,0.0
6617,0.0,0.0,0,0,0.0,0.0,0.0,0.0
6618,0.0,0.0,0,0,0.0,0.0,0.0,0.0
6619,0.0,0.0,0,0,0.0,0.0,0.0,0.0
6620,0.0,0.0,0,0,0.0,0.0,0.0,0.0
6621,0.0,0.0,0,0,0.0,0.0,0.0,0.0
6622,0.0,0.0,0,0,0.0,0.0,0.0,0.0
6623,0.0,0.0,0,0,0.0,0.0,0.0,0.0
6624,0.0,0.0,0,0,0.0,0.0,0.0,0.0
6625,0.0,0.0,0,0,0.0,0.0,0.0,0.0
6626,0.0,0.0,0,0,0.0,0.0,0.0,0.0
6627,0.0,0.0,0,0,0.0,0.0,0.0,0.0
6628,0.0,0.0,0,0,0.0,0.0,0.0,0.0
6629,0.0,0.0,0,0,0.0,0.0,0.0,0.0
6630,0.0,0.0,0,0,0.0,0.0,0.0,0.0
6631,0.0,0.0,0,0,0.0,0.0,0.0,0.0
6632,0.0,0.0,0,0,0.0,0.0,0.0,0.0
6633,0.0,0.0,0,0,0.0,0.0,0.0,0.0
6634,0.0,0.0,0,0,0.0,0.0,0.0,0.0
6635,0.0,0.0,0,0,0.0,0.0,0.0,0.0
6636,0.0,0.0,0,0,0.0,0.0,0.0,0.0
6637,0.0,0.0,0,0,0.0,0.0,0.0,0.0
6638,0.0,0.0,0,0,0.0,0.0,0.0,0.0
6639,0.0,0.0,0,0,0.0,0.0,0.0,0.0
6640,0.0,0.0,0,0,0.0,0.0,0.0,0.0
6641,0.0,0.0,0,0,0.0,0.0,0.0,0.0
6642,0.0,0.0,0,0,0.0,0.0,0.0,0.0
6643,0.0,0.0,0,0,0.0,0.0,0.0,0.0
6644,0.0,0.0,0,0,0.0,0.0,0.0,0.0
6645,0.0,0.0,0,0,0.0,0.0,0.0,0.0
6646,0.0,0.0,0,0,0.0,0.0,0.0,0.0
6647,0.0,0.0,0,0,0.0,0.0,0.0,0.0
6648,0.0,0.0,0,0,0.0,0.0,0.0,0.0
6649,0.0,0.0,0,0,0.0,0.0,0.0,0.0
6650,0.0,0.0,0,0,0.0,0.0,0.0,0.0
6651,0.0,0.0,0,0,0.0,0.0,0.0,0.0
6652,0.0,0.0,0,0,0.0,0.0,0.0,0.0
6653,0.0,0.0,0,0,0.0,0.0,0.0,0.0
6654,0.0,0.0,0,0,0.0,0.0,0.0,0.0
6655,0.0,0.0,0,0,0.0,0.0,0.0,0.0
6656,0.0,0.0,0,0,0.0,0.0,0.0,0.0
6657,0.0,0.0,0,0,0.0,0.0,0.0,0.0
6658,0.0,0.0,0,0,0.0,0.0,0.0,0.0
6659,0.0,0.0,0,0,0.0,0.0,0.0,0.0
6660,0.0,0.0,0,0,0.0,0.0,0.0,0.0
6661,0.0,0.0,0,0,0.0,0.0,0.0,0.0
6662,0.0,0.0,0,0,0.0,0.0,0.0,0.0
6663,0.0,0.0,0,0,0.0,0.0,0.0,0.0
6664,0.0,0.0,0,0,0.0,0.0,0.0,0.0
6665,0.0,0.0,0,0,0.0,0.0,0.0,0.0
6666,0.0,0.0,0,0,0.0,0.0,0.0,0.0
6667,0.0,0.0,0,0,0.0,0.0,0.0,0.0
6668,0.0,0.0,0,0,0.0,0.0,0.0,0.0
6669,0.0,0.0,0,0,0.0,0.0,0.0,0.0
6670,0.0,0.0,0,0,0.0,0.0,0.0,0.0
6671,0.0,0.0,0,0,0.0,0.0,0.0,0.0
6672,0.0,0.0,0,0,0.0,0.0,0.0,0.0
6673,0.0,0.0,0,0,0.0,0.0,0.0,0.0
6674,0.0,0.0,0,0,0.0,0.0,0.0,0.0
6675,0.0,0.0,0,0,0.0,0.0,0.0,0.0
6676,0.0,0.0,0,0,0.0,0.0,0.0,0.0
6677,0.0,0.0,0,0,0.0,0.0,0.0,0.0
6678,0.0,0.0,0,0,0.0,0.0,0.0,0.0
6679,0.0,0.0,0,0,0.0,0.0,0.0,0.0
6680,0.0,0.0,0,0,0.0,0.0,0.0,0.0
6681,0.0,0.0,0,0,0.0,0.0,0.0,0.0
6682,0.0,0.0,0,0,0.0,0.0,0.0,0.0
6683,0.0,0.0,0,0,0.0,0.0,0.0,0.0
6684,0.0,0.0,0,0,0.0,0.0,0.0,0.0
6685,0.0,0.0,0,0,0.0,0.0,0.0,0.0
6686,0.0,0.0,0,0,0.0,0.0,0.0,0.0
6687,0.0,0.0,0,0,0.0,0.0,0.0,0.0
6688,0.0,0.0,0,0,0.0,0.0,0.0,0.0
6689,0.0,0.0,0,0,0.0,0.0,0.0,0.0
6690,0.0,0.0,0,0,0.0,0.0,0.0,0.0
6691,0.0,0.0,0,0,0.0,0.0,0.0,0.0
6692,0.0,0.0,0,0,0.0,0.0,0.0,0.0
6693,0.0,0.0,0,0,0.0,0.0,0.0,0.0
6694,0.0,0.0,0,0,0.0,0.0,0.0,0.0
6695,0.0,0.0,0,0,0.0,0.0,0.0,0.0
6696,0.0,0.0,0,0,0.0,0.0,0.0,0.0
6697,0.0,0.0,0,0,0.0,0.0,0.0,0.0
6698,0.0,0.0,0,0,0.0,0.0,0.0,0.0
6699,0.0,0.0,0,0,0.0,0.0,0.0,0.0
6700,0.0,0.0,0,0,0.0,0.0,0.0,0.0
6701,0.0,0.0,0,0,0.0,0.0,0.0,0.0
6702,0.0,0.0,0,0,0.0,0.0,0.0,0.0
6703,0.0,0.0,0,0,0.0,0.0,0.0,0.0
6704,0.0,0.0,0,0,0.0,0.0,0.0,0.0
6705,0.0,0.0,0,0,0.0,0.0,0.0,0.0
6706,0.0,0.0,0,0,0.0,0.0,0.0,0.0
6707,0.0,0.0,0,0,0.0,0.0,0.0,0.0
6708,0.0,0.0,0,0,0.0,0.0,0.0,0.0
6709,0.0,0.0,0,0,0.0,0.0,0.0,0.0
6710,0.0,0.0,0,0,0.0,0.0,0.0,0.0
6711,0.0,0.0,0,0,0.0,0.0,0.0,0.0
6712,0.0,0.0,0,0,0.0,0.0,0.0,0.0
6713,0.0,0.0,0,0,0.0,0.0,0.0,0.0
6714,0.0,0.0,0,0,0.0,0.0,0.0,0.0
6715,0.0,0.0,0,0,0.0,0.0,0.0,0.0
6716,0.0,0.0,0,0,0.0,0.0,0.0,0.0
6717,0.0,0.0,0,0,0.0,0.0,0.0,0.0
6718,0.0,0.0,0,0,0.0,0.0,0.0,0.0
6719,0.0,0.0,0,0,0.0,0.0,0.0,0.0
6720,0.0,0.0,0,0,0.0,0.0,0.0,0.0
6721,0.0,0.0,0,0,0.0,0.0,0.0,0.0
6722,0.0,0.0,0,0,0.0,0.0,0.0,0.0
6723,0.0,0.0,0,0,0.0,0.0,0.0,0.0
6724,0.0,0.0,0,0,0.0,0.0,0.0,0.0
6725,0.0,0.0,0,0,0.0,0.0,0.0,0.0
6726,0.0,0.0,0,0,0.0,0.0,0.0,0.0
6727,0.0,0.0,0,0,0.0,0.0,0.0,0.0
6728,0.0,0.0,0,0,0.0,0.0,0.0,0.0
6729,0.0,0.0,0,0,0.0,0.0,0.0,0.0
6730,0.0,0.0,0,0,0.0,0.0,0.0,0.0
6731,0.0,0.0,0,0,0.0,0.0,0.0,0.0
6732,0.0,0.0,0,0,0.0,0.0,0.0,0.0
6733,0.0,0.0,0,0,0.0,0.0,0.0,0.0
6734,0.0,0.0,0,0,0.0,0.0,0.0,0.0
6735,0.0,0.0,0,0,0.0,0.0,0.0,0.0
6736,0.0,0.0,0,0,0.0,0.0,0.0,0.0
6737,0.0,0.0,0,0,0.0,0.0,0.0,0.0
6738,0.0,0.0,0,0,0.0,0.0,0.0,0.0
6739,0.0,0.0,0,0,0.0,0.0,0.0,0.0
6740,0.0,0.0,0,0,0.0,0.0,0.0,0.0
6741,0.0,0.0,0,0,0.0,0.0,0.0,0.0
6742,0.0,0.0,0,0,0.0,0.0,0.0,0.0
6743,0.0,0.0,0,0,0.0,0.0,0.0,0.0
6744,0.0,0.0,0,0,0.0,0.0,0.0,0.0
6745,0.0,0.0,0,0,0.0,0.0,0.0,0.0
6746,0.0,0.0,0,0,0.0,0.0,0.0,0.0
6747,0.0,0.0,0,0,0.0,0.0,0.0,0.0
6748,0.0,0.0,0,0,0.0,0.0,0.0,0.0
6749,0.0,0.0,0,0,0.0,0.0,0.0,0.0
6750,0.0,0.0,0,0,0.0,0.0,0.0,0.0
6751,0.0,0.0,0,0,0.0,0.0,0.0,0.0
6752,0.0,0.0,0,0,0.0,0.0,0.0,0.0
6753,0.0,0.0,0,0,0.0,0.0,0.0,0.0
6754,0.0,0.0,0,0,0.0,0.0,0.0,0.0
6755,0.0,0.0,0,0,0.0,0.0,0.0,0.0
6756,0.0,0.0,0,0,0.0,0.0,0.0,0.0
6757,0.0,0.0,0,0,0.0,0.0,0.0,0.0
6758,0.0,0.0,0,0,0.0,0.0,0.0,0.0
6759,0.0,0.0,0,0,0.0,0.0,0.0,0.0
6760,0.0,0.0,0,0,0.0,0.0,0.0,0.0
6761,0.0,0.0,0,0,0.0,0.0,0.0,0.0
6762,0.0,0.0,0,0,0.0,0.0,0.0,0.0
6763,0.0,0.0,0,0,0.0,0.0,0.0,0.0
6764,0.0,0.0,0,0,0.0,0.0,0.0,0.0
6765,0.0,0.0,0,0,0.0,0.0,0.0,0.0
6766,0.0,0.0,0,0,0.0,0.0,0.0,0.0
6767,0.0,0.0,0,0,0.0,0.0,0.0,0.0
6768,0.0,0.0,0,0,0.0,0.0,0.0,0.0
6769,0.0,0.0,0,0,0.0,0.0,0.0,0.0
6770,0.0,0.0,0,0,0.0,0.0,0.0,0.0
6771,0.0,0.0,0,0,0.0,0.0,0.0,0.0
6772,0.0,0.0,0,0,0.0,0.0,0.0,0.0
6773,0.0,0.0,0,0,0.0,0.0,0.0,0.0
6774,0.0,0.0,0,0,0.0,0.0,0.0,0.0
6775,0.0,0.0,0,0,0.0,0.0,0.0,0.0
6776,0.0,0.0,0,0,0.0,0.0,0.0,0.0
6777,0.0,0.0,0,0,0.0,0.0,0.0,0.0
6778,0.0,0.0,0,0,0.0,0.0,0.0,0.0
6779,0.0,0.0,0,0,0.0,0.0,0.0,0.0
6780,0.0,0.0,0,0,0.0,0.0,0.0,0.0
6781,0.0,0.0,0,0,0.0,0.0,0.0,0.0
6782,0.0,0.0,0,0,0.0,0.0,0.0,0.0
6783,0.0,0.0,0,0,0.0,0.0,0.0,0.0
6784,0.0,0.0,0,0,0.0,0.0,0.0,0.0
6785,0.0,0.0,0,0,0.0,0.0,0.0,0.0
6786,0.0,0.0,0,0,0.0,0.0,0.0,0.0
6787,0.0,0.0,0,0,0.0,0.0,0.0,0.0
6788,0.0,0.0,0,0,0.0,0.0,0.0,0.0
6789,0.0,0.0,0,0,0.0,0.0,0.0,0.0
6790,0.0,0.0,0,0,0.0,0.0,0.0,0.0
6791,0.0,0.0,0,0,0.0,0.0,0.0,0.0
6792,0.0,0.0,0,0,0.0,0.0,0.0,0.0
6793,0.0,0.0,0,0,0.0,0.0,0.0,0.0
6794,0.0,0.0,0,0,0.0,0.0,0.0,0.0
6795,0.0,0.0,0,0,0.0,0.0,0.0,0.0
6796,0.0,0.0,0,0,0.0,0.0,0.0,0.0
6797,0.0,0.0,0,0,0.0,0.0,0.0,0.0
6798,0.0,0.0,0,0,0.0,0.0,0.0,0.0
6799,0.0,0.0,0,0,0.0,0.0,0.0,0.0
6800,0.0,0.0,0,0,0.0,0.0,0.0,0.0
6801,0.0,0.0,0,0,0.0,0.0,0.0,0.0
6802,0.0,0.0,0,0,0.0,0.0,0.0,0.0
6803,0.0,0.0,0,0,0.0,0.0,0.0,0.0
6804,0.0,0.0,0,0,0.0,0.0,0.0,0.0
6805,0.0,0.0,0,0,0.0,0.0,0.0,0.0
6806,0.0,0.0,0,0,0.0,0.0,0.0,0.0
6807,0.0,0.0,0,0,0.0,0.0,0.0,0.0
6808,0.0,0.0,0,0,0.0,0.0,0.0,0.0
6809,0.0,0.0,0,0,0.0,0.0,0.0,0.0
6810,0.0,0.0,0,0,0.0,0.0,0.0,0.0
6811,0.0,0.0,0,0,0.0,0.0,0.0,0.0
6812,0.0,0.0,0,0,0.0,0.0,0.0,0.0
6813,0.0,0.0,0,0,0.0,0.0,0.0,0.0
6814,0.0,0.0,0,0,0.0,0.0,0.0,0.0
6815,0.0,0.0,0,0,0.0,0.0,0.0,0.0
6816,0.0,0.0,0,0,0.0,0.0,0.0,0.0
6817,0.0,0.0,0,0,0.0,0.0,0.0,0.0
6818,0.0,0.0,0,0,0.0,0.0,0.0,0.0
6819,0.0,0.0,0,0,0.0,0.0,0.0,0.0
6820,0.0,0.0,0,0,0.0,0.0,0.0,0.0
6821,0.0,0.0,0,0,0.0,0.0,0.0,0.0
6822,0.0,0.0,0,0,0.0,0.0,0.0,0.0
6823,0.0,0.0,0,0,0.0,0.0,0.0,0.0
6824,0.0,0.0,0,0,0.0,0.0,0.0,0.0
6825,0.0,0.0,0,0,0.0,0.0,0.0,0.0
6826,0.0,0.0,0,0,0.0,0.0,0.0,0.0
6827,0.0,0.0,0,0,0.0,0.0,0.0,0.0
6828,0.0,0.0,0,0,0.0,0.0,0.0,0.0
6829,0.0,0.0,0,0,0.0,0.0,0.0,0.0
6830,0.0,0.0,0,0,0.0,0.0,0.0,0.0
6831,0.0,0.0,0,0,0.0,0.0,0.0,0.0
6832,0.0,0.0,0,0,0.0,0.0,0.0,0.0
6833,0.0,0.0,0,0,0.0,0.0,0.0,0.0
6834,0.0,0.0,0,0,0.0,0.0,0.0,0.0
6835,0.0,0.0,0,0,0.0,0.0,0.0,0.0
6836,0.0,0.0,0,0,0.0,0.0,0.0,0.0
6837,0.0,0.0,0,0,0.0,0.0,0.0,0.0
6838,0.0,0.0,0,0,0.0,0.0,0.0,0.0
6839,0.0,0.0,0,0,0.0,0.0,0.0,0.0
6840,0.0,0.0,0,0,0.0,0.0,0.0,0.0
6841,0.0,0.0,0,0,0.0,0.0,0.0,0.0
6842,0.0,0.0,0,0,0.0,0.0,0.0,0.0
6843,0.0,0.0,0,0,0.0,0.0,0.0,0.0
6844,0.0,0.0,0,0,0.0,0.0,0.0,0.0
6845,0.0,0.0,0,0,0.0,0.0,0.0,0.0
6846,0.0,0.0,0,0,0.0,0.0,0.0,0.0
6847,0.0,0.0,0,0,0.0,0.0,0.0,0.0
6848,0.0,0.0,0,0,0.0,0.0,0.0,0.0
6849,0.0,0.0,0,0,0.0,0.0,0.0,0.0
6850,0.0,0.0,0,0,0.0,0.0,0.0,0.0
6851,0.0,0.0,0,0,0.0,0.0,0.0,0.0
6852,0.0,0.0,0,0,0.0,0.0,0.0,0.0
6853,0.0,0.0,0,0,0.0,0.0,0.0,0.0
6854,0.0,0.0,0,0,0.0,0.0,0.0,0.0
6855,0.0,0.0,0,0,0.0,0.0,0.0,0.0
6856,0.0,0.0,0,0,0.0,0.0,0.0,0.0
6857,0.0,0.0,0,0,0.0,0.0,0.0,0.0
6858,0.0,0.0,0,0,0.0,0.0,0.0,0.0
6859,0.0,0.0,0,0,0.0,0.0,0.0,0.0
6860,0.0,0.0,0,0,0.0,0.0,0.0,0.0
6861,0.0,0.0,0,0,0.0,0.0,0.0,0.0
6862,0.0,0.0,0,0,0.0,0.0,0.0,0.0
6863,0.0,0.0,0,0,0.0,0.0,0.0,0.0
6864,0.0,0.0,0,0,0.0,0.0,0.0,0.0
6865,0.0,0.0,0,0,0.0,0.0,0.0,0.0
6866,0.0,0.0,0,0,0.0,0.0,0.0,0.0
6867,0.0,0.0,0,0,0.0,0.0,0.0,0.0
6868,0.0,0.0,0,0,0.0,0.0,0.0,0.0
6869,0.0,0.0,0,0,0.0,0.0,0.0,0.0
6870,0.0,0.0,0,0,0.0,0.0,0.0,0.0
6871,0.0,0.0,0,0,0.0,0.0,0.0,0.0
6872,0.0,0.0,0,0,0.0,0.0,0.0,0.0
6873,0.0,0.0,0,0,0.0,0.0,0.0,0.0
6874,0.0,0.0,0,0,0.0,0.0,0.0,0.0
6875,0.0,0.0,0,0,0.0,0.0,0.0,0.0
6876,0.0,0.0,0,0,0.0,0.0,0.0,0.0
6877,0.0,0.0,0,0,0.0,0.0,0.0,0.0
6878,0.0,0.0,0,0,0.0,0.0,0.0,0.0
6879,0.0,0.0,0,0,0.0,0.0,0.0,0.0
6880,0.0,0.0,0,0,0.0,0.0,0.0,0.0
6881,0.0,0.0,0,0,0.0,0.0,0.0,0.0
6882,0.0,0.0,0,0,0.0,0.0,0.0,0.0
6883,0.0,0.0,0,0,0.0,0.0,0.0,0.0
6884,0.0,0.0,0,0,0.0,0.0,0.0,0.0
6885,0.0,0.0,0,0,0.0,0.0,0.0,0.0
6886,0.0,0.0,0,0,0.0,0.0,0.0,0.0
6887,0.0,0.0,0,0,0.0,0.0,0.0,0.0
6888,0.0,0.0,0,0,0.0,0.0,0.0,0.0
6889,0.0,0.0,0,0,0.0,0.0,0.0,0.0
6890,0.0,0.0,0,0,0.0,0.0,0.0,0.0
6891,0.0,0.0,0,0,0.0,0.0,0.0,0.0
6892,0.0,0.0,0,0,0.0,0.0,0.0,0.0
6893,0.0,0.0,0,0,0.0,0.0,0.0,0.0
6894,0.0,0.0,0,0,0.0,0.0,0.0,0.0
6895,0.0,0.0,0,0,0.0,0.0,0.0,0.0
6896,0.0,0.0,0,0,0.0,0.0,0.0,0.0
6897,0.0,0.0,0,0,0.0,0.0,0.0,0.0
6898,0.0,0.0,0,0,0.0,0.0,0.0,0.0
6899,0.0,0.0,0,0,0.0,0.0,0.0,0.0
6900,0.0,0.0,0,0,0.0,0.0,0.0,0.0
6901,0.0,0.0,0,0,0.0,0.0,0.0,0.0
6902,0.0,0.0,0,0,0.0,0.0,0.0,0.0
6903,0.0,0.0,0,0,0.0,0.0,0.0,0.0
6904,0.0,0.0,0,0,0.0,0.0,0.0,0.0
6905,0.0,0.0,0,0,0.0,0.0,0.0,0.0
6906,0.0,0.0,0,0,0.0,0.0,0.0,0.0
6907,0.0,0.0,0,0,0.0,0.0,0.0,0.0
6908,0.0,0.0,0,0,0.0,0.0,0.0,0.0
6909,0.0,0.0,0,0,0.0,0.0,0.0,0.0
6910,0.0,0.0,0,0,0.0,0.0,0.0,0.0
6911,0.0,0.0,0,0,0.0,0.0,0.0,0.0
6912,0.0,0.0,0,0,0.0,0.0,0.0,0.0
6913,0.0,0.0,0,0,0.0,0.0,0.0,0.0
6914,0.0,0.0,0,0,0.0,0.0,0.0,0.0
6915,0.0,0.0,0,0,0.0,0.0,0.0,0.0
6916,0.0,0.0,0,0,0.0,0.0,0.0,0.0
6917,0.0,0.0,0,0,0.0,0.0,0.0,0.0
6918,0.0,0.0,0,0,0.0,0.0,0.0,0.0
6919,0.0,0.0,0,0,0.0,0.0,0.0,0.0
6920,0.0,0.0,0,0,0.0,0.0,0.0,0.0
6921,0.0,0.0,0,0,0.0,0.0,0.0,0.0
6922,0.0,0.0,0,0,0.0,0.0,0.0,0.0
6923,0.0,0.0,0,0,0.0,0.0,0.0,0.0
6924,0.0,0.0,0,0,0.0,0.0,0.0,0.0
6925,0.0,0.0,0,0,0.0,0.0,0.0,0.0
6926,0.0,0.0,0,0,0.0,0.0,0.0,0.0
6927,0.0,0.0,0,0,0.0,0.0,0.0,0.0
6928,0.0,0.0,0,0,0.0,0.0,0.0,0.0
6929,0.0,0.0,0,0,0.0,0.0,0.0,0.0
6930,0.0,0.0,0,0,0.0,0.0,0.0,0.0
6931,0.0,0.0,0,0,0.0,0.0,0.0,0.0
6932,0.0,0.0,0,0,0.0,0.0,0.0,0.0
6933,0.0,0.0,0,0,0.0,0.0,0.0,0.0
6934,0.0,0.0,0,0,0.0,0.0,0.0,0.0
6935,0.0,0.0,0,0,0.0,0.0,0.0,0.0
6936,0.0,0.0,0,0,0.0,0.0,0.0,0.0
6937,0.0,0.0,0,0,0.0,0.0,0.0,0.0
6938,0.0,0.0,0,0,0.0,0.0,0.0,0.0
6939,0.0,0.0,0,0,0.0,0.0,0.0,0.0
6940,0.0,0.0,0,0,0.0,0.0,0.0,0.0
6941,0.0,0.0,0,0,0.0,0.0,0.0,0.0
6942,0.0,0.0,0,0,0.0,0.0,0.0,0.0
6943,0.0,0.0,0,0,0.0,0.0,0.0,0.0
6944,0.0,0.0,0,0,0.0,0.0,0.0,0.0
6945,0.0,0.0,0,0,0.0,0.0,0.0,0.0
6946,0.0,0.0,0,0,0.0,0.0,0.0,0.0
6947,0.0,0.0,0,0,0.0,0.0,0.0,0.0
6948,0.0,0.0,0,0,0.0,0.0,0.0,0.0
6949,0.0,0.0,0,0,0.0,0.0,0.0,0.0
6950,0.0,0.0,0,0,0.0,0.0,0.0,0.0
6951,0.0,0.0,0,0,0.0,0.0,0.0,0.0
6952,0.0,0.0,0,0,0.0,0.0,0.0,0.0
6953,0.0,0.0,0,0,0.0,0.0,0.0,0.0
6954,0.0,0.0,0,0,0.0,0.0,0.0,0.0
6955,0.0,0.0,0,0,0.0,0.0,0.0,0.0
6956,0.0,0.0,0,0,0.0,0.0,0.0,0.0
6957,0.0,0.0,0,0,0.0,0.0,0.0,0.0
6958,0.0,0.0,0,0,0.0,0.0,0.0,0.0
6959,0.0,0.0,0,0,0.0,0.0,0.0,0.0
6960,0.0,0.0,0,0,0.0,0.0,0.0,0.0
6961,0.0,0.0,0,0,0.0,0.0,0.0,0.0
6962,0.0,0.0,0,0,0.0,0.0,0.0,0.0
6963,0.0,0.0,0,0,0.0,0.0,0.0,0.0
6964,0.0,0.0,0,0,0.0,0.0,0.0,0.0
6965,0.0,0.0,0,0,0.0,0.0,0.0,0.0
6966,0.0,0.0,0,0,0.0,0.0,0.0,0.0
6967,0.0,0.0,0,0,0.0,0.0,0.0,0.0
6968,0.0,0.0,0,0,0.0,0.0,0.0,0.0
6969,0.0,0.0,0,0,0.0,0.0,0.0,0.0
6970,0.0,0.0,0,0,0.0,0.0,0.0,0.0
6971,0.0,0.0,0,0,0.0,0.0,0.0,0.0
6972,0.0,0.0,0,0,0.0,0.0,0.0,0.0
6973,0.0,0.0,0,0,0.0,0.0,0.0,0.0
6974,0.0,0.0,0,0,0.0,0.0,0.0,0.0
6975,0.0,0.0,0,0,0.0,0.0,0.0,0.0
6976,0.0,0.0,0,0,0.0,0.0,0.0,0.0
6977,0.0,0.0,0,0,0.0,0.0,0.0,0.0
6978,0.0,0.0,0,0,0.0,0.0,0.0,0.0
6979,0.0,0.0,0,0,0.0,0.0,0.0,0.0
6980,0.0,0.0,0,0,0.0,0.0,0.0,0.0
6981,0.0,0.0,0,0,0.0,0.0,0.0,0.0
6982,0.0,0.0,0,0,0.0,0.0,0.0,0.0
6983,0.0,0.0,0,0,0.0,0.0,0.0,0.0
6984,0.0,0.0,0,0,0.0,0.0,0.0,0.0
6985,0.0,0.0,0,0,0.0,0.0,0.0,0.0
6986,0.0,0.0,0,0,0.0,0.0,0.0,0.0
6987,0.0,0.0,0,0,0.0,0.0,0.0,0.0
6988,0.0,0.0,0,0,0.0,0.0,0.0,0.0
6989,0.0,0.0,0,0,0.0,0.0,0.0,0.0
6990,0.0,0.0,0,0,0.0,0.0,0.0,0.0
6991,0.0,0.0,0,0,0.0,0.0,0.0,0.0
6992,0.0,0.0,0,0,0.0,0.0,0.0,0.0
6993,0.0,0.0,0,0,0.0,0.0,0.0,0.0
6994,0.0,0.0,0,0,0.0,0.0,0.0,0.0
6995,0.0,0.0,0,0,0.0,0.0,0.0,0.0
6996,0.0,0.0,0,0,0.0,0.0,0.0,0.0
6997,0.0,0.0,0,0,0.0,0.0,0.0,0.0
6998,0.0,0.0,0,0,0.0,0.0,0.0,0.0
6999,0.0,0.0,0,0,0.0,0.0,0.0,0.0
7000,0.0,0.0,0,0,0.0,0.0,0.0,0.0
7001,0.0,0.0,0,0,0.0,0.0,0.0,0.0
7002,0.0,0.0,0,0,0.0,0.0,0.0,0.0
7003,0.0,0.0,0,0,0.0,0.0,0.0,0.0
7004,0.0,0.0,0,0,0.0,0.0,0.0,0.0
7005,0.0,0.0,0,0,0.0,0.0,0.0,0.0
7006,0.0,0.0,0,0,0.0,0.0,0.0,0.0
7007,0.0,0.0,0,0,0.0,0.0,0.0,0.0
7008,0.0,0.0,0,0,0.0,0.0,0.0,0.0
7009,0.0,0.0,0,0,0.0,0.0,0.0,0.0
7010,0.0,0.0,0,0,0.0,0.0,0.0,0.0
7011,0.0,0.0,0,0,0.0,0.0,0.0,0.0
7012,0.0,0.0,0,0,0.0,0.0,0.0,0.0
7013,0.0,0.0,0,0,0.0,0.0,0.0,0.0
7014,0.0,0.0,0,0,0.0,0.0,0.0,0.0
7015,0.0,0.0,0,0,0.0,0.0,0.0,0.0
7016,0.0,0.0,0,0,0.0,0.0,0.0,0.0
7017,0.0,0.0,0,0,0.0,0.0,0.0,0.0
7018,0.0,0.0,0,0,0.0,0.0,0.0,0.0
7019,0.0,0.0,0,0,0.0,0.0,0.0,0.0
7020,0.0,0.0,0,0,0.0,0.0,0.0,0.0
7021,0.0,0.0,0,0,0.0,0.0,0.0,0.0
7022,0.0,0.0,0,0,0.0,0.0,0.0,0.0
7023,0.0,0.0,0,0,0.0,0.0,0.0,0.0
7024,0.0,0.0,0,0,0.0,0.0,0.0,0.0
7025,0.0,0.0,0,0,0.0,0.0,0.0,0.0
7026,0.0,0.0,0,0,0.0,0.0,0.0,0.0
7027,0.0,0.0,0,0,0.0,0.0,0.0,0.0
7028,0.0,0.0,0,0,0.0,0.0,0.0,0.0
7029,0.0,0.0,0,0,0.0,0.0,0.0,0.0
7030,0.0,0.0,0,0,0.0,0.0,0.0,0.0
7031,0.0,0.0,0,0,0.0,0.0,0.0,0.0
7032,0.0,0.0,0,0,0.0,0.0,0.0,0.0
7033,0.0,0.0,0,0,0.0,0.0,0.0,0.0
7034,0.0,0.0,0,0,0.0,0.0,0.0,0.0
7035,0.0,0.0,0,0,0.0,0.0,0.0,0.0
7036,0.0,0.0,0,0,0.0,0.0,0.0,0.0
7037,0.0,0.0,0,0,0.0,0.0,0.0,0.0
7038,0.0,0.0,0,0,0.0,0.0,0.0,0.0
7039,0.0,0.0,0,0,0.0,0.0,0.0,0.0
7040,0.0,0.0,0,0,0.0,0.0,0.0,0.0
7041,0.0,0.0,0,0,0.0,0.0,0.0,0.0
7042,0.0,0.0,0,0,0.0,0.0,0.0,0.0
7043,0.0,0.0,0,0,0.0,0.0,0.0,0.0
7044,0.0,0.0,0,0,0.0,0.0,0.0,0.0
7045,0.0,0.0,0,0,0.0,0.0,0.0,0.0
7046,0.0,0.0,0,0,0.0,0.0,0.0,0.0
7047,0.0,0.0,0,0,0.0,0.0,0.0,0.0
7048,0.0,0.0,0,0,0.0,0.0,0.0,0.0
7049,0.0,0.0,0,0,0.0,0.0,0.0,0.0
7050,0.0,0.0,0,0,0.0,0.0,0.0,0.0
7051,0.0,0.0,0,0,0.0,0.0,0.0,0.0
7052,0.0,0.0,0,0,0.0,0.0,0.0,0.0
7053,0.0,0.0,0,0,0.0,0.0,0.0,0.0
7054,0.0,0.0,0,0,0.0,0.0,0.0,0.0
7055,0.0,0.0,0,0,0.0,0.0,0.0,0.0
7056,0.0,0.0,0,0,0.0,0.0,0.0,0.0
7057,0.0,0.0,0,0,0.0,0.0,0.0,0.0
7058,0.0,0.0,0,0,0.0,0.0,0.0,0.0
7059,0.0,0.0,0,0,0.0,0.0,0.0,0.0
7060,0.0,0.0,0,0,0.0,0.0,0.0,0.0
7061,0.0,0.0,0,0,0.0,0.0,0.0,0.0
7062,0.0,0.0,0,0,0.0,0.0,0.0,0.0
7063,0.0,0.0,0,0,0.0,0.0,0.0,0.0
7064,0.0,0.0,0,0,0.0,0.0,0.0,0.0
7065,0.0,0.0,0,0,0.0,0.0,0.0,0.0
7066,0.0,0.0,0,0,0.0,0.0,0.0,0.0
7067,0.0,0.0,0,0,0.0,0.0,0.0,0.0
7068,0.0,0.0,0,0,0.0,0.0,0.0,0.0
7069,0.0,0.0,0,0,0.0,0.0,0.0,0.0
7070,0.0,0.0,0,0,0.0,0.0,0.0,0.0
7071,0.0,0.0,0,0,0.0,0.0,0.0,0.0
7072,0.0,0.0,0,0,0.0,0.0,0.0,0.0
7073,0.0,0.0,0,0,0.0,0.0,0.0,0.0
7074,0.0,0.0,0,0,0.0,0.0,0.0,0.0
7075,0.0,0.0,0,0,0.0,0.0,0.0,0.0
7076,0.0,0.0,0,0,0.0,0.0,0.0,0.0
7077,0.0,0.0,0,0,0.0,0.0,0.0,0.0
7078,0.0,0.0,0,0,0.0,0.0,0.0,0.0
7079,0.0,0.0,0,0,0.0,0.0,0.0,0.0
7080,0.0,0.0,0,0,0.0,0.0,0.0,0.0
7081,0.0,0.0,0,0,0.0,0.0,0.0,0.0
7082,0.0,0.0,0,0,0.0,0.0,0.0,0.0
7083,0.0,0.0,0,0,0.0,0.0,0.0,0.0
7084,0.0,0.0,0,0,0.0,0.0,0.0,0.0
7085,0.0,0.0,0,0,0.0,0.0,0.0,0.0
7086,0.0,0.0,0,0,0.0,0.0,0.0,0.0
7087,0.0,0.0,0,0,0.0,0.0,0.0,0.0
7088,0.0,0.0,0,0,0.0,0.0,0.0,0.0
7089,0.0,0.0,0,0,0.0,0.0,0.0,0.0
7090,0.0,0.0,0,0,0.0,0.0,0.0,0.0
7091,0.0,0.0,0,0,0.0,0.0,0.0,0.0
7092,0.0,0.0,0,0,0.0,0.0,0.0,0.0
7093,0.0,0.0,0,0,0.0,0.0,0.0,0.0
7094,0.0,0.0,0,0,0.0,0.0,0.0,0.0
7095,0.0,0.0,0,0,0.0,0.0,0.0,0.0
7096,0.0,0.0,0,0,0.0,0.0,0.0,0.0
7097,0.0,0.0,0,0,0.0,0.0,0.0,0.0
7098,0.0,0.0,0,0,0.0,0.0,0.0,0.0
7099,0.0,0.0,0,0,0.0,0.0,0.0,0.0
7100,0.0,0.0,0,0,0.0,0.0,0.0,0.0
7101,0.0,0.0,0,0,0.0,0.0,0.0,0.0
7102,0.0,0.0,0,0,0.0,0.0,0.0,0.0
7103,0.0,0.0,0,0,0.0,0.0,0.0,0.0
7104,0.0,0.0,0,0,0.0,0.0,0.0,0.0
7105,0.0,0.0,0,0,0.0,0.0,0.0,0.0
7106,0.0,0.0,0,0,0.0,0.0,0.0,0.0
7107,0.0,0.0,0,0,0.0,0.0,0.0,0.0
7108,0.0,0.0,0,0,0.0,0.0,0.0,0.0
7109,0.0,0.0,0,0,0.0,0.0,0.0,0.0
7110,0.0,0.0,0,0,0.0,0.0,0.0,0.0
7111,0.0,0.0,0,0,0.0,0.0,0.0,0.0
7112,0.0,0.0,0,0,0.0,0.0,0.0,0.0
7113,0.0,0.0,0,0,0.0,0.0,0.0,0.0
7114,0.0,0.0,0,0,0.0,0.0,0.0,0.0
7115,0.0,0.0,0,0,0.0,0.0,0.0,0.0
7116,0.0,0.0,0,0,0.0,0.0,0.0,0.0
7117,0.0,0.0,0,0,0.0,0.0,0.0,0.0
7118,0.0,0.0,0,0,0.0,0.0,0.0,0.0
7119,0.0,0.0,0,0,0.0,0.0,0.0,0.0
7120,0.0,0.0,0,0,0.0,0.0,0.0,0.0
7121,0.0,0.0,0,0,0.0,0.0,0.0,0.0
7122,0.0,0.0,0,0,0.0,0.0,0.0,0.0
7123,0.0,0.0,0,0,0.0,0.0,0.0,0.0
7124,0.0,0.0,0,0,0.0,0.0,0.0,0.0
7125,0.0,0.0,0,0,0.0,0.0,0.0,0.0
7126,0.0,0.0,0,0,0.0,0.0,0.0,0.0
7127,0.0,0.0,0,0,0.0,0.0,0.0,0.0
7128,0.0,0.0,0,0,0.0,0.0,0.0,0.0
7129,0.0,0.0,0,0,0.0,0.0,0.0,0.0
7130,0.0,0.0,0,0,0.0,0.0,0.0,0.0
7131,0.0,0.0,0,0,0.0,0.0,0.0,0.0
7132,0.0,0.0,0,0,0.0,0.0,0.0,0.0
7133,0.0,0.0,0,0,0.0,0.0,0.0,0.0
7134,0.0,0.0,0,0,0.0,0.0,0.0,0.0
7135,0.0,0.0,0,0,0.0,0.0,0.0,0.0
7136,0.0,0.0,0,0,0.0,0.0,0.0,0.0
7137,0.0,0.0,0,0,0.0,0.0,0.0,0.0
7138,0.0,0.0,0,0,0.0,0.0,0.0,0.0
7139,0.0,0.0,0,0,0.0,0.0,0.0,0.0
7140,0.0,0.0,0,0,0.0,0.0,0.0,0.0
7141,0.0,0.0,0,0,0.0,0.0,0.0,0.0
7142,0.0,0.0,0,0,0.0,0.0,0.0,0.0
7143,0.0,0.0,0,0,0.0,0.0,0.0,0.0
7144,0.0,0.0,0,0,0.0,0.0,0.0,0.0
7145,0.0,0.0,0,0,0.0,0.0,0.0,0.0
7146,0.0,0.0,0,0,0.0,0.0,0.0,0.0
7147,0.0,0.0,0,0,0.0,0.0,0.0,0.0
7148,0.0,0.0,0,0,0.0,0.0,0.0,0.0
7149,0.0,0.0,0,0,0.0,0.0,0.0,0.0
7150,0.0,0.0,0,0,0.0,0.0,0.0,0.0
7151,0.0,0.0,0,0,0.0,0.0,0.0,0.0
7152,0.0,0.0,0,0,0.0,0.0,0.0,0.0
7153,0.0,0.0,0,0,0.0,0.0,0.0,0.0
7154,0.0,0.0,0,0,0.0,0.0,0.0,0.0
7155,0.0,0.0,0,0,0.0,0.0,0.0,0.0
7156,0.0,0.0,0,0,0.0,0.0,0.0,0.0
7157,0.0,0.0,0,0,0.0,0.0,0.0,0.0
7158,0.0,0.0,0,0,0.0,0.0,0.0,0.0
7159,0.0,0.0,0,0,0.0,0.0,0.0,0.0
7160,0.0,0.0,0,0,0.0,0.0,0.0,0.0
7161,0.0,0.0,0,0,0.0,0.0,0.0,0.0
7162,0.0,0.0,0,0,0.0,0.0,0.0,0.0
7163,0.0,0.0,0,0,0.0,0.0,0.0,0.0
7164,0.0,0.0,0,0,0.0,0.0,0.0,0.0
7165,0.0,0.0,0,0,0.0,0.0,0.0,0.0
7166,0.0,0.0,0,0,0.0,0.0,0.0,0.0
7167,0.0,0.0,0,0,0.0,0.0,0.0,0.0
7168,0.0,0.0,0,0,0.0,0.0,0.0,0.0
7169,0.0,0.0,0,0,0.0,0.0,0.0,0.0
7170,0.0,0.0,0,0,0.0,0.0,0.0,0.0
7171,0.0,0.0,0,0,0.0,0.0,0.0,0.0
7172,0.0,0.0,0,0,0.0,0.0,0.0,0.0
7173,0.0,0.0,0,0,0.0,0.0,0.0,0.0
7174,0.0,0.0,0,0,0.0,0.0,0.0,0.0
7175,0.0,0.0,0,0,0.0,0.0,0.0,0.0
7176,0.0,0.0,0,0,0.0,0.0,0.0,0.0
7177,0.0,0.0,0,0,0.0,0.0,0.0,0.0
7178,0.0,0.0,0,0,0.0,0.0,0.0,0.0
7179,0.0,0.0,0,0,0.0,0.0,0.0,0.0
7180,0.0,0.0,0,0,0.0,0.0,0.0,0.0
7181,0.0,0.0,0,0,0.0,0.0,0.0,0.0
7182,0.0,0.0,0,0,0.0,0.0,0.0,0.0
7183,0.0,0.0,0,0,0.0,0.0,0.0,0.0
7184,0.0,0.0,0,0,0.0,0.0,0.0,0.0
7185,0.0,0.0,0,0,0.0,0.0,0.0,0.0
7186,0.0,0.0,0,0,0.0,0.0,0.0,0.0
7187,0.0,0.0,0,0,0.0,0.0,0.0,0.0
7188,0.0,0.0,0,0,0.0,0.0,0.0,0.0
7189,0.0,0.0,0,0,0.0,0.0,0.0,0.0
7190,0.0,0.0,0,0,0.0,0.0,0.0,0.0
7191,0.0,0.0,0,0,0.0,0.0,0.0,0.0
7192,0.0,0.0,0,0,0.0,0.0,0.0,0.0
7193,0.0,0.0,0,0,0.0,0.0,0.0,0.0
7194,0.0,0.0,0,0,0.0,0.0,0.0,0.0
7195,0.0,0.0,0,0,0.0,0.0,0.0,0.0
7196,0.0,0.0,0,0,0.0,0.0,0.0,0.0
7197,0.0,0.0,0,0,0.0,0.0,0.0,0.0
7198,0.0,0.0,0,0,0.0,0.0,0.0,0.0
7199,0.0,0.0,0,0,0.0,0.0,0.0,0.0
7200,0.0,0.0,0,0,0.0,0.0,0.0,0.0
7201,0.0,0.0,0,0,0.0,0.0,0.0,0.0
7202,0.0,0.0,0,0,0.0,0.0,0.0,0.0
7203,0.0,0.0,0,0,0.0,0.0,0.0,0.0
7204,0.0,0.0,0,0,0.0,0.0,0.0,0.0
7205,0.0,0.0,0,0,0.0,0.0,0.0,0.0
7206,0.0,0.0,0,0,0.0,0.0,0.0,0.0
7207,0.0,0.0,0,0,0.0,0.0,0.0,0.0
7208,0.0,0.0,0,0,0.0,0.0,0.0,0.0
7209,0.0,0.0,0,0,0.0,0.0,0.0,0.0
7210,0.0,0.0,0,0,0.0,0.0,0.0,0.0
7211,0.0,0.0,0,0,0.0,0.0,0.0,0.0
7212,0.0,0.0,0,0,0.0,0.0,0.0,0.0
7213,0.0,0.0,0,0,0.0,0.0,0.0,0.0
7214,0.0,0.0,0,0,0.0,0.0,0.0,0.0
7215,0.0,0.0,0,0,0.0,0.0,0.0,0.0
7216,0.0,0.0,0,0,0.0,0.0,0.0,0.0
7217,0.0,0.0,0,0,0.0,0.0,0.0,0.0
7218,0.0,0.0,0,0,0.0,0.0,0.0,0.0
7219,0.0,0.0,0,0,0.0,0.0,0.0,0.0
7220,0.0,0.0,0,0,0.0,0.0,0.0,0.0
7221,0.0,0.0,0,0,0.0,0.0,0.0,0.0
7222,0.0,0.0,0,0,0.0,0.0,0.0,0.0
7223,0.0,0.0,0,0,0.0,0.0,0.0,0.0
7224,0.0,0.0,0,0,0.0,0.0,0.0,0.0
7225,0.0,0.0,0,0,0.0,0.0,0.0,0.0
7226,0.0,0.0,0,0,0.0,0.0,0.0,0.0
7227,0.0,0.0,0,0,0.0,0.0,0.0,0.0
7228,0.0,0.0,0,0,0.0,0.0,0.0,0.0
7229,0.0,0.0,0,0,0.0,0.0,0.0,0.0
7230,0.0,0.0,0,0,0.0,0.0,0.0,0.0
7231,0.0,0.0,0,0,0.0,0.0,0.0,0.0
7232,0.0,0.0,0,0,0.0,0.0,0.0,0.0
7233,0.0,0.0,0,0,0.0,0.0,0.0,0.0
7234,0.0,0.0,0,0,0.0,0.0,0.0,0.0
7235,0.0,0.0,0,0,0.0,0.0,0.0,0.0
7236,0.0,0.0,0,0,0.0,0.0,0.0,0.0
7237,0.0,0.0,0,0,0.0,0.0,0.0,0.0
7238,0.0,0.0,0,0,0.0,0.0,0.0,0.0
7239,0.0,0.0,0,0,0.0,0.0,0.0,0.0
7240,0.0,0.0,0,0,0.0,0.0,0.0,0.0
7241,0.0,0.0,0,0,0.0,0.0,0.0,0.0
7242,0.0,0.0,0,0,0.0,0.0,0.0,0.0
7243,0.0,0.0,0,0,0.0,0.0,0.0,0.0
7244,0.0,0.0,0,0,0.0,0.0,0.0,0.0
7245,0.0,0.0,0,0,0.0,0.0,0.0,0.0
7246,0.0,0.0,0,0,0.0,0.0,0.0,0.0
7247,0.0,0.0,0,0,0.0,0.0,0.0,0.0
7248,0.0,0.0,0,0,0.0,0.0,0.0,0.0
7249,0.0,0.0,0,0,0.0,0.0,0.0,0.0
7250,0.0,0.0,0,0,0.0,0.0,0.0,0.0
7251,0.0,0.0,0,0,0.0,0.0,0.0,0.0
7252,0.0,0.0,0,0,0.0,0.0,0.0,0.0
7253,0.0,0.0,0,0,0.0,0.0,0.0,0.0
7254,0.0,0.0,0,0,0.0,0.0,0.0,0.0
7255,0.0,0.0,0,0,0.0,0.0,0.0,0.0
7256,0.0,0.0,0,0,0.0,0.0,0.0,0.0
7257,0.0,0.0,0,0,0.0,0.0,0.0,0.0
7258,0.0,0.0,0,0,0.0,0.0,0.0,0.0
7259,0.0,0.0,0,0,0.0,0.0,0.0,0.0
7260,0.0,0.0,0,0,0.0,0.0,0.0,0.0
7261,0.0,0.0,0,0,0.0,0.0,0.0,0.0
7262,0.0,0.0,0,0,0.0,0.0,0.0,0.0
7263,0.0,0.0,0,0,0.0,0.0,0.0,0.0
7264,0.0,0.0,0,0,0.0,0.0,0.0,0.0
7265,0.0,0.0,0,0,0.0,0.0,0.0,0.0
7266,0.0,0.0,0,0,0.0,0.0,0.0,0.0
7267,0.0,0.0,0,0,0.0,0.0,0.0,0.0
7268,0.0,0.0,0,0,0.0,0.0,0.0,0.0
7269,0.0,0.0,0,0,0.0,0.0,0.0,0.0
7270,0.0,0.0,0,0,0.0,0.0,0.0,0.0
7271,0.0,0.0,0,0,0.0,0.0,0.0,0.0
7272,0.0,0.0,0,0,0.0,0.0,0.0,0.0
7273,0.0,0.0,0,0,0.0,0.0,0.0,0.0
7274,0.0,0.0,0,0,0.0,0.0,0.0,0.0
7275,0.0,0.0,0,0,0.0,0.0,0.0,0.0
7276,0.0,0.0,0,0,0.0,0.0,0.0,0.0
7277,0.0,0.0,0,0,0.0,0.0,0.0,0.0
7278,0.0,0.0,0,0,0.0,0.0,0.0,0.0
7279,0.0,0.0,0,0,0.0,0.0,0.0,0.0
7280,0.0,0.0,0,0,0.0,0.0,0.0,0.0
7281,0.0,0.0,0,0,0.0,0.0,0.0,0.0
7282,0.0,0.0,0,0,0.0,0.0,0.0,0.0
7283,0.0,0.0,0,0,0.0,0.0,0.0,0.0
7284,0.0,0.0,0,0,0.0,0.0,0.0,0.0
7285,0.0,0.0,0,0,0.0,0.0,0.0,0.0
7286,0.0,0.0,0,0,0.0,0.0,0.0,0.0
7287,0.0,0.0,0,0,0.0,0.0,0.0,0.0
7288,0.0,0.0,0,0,0.0,0.0,0.0,0.0
7289,0.0,0.0,0,0,0.0,0.0,0.0,0.0
7290,0.0,0.0,0,0,0.0,0.0,0.0,0.0
7291,0.0,0.0,0,0,0.0,0.0,0.0,0.0
7292,0.0,0.0,0,0,0.0,0.0,0.0,0.0
7293,0.0,0.0,0,0,0.0,0.0,0.0,0.0
7294,0.0,0.0,0,0,0.0,0.0,0.0,0.0
7295,0.0,0.0,0,0,0.0,0.0,0.0,0.0
7296,0.0,0.0,0,0,0.0,0.0,0.0,0.0
7297,0.0,0.0,0,0,0.0,0.0,0.0,0.0
7298,0.0,0.0,0,0,0.0,0.0,0.0,0.0
7299,0.0,0.0,0,0,0.0,0.0,0.0,0.0
7300,0.0,0.0,0,0,0.0,0.0,0.0,0.0
7301,0.0,0.0,0,0,0.0,0.0,0.0,0.0
7302,0.0,0.0,0,0,0.0,0.0,0.0,0.0
7303,0.0,0.0,0,0,0.0,0.0,0.0,0.0
7304,0.0,0.0,0,0,0.0,0.0,0.0,0.0
7305,0.0,0.0,0,0,0.0,0.0,0.0,0.0
7306,0.0,0.0,0,0,0.0,0.0,0.0,0.0
7307,0.0,0.0,0,0,0.0,0.0,0.0,0.0
7308,0.0,0.0,0,0,0.0,0.0,0.0,0.0
7309,0.0,0.0,0,0,0.0,0.0,0.0,0.0
7310,0.0,0.0,0,0,0.0,0.0,0.0,0.0
7311,0.0,0.0,0,0,0.0,0.0,0.0,0.0
7312,0.0,0.0,0,0,0.0,0.0,0.0,0.0
7313,0.0,0.0,0,0,0.0,0.0,0.0,0.0
7314,0.0,0.0,0,0,0.0,0.0,0.0,0.0
7315,0.0,0.0,0,0,0.0,0.0,0.0,0.0
7316,0.0,0.0,0,0,0.0,0.0,0.0,0.0
7317,0.0,0.0,0,0,0.0,0.0,0.0,0.0
7318,0.0,0.0,0,0,0.0,0.0,0.0,0.0
7319,0.0,0.0,0,0,0.0,0.0,0.0,0.0
7320,0.0,0.0,0,0,0.0,0.0,0.0,0.0
7321,0.0,0.0,0,0,0.0,0.0,0.0,0.0
7322,0.0,0.0,0,0,0.0,0.0,0.0,0.0
7323,0.0,0.0,0,0,0.0,0.0,0.0,0.0
7324,0.0,0.0,0,0,0.0,0.0,0.0,0.0
7325,0.0,0.0,0,0,0.0,0.0,0.0,0.0
7326,0.0,0.0,0,0,0.0,0.0,0.0,0.0
7327,0.0,0.0,0,0,0.0,0.0,0.0,0.0
7328,0.0,0.0,0,0,0.0,0.0,0.0,0.0
7329,0.0,0.0,0,0,0.0,0.0,0.0,0.0
7330,0.0,0.0,0,0,0.0,0.0,0.0,0.0
7331,0.0,0.0,0,0,0.0,0.0,0.0,0.0
7332,0.0,0.0,0,0,0.0,0.0,0.0,0.0
7333,0.0,0.0,0,0,0.0,0.0,0.0,0.0
7334,0.0,0.0,0,0,0.0,0.0,0.0,0.0
7335,0.0,0.0,0,0,0.0,0.0,0.0,0.0
7336,0.0,0.0,0,0,0.0,0.0,0.0,0.0
7337,0.0,0.0,0,0,0.0,0.0,0.0,0.0
7338,0.0,0.0,0,0,0.0,0.0,0.0,0.0
7339,0.0,0.0,0,0,0.0,0.0,0.0,0.0
7340,0.0,0.0,0,0,0.0,0.0,0.0,0.0
7341,0.0,0.0,0,0,0.0,0.0,0.0,0.0
7342,0.0,0.0,0,0,0.0,0.0,0.0,0.0
7343,0.0,0.0,0,0,0.0,0.0,0.0,0.0
7344,0.0,0.0,0,0,0.0,0.0,0.0,0.0
7345,0.0,0.0,0,0,0.0,0.0,0.0,0.0
7346,0.0,0.0,0,0,0.0,0.0,0.0,0.0
7347,0.0,0.0,0,0,0.0,0.0,0.0,0.0
7348,0.0,0.0,0,0,0.0,0.0,0.0,0.0
7349,0.0,0.0,0,0,0.0,0.0,0.0,0.0
7350,0.0,0.0,0,0,0.0,0.0,0.0,0.0
7351,0.0,0.0,0,0,0.0,0.0,0.0,0.0
7352,0.0,0.0,0,0,0.0,0.0,0.0,0.0
7353,0.0,0.0,0,0,0.0,0.0,0.0,0.0
7354,0.0,0.0,0,0,0.0,0.0,0.0,0.0
7355,0.0,0.0,0,0,0.0,0.0,0.0,0.0
7356,0.0,0.0,0,0,0.0,0.0,0.0,0.0
7357,0.0,0.0,0,0,0.0,0.0,0.0,0.0
7358,0.0,0.0,0,0,0.0,0.0,0.0,0.0
7359,0.0,0.0,0,0,0.0,0.0,0.0,0.0
7360,0.0,0.0,0,0,0.0,0.0,0.0,0.0
7361,0.0,0.0,0,0,0.0,0.0,0.0,0.0
7362,0.0,0.0,0,0,0.0,0.0,0.0,0.0
7363,0.0,0.0,0,0,0.0,0.0,0.0,0.0
7364,0.0,0.0,0,0,0.0,0.0,0.0,0.0
7365,0.0,0.0,0,0,0.0,0.0,0.0,0.0
7366,0.0,0.0,0,0,0.0,0.0,0.0,0.0
7367,0.0,0.0,0,0,0.0,0.0,0.0,0.0
7368,0.0,0.0,0,0,0.0,0.0,0.0,0.0
7369,0.0,0.0,0,0,0.0,0.0,0.0,0.0
7370,0.0,0.0,0,0,0.0,0.0,0.0,0.0
7371,0.0,0.0,0,0,0.0,0.0,0.0,0.0
7372,0.0,0.0,0,0,0.0,0.0,0.0,0.0
7373,0.0,0.0,0,0,0.0,0.0,0.0,0.0
7374,0.0,0.0,0,0,0.0,0.0,0.0,0.0
7375,0.0,0.0,0,0,0.0,0.0,0.0,0.0
7376,0.0,0.0,0,0,0.0,0.0,0.0,0.0
7377,0.0,0.0,0,0,0.0,0.0,0.0,0.0
7378,0.0,0.0,0,0,0.0,0.0,0.0,0.0
7379,0.0,0.0,0,0,0.0,0.0,0.0,0.0
7380,0.0,0.0,0,0,0.0,0.0,0.0,0.0
7381,0.0,0.0,0,0,0.0,0.0,0.0,0.0
7382,0.0,0.0,0,0,0.0,0.0,0.0,0.0
7383,0.0,0.0,0,0,0.0,0.0,0.0,0.0
7384,0.0,0.0,0,0,0.0,0.0,0.0,0.0
7385,0.0,0.0,0,0,0.0,0.0,0.0,0.0
7386,0.0,0.0,0,0,0.0,0.0,0.0,0.0
7387,0.0,0.0,0,0,0.0,0.0,0.0,0.0
7388,0.0,0.0,0,0,0.0,0.0,0.0,0.0
7389,0.0,0.0,0,0,0.0,0.0,0.0,0.0
7390,0.0,0.0,0,0,0.0,0.0,0.0,0.0
7391,0.0,0.0,0,0,0.0,0.0,0.0,0.0
7392,0.0,0.0,0,0,0.0,0.0,0.0,0.0
7393,0.0,0.0,0,0,0.0,0.0,0.0,0.0
7394,0.0,0.0,0,0,0.0,0.0,0.0,0.0
7395,0.0,0.0,0,0,0.0,0.0,0.0,0.0
7396,0.0,0.0,0,0,0.0,0.0,0.0,0.0
7397,0.0,0.0,0,0,0.0,0.0,0.0,0.0
7398,0.0,0.0,0,0,0.0,0.0,0.0,0.0
7399,0.0,0.0,0,0,0.0,0.0,0.0,0.0
7400,0.0,0.0,0,0,0.0,0.0,0.0,0.0
7401,0.0,0.0,0,0,0.0,0.0,0.0,0.0
7402,0.0,0.0,0,0,0.0,0.0,0.0,0.0
7403,0.0,0.0,0,0,0.0,0.0,0.0,0.0
7404,0.0,0.0,0,0,0.0,0.0,0.0,0.0
7405,0.0,0.0,0,0,0.0,0.0,0.0,0.0
7406,0.0,0.0,0,0,0.0,0.0,0.0,0.0
7407,0.0,0.0,0,0,0.0,0.0,0.0,0.0
7408,0.0,0.0,0,0,0.0,0.0,0.0,0.0
7409,0.0,0.0,0,0,0.0,0.0,0.0,0.0
7410,0.0,0.0,0,0,0.0,0.0,0.0,0.0
7411,0.0,0.0,0,0,0.0,0.0,0.0,0.0
7412,0.0,0.0,0,0,0.0,0.0,0.0,0.0
7413,0.0,0.0,0,0,0.0,0.0,0.0,0.0
7414,0.0,0.0,0,0,0.0,0.0,0.0,0.0
7415,0.0,0.0,0,0,0.0,0.0,0.0,0.0
7416,0.0,0.0,0,0,0.0,0.0,0.0,0.0
7417,0.0,0.0,0,0,0.0,0.0,0.0,0.0
7418,0.0,0.0,0,0,0.0,0.0,0.0,0.0
7419,0.0,0.0,0,0,0.0,0.0,0.0,0.0
7420,0.0,0.0,0,0,0.0,0.0,0.0,0.0
7421,0.0,0.0,0,0,0.0,0.0,0.0,0.0
7422,0.0,0.0,0,0,0.0,0.0,0.0,0.0
7423,0.0,0.0,0,0,0.0,0.0,0.0,0.0
7424,0.0,0.0,0,0,0.0,0.0,0.0,0.0
7425,0.0,0.0,0,0,0.0,0.0,0.0,0.0
7426,0.0,0.0,0,0,0.0,0.0,0.0,0.0
7427,0.0,0.0,0,0,0.0,0.0,0.0,0.0
7428,0.0,0.0,0,0,0.0,0.0,0.0,0.0
7429,0.0,0.0,0,0,0.0,0.0,0.0,0.0
7430,0.0,0.0,0,0,0.0,0.0,0.0,0.0
7431,0.0,0.0,0,0,0.0,0.0,0.0,0.0
7432,0.0,0.0,0,0,0.0,0.0,0.0,0.0
7433,0.0,0.0,0,0,0.0,0.0,0.0,0.0
7434,0.0,0.0,0,0,0.0,0.0,0.0,0.0
7435,0.0,0.0,0,0,0.0,0.0,0.0,0.0
7436,0.0,0.0,0,0,0.0,0.0,0.0,0.0
7437,0.0,0.0,0,0,0.0,0.0,0.0,0.0
7438,0.0,0.0,0,0,0.0,0.0,0.0,0.0
7439,0.0,0.0,0,0,0.0,0.0,0.0,0.0
7440,0.0,0.0,0,0,0.0,0.0,0.0,0.0
7441,0.0,0.0,0,0,0.0,0.0,0.0,0.0
7442,0.0,0.0,0,0,0.0,0.0,0.0,0.0
7443,0.0,0.0,0,0,0.0,0.0,0.0,0.0
7444,0.0,0.0,0,0,0.0,0.0,0.0,0.0
7445,0.0,0.0,0,0,0.0,0.0,0.0,0.0
7446,0.0,0.0,0,0,0.0,0.0,0.0,0.0
7447,0.0,0.0,0,0,0.0,0.0,0.0,0.0
7448,0.0,0.0,0,0,0.0,0.0,0.0,0.0
7449,0.0,0.0,0,0,0.0,0.0,0.0,0.0
7450,0.0,0.0,0,0,0.0,0.0,0.0,0.0
7451,0.0,0.0,0,0,0.0,0.0,0.0,0.0
7452,0.0,0.0,0,0,0.0,0.0,0.0,0.0
7453,0.0,0.0,0,0,0.0,0.0,0.0,0.0
7454,0.0,0.0,0,0,0.0,0.0,0.0,0.0
7455,0.0,0.0,0,0,0.0,0.0,0.0,0.0
7456,0.0,0.0,0,0,0.0,0.0,0.0,0.0
7457,0.0,0.0,0,0,0.0,0.0,0.0,0.0
7458,0.0,0.0,0,0,0.0,0.0,0.0,0.0
7459,0.0,0.0,0,0,0.0,0.0,0.0,0.0
7460,0.0,0.0,0,0,0.0,0.0,0.0,0.0
7461,0.0,0.0,0,0,0.0,0.0,0.0,0.0
7462,0.0,0.0,0,0,0.0,0.0,0.0,0.0
7463,0.0,0.0,0,0,0.0,0.0,0.0,0.0
7464,0.0,0.0,0,0,0.0,0.0,0.0,0.0
7465,0.0,0.0,0,0,0.0,0.0,0.0,0.0
7466,0.0,0.0,0,0,0.0,0.0,0.0,0.0
7467,0.0,0.0,0,0,0.0,0.0,0.0,0.0
7468,0.0,0.0,0,0,0.0,0.0,0.0,0.0
7469,0.0,0.0,0,0,0.0,0.0,0.0,0.0
7470,0.0,0.0,0,0,0.0,0.0,0.0,0.0
7471,0.0,0.0,0,0,0.0,0.0,0.0,0.0
7472,0.0,0.0,0,0,0.0,0.0,0.0,0.0
7473,0.0,0.0,0,0,0.0,0.0,0.0,0.0
7474,0.0,0.0,0,0,0.0,0.0,0.0,0.0
7475,0.0,0.0,0,0,0.0,0.0,0.0,0.0
7476,0.0,0.0,0,0,0.0,0.0,0.0,0.0
7477,0.0,0.0,0,0,0.0,0.0,0.0,0.0
7478,0.0,0.0,0,0,0.0,0.0,0.0,0.0
7479,0.0,0.0,0,0,0.0,0.0,0.0,0.0
7480,0.0,0.0,0,0,0.0,0.0,0.0,0.0
7481,0.0,0.0,0,0,0.0,0.0,0.0,0.0
7482,0.0,0.0,0,0,0.0,0.0,0.0,0.0
7483,0.0,0.0,0,0,0.0,0.0,0.0,0.0
7484,0.0,0.0,0,0,0.0,0.0,0.0,0.0
7485,0.0,0.0,0,0,0.0,0.0,0.0,0.0
7486,0.0,0.0,0,0,0.0,0.0,0.0,0.0
7487,0.0,0.0,0,0,0.0,0.0,0.0,0.0
7488,0.0,0.0,0,0,0.0,0.0,0.0,0.0
7489,0.0,0.0,0,0,0.0,0.0,0.0,0.0
7490,0.0,0.0,0,0,0.0,0.0,0.0,0.0
7491,0.0,0.0,0,0,0.0,0.0,0.0,0.0
7492,0.0,0.0,0,0,0.0,0.0,0.0,0.0
7493,0.0,0.0,0,0,0.0,0.0,0.0,0.0
7494,0.0,0.0,0,0,0.0,0.0,0.0,0.0
7495,0.0,0.0,0,0,0.0,0.0,0.0,0.0
7496,0.0,0.0,0,0,0.0,0.0,0.0,0.0
7497,0.0,0.0,0,0,0.0,0.0,0.0,0.0
7498,0.0,0.0,0,0,0.0,0.0,0.0,0.0
7499,0.0,0.0,0,0,0.0,0.0,0.0,0.0
7500,0.0,0.0,0,0,0.0,0.0,0.0,0.0
7501,0.0,0.0,0,0,0.0,0.0,0.0,0.0
7502,0.0,0.0,0,0,0.0,0.0,0.0,0.0
7503,0.0,0.0,0,0,0.0,0.0,0.0,0.0
7504,0.0,0.0,0,0,0.0,0.0,0.0,0.0
7505,0.0,0.0,0,0,0.0,0.0,0.0,0.0
7506,0.0,0.0,0,0,0.0,0.0,0.0,0.0
7507,0.0,0.0,0,0,0.0,0.0,0.0,0.0
7508,0.0,0.0,0,0,0.0,0.0,0.0,0.0
7509,0.0,0.0,0,0,0.0,0.0,0.0,0.0
7510,0.0,0.0,0,0,0.0,0.0,0.0,0.0
7511,0.0,0.0,0,0,0.0,0.0,0.0,0.0
7512,0.0,0.0,0,0,0.0,0.0,0.0,0.0
7513,0.0,0.0,0,0,0.0,0.0,0.0,0.0
7514,0.0,0.0,0,0,0.0,0.0,0.0,0.0
7515,0.0,0.0,0,0,0.0,0.0,0.0,0.0
7516,0.0,0.0,0,0,0.0,0.0,0.0,0.0
7517,0.0,0.0,0,0,0.0,0.0,0.0,0.0
7518,0.0,0.0,0,0,0.0,0.0,0.0,0.0
7519,0.0,0.0,0,0,0.0,0.0,0.0,0.0
7520,0.0,0.0,0,0,0.0,0.0,0.0,0.0
7521,0.0,0.0,0,0,0.0,0.0,0.0,0.0
7522,0.0,0.0,0,0,0.0,0.0,0.0,0.0
7523,0.0,0.0,0,0,0.0,0.0,0.0,0.0
7524,0.0,0.0,0,0,0.0,0.0,0.0,0.0
7525,0.0,0.0,0,0,0.0,0.0,0.0,0.0
7526,0.0,0.0,0,0,0.0,0.0,0.0,0.0
7527,0.0,0.0,0,0,0.0,0.0,0.0,0.0
7528,0.0,0.0,0,0,0.0,0.0,0.0,0.0
7529,0.0,0.0,0,0,0.0,0.0,0.0,0.0
7530,0.0,0.0,0,0,0.0,0.0,0.0,0.0
7531,0.0,0.0,0,0,0.0,0.0,0.0,0.0
7532,0.0,0.0,0,0,0.0,0.0,0.0,0.0
7533,0.0,0.0,0,0,0.0,0.0,0.0,0.0
7534,0.0,0.0,0,0,0.0,0.0,0.0,0.0
7535,0.0,0.0,0,0,0.0,0.0,0.0,0.0
7536,0.0,0.0,0,0,0.0,0.0,0.0,0.0
7537,0.0,0.0,0,0,0.0,0.0,0.0,0.0
7538,0.0,0.0,0,0,0.0,0.0,0.0,0.0
7539,0.0,0.0,0,0,0.0,0.0,0.0,0.0
7540,0.0,0.0,0,0,0.0,0.0,0.0,0.0
7541,0.0,0.0,0,0,0.0,0.0,0.0,0.0
7542,0.0,0.0,0,0,0.0,0.0,0.0,0.0
7543,0.0,0.0,0,0,0.0,0.0,0.0,0.0
7544,0.0,0.0,0,0,0.0,0.0,0.0,0.0
7545,0.0,0.0,0,0,0.0,0.0,0.0,0.0
7546,0.0,0.0,0,0,0.0,0.0,0.0,0.0
7547,0.0,0.0,0,0,0.0,0.0,0.0,0.0
7548,0.0,0.0,0,0,0.0,0.0,0.0,0.0
7549,0.0,0.0,0,0,0.0,0.0,0.0,0.0
7550,0.0,0.0,0,0,0.0,0.0,0.0,0.0
7551,0.0,0.0,0,0,0.0,0.0,0.0,0.0
7552,0.0,0.0,0,0,0.0,0.0,0.0,0.0
7553,0.0,0.0,0,0,0.0,0.0,0.0,0.0
7554,0.0,0.0,0,0,0.0,0.0,0.0,0.0
7555,0.0,0.0,0,0,0.0,0.0,0.0,0.0
7556,0.0,0.0,0,0,0.0,0.0,0.0,0.0
7557,0.0,0.0,0,0,0.0,0.0,0.0,0.0
7558,0.0,0.0,0,0,0.0,0.0,0.0,0.0
7559,0.0,0.0,0,0,0.0,0.0,0.0,0.0
7560,0.0,0.0,0,0,0.0,0.0,0.0,0.0
7561,0.0,0.0,0,0,0.0,0.0,0.0,0.0
7562,0.0,0.0,0,0,0.0,0.0,0.0,0.0
7563,0.0,0.0,0,0,0.0,0.0,0.0,0.0
7564,0.0,0.0,0,0,0.0,0.0,0.0,0.0
7565,0.0,0.0,0,0,0.0,0.0,0.0,0.0
7566,0.0,0.0,0,0,0.0,0.0,0.0,0.0
7567,0.0,0.0,0,0,0.0,0.0,0.0,0.0
7568,0.0,0.0,0,0,0.0,0.0,0.0,0.0
7569,0.0,0.0,0,0,0.0,0.0,0.0,0.0
7570,0.0,0.0,0,0,0.0,0.0,0.0,0.0
7571,0.0,0.0,0,0,0.0,0.0,0.0,0.0
7572,0.0,0.0,0,0,0.0,0.0,0.0,0.0
7573,0.0,0.0,0,0,0.0,0.0,0.0,0.0
7574,0.0,0.0,0,0,0.0,0.0,0.0,0.0
7575,0.0,0.0,0,0,0.0,0.0,0.0,0.0
7576,0.0,0.0,0,0,0.0,0.0,0.0,0.0
7577,0.0,0.0,0,0,0.0,0.0,0.0,0.0
7578,0.0,0.0,0,0,0.0,0.0,0.0,0.0
7579,0.0,0.0,0,0,0.0,0.0,0.0,0.0
7580,0.0,0.0,0,0,0.0,0.0,0.0,0.0
7581,0.0,0.0,0,0,0.0,0.0,0.0,0.0
7582,0.0,0.0,0,0,0.0,0.0,0.0,0.0
7583,0.0,0.0,0,0,0.0,0.0,0.0,0.0
7584,0.0,0.0,0,0,0.0,0.0,0.0,0.0
7585,0.0,0.0,0,0,0.0,0.0,0.0,0.0
7586,0.0,0.0,0,0,0.0,0.0,0.0,0.0
7587,0.0,0.0,0,0,0.0,0.0,0.0,0.0
7588,0.0,0.0,0,0,0.0,0.0,0.0,0.0
7589,0.0,0.0,0,0,0.0,0.0,0.0,0.0
7590,0.0,0.0,0,0,0.0,0.0,0.0,0.0
7591,0.0,0.0,0,0,0.0,0.0,0.0,0.0
7592,0.0,0.0,0,0,0.0,0.0,0.0,0.0
7593,0.0,0.0,0,0,0.0,0.0,0.0,0.0
7594,0.0,0.0,0,0,0.0,0.0,0.0,0.0
7595,0.0,0.0,0,0,0.0,0.0,0.0,0.0
7596,0.0,0.0,0,0,0.0,0.0,0.0,0.0
7597,0.0,0.0,0,0,0.0,0.0,0.0,0.0
7598,0.0,0.0,0,0,0.0,0.0,0.0,0.0
7599,0.0,0.0,0,0,0.0,0.0,0.0,0.0
7600,0.0,0.0,0,0,0.0,0.0,0.0,0.0
7601,0.0,0.0,0,0,0.0,0.0,0.0,0.0
7602,0.0,0.0,0,0,0.0,0.0,0.0,0.0
7603,0.0,0.0,0,0,0.0,0.0,0.0,0.0
7604,0.0,0.0,0,0,0.0,0.0,0.0,0.0
7605,0.0,0.0,0,0,0.0,0.0,0.0,0.0
7606,0.0,0.0,0,0,0.0,0.0,0.0,0.0
7607,0.0,0.0,0,0,0.0,0.0,0.0,0.0
7608,0.0,0.0,0,0,0.0,0.0,0.0,0.0
7609,0.0,0.0,0,0,0.0,0.0,0.0,0.0
7610,0.0,0.0,0,0,0.0,0.0,0.0,0.0
7611,0.0,0.0,0,0,0.0,0.0,0.0,0.0
7612,0.0,0.0,0,0,0.0,0.0,0.0,0.0
7613,0.0,0.0,0,0,0.0,0.0,0.0,0.0
7614,0.0,0.0,0,0,0.0,0.0,0.0,0.0
7615,0.0,0.0,0,0,0.0,0.0,0.0,0.0
7616,0.0,0.0,0,0,0.0,0.0,0.0,0.0
7617,0.0,0.0,0,0,0.0,0.0,0.0,0.0
7618,0.0,0.0,0,0,0.0,0.0,0.0,0.0
7619,0.0,0.0,0,0,0.0,0.0,0.0,0.0
7620,0.0,0.0,0,0,0.0,0.0,0.0,0.0
7621,0.0,0.0,0,0,0.0,0.0,0.0,0.0
7622,0.0,0.0,0,0,0.0,0.0,0.0,0.0
7623,0.0,0.0,0,0,0.0,0.0,0.0,0.0
7624,0.0,0.0,0,0,0.0,0.0,0.0,0.0
7625,0.0,0.0,0,0,0.0,0.0,0.0,0.0
7626,0.0,0.0,0,0,0.0,0.0,0.0,0.0
7627,0.0,0.0,0,0,0.0,0.0,0.0,0.0
7628,0.0,0.0,0,0,0.0,0.0,0.0,0.0
7629,0.0,0.0,0,0,0.0,0.0,0.0,0.0
7630,0.0,0.0,0,0,0.0,0.0,0.0,0.0
7631,0.0,0.0,0,0,0.0,0.0,0.0,0.0
7632,0.0,0.0,0,0,0.0,0.0,0.0,0.0
7633,0.0,0.0,0,0,0.0,0.0,0.0,0.0
7634,0.0,0.0,0,0,0.0,0.0,0.0,0.0
7635,0.0,0.0,0,0,0.0,0.0,0.0,0.0
7636,0.0,0.0,0,0,0.0,0.0,0.0,0.0
7637,0.0,0.0,0,0,0.0,0.0,0.0,0.0
7638,0.0,0.0,0,0,0.0,0.0,0.0,0.0
7639,0.0,0.0,0,0,0.0,0.0,0.0,0.0
7640,0.0,0.0,0,0,0.0,0.0,0.0,0.0
7641,0.0,0.0,0,0,0.0,0.0,0.0,0.0
7642,0.0,0.0,0,0,0.0,0.0,0.0,0.0
7643,0.0,0.0,0,0,0.0,0.0,0.0,0.0
7644,0.0,0.0,0,0,0.0,0.0,0.0,0.0
7645,0.0,0.0,0,0,0.0,0.0,0.0,0.0
7646,0.0,0.0,0,0,0.0,0.0,0.0,0.0
7647,0.0,0.0,0,0,0.0,0.0,0.0,0.0
7648,0.0,0.0,0,0,0.0,0.0,0.0,0.0
7649,0.0,0.0,0,0,0.0,0.0,0.0,0.0
7650,0.0,0.0,0,0,0.0,0.0,0.0,0.0
7651,0.0,0.0,0,0,0.0,0.0,0.0,0.0
7652,0.0,0.0,0,0,0.0,0.0,0.0,0.0
7653,0.0,0.0,0,0,0.0,0.0,0.0,0.0
7654,0.0,0.0,0,0,0.0,0.0,0.0,0.0
7655,0.0,0.0,0,0,0.0,0.0,0.0,0.0
7656,0.0,0.0,0,0,0.0,0.0,0.0,0.0
7657,0.0,0.0,0,0,0.0,0.0,0.0,0.0
7658,0.0,0.0,0,0,0.0,0.0,0.0,0.0
7659,0.0,0.0,0,0,0.0,0.0,0.0,0.0
7660,0.0,0.0,0,0,0.0,0.0,0.0,0.0
7661,0.0,0.0,0,0,0.0,0.0,0.0,0.0
7662,0.0,0.0,0,0,0.0,0.0,0.0,0.0
7663,0.0,0.0,0,0,0.0,0.0,0.0,0.0
7664,0.0,0.0,0,0,0.0,0.0,0.0,0.0
7665,0.0,0.0,0,0,0.0,0.0,0.0,0.0
7666,0.0,0.0,0,0,0.0,0.0,0.0,0.0
7667,0.0,0.0,0,0,0.0,0.0,0.0,0.0
7668,0.0,0.0,0,0,0.0,0.0,0.0,0.0
7669,0.0,0.0,0,0,0.0,0.0,0.0,0.0
7670,0.0,0.0,0,0,0.0,0.0,0.0,0.0
7671,0.0,0.0,0,0,0.0,0.0,0.0,0.0
7672,0.0,0.0,0,0,0.0,0.0,0.0,0.0
7673,0.0,0.0,0,0,0.0,0.0,0.0,0.0
7674,0.0,0.0,0,0,0.0,0.0,0.0,0.0
7675,0.0,0.0,0,0,0.0,0.0,0.0,0.0
7676,0.0,0.0,0,0,0.0,0.0,0.0,0.0
7677,0.0,0.0,0,0,0.0,0.0,0.0,0.0
7678,0.0,0.0,0,0,0.0,0.0,0.0,0.0
7679,0.0,0.0,0,0,0.0,0.0,0.0,0.0
7680,0.0,0.0,0,0,0.0,0.0,0.0,0.0
7681,0.0,0.0,0,0,0.0,0.0,0.0,0.0
7682,0.0,0.0,0,0,0.0,0.0,0.0,0.0
7683,0.0,0.0,0,0,0.0,0.0,0.0,0.0
7684,0.0,0.0,0,0,0.0,0.0,0.0,0.0
7685,0.0,0.0,0,0,0.0,0.0,0.0,0.0
7686,0.0,0.0,0,0,0.0,0.0,0.0,0.0
7687,0.0,0.0,0,0,0.0,0.0,0.0,0.0
7688,0.0,0.0,0,0,0.0,0.0,0.0,0.0
7689,0.0,0.0,0,0,0.0,0.0,0.0,0.0
7690,0.0,0.0,0,0,0.0,0.0,0.0,0.0
7691,0.0,0.0,0,0,0.0,0.0,0.0,0.0
7692,0.0,0.0,0,0,0.0,0.0,0.0,0.0
7693,0.0,0.0,0,0,0.0,0.0,0.0,0.0
7694,0.0,0.0,0,0,0.0,0.0,0.0,0.0
7695,0.0,0.0,0,0,0.0,0.0,0.0,0.0
7696,0.0,0.0,0,0,0.0,0.0,0.0,0.0
7697,0.0,0.0,0,0,0.0,0.0,0.0,0.0
7698,0.0,0.0,0,0,0.0,0.0,0.0,0.0
7699,0.0,0.0,0,0,0.0,0.0,0.0,0.0
7700,0.0,0.0,0,0,0.0,0.0,0.0,0.0
7701,0.0,0.0,0,0,0.0,0.0,0.0,0.0
7702,0.0,0.0,0,0,0.0,0.0,0.0,0.0
7703,0.0,0.0,0,0,0.0,0.0,0.0,0.0
7704,0.0,0.0,0,0,0.0,0.0,0.0,0.0
7705,0.0,0.0,0,0,0.0,0.0,0.0,0.0
7706,0.0,0.0,0,0,0.0,0.0,0.0,0.0
7707,0.0,0.0,0,0,0.0,0.0,0.0,0.0
7708,0.0,0.0,0,0,0.0,0.0,0.0,0.0
7709,0.0,0.0,0,0,0.0,0.0,0.0,0.0
7710,0.0,0.0,0,0,0.0,0.0,0.0,0.0
7711,0.0,0.0,0,0,0.0,0.0,0.0,0.0
7712,0.0,0.0,0,0,0.0,0.0,0.0,0.0
7713,0.0,0.0,0,0,0.0,0.0,0.0,0.0
7714,0.0,0.0,0,0,0.0,0.0,0.0,0.0
7715,0.0,0.0,0,0,0.0,0.0,0.0,0.0
7716,0.0,0.0,0,0,0.0,0.0,0.0,0.0
7717,0.0,0.0,0,0,0.0,0.0,0.0,0.0
7718,0.0,0.0,0,0,0.0,0.0,0.0,0.0
7719,0.0,0.0,0,0,0.0,0.0,0.0,0.0
7720,0.0,0.0,0,0,0.0,0.0,0.0,0.0
7721,0.0,0.0,0,0,0.0,0.0,0.0,0.0
7722,0.0,0.0,0,0,0.0,0.0,0.0,0.0
7723,0.0,0.0,0,0,0.0,0.0,0.0,0.0
7724,0.0,0.0,0,0,0.0,0.0,0.0,0.0
7725,0.0,0.0,0,0,0.0,0.0,0.0,0.0
7726,0.0,0.0,0,0,0.0,0.0,0.0,0.0
7727,0.0,0.0,0,0,0.0,0.0,0.0,0.0
7728,0.0,0.0,0,0,0.0,0.0,0.0,0.0
7729,0.0,0.0,0,0,0.0,0.0,0.0,0.0
7730,0.0,0.0,0,0,0.0,0.0,0.0,0.0
7731,0.0,0.0,0,0,0.0,0.0,0.0,0.0
7732,0.0,0.0,0,0,0.0,0.0,0.0,0.0
7733,0.0,0.0,0,0,0.0,0.0,0.0,0.0
7734,0.0,0.0,0,0,0.0,0.0,0.0,0.0
7735,0.0,0.0,0,0,0.0,0.0,0.0,0.0
7736,0.0,0.0,0,0,0.0,0.0,0.0,0.0
7737,0.0,0.0,0,0,0.0,0.0,0.0,0.0
7738,0.0,0.0,0,0,0.0,0.0,0.0,0.0
7739,0.0,0.0,0,0,0.0,0.0,0.0,0.0
7740,0.0,0.0,0,0,0.0,0.0,0.0,0.0
7741,0.0,0.0,0,0,0.0,0.0,0.0,0.0
7742,0.0,0.0,0,0,0.0,0.0,0.0,0.0
7743,0.0,0.0,0,0,0.0,0.0,0.0,0.0
7744,0.0,0.0,0,0,0.0,0.0,0.0,0.0
7745,0.0,0.0,0,0,0.0,0.0,0.0,0.0
7746,0.0,0.0,0,0,0.0,0.0,0.0,0.0
7747,0.0,0.0,0,0,0.0,0.0,0.0,0.0
7748,0.0,0.0,0,0,0.0,0.0,0.0,0.0
7749,0.0,0.0,0,0,0.0,0.0,0.0,0.0
7750,0.0,0.0,0,0,0.0,0.0,0.0,0.0
7751,0.0,0.0,0,0,0.0,0.0,0.0,0.0
7752,0.0,0.0,0,0,0.0,0.0,0.0,0.0
7753,0.0,0.0,0,0,0.0,0.0,0.0,0.0
7754,0.0,0.0,0,0,0.0,0.0,0.0,0.0
7755,0.0,0.0,0,0,0.0,0.0,0.0,0.0
7756,0.0,0.0,0,0,0.0,0.0,0.0,0.0
7757,0.0,0.0,0,0,0.0,0.0,0.0,0.0
7758,0.0,0.0,0,0,0.0,0.0,0.0,0.0
7759,0.0,0.0,0,0,0.0,0.0,0.0,0.0
7760,0.0,0.0,0,0,0.0,0.0,0.0,0.0
7761,0.0,0.0,0,0,0.0,0.0,0.0,0.0
7762,0.0,0.0,0,0,0.0,0.0,0.0,0.0
7763,0.0,0.0,0,0,0.0,0.0,0.0,0.0
7764,0.0,0.0,0,0,0.0,0.0,0.0,0.0
7765,0.0,0.0,0,0,0.0,0.0,0.0,0.0
7766,0.0,0.0,0,0,0.0,0.0,0.0,0.0
7767,0.0,0.0,0,0,0.0,0.0,0.0,0.0
7768,0.0,0.0,0,0,0.0,0.0,0.0,0.0
7769,0.0,0.0,0,0,0.0,0.0,0.0,0.0
7770,0.0,0.0,0,0,0.0,0.0,0.0,0.0
7771,0.0,0.0,0,0,0.0,0.0,0.0,0.0
7772,0.0,0.0,0,0,0.0,0.0,0.0,0.0
7773,0.0,0.0,0,0,0.0,0.0,0.0,0.0
7774,0.0,0.0,0,0,0.0,0.0,0.0,0.0
7775,0.0,0.0,0,0,0.0,0.0,0.0,0.0
7776,0.0,0.0,0,0,0.0,0.0,0.0,0.0
7777,0.0,0.0,0,0,0.0,0.0,0.0,0.0
7778,0.0,0.0,0,0,0.0,0.0,0.0,0.0
7779,0.0,0.0,0,0,0.0,0.0,0.0,0.0
7780,0.0,0.0,0,0,0.0,0.0,0.0,0.0
7781,0.0,0.0,0,0,0.0,0.0,0.0,0.0
7782,0.0,0.0,0,0,0.0,0.0,0.0,0.0
7783,0.0,0.0,0,0,0.0,0.0,0.0,0.0
7784,0.0,0.0,0,0,0.0,0.0,0.0,0.0
7785,0.0,0.0,0,0,0.0,0.0,0.0,0.0
7786,0.0,0.0,0,0,0.0,0.0,0.0,0.0
7787,0.0,0.0,0,0,0.0,0.0,0.0,0.0
7788,0.0,0.0,0,0,0.0,0.0,0.0,0.0
7789,0.0,0.0,0,0,0.0,0.0,0.0,0.0
7790,0.0,0.0,0,0,0.0,0.0,0.0,0.0
7791,0.0,0.0,0,0,0.0,0.0,0.0,0.0
7792,0.0,0.0,0,0,0.0,0.0,0.0,0.0
7793,0.0,0.0,0,0,0.0,0.0,0.0,0.0
7794,0.0,0.0,0,0,0.0,0.0,0.0,0.0
7795,0.0,0.0,0,0,0.0,0.0,0.0,0.0
7796,0.0,0.0,0,0,0.0,0.0,0.0,0.0
7797,0.0,0.0,0,0,0.0,0.0,0.0,0.0
7798,0.0,0.0,0,0,0.0,0.0,0.0,0.0
7799,0.0,0.0,0,0,0.0,0.0,0.0,0.0
7800,0.0,0.0,0,0,0.0,0.0,0.0,0.0
7801,0.0,0.0,0,0,0.0,0.0,0.0,0.0
7802,0.0,0.0,0,0,0.0,0.0,0.0,0.0
7803,0.0,0.0,0,0,0.0,0.0,0.0,0.0
7804,0.0,0.0,0,0,0.0,0.0,0.0,0.0
7805,0.0,0.0,0,0,0.0,0.0,0.0,0.0
7806,0.0,0.0,0,0,0.0,0.0,0.0,0.0
7807,0.0,0.0,0,0,0.0,0.0,0.0,0.0
7808,0.0,0.0,0,0,0.0,0.0,0.0,0.0
7809,0.0,0.0,0,0,0.0,0.0,0.0,0.0
7810,0.0,0.0,0,0,0.0,0.0,0.0,0.0
7811,0.0,0.0,0,0,0.0,0.0,0.0,0.0
7812,0.0,0.0,0,0,0.0,0.0,0.0,0.0
7813,0.0,0.0,0,0,0.0,0.0,0.0,0.0
7814,0.0,0.0,0,0,0.0,0.0,0.0,0.0
7815,0.0,0.0,0,0,0.0,0.0,0.0,0.0
7816,0.0,0.0,0,0,0.0,0.0,0.0,0.0
7817,0.0,0.0,0,0,0.0,0.0,0.0,0.0
7818,0.0,0.0,0,0,0.0,0.0,0.0,0.0
7819,0.0,0.0,0,0,0.0,0.0,0.0,0.0
7820,0.0,0.0,0,0,0.0,0.0,0.0,0.0
7821,0.0,0.0,0,0,0.0,0.0,0.0,0.0
7822,0.0,0.0,0,0,0.0,0.0,0.0,0.0
7823,0.0,0.0,0,0,0.0,0.0,0.0,0.0
7824,0.0,0.0,0,0,0.0,0.0,0.0,0.0
7825,0.0,0.0,0,0,0.0,0.0,0.0,0.0
7826,0.0,0.0,0,0,0.0,0.0,0.0,0.0
7827,0.0,0.0,0,0,0.0,0.0,0.0,0.0
7828,0.0,0.0,0,0,0.0,0.0,0.0,0.0
7829,0.0,0.0,0,0,0.0,0.0,0.0,0.0
7830,0.0,0.0,0,0,0.0,0.0,0.0,0.0
7831,0.0,0.0,0,0,0.0,0.0,0.0,0.0
7832,0.0,0.0,0,0,0.0,0.0,0.0,0.0
7833,0.0,0.0,0,0,0.0,0.0,0.0,0.0
7834,0.0,0.0,0,0,0.0,0.0,0.0,0.0
7835,0.0,0.0,0,0,0.0,0.0,0.0,0.0
7836,0.0,0.0,0,0,0.0,0.0,0.0,0.0
7837,0.0,0.0,0,0,0.0,0.0,0.0,0.0
7838,0.0,0.0,0,0,0.0,0.0,0.0,0.0
7839,0.0,0.0,0,0,0.0,0.0,0.0,0.0
7840,0.0,0.0,0,0,0.0,0.0,0.0,0.0
7841,0.0,0.0,0,0,0.0,0.0,0.0,0.0
7842,0.0,0.0,0,0,0.0,0.0,0.0,0.0
7843,0.0,0.0,0,0,0.0,0.0,0.0,0.0
7844,0.0,0.0,0,0,0.0,0.0,0.0,0.0
7845,0.0,0.0,0,0,0.0,0.0,0.0,0.0
7846,0.0,0.0,0,0,0.0,0.0,0.0,0.0
7847,0.0,0.0,0,0,0.0,0.0,0.0,0.0
7848,0.0,0.0,0,0,0.0,0.0,0.0,0.0
7849,0.0,0.0,0,0,0.0,0.0,0.0,0.0
7850,0.0,0.0,0,0,0.0,0.0,0.0,0.0
7851,0.0,0.0,0,0,0.0,0.0,0.0,0.0
7852,0.0,0.0,0,0,0.0,0.0,0.0,0.0
7853,0.0,0.0,0,0,0.0,0.0,0.0,0.0
7854,0.0,0.0,0,0,0.0,0.0,0.0,0.0
7855,0.0,0.0,0,0,0.0,0.0,0.0,0.0
7856,0.0,0.0,0,0,0.0,0.0,0.0,0.0
7857,0.0,0.0,0,0,0.0,0.0,0.0,0.0
7858,0.0,0.0,0,0,0.0,0.0,0.0,0.0
7859,0.0,0.0,0,0,0.0,0.0,0.0,0.0
7860,0.0,0.0,0,0,0.0,0.0,0.0,0.0
7861,0.0,0.0,0,0,0.0,0.0,0.0,0.0
7862,0.0,0.0,0,0,0.0,0.0,0.0,0.0
7863,0.0,0.0,0,0,0.0,0.0,0.0,0.0
7864,0.0,0.0,0,0,0.0,0.0,0.0,0.0
7865,0.0,0.0,0,0,0.0,0.0,0.0,0.0
7866,0.0,0.0,0,0,0.0,0.0,0.0,0.0
7867,0.0,0.0,0,0,0.0,0.0,0.0,0.0
7868,0.0,0.0,0,0,0.0,0.0,0.0,0.0
7869,0.0,0.0,0,0,0.0,0.0,0.0,0.0
7870,0.0,0.0,0,0,0.0,0.0,0.0,0.0
7871,0.0,0.0,0,0,0.0,0.0,0.0,0.0
7872,0.0,0.0,0,0,0.0,0.0,0.0,0.0
7873,0.0,0.0,0,0,0.0,0.0,0.0,0.0
7874,0.0,0.0,0,0,0.0,0.0,0.0,0.0
7875,0.0,0.0,0,0,0.0,0.0,0.0,0.0
7876,0.0,0.0,0,0,0.0,0.0,0.0,0.0
7877,0.0,0.0,0,0,0.0,0.0,0.0,0.0
7878,0.0,0.0,0,0,0.0,0.0,0.0,0.0
7879,0.0,0.0,0,0,0.0,0.0,0.0,0.0
7880,0.0,0.0,0,0,0.0,0.0,0.0,0.0
7881,0.0,0.0,0,0,0.0,0.0,0.0,0.0
7882,0.0,0.0,0,0,0.0,0.0,0.0,0.0
7883,0.0,0.0,0,0,0.0,0.0,0.0,0.0
7884,0.0,0.0,0,0,0.0,0.0,0.0,0.0
7885,0.0,0.0,0,0,0.0,0.0,0.0,0.0
7886,0.0,0.0,0,0,0.0,0.0,0.0,0.0
7887,0.0,0.0,0,0,0.0,0.0,0.0,0.0
7888,0.0,0.0,0,0,0.0,0.0,0.0,0.0
7889,0.0,0.0,0,0,0.0,0.0,0.0,0.0
7890,0.0,0.0,0,0,0.0,0.0,0.0,0.0
7891,0.0,0.0,0,0,0.0,0.0,0.0,0.0
7892,0.0,0.0,0,0,0.0,0.0,0.0,0.0
7893,0.0,0.0,0,0,0.0,0.0,0.0,0.0
7894,0.0,0.0,0,0,0.0,0.0,0.0,0.0
7895,0.0,0.0,0,0,0.0,0.0,0.0,0.0
7896,0.0,0.0,0,0,0.0,0.0,0.0,0.0
7897,0.0,0.0,0,0,0.0,0.0,0.0,0.0
7898,0.0,0.0,0,0,0.0,0.0,0.0,0.0
7899,0.0,0.0,0,0,0.0,0.0,0.0,0.0
7900,0.0,0.0,0,0,0.0,0.0,0.0,0.0
7901,0.0,0.0,0,0,0.0,0.0,0.0,0.0
7902,0.0,0.0,0,0,0.0,0.0,0.0,0.0
7903,0.0,0.0,0,0,0.0,0.0,0.0,0.0
7904,0.0,0.0,0,0,0.0,0.0,0.0,0.0
7905,0.0,0.0,0,0,0.0,0.0,0.0,0.0
7906,0.0,0.0,0,0,0.0,0.0,0.0,0.0
7907,0.0,0.0,0,0,0.0,0.0,0.0,0.0
7908,0.0,0.0,0,0,0.0,0.0,0.0,0.0
7909,0.0,0.0,0,0,0.0,0.0,0.0,0.0
7910,0.0,0.0,0,0,0.0,0.0,0.0,0.0
7911,0.0,0.0,0,0,0.0,0.0,0.0,0.0
7912,0.0,0.0,0,0,0.0,0.0,0.0,0.0
7913,0.0,0.0,0,0,0.0,0.0,0.0,0.0
7914,0.0,0.0,0,0,0.0,0.0,0.0,0.0
7915,0.0,0.0,0,0,0.0,0.0,0.0,0.0
7916,0.0,0.0,0,0,0.0,0.0,0.0,0.0
7917,0.0,0.0,0,0,0.0,0.0,0.0,0.0
7918,0.0,0.0,0,0,0.0,0.0,0.0,0.0
7919,0.0,0.0,0,0,0.0,0.0,0.0,0.0
7920,0.0,0.0,0,0,0.0,0.0,0.0,0.0
7921,0.0,0.0,0,0,0.0,0.0,0.0,0.0
7922,0.0,0.0,0,0,0.0,0.0,0.0,0.0
7923,0.0,0.0,0,0,0.0,0.0,0.0,0.0
7924,0.0,0.0,0,0,0.0,0.0,0.0,0.0
7925,0.0,0.0,0,0,0.0,0.0,0.0,0.0
7926,0.0,0.0,0,0,0.0,0.0,0.0,0.0
7927,0.0,0.0,0,0,0.0,0.0,0.0,0.0
7928,0.0,0.0,0,0,0.0,0.0,0.0,0.0
7929,0.0,0.0,0,0,0.0,0.0,0.0,0.0
7930,0.0,0.0,0,0,0.0,0.0,0.0,0.0
7931,0.0,0.0,0,0,0.0,0.0,0.0,0.0
7932,0.0,0.0,0,0,0.0,0.0,0.0,0.0
7933,0.0,0.0,0,0,0.0,0.0,0.0,0.0
7934,0.0,0.0,0,0,0.0,0.0,0.0,0.0
7935,0.0,0.0,0,0,0.0,0.0,0.0,0.0
7936,0.0,0.0,0,0,0.0,0.0,0.0,0.0
7937,0.0,0.0,0,0,0.0,0.0,0.0,0.0
7938,0.0,0.0,0,0,0.0,0.0,0.0,0.0
7939,0.0,0.0,0,0,0.0,0.0,0.0,0.0
7940,0.0,0.0,0,0,0.0,0.0,0.0,0.0
7941,0.0,0.0,0,0,0.0,0.0,0.0,0.0
7942,0.0,0.0,0,0,0.0,0.0,0.0,0.0
7943,0.0,0.0,0,0,0.0,0.0,0.0,0.0
7944,0.0,0.0,0,0,0.0,0.0,0.0,0.0
7945,0.0,0.0,0,0,0.0,0.0,0.0,0.0
7946,0.0,0.0,0,0,0.0,0.0,0.0,0.0
7947,0.0,0.0,0,0,0.0,0.0,0.0,0.0
7948,0.0,0.0,0,0,0.0,0.0,0.0,0.0
7949,0.0,0.0,0,0,0.0,0.0,0.0,0.0
7950,0.0,0.0,0,0,0.0,0.0,0.0,0.0
7951,0.0,0.0,0,0,0.0,0.0,0.0,0.0
7952,0.0,0.0,0,0,0.0,0.0,0.0,0.0
7953,0.0,0.0,0,0,0.0,0.0,0.0,0.0
7954,0.0,0.0,0,0,0.0,0.0,0.0,0.0
7955,0.0,0.0,0,0,0.0,0.0,0.0,0.0
7956,0.0,0.0,0,0,0.0,0.0,0.0,0.0
7957,0.0,0.0,0,0,0.0,0.0,0.0,0.0
7958,0.0,0.0,0,0,0.0,0.0,0.0,0.0
7959,0.0,0.0,0,0,0.0,0.0,0.0,0.0
7960,0.0,0.0,0,0,0.0,0.0,0.0,0.0
7961,0.0,0.0,0,0,0.0,0.0,0.0,0.0
7962,0.0,0.0,0,0,0.0,0.0,0.0,0.0
7963,0.0,0.0,0,0,0.0,0.0,0.0,0.0
7964,0.0,0.0,0,0,0.0,0.0,0.0,0.0
7965,0.0,0.0,0,0,0.0,0.0,0.0,0.0
7966,0.0,0.0,0,0,0.0,0.0,0.0,0.0
7967,0.0,0.0,0,0,0.0,0.0,0.0,0.0
7968,0.0,0.0,0,0,0.0,0.0,0.0,0.0
7969,0.0,0.0,0,0,0.0,0.0,0.0,0.0
7970,0.0,0.0,0,0,0.0,0.0,0.0,0.0
7971,0.0,0.0,0,0,0.0,0.0,0.0,0.0
7972,0.0,0.0,0,0,0.0,0.0,0.0,0.0
7973,0.0,0.0,0,0,0.0,0.0,0.0,0.0
7974,0.0,0.0,0,0,0.0,0.0,0.0,0.0
7975,0.0,0.0,0,0,0.0,0.0,0.0,0.0
7976,0.0,0.0,0,0,0.0,0.0,0.0,0.0
7977,0.0,0.0,0,0,0.0,0.0,0.0,0.0
7978,0.0,0.0,0,0,0.0,0.0,0.0,0.0
7979,0.0,0.0,0,0,0.0,0.0,0.0,0.0
7980,0.0,0.0,0,0,0.0,0.0,0.0,0.0
7981,0.0,0.0,0,0,0.0,0.0,0.0,0.0
7982,0.0,0.0,0,0,0.0,0.0,0.0,0.0
7983,0.0,0.0,0,0,0.0,0.0,0.0,0.0
7984,0.0,0.0,0,0,0.0,0.0,0.0,0.0
7985,0.0,0.0,0,0,0.0,0.0,0.0,0.0
7986,0.0,0.0,0,0,0.0,0.0,0.0,0.0
7987,0.0,0.0,0,0,0.0,0.0,0.0,0.0
7988,0.0,0.0,0,0,0.0,0.0,0.0,0.0
7989,0.0,0.0,0,0,0.0,0.0,0.0,0.0
7990,0.0,0.0,0,0,0.0,0.0,0.0,0.0
7991,0.0,0.0,0,0,0.0,0.0,0.0,0.0
7992,0.0,0.0,0,0,0.0,0.0,0.0,0.0
7993,0.0,0.0,0,0,0.0,0.0,0.0,0.0
7994,0.0,0.0,0,0,0.0,0.0,0.0,0.0
7995,0.0,0.0,0,0,0.0,0.0,0.0,0.0
7996,0.0,0.0,0,0,0.0,0.0,0.0,0.0
7997,0.0,0.0,0,0,0.0,0.0,0.0,0.0
7998,0.0,0.0,0,0,0.0,0.0,0.0,0.0
7999,0.0,0.0,0,0,0.0,0.0,0.0,0.0
8000,0.0,0.0,0,0,0.0,0.0,0.0,0.0
8001,0.0,0.0,0,0,0.0,0.0,0.0,0.0
8002,0.0,0.0,0,0,0.0,0.0,0.0,0.0
8003,0.0,0.0,0,0,0.0,0.0,0.0,0.0
8004,0.0,0.0,0,0,0.0,0.0,0.0,0.0
8005,0.0,0.0,0,0,0.0,0.0,0.0,0.0
8006,0.0,0.0,0,0,0.0,0.0,0.0,0.0
8007,0.0,0.0,0,0,0.0,0.0,0.0,0.0
8008,0.0,0.0,0,0,0.0,0.0,0.0,0.0
8009,0.0,0.0,0,0,0.0,0.0,0.0,0.0
8010,0.0,0.0,0,0,0.0,0.0,0.0,0.0
8011,0.0,0.0,0,0,0.0,0.0,0.0,0.0
8012,0.0,0.0,0,0,0.0,0.0,0.0,0.0
8013,0.0,0.0,0,0,0.0,0.0,0.0,0.0
8014,0.0,0.0,0,0,0.0,0.0,0.0,0.0
8015,0.0,0.0,0,0,0.0,0.0,0.0,0.0
8016,0.0,0.0,0,0,0.0,0.0,0.0,0.0
8017,0.0,0.0,0,0,0.0,0.0,0.0,0.0
8018,0.0,0.0,0,0,0.0,0.0,0.0,0.0
8019,0.0,0.0,0,0,0.0,0.0,0.0,0.0
8020,0.0,0.0,0,0,0.0,0.0,0.0,0.0
8021,0.0,0.0,0,0,0.0,0.0,0.0,0.0
8022,0.0,0.0,0,0,0.0,0.0,0.0,0.0
8023,0.0,0.0,0,0,0.0,0.0,0.0,0.0
8024,0.0,0.0,0,0,0.0,0.0,0.0,0.0
8025,0.0,0.0,0,0,0.0,0.0,0.0,0.0
8026,0.0,0.0,0,0,0.0,0.0,0.0,0.0
8027,0.0,0.0,0,0,0.0,0.0,0.0,0.0
8028,0.0,0.0,0,0,0.0,0.0,0.0,0.0
8029,0.0,0.0,0,0,0.0,0.0,0.0,0.0
8030,0.0,0.0,0,0,0.0,0.0,0.0,0.0
8031,0.0,0.0,0,0,0.0,0.0,0.0,0.0
8032,0.0,0.0,0,0,0.0,0.0,0.0,0.0
8033,0.0,0.0,0,0,0.0,0.0,0.0,0.0
8034,0.0,0.0,0,0,0.0,0.0,0.0,0.0
8035,0.0,0.0,0,0,0.0,0.0,0.0,0.0
8036,0.0,0.0,0,0,0.0,0.0,0.0,0.0
8037,0.0,0.0,0,0,0.0,0.0,0.0,0.0
8038,0.0,0.0,0,0,0.0,0.0,0.0,0.0
8039,0.0,0.0,0,0,0.0,0.0,0.0,0.0
8040,0.0,0.0,0,0,0.0,0.0,0.0,0.0
8041,0.0,0.0,0,0,0.0,0.0,0.0,0.0
8042,0.0,0.0,0,0,0.0,0.0,0.0,0.0
8043,0.0,0.0,0,0,0.0,0.0,0.0,0.0
8044,0.0,0.0,0,0,0.0,0.0,0.0,0.0
8045,0.0,0.0,0,0,0.0,0.0,0.0,0.0
8046,0.0,0.0,0,0,0.0,0.0,0.0,0.0
8047,0.0,0.0,0,0,0.0,0.0,0.0,0.0
8048,0.0,0.0,0,0,0.0,0.0,0.0,0.0
8049,0.0,0.0,0,0,0.0,0.0,0.0,0.0
8050,0.0,0.0,0,0,0.0,0.0,0.0,0.0
8051,0.0,0.0,0,0,0.0,0.0,0.0,0.0
8052,0.0,0.0,0,0,0.0,0.0,0.0,0.0
8053,0.0,0.0,0,0,0.0,0.0,0.0,0.0
8054,0.0,0.0,0,0,0.0,0.0,0.0,0.0
8055,0.0,0.0,0,0,0.0,0.0,0.0,0.0
8056,0.0,0.0,0,0,0.0,0.0,0.0,0.0
8057,0.0,0.0,0,0,0.0,0.0,0.0,0.0
8058,0.0,0.0,0,0,0.0,0.0,0.0,0.0
8059,0.0,0.0,0,0,0.0,0.0,0.0,0.0
8060,0.0,0.0,0,0,0.0,0.0,0.0,0.0
8061,0.0,0.0,0,0,0.0,0.0,0.0,0.0
8062,0.0,0.0,0,0,0.0,0.0,0.0,0.0
8063,0.0,0.0,0,0,0.0,0.0,0.0,0.0
8064,0.0,0.0,0,0,0.0,0.0,0.0,0.0
8065,0.0,0.0,0,0,0.0,0.0,0.0,0.0
8066,0.0,0.0,0,0,0.0,0.0,0.0,0.0
8067,0.0,0.0,0,0,0.0,0.0,0.0,0.0
8068,0.0,0.0,0,0,0.0,0.0,0.0,0.0
8069,0.0,0.0,0,0,0.0,0.0,0.0,0.0
8070,0.0,0.0,0,0,0.0,0.0,0.0,0.0
8071,0.0,0.0,0,0,0.0,0.0,0.0,0.0
8072,0.0,0.0,0,0,0.0,0.0,0.0,0.0
8073,0.0,0.0,0,0,0.0,0.0,0.0,0.0
8074,0.0,0.0,0,0,0.0,0.0,0.0,0.0
8075,0.0,0.0,0,0,0.0,0.0,0.0,0.0
8076,0.0,0.0,0,0,0.0,0.0,0.0,0.0
8077,0.0,0.0,0,0,0.0,0.0,0.0,0.0
8078,0.0,0.0,0,0,0.0,0.0,0.0,0.0
8079,0.0,0.0,0,0,0.0,0.0,0.0,0.0
8080,0.0,0.0,0,0,0.0,0.0,0.0,0.0
8081,0.0,0.0,0,0,0.0,0.0,0.0,0.0
8082,0.0,0.0,0,0,0.0,0.0,0.0,0.0
8083,0.0,0.0,0,0,0.0,0.0,0.0,0.0
8084,0.0,0.0,0,0,0.0,0.0,0.0,0.0
8085,0.0,0.0,0,0,0.0,0.0,0.0,0.0
8086,0.0,0.0,0,0,0.0,0.0,0.0,0.0
8087,0.0,0.0,0,0,0.0,0.0,0.0,0.0
8088,0.0,0.0,0,0,0.0,0.0,0.0,0.0
8089,0.0,0.0,0,0,0.0,0.0,0.0,0.0
8090,0.0,0.0,0,0,0.0,0.0,0.0,0.0
8091,0.0,0.0,0,0,0.0,0.0,0.0,0.0
8092,0.0,0.0,0,0,0.0,0.0,0.0,0.0
8093,0.0,0.0,0,0,0.0,0.0,0.0,0.0
8094,0.0,0.0,0,0,0.0,0.0,0.0,0.0
8095,0.0,0.0,0,0,0.0,0.0,0.0,0.0
8096,0.0,0.0,0,0,0.0,0.0,0.0,0.0
8097,0.0,0.0,0,0,0.0,0.0,0.0,0.0
8098,0.0,0.0,0,0,0.0,0.0,0.0,0.0
8099,0.0,0.0,0,0,0.0,0.0,0.0,0.0
8100,0.0,0.0,0,0,0.0,0.0,0.0,0.0
8101,0.0,0.0,0,0,0.0,0.0,0.0,0.0
8102,0.0,0.0,0,0,0.0,0.0,0.0,0.0
8103,0.0,0.0,0,0,0.0,0.0,0.0,0.0
8104,0.0,0.0,0,0,0.0,0.0,0.0,0.0
8105,0.0,0.0,0,0,0.0,0.0,0.0,0.0
8106,0.0,0.0,0,0,0.0,0.0,0.0,0.0
8107,0.0,0.0,0,0,0.0,0.0,0.0,0.0
8108,0.0,0.0,0,0,0.0,0.0,0.0,0.0
8109,0.0,0.0,0,0,0.0,0.0,0.0,0.0
8110,0.0,0.0,0,0,0.0,0.0,0.0,0.0
8111,0.0,0.0,0,0,0.0,0.0,0.0,0.0
8112,0.0,0.0,0,0,0.0,0.0,0.0,0.0
8113,0.0,0.0,0,0,0.0,0.0,0.0,0.0
8114,0.0,0.0,0,0,0.0,0.0,0.0,0.0
8115,0.0,0.0,0,0,0.0,0.0,0.0,0.0
8116,0.0,0.0,0,0,0.0,0.0,0.0,0.0
8117,0.0,0.0,0,0,0.0,0.0,0.0,0.0
8118,0.0,0.0,0,0,0.0,0.0,0.0,0.0
8119,0.0,0.0,0,0,0.0,0.0,0.0,0.0
8120,0.0,0.0,0,0,0.0,0.0,0.0,0.0
8121,0.0,0.0,0,0,0.0,0.0,0.0,0.0
8122,0.0,0.0,0,0,0.0,0.0,0.0,0.0
8123,0.0,0.0,0,0,0.0,0.0,0.0,0.0
8124,0.0,0.0,0,0,0.0,0.0,0.0,0.0
8125,0.0,0.0,0,0,0.0,0.0,0.0,0.0
8126,0.0,0.0,0,0,0.0,0.0,0.0,0.0
8127,0.0,0.0,0,0,0.0,0.0,0.0,0.0
8128,0.0,0.0,0,0,0.0,0.0,0.0,0.0
8129,0.0,0.0,0,0,0.0,0.0,0.0,0.0
8130,0.0,0.0,0,0,0.0,0.0,0.0,0.0
8131,0.0,0.0,0,0,0.0,0.0,0.0,0.0
8132,0.0,0.0,0,0,0.0,0.0,0.0,0.0
8133,0.0,0.0,0,0,0.0,0.0,0.0,0.0
8134,0.0,0.0,0,0,0.0,0.0,0.0,0.0
8135,0.0,0.0,0,0,0.0,0.0,0.0,0.0
8136,0.0,0.0,0,0,0.0,0.0,0.0,0.0
8137,0.0,0.0,0,0,0.0,0.0,0.0,0.0
8138,0.0,0.0,0,0,0.0,0.0,0.0,0.0
8139,0.0,0.0,0,0,0.0,0.0,0.0,0.0
8140,0.0,0.0,0,0,0.0,0.0,0.0,0.0
8141,0.0,0.0,0,0,0.0,0.0,0.0,0.0
8142,0.0,0.0,0,0,0.0,0.0,0.0,0.0
8143,0.0,0.0,0,0,0.0,0.0,0.0,0.0
8144,0.0,0.0,0,0,0.0,0.0,0.0,0.0
8145,0.0,0.0,0,0,0.0,0.0,0.0,0.0
8146,0.0,0.0,0,0,0.0,0.0,0.0,0.0
8147,0.0,0.0,0,0,0.0,0.0,0.0,0.0
8148,0.0,0.0,0,0,0.0,0.0,0.0,0.0
8149,0.0,0.0,0,0,0.0,0.0,0.0,0.0
8150,0.0,0.0,0,0,0.0,0.0,0.0,0.0
8151,0.0,0.0,0,0,0.0,0.0,0.0,0.0
8152,0.0,0.0,0,0,0.0,0.0,0.0,0.0
8153,0.0,0.0,0,0,0.0,0.0,0.0,0.0
8154,0.0,0.0,0,0,0.0,0.0,0.0,0.0
8155,0.0,0.0,0,0,0.0,0.0,0.0,0.0
8156,0.0,0.0,0,0,0.0,0.0,0.0,0.0
8157,0.0,0.0,0,0,0.0,0.0,0.0,0.0
8158,0.0,0.0,0,0,0.0,0.0,0.0,0.0
8159,0.0,0.0,0,0,0.0,0.0,0.0,0.0
8160,0.0,0.0,0,0,0.0,0.0,0.0,0.0
8161,0.0,0.0,0,0,0.0,0.0,0.0,0.0
8162,0.0,0.0,0,0,0.0,0.0,0.0,0.0
8163,0.0,0.0,0,0,0.0,0.0,0.0,0.0
8164,0.0,0.0,0,0,0.0,0.0,0.0,0.0
8165,0.0,0.0,0,0,0.0,0.0,0.0,0.0
8166,0.0,0.0,0,0,0.0,0.0,0.0,0.0
8167,0.0,0.0,0,0,0.0,0.0,0.0,0.0
8168,0.0,0.0,0,0,0.0,0.0,0.0,0.0
8169,0.0,0.0,0,0,0.0,0.0,0.0,0.0
8170,0.0,0.0,0,0,0.0,0.0,0.0,0.0
8171,0.0,0.0,0,0,0.0,0.0,0.0,0.0
8172,0.0,0.0,0,0,0.0,0.0,0.0,0.0
8173,0.0,0.0,0,0,0.0,0.0,0.0,0.0
8174,0.0,0.0,0,0,0.0,0.0,0.0,0.0
8175,0.0,0.0,0,0,0.0,0.0,0.0,0.0
8176,0.0,0.0,0,0,0.0,0.0,0.0,0.0
8177,0.0,0.0,0,0,0.0,0.0,0.0,0.0
8178,0.0,0.0,0,0,0.0,0.0,0.0,0.0
8179,0.0,0.0,0,0,0.0,0.0,0.0,0.0
8180,0.0,0.0,0,0,0.0,0.0,0.0,0.0
8181,0.0,0.0,0,0,0.0,0.0,0.0,0.0
8182,0.0,0.0,0,0,0.0,0.0,0.0,0.0
8183,0.0,0.0,0,0,0.0,0.0,0.0,0.0
8184,0.0,0.0,0,0,0.0,0.0,0.0,0.0
8185,0.0,0.0,0,0,0.0,0.0,0.0,0.0
8186,0.0,0.0,0,0,0.0,0.0,0.0,0.0
8187,0.0,0.0,0,0,0.0,0.0,0.0,0.0
8188,0.0,0.0,0,0,0.0,0.0,0.0,0.0
8189,0.0,0.0,0,0,0.0,0.0,0.0,0.0
8190,0.0,0.0,0,0,0.0,0.0,0.0,0.0
8191,0.0,0.0,0,0,0.0,0.0,0.0,0.0
8192,0.0,0.0,0,0,0.0,0.0,0.0,0.0
8193,0.0,0.0,0,0,0.0,0.0,0.0,0.0
8194,0.0,0.0,0,0,0.0,0.0,0.0,0.0
8195,0.0,0.0,0,0,0.0,0.0,0.0,0.0
8196,0.0,0.0,0,0,0.0,0.0,0.0,0.0
8197,0.0,0.0,0,0,0.0,0.0,0.0,0.0
8198,0.0,0.0,0,0,0.0,0.0,0.0,0.0
8199,0.0,0.0,0,0,0.0,0.0,0.0,0.0
8200,0.0,0.0,0,0,0.0,0.0,0.0,0.0
8201,0.0,0.0,0,0,0.0,0.0,0.0,0.0
8202,0.0,0.0,0,0,0.0,0.0,0.0,0.0
8203,0.0,0.0,0,0,0.0,0.0,0.0,0.0
8204,0.0,0.0,0,0,0.0,0.0,0.0,0.0
8205,0.0,0.0,0,0,0.0,0.0,0.0,0.0
8206,0.0,0.0,0,0,0.0,0.0,0.0,0.0
8207,0.0,0.0,0,0,0.0,0.0,0.0,0.0
8208,0.0,0.0,0,0,0.0,0.0,0.0,0.0
8209,0.0,0.0,0,0,0.0,0.0,0.0,0.0
8210,0.0,0.0,0,0,0.0,0.0,0.0,0.0
8211,0.0,0.0,0,0,0.0,0.0,0.0,0.0
8212,0.0,0.0,0,0,0.0,0.0,0.0,0.0
8213,0.0,0.0,0,0,0.0,0.0,0.0,0.0
8214,0.0,0.0,0,0,0.0,0.0,0.0,0.0
8215,0.0,0.0,0,0,0.0,0.0,0.0,0.0
8216,0.0,0.0,0,0,0.0,0.0,0.0,0.0
8217,0.0,0.0,0,0,0.0,0.0,0.0,0.0
8218,0.0,0.0,0,0,0.0,0.0,0.0,0.0
8219,0.0,0.0,0,0,0.0,0.0,0.0,0.0
8220,0.0,0.0,0,0,0.0,0.0,0.0,0.0
8221,0.0,0.0,0,0,0.0,0.0,0.0,0.0
8222,0.0,0.0,0,0,0.0,0.0,0.0,0.0
8223,0.0,0.0,0,0,0.0,0.0,0.0,0.0
8224,0.0,0.0,0,0,0.0,0.0,0.0,0.0
8225,0.0,0.0,0,0,0.0,0.0,0.0,0.0
8226,0.0,0.0,0,0,0.0,0.0,0.0,0.0
8227,0.0,0.0,0,0,0.0,0.0,0.0,0.0
8228,0.0,0.0,0,0,0.0,0.0,0.0,0.0
8229,0.0,0.0,0,0,0.0,0.0,0.0,0.0
8230,0.0,0.0,0,0,0.0,0.0,0.0,0.0
8231,0.0,0.0,0,0,0.0,0.0,0.0,0.0
8232,0.0,0.0,0,0,0.0,0.0,0.0,0.0
8233,0.0,0.0,0,0,0.0,0.0,0.0,0.0
8234,0.0,0.0,0,0,0.0,0.0,0.0,0.0
8235,0.0,0.0,0,0,0.0,0.0,0.0,0.0
8236,0.0,0.0,0,0,0.0,0.0,0.0,0.0
8237,0.0,0.0,0,0,0.0,0.0,0.0,0.0
8238,0.0,0.0,0,0,0.0,0.0,0.0,0.0
8239,0.0,0.0,0,0,0.0,0.0,0.0,0.0
8240,0.0,0.0,0,0,0.0,0.0,0.0,0.0
8241,0.0,0.0,0,0,0.0,0.0,0.0,0.0
8242,0.0,0.0,0,0,0.0,0.0,0.0,0.0
8243,0.0,0.0,0,0,0.0,0.0,0.0,0.0
8244,0.0,0.0,0,0,0.0,0.0,0.0,0.0
8245,0.0,0.0,0,0,0.0,0.0,0.0,0.0
8246,0.0,0.0,0,0,0.0,0.0,0.0,0.0
8247,0.0,0.0,0,0,0.0,0.0,0.0,0.0
8248,0.0,0.0,0,0,0.0,0.0,0.0,0.0
8249,0.0,0.0,0,0,0.0,0.0,0.0,0.0
8250,0.0,0.0,0,0,0.0,0.0,0.0,0.0
8251,0.0,0.0,0,0,0.0,0.0,0.0,0.0
8252,0.0,0.0,0,0,0.0,0.0,0.0,0.0
8253,0.0,0.0,0,0,0.0,0.0,0.0,0.0
8254,0.0,0.0,0,0,0.0,0.0,0.0,0.0
8255,0.0,0.0,0,0,0.0,0.0,0.0,0.0
8256,0.0,0.0,0,0,0.0,0.0,0.0,0.0
8257,0.0,0.0,0,0,0.0,0.0,0.0,0.0
8258,0.0,0.0,0,0,0.0,0.0,0.0,0.0
8259,0.0,0.0,0,0,0.0,0.0,0.0,0.0
8260,0.0,0.0,0,0,0.0,0.0,0.0,0.0
8261,0.0,0.0,0,0,0.0,0.0,0.0,0.0
8262,0.0,0.0,0,0,0.0,0.0,0.0,0.0
8263,0.0,0.0,0,0,0.0,0.0,0.0,0.0
8264,0.0,0.0,0,0,0.0,0.0,0.0,0.0
8265,0.0,0.0,0,0,0.0,0.0,0.0,0.0
8266,0.0,0.0,0,0,0.0,0.0,0.0,0.0
8267,0.0,0.0,0,0,0.0,0.0,0.0,0.0
8268,0.0,0.0,0,0,0.0,0.0,0.0,0.0
8269,0.0,0.0,0,0,0.0,0.0,0.0,0.0
8270,0.0,0.0,0,0,0.0,0.0,0.0,0.0
8271,0.0,0.0,0,0,0.0,0.0,0.0,0.0
8272,0.0,0.0,0,0,0.0,0.0,0.0,0.0
8273,0.0,0.0,0,0,0.0,0.0,0.0,0.0
8274,0.0,0.0,0,0,0.0,0.0,0.0,0.0
8275,0.0,0.0,0,0,0.0,0.0,0.0,0.0
8276,0.0,0.0,0,0,0.0,0.0,0.0,0.0
8277,0.0,0.0,0,0,0.0,0.0,0.0,0.0
8278,0.0,0.0,0,0,0.0,0.0,0.0,0.0
8279,0.0,0.0,0,0,0.0,0.0,0.0,0.0
8280,0.0,0.0,0,0,0.0,0.0,0.0,0.0
8281,0.0,0.0,0,0,0.0,0.0,0.0,0.0
8282,0.0,0.0,0,0,0.0,0.0,0.0,0.0
8283,0.0,0.0,0,0,0.0,0.0,0.0,0.0
8284,0.0,0.0,0,0,0.0,0.0,0.0,0.0
8285,0.0,0.0,0,0,0.0,0.0,0.0,0.0
8286,0.0,0.0,0,0,0.0,0.0,0.0,0.0
8287,0.0,0.0,0,0,0.0,0.0,0.0,0.0
8288,0.0,0.0,0,0,0.0,0.0,0.0,0.0
8289,0.0,0.0,0,0,0.0,0.0,0.0,0.0
8290,0.0,0.0,0,0,0.0,0.0,0.0,0.0
8291,0.0,0.0,0,0,0.0,0.0,0.0,0.0
8292,0.0,0.0,0,0,0.0,0.0,0.0,0.0
8293,0.0,0.0,0,0,0.0,0.0,0.0,0.0
8294,0.0,0.0,0,0,0.0,0.0,0.0,0.0
8295,0.0,0.0,0,0,0.0,0.0,0.0,0.0
8296,0.0,0.0,0,0,0.0,0.0,0.0,0.0
8297,0.0,0.0,0,0,0.0,0.0,0.0,0.0
8298,0.0,0.0,0,0,0.0,0.0,0.0,0.0
8299,0.0,0.0,0,0,0.0,0.0,0.0,0.0
8300,0.0,0.0,0,0,0.0,0.0,0.0,0.0
8301,0.0,0.0,0,0,0.0,0.0,0.0,0.0
8302,0.0,0.0,0,0,0.0,0.0,0.0,0.0
8303,0.0,0.0,0,0,0.0,0.0,0.0,0.0
8304,0.0,0.0,0,0,0.0,0.0,0.0,0.0
8305,0.0,0.0,0,0,0.0,0.0,0.0,0.0
8306,0.0,0.0,0,0,0.0,0.0,0.0,0.0
8307,0.0,0.0,0,0,0.0,0.0,0.0,0.0
8308,0.0,0.0,0,0,0.0,0.0,0.0,0.0
8309,0.0,0.0,0,0,0.0,0.0,0.0,0.0
8310,0.0,0.0,0,0,0.0,0.0,0.0,0.0
8311,0.0,0.0,0,0,0.0,0.0,0.0,0.0
8312,0.0,0.0,0,0,0.0,0.0,0.0,0.0
8313,0.0,0.0,0,0,0.0,0.0,0.0,0.0
8314,0.0,0.0,0,0,0.0,0.0,0.0,0.0
8315,0.0,0.0,0,0,0.0,0.0,0.0,0.0
8316,0.0,0.0,0,0,0.0,0.0,0.0,0.0
8317,0.0,0.0,0,0,0.0,0.0,0.0,0.0
8318,0.0,0.0,0,0,0.0,0.0,0.0,0.0
8319,0.0,0.0,0,0,0.0,0.0,0.0,0.0
8320,0.0,0.0,0,0,0.0,0.0,0.0,0.0
8321,0.0,0.0,0,0,0.0,0.0,0.0,0.0
8322,0.0,0.0,0,0,0.0,0.0,0.0,0.0
8323,0.0,0.0,0,0,0.0,0.0,0.0,0.0
8324,0.0,0.0,0,0,0.0,0.0,0.0,0.0
8325,0.0,0.0,0,0,0.0,0.0,0.0,0.0
8326,0.0,0.0,0,0,0.0,0.0,0.0,0.0
8327,0.0,0.0,0,0,0.0,0.0,0.0,0.0
8328,0.0,0.0,0,0,0.0,0.0,0.0,0.0
8329,0.0,0.0,0,0,0.0,0.0,0.0,0.0
8330,0.0,0.0,0,0,0.0,0.0,0.0,0.0
8331,0.0,0.0,0,0,0.0,0.0,0.0,0.0
8332,0.0,0.0,0,0,0.0,0.0,0.0,0.0
8333,0.0,0.0,0,0,0.0,0.0,0.0,0.0
8334,0.0,0.0,0,0,0.0,0.0,0.0,0.0
8335,0.0,0.0,0,0,0.0,0.0,0.0,0.0
8336,0.0,0.0,0,0,0.0,0.0,0.0,0.0
8337,0.0,0.0,0,0,0.0,0.0,0.0,0.0
8338,0.0,0.0,0,0,0.0,0.0,0.0,0.0
8339,0.0,0.0,0,0,0.0,0.0,0.0,0.0
8340,0.0,0.0,0,0,0.0,0.0,0.0,0.0
8341,0.0,0.0,0,0,0.0,0.0,0.0,0.0
8342,0.0,0.0,0,0,0.0,0.0,0.0,0.0
8343,0.0,0.0,0,0,0.0,0.0,0.0,0.0
8344,0.0,0.0,0,0,0.0,0.0,0.0,0.0
8345,0.0,0.0,0,0,0.0,0.0,0.0,0.0
8346,0.0,0.0,0,0,0.0,0.0,0.0,0.0
8347,0.0,0.0,0,0,0.0,0.0,0.0,0.0
8348,0.0,0.0,0,0,0.0,0.0,0.0,0.0
8349,0.0,0.0,0,0,0.0,0.0,0.0,0.0
8350,0.0,0.0,0,0,0.0,0.0,0.0,0.0
8351,0.0,0.0,0,0,0.0,0.0,0.0,0.0
8352,0.0,0.0,0,0,0.0,0.0,0.0,0.0
8353,0.0,0.0,0,0,0.0,0.0,0.0,0.0
8354,0.0,0.0,0,0,0.0,0.0,0.0,0.0
8355,0.0,0.0,0,0,0.0,0.0,0.0,0.0
8356,0.0,0.0,0,0,0.0,0.0,0.0,0.0
8357,0.0,0.0,0,0,0.0,0.0,0.0,0.0
8358,0.0,0.0,0,0,0.0,0.0,0.0,0.0
8359,0.0,0.0,0,0,0.0,0.0,0.0,0.0
8360,0.0,0.0,0,0,0.0,0.0,0.0,0.0
8361,0.0,0.0,0,0,0.0,0.0,0.0,0.0
8362,0.0,0.0,0,0,0.0,0.0,0.0,0.0
8363,0.0,0.0,0,0,0.0,0.0,0.0,0.0
8364,0.0,0.0,0,0,0.0,0.0,0.0,0.0
8365,0.0,0.0,0,0,0.0,0.0,0.0,0.0
8366,0.0,0.0,0,0,0.0,0.0,0.0,0.0
8367,0.0,0.0,0,0,0.0,0.0,0.0,0.0
8368,0.0,0.0,0,0,0.0,0.0,0.0,0.0
8369,0.0,0.0,0,0,0.0,0.0,0.0,0.0
8370,0.0,0.0,0,0,0.0,0.0,0.0,0.0
8371,0.0,0.0,0,0,0.0,0.0,0.0,0.0
8372,0.0,0.0,0,0,0.0,0.0,0.0,0.0
8373,0.0,0.0,0,0,0.0,0.0,0.0,0.0
8374,0.0,0.0,0,0,0.0,0.0,0.0,0.0
8375,0.0,0.0,0,0,0.0,0.0,0.0,0.0
8376,0.0,0.0,0,0,0.0,0.0,0.0,0.0
8377,0.0,0.0,0,0,0.0,0.0,0.0,0.0
8378,0.0,0.0,0,0,0.0,0.0,0.0,0.0
8379,0.0,0.0,0,0,0.0,0.0,0.0,0.0
8380,0.0,0.0,0,0,0.0,0.0,0.0,0.0
8381,0.0,0.0,0,0,0.0,0.0,0.0,0.0
8382,0.0,0.0,0,0,0.0,0.0,0.0,0.0
8383,0.0,0.0,0,0,0.0,0.0,0.0,0.0
8384,0.0,0.0,0,0,0.0,0.0,0.0,0.0
8385,0.0,0.0,0,0,0.0,0.0,0.0,0.0
8386,0.0,0.0,0,0,0.0,0.0,0.0,0.0
8387,0.0,0.0,0,0,0.0,0.0,0.0,0.0
8388,0.0,0.0,0,0,0.0,0.0,0.0,0.0
8389,0.0,0.0,0,0,0.0,0.0,0.0,0.0
8390,0.0,0.0,0,0,0.0,0.0,0.0,0.0
8391,0.0,0.0,0,0,0.0,0.0,0.0,0.0
8392,0.0,0.0,0,0,0.0,0.0,0.0,0.0
8393,0.0,0.0,0,0,0.0,0.0,0.0,0.0
8394,0.0,0.0,0,0,0.0,0.0,0.0,0.0
8395,0.0,0.0,0,0,0.0,0.0,0.0,0.0
8396,0.0,0.0,0,0,0.0,0.0,0.0,0.0
8397,0.0,0.0,0,0,0.0,0.0,0.0,0.0
8398,0.0,0.0,0,0,0.0,0.0,0.0,0.0
8399,0.0,0.0,0,0,0.0,0.0,0.0,0.0
8400,0.0,0.0,0,0,0.0,0.0,0.0,0.0
8401,0.0,0.0,0,0,0.0,0.0,0.0,0.0
8402,0.0,0.0,0,0,0.0,0.0,0.0,0.0
8403,0.0,0.0,0,0,0.0,0.0,0.0,0.0
8404,0.0,0.0,0,0,0.0,0.0,0.0,0.0
8405,0.0,0.0,0,0,0.0,0.0,0.0,0.0
8406,0.0,0.0,0,0,0.0,0.0,0.0,0.0
8407,0.0,0.0,0,0,0.0,0.0,0.0,0.0
8408,0.0,0.0,0,0,0.0,0.0,0.0,0.0
8409,0.0,0.0,0,0,0.0,0.0,0.0,0.0
8410,0.0,0.0,0,0,0.0,0.0,0.0,0.0
8411,0.0,0.0,0,0,0.0,0.0,0.0,0.0
8412,0.0,0.0,0,0,0.0,0.0,0.0,0.0
8413,0.0,0.0,0,0,0.0,0.0,0.0,0.0
8414,0.0,0.0,0,0,0.0,0.0,0.0,0.0
8415,0.0,0.0,0,0,0.0,0.0,0.0,0.0
8416,0.0,0.0,0,0,0.0,0.0,0.0,0.0
8417,0.0,0.0,0,0,0.0,0.0,0.0,0.0
8418,0.0,0.0,0,0,0.0,0.0,0.0,0.0
8419,0.0,0.0,0,0,0.0,0.0,0.0,0.0
8420,0.0,0.0,0,0,0.0,0.0,0.0,0.0
8421,0.0,0.0,0,0,0.0,0.0,0.0,0.0
8422,0.0,0.0,0,0,0.0,0.0,0.0,0.0
8423,0.0,0.0,0,0,0.0,0.0,0.0,0.0
8424,0.0,0.0,0,0,0.0,0.0,0.0,0.0
8425,0.0,0.0,0,0,0.0,0.0,0.0,0.0
8426,0.0,0.0,0,0,0.0,0.0,0.0,0.0
8427,0.0,0.0,0,0,0.0,0.0,0.0,0.0
8428,0.0,0.0,0,0,0.0,0.0,0.0,0.0
8429,0.0,0.0,0,0,0.0,0.0,0.0,0.0
8430,0.0,0.0,0,0,0.0,0.0,0.0,0.0
8431,0.0,0.0,0,0,0.0,0.0,0.0,0.0
8432,0.0,0.0,0,0,0.0,0.0,0.0,0.0
8433,0.0,0.0,0,0,0.0,0.0,0.0,0.0
8434,0.0,0.0,0,0,0.0,0.0,0.0,0.0
8435,0.0,0.0,0,0,0.0,0.0,0.0,0.0
8436,0.0,0.0,0,0,0.0,0.0,0.0,0.0
8437,0.0,0.0,0,0,0.0,0.0,0.0,0.0
8438,0.0,0.0,0,0,0.0,0.0,0.0,0.0
8439,0.0,0.0,0,0,0.0,0.0,0.0,0.0
8440,0.0,0.0,0,0,0.0,0.0,0.0,0.0
8441,0.0,0.0,0,0,0.0,0.0,0.0,0.0
8442,0.0,0.0,0,0,0.0,0.0,0.0,0.0
8443,0.0,0.0,0,0,0.0,0.0,0.0,0.0
8444,0.0,0.0,0,0,0.0,0.0,0.0,0.0
8445,0.0,0.0,0,0,0.0,0.0,0.0,0.0
8446,0.0,0.0,0,0,0.0,0.0,0.0,0.0
8447,0.0,0.0,0,0,0.0,0.0,0.0,0.0
8448,0.0,0.0,0,0,0.0,0.0,0.0,0.0
8449,0.0,0.0,0,0,0.0,0.0,0.0,0.0
8450,0.0,0.0,0,0,0.0,0.0,0.0,0.0
8451,0.0,0.0,0,0,0.0,0.0,0.0,0.0
8452,0.0,0.0,0,0,0.0,0.0,0.0,0.0
8453,0.0,0.0,0,0,0.0,0.0,0.0,0.0
8454,0.0,0.0,0,0,0.0,0.0,0.0,0.0
8455,0.0,0.0,0,0,0.0,0.0,0.0,0.0
8456,0.0,0.0,0,0,0.0,0.0,0.0,0.0
8457,0.0,0.0,0,0,0.0,0.0,0.0,0.0
8458,0.0,0.0,0,0,0.0,0.0,0.0,0.0
8459,0.0,0.0,0,0,0.0,0.0,0.0,0.0
8460,0.0,0.0,0,0,0.0,0.0,0.0,0.0
8461,0.0,0.0,0,0,0.0,0.0,0.0,0.0
8462,0.0,0.0,0,0,0.0,0.0,0.0,0.0
8463,0.0,0.0,0,0,0.0,0.0,0.0,0.0
8464,0.0,0.0,0,0,0.0,0.0,0.0,0.0
8465,0.0,0.0,0,0,0.0,0.0,0.0,0.0
8466,0.0,0.0,0,0,0.0,0.0,0.0,0.0
8467,0.0,0.0,0,0,0.0,0.0,0.0,0.0
8468,0.0,0.0,0,0,0.0,0.0,0.0,0.0
8469,0.0,0.0,0,0,0.0,0.0,0.0,0.0
8470,0.0,0.0,0,0,0.0,0.0,0.0,0.0
8471,0.0,0.0,0,0,0.0,0.0,0.0,0.0
8472,0.0,0.0,0,0,0.0,0.0,0.0,0.0
8473,0.0,0.0,0,0,0.0,0.0,0.0,0.0
8474,0.0,0.0,0,0,0.0,0.0,0.0,0.0
8475,0.0,0.0,0,0,0.0,0.0,0.0,0.0
8476,0.0,0.0,0,0,0.0,0.0,0.0,0.0
8477,0.0,0.0,0,0,0.0,0.0,0.0,0.0
8478,0.0,0.0,0,0,0.0,0.0,0.0,0.0
8479,0.0,0.0,0,0,0.0,0.0,0.0,0.0
8480,0.0,0.0,0,0,0.0,0.0,0.0,0.0
8481,0.0,0.0,0,0,0.0,0.0,0.0,0.0
8482,0.0,0.0,0,0,0.0,0.0,0.0,0.0
8483,0.0,0.0,0,0,0.0,0.0,0.0,0.0
8484,0.0,0.0,0,0,0.0,0.0,0.0,0.0
8485,0.0,0.0,0,0,0.0,0.0,0.0,0.0
8486,0.0,0.0,0,0,0.0,0.0,0.0,0.0
8487,0.0,0.0,0,0,0.0,0.0,0.0,0.0
8488,0.0,0.0,0,0,0.0,0.0,0.0,0.0
8489,0.0,0.0,0,0,0.0,0.0,0.0,0.0
8490,0.0,0.0,0,0,0.0,0.0,0.0,0.0
8491,0.0,0.0,0,0,0.0,0.0,0.0,0.0
8492,0.0,0.0,0,0,0.0,0.0,0.0,0.0
8493,0.0,0.0,0,0,0.0,0.0,0.0,0.0
8494,0.0,0.0,0,0,0.0,0.0,0.0,0.0
8495,0.0,0.0,0,0,0.0,0.0,0.0,0.0
8496,0.0,0.0,0,0,0.0,0.0,0.0,0.0
8497,0.0,0.0,0,0,0.0,0.0,0.0,0.0
8498,0.0,0.0,0,0,0.0,0.0,0.0,0.0
8499,0.0,0.0,0,0,0.0,0.0,0.0,0.0
8500,0.0,0.0,0,0,0.0,0.0,0.0,0.0
8501,0.0,0.0,0,0,0.0,0.0,0.0,0.0
8502,0.0,0.0,0,0,0.0,0.0,0.0,0.0
8503,0.0,0.0,0,0,0.0,0.0,0.0,0.0
8504,0.0,0.0,0,0,0.0,0.0,0.0,0.0
8505,0.0,0.0,0,0,0.0,0.0,0.0,0.0
8506,0.0,0.0,0,0,0.0,0.0,0.0,0.0
8507,0.0,0.0,0,0,0.0,0.0,0.0,0.0
8508,0.0,0.0,0,0,0.0,0.0,0.0,0.0
8509,0.0,0.0,0,0,0.0,0.0,0.0,0.0
8510,0.0,0.0,0,0,0.0,0.0,0.0,0.0
8511,0.0,0.0,0,0,0.0,0.0,0.0,0.0
8512,0.0,0.0,0,0,0.0,0.0,0.0,0.0
8513,0.0,0.0,0,0,0.0,0.0,0.0,0.0
8514,0.0,0.0,0,0,0.0,0.0,0.0,0.0
8515,0.0,0.0,0,0,0.0,0.0,0.0,0.0
8516,0.0,0.0,0,0,0.0,0.0,0.0,0.0
8517,0.0,0.0,0,0,0.0,0.0,0.0,0.0
8518,0.0,0.0,0,0,0.0,0.0,0.0,0.0
8519,0.0,0.0,0,0,0.0,0.0,0.0,0.0
8520,0.0,0.0,0,0,0.0,0.0,0.0,0.0
8521,0.0,0.0,0,0,0.0,0.0,0.0,0.0
8522,0.0,0.0,0,0,0.0,0.0,0.0,0.0
8523,0.0,0.0,0,0,0.0,0.0,0.0,0.0
8524,0.0,0.0,0,0,0.0,0.0,0.0,0.0
8525,0.0,0.0,0,0,0.0,0.0,0.0,0.0
8526,0.0,0.0,0,0,0.0,0.0,0.0,0.0
8527,0.0,0.0,0,0,0.0,0.0,0.0,0.0
8528,0.0,0.0,0,0,0.0,0.0,0.0,0.0
8529,0.0,0.0,0,0,0.0,0.0,0.0,0.0
8530,0.0,0.0,0,0,0.0,0.0,0.0,0.0
8531,0.0,0.0,0,0,0.0,0.0,0.0,0.0
8532,0.0,0.0,0,0,0.0,0.0,0.0,0.0
8533,0.0,0.0,0,0,0.0,0.0,0.0,0.0
8534,0.0,0.0,0,0,0.0,0.0,0.0,0.0
8535,0.0,0.0,0,0,0.0,0.0,0.0,0.0
8536,0.0,0.0,0,0,0.0,0.0,0.0,0.0
8537,0.0,0.0,0,0,0.0,0.0,0.0,0.0
8538,0.0,0.0,0,0,0.0,0.0,0.0,0.0
8539,0.0,0.0,0,0,0.0,0.0,0.0,0.0
8540,0.0,0.0,0,0,0.0,0.0,0.0,0.0
8541,0.0,0.0,0,0,0.0,0.0,0.0,0.0
8542,0.0,0.0,0,0,0.0,0.0,0.0,0.0
8543,0.0,0.0,0,0,0.0,0.0,0.0,0.0
8544,0.0,0.0,0,0,0.0,0.0,0.0,0.0
8545,0.0,0.0,0,0,0.0,0.0,0.0,0.0
8546,0.0,0.0,0,0,0.0,0.0,0.0,0.0
8547,0.0,0.0,0,0,0.0,0.0,0.0,0.0
8548,0.0,0.0,0,0,0.0,0.0,0.0,0.0
8549,0.0,0.0,0,0,0.0,0.0,0.0,0.0
8550,0.0,0.0,0,0,0.0,0.0,0.0,0.0
8551,0.0,0.0,0,0,0.0,0.0,0.0,0.0
8552,0.0,0.0,0,0,0.0,0.0,0.0,0.0
8553,0.0,0.0,0,0,0.0,0.0,0.0,0.0
8554,0.0,0.0,0,0,0.0,0.0,0.0,0.0
8555,0.0,0.0,0,0,0.0,0.0,0.0,0.0
8556,0.0,0.0,0,0,0.0,0.0,0.0,0.0
8557,0.0,0.0,0,0,0.0,0.0,0.0,0.0
8558,0.0,0.0,0,0,0.0,0.0,0.0,0.0
8559,0.0,0.0,0,0,0.0,0.0,0.0,0.0
8560,0.0,0.0,0,0,0.0,0.0,0.0,0.0
8561,0.0,0.0,0,0,0.0,0.0,0.0,0.0
8562,0.0,0.0,0,0,0.0,0.0,0.0,0.0
8563,0.0,0.0,0,0,0.0,0.0,0.0,0.0
8564,0.0,0.0,0,0,0.0,0.0,0.0,0.0
8565,0.0,0.0,0,0,0.0,0.0,0.0,0.0
8566,0.0,0.0,0,0,0.0,0.0,0.0,0.0
8567,0.0,0.0,0,0,0.0,0.0,0.0,0.0
8568,0.0,0.0,0,0,0.0,0.0,0.0,0.0
8569,0.0,0.0,0,0,0.0,0.0,0.0,0.0
8570,0.0,0.0,0,0,0.0,0.0,0.0,0.0
8571,0.0,0.0,0,0,0.0,0.0,0.0,0.0
8572,0.0,0.0,0,0,0.0,0.0,0.0,0.0
8573,0.0,0.0,0,0,0.0,0.0,0.0,0.0
8574,0.0,0.0,0,0,0.0,0.0,0.0,0.0
8575,0.0,0.0,0,0,0.0,0.0,0.0,0.0
8576,0.0,0.0,0,0,0.0,0.0,0.0,0.0
8577,0.0,0.0,0,0,0.0,0.0,0.0,0.0
8578,0.0,0.0,0,0,0.0,0.0,0.0,0.0
8579,0.0,0.0,0,0,0.0,0.0,0.0,0.0
8580,0.0,0.0,0,0,0.0,0.0,0.0,0.0
8581,0.0,0.0,0,0,0.0,0.0,0.0,0.0
8582,0.0,0.0,0,0,0.0,0.0,0.0,0.0
8583,0.0,0.0,0,0,0.0,0.0,0.0,0.0
8584,0.0,0.0,0,0,0.0,0.0,0.0,0.0
8585,0.0,0.0,0,0,0.0,0.0,0.0,0.0
8586,0.0,0.0,0,0,0.0,0.0,0.0,0.0
8587,0.0,0.0,0,0,0.0,0.0,0.0,0.0
8588,0.0,0.0,0,0,0.0,0.0,0.0,0.0
8589,0.0,0.0,0,0,0.0,0.0,0.0,0.0
8590,0.0,0.0,0,0,0.0,0.0,0.0,0.0
8591,0.0,0.0,0,0,0.0,0.0,0.0,0.0
8592,0.0,0.0,0,0,0.0,0.0,0.0,0.0
8593,0.0,0.0,0,0,0.0,0.0,0.0,0.0
8594,0.0,0.0,0,0,0.0,0.0,0.0,0.0
8595,0.0,0.0,0,0,0.0,0.0,0.0,0.0
8596,0.0,0.0,0,0,0.0,0.0,0.0,0.0
8597,0.0,0.0,0,0,0.0,0.0,0.0,0.0
8598,0.0,0.0,0,0,0.0,0.0,0.0,0.0
8599,0.0,0.0,0,0,0.0,0.0,0.0,0.0
8600,0.0,0.0,0,0,0.0,0.0,0.0,0.0
8601,0.0,0.0,0,0,0.0,0.0,0.0,0.0
8602,0.0,0.0,0,0,0.0,0.0,0.0,0.0
8603,0.0,0.0,0,0,0.0,0.0,0.0,0.0
8604,0.0,0.0,0,0,0.0,0.0,0.0,0.0
8605,0.0,0.0,0,0,0.0,0.0,0.0,0.0
8606,0.0,0.0,0,0,0.0,0.0,0.0,0.0
8607,0.0,0.0,0,0,0.0,0.0,0.0,0.0
8608,0.0,0.0,0,0,0.0,0.0,0.0,0.0
8609,0.0,0.0,0,0,0.0,0.0,0.0,0.0
8610,0.0,0.0,0,0,0.0,0.0,0.0,0.0
8611,0.0,0.0,0,0,0.0,0.0,0.0,0.0
8612,0.0,0.0,0,0,0.0,0.0,0.0,0.0
8613,0.0,0.0,0,0,0.0,0.0,0.0,0.0
8614,0.0,0.0,0,0,0.0,0.0,0.0,0.0
8615,0.0,0.0,0,0,0.0,0.0,0.0,0.0
8616,0.0,0.0,0,0,0.0,0.0,0.0,0.0
8617,0.0,0.0,0,0,0.0,0.0,0.0,0.0
8618,0.0,0.0,0,0,0.0,0.0,0.0,0.0
8619,0.0,0.0,0,0,0.0,0.0,0.0,0.0
8620,0.0,0.0,0,0,0.0,0.0,0.0,0.0
8621,0.0,0.0,0,0,0.0,0.0,0.0,0.0
8622,0.0,0.0,0,0,0.0,0.0,0.0,0.0
8623,0.0,0.0,0,0,0.0,0.0,0.0,0.0
8624,0.0,0.0,0,0,0.0,0.0,0.0,0.0
8625,0.0,0.0,0,0,0.0,0.0,0.0,0.0
8626,0.0,0.0,0,0,0.0,0.0,0.0,0.0
8627,0.0,0.0,0,0,0.0,0.0,0.0,0.0
8628,0.0,0.0,0,0,0.0,0.0,0.0,0.0
8629,0.0,0.0,0,0,0.0,0.0,0.0,0.0
8630,0.0,0.0,0,0,0.0,0.0,0.0,0.0
8631,0.0,0.0,0,0,0.0,0.0,0.0,0.0
8632,0.0,0.0,0,0,0.0,0.0,0.0,0.0
8633,0.0,0.0,0,0,0.0,0.0,0.0,0.0
8634,0.0,0.0,0,0,0.0,0.0,0.0,0.0
8635,0.0,0.0,0,0,0.0,0.0,0.0,0.0
8636,0.0,0.0,0,0,0.0,0.0,0.0,0.0
8637,0.0,0.0,0,0,0.0,0.0,0.0,0.0
8638,0.0,0.0,0,0,0.0,0.0,0.0,0.0
8639,0.0,0.0,0,0,0.0,0.0,0.0,0.0
8640,0.0,0.0,0,0,0.0,0.0,0.0,0.0
8641,0.0,0.0,0,0,0.0,0.0,0.0,0.0
8642,0.0,0.0,0,0,0.0,0.0,0.0,0.0
8643,0.0,0.0,0,0,0.0,0.0,0.0,0.0
8644,0.0,0.0,0,0,0.0,0.0,0.0,0.0
8645,0.0,0.0,0,0,0.0,0.0,0.0,0.0
8646,0.0,0.0,0,0,0.0,0.0,0.0,0.0
8647,0.0,0.0,0,0,0.0,0.0,0.0,0.0
8648,0.0,0.0,0,0,0.0,0.0,0.0,0.0
8649,0.0,0.0,0,0,0.0,0.0,0.0,0.0
8650,0.0,0.0,0,0,0.0,0.0,0.0,0.0
8651,0.0,0.0,0,0,0.0,0.0,0.0,0.0
8652,0.0,0.0,0,0,0.0,0.0,0.0,0.0
8653,0.0,0.0,0,0,0.0,0.0,0.0,0.0
8654,0.0,0.0,0,0,0.0,0.0,0.0,0.0
8655,0.0,0.0,0,0,0.0,0.0,0.0,0.0
8656,0.0,0.0,0,0,0.0,0.0,0.0,0.0
8657,0.0,0.0,0,0,0.0,0.0,0.0,0.0
8658,0.0,0.0,0,0,0.0,0.0,0.0,0.0
8659,0.0,0.0,0,0,0.0,0.0,0.0,0.0
8660,0.0,0.0,0,0,0.0,0.0,0.0,0.0
8661,0.0,0.0,0,0,0.0,0.0,0.0,0.0
8662,0.0,0.0,0,0,0.0,0.0,0.0,0.0
8663,0.0,0.0,0,0,0.0,0.0,0.0,0.0
8664,0.0,0.0,0,0,0.0,0.0,0.0,0.0
8665,0.0,0.0,0,0,0.0,0.0,0.0,0.0
8666,0.0,0.0,0,0,0.0,0.0,0.0,0.0
8667,0.0,0.0,0,0,0.0,0.0,0.0,0.0
8668,0.0,0.0,0,0,0.0,0.0,0.0,0.0
8669,0.0,0.0,0,0,0.0,0.0,0.0,0.0
8670,0.0,0.0,0,0,0.0,0.0,0.0,0.0
8671,0.0,0.0,0,0,0.0,0.0,0.0,0.0
8672,0.0,0.0,0,0,0.0,0.0,0.0,0.0
8673,0.0,0.0,0,0,0.0,0.0,0.0,0.0
8674,0.0,0.0,0,0,0.0,0.0,0.0,0.0
8675,0.0,0.0,0,0,0.0,0.0,0.0,0.0
8676,0.0,0.0,0,0,0.0,0.0,0.0,0.0
8677,0.0,0.0,0,0,0.0,0.0,0.0,0.0
8678,0.0,0.0,0,0,0.0,0.0,0.0,0.0
8679,0.0,0.0,0,0,0.0,0.0,0.0,0.0
8680,0.0,0.0,0,0,0.0,0.0,0.0,0.0
8681,0.0,0.0,0,0,0.0,0.0,0.0,0.0
8682,0.0,0.0,0,0,0.0,0.0,0.0,0.0
8683,0.0,0.0,0,0,0.0,0.0,0.0,0.0
8684,0.0,0.0,0,0,0.0,0.0,0.0,0.0
8685,0.0,0.0,0,0,0.0,0.0,0.0,0.0
8686,0.0,0.0,0,0,0.0,0.0,0.0,0.0
8687,0.0,0.0,0,0,0.0,0.0,0.0,0.0
8688,0.0,0.0,0,0,0.0,0.0,0.0,0.0
8689,0.0,0.0,0,0,0.0,0.0,0.0,0.0
8690,0.0,0.0,0,0,0.0,0.0,0.0,0.0
8691,0.0,0.0,0,0,0.0,0.0,0.0,0.0
8692,0.0,0.0,0,0,0.0,0.0,0.0,0.0
8693,0.0,0.0,0,0,0.0,0.0,0.0,0.0
8694,0.0,0.0,0,0,0.0,0.0,0.0,0.0
8695,0.0,0.0,0,0,0.0,0.0,0.0,0.0
8696,0.0,0.0,0,0,0.0,0.0,0.0,0.0
8697,0.0,0.0,0,0,0.0,0.0,0.0,0.0
8698,0.0,0.0,0,0,0.0,0.0,0.0,0.0
8699,0.0,0.0,0,0,0.0,0.0,0.0,0.0
8700,0.0,0.0,0,0,0.0,0.0,0.0,0.0
8701,0.0,0.0,0,0,0.0,0.0,0.0,0.0
8702,0.0,0.0,0,0,0.0,0.0,0.0,0.0
8703,0.0,0.0,0,0,0.0,0.0,0.0,0.0
8704,0.0,0.0,0,0,0.0,0.0,0.0,0.0
8705,0.0,0.0,0,0,0.0,0.0,0.0,0.0
8706,0.0,0.0,0,0,0.0,0.0,0.0,0.0
8707,0.0,0.0,0,0,0.0,0.0,0.0,0.0
8708,0.0,0.0,0,0,0.0,0.0,0.0,0.0
8709,0.0,0.0,0,0,0.0,0.0,0.0,0.0
8710,0.0,0.0,0,0,0.0,0.0,0.0,0.0
8711,0.0,0.0,0,0,0.0,0.0,0.0,0.0
8712,0.0,0.0,0,0,0.0,0.0,0.0,0.0
8713,0.0,0.0,0,0,0.0,0.0,0.0,0.0
8714,0.0,0.0,0,0,0.0,0.0,0.0,0.0
8715,0.0,0.0,0,0,0.0,0.0,0.0,0.0
8716,0.0,0.0,0,0,0.0,0.0,0.0,0.0
8717,0.0,0.0,0,0,0.0,0.0,0.0,0.0
8718,0.0,0.0,0,0,0.0,0.0,0.0,0.0
8719,0.0,0.0,0,0,0.0,0.0,0.0,0.0
8720,0.0,0.0,0,0,0.0,0.0,0.0,0.0
8721,0.0,0.0,0,0,0.0,0.0,0.0,0.0
8722,0.0,0.0,0,0,0.0,0.0,0.0,0.0
8723,0.0,0.0,0,0,0.0,0.0,0.0,0.0
8724,0.0,0.0,0,0,0.0,0.0,0.0,0.0
8725,0.0,0.0,0,0,0.0,0.0,0.0,0.0
8726,0.0,0.0,0,0,0.0,0.0,0.0,0.0
8727,0.0,0.0,0,0,0.0,0.0,0.0,0.0
8728,0.0,0.0,0,0,0.0,0.0,0.0,0.0
8729,0.0,0.0,0,0,0.0,0.0,0.0,0.0
8730,0.0,0.0,0,0,0.0,0.0,0.0,0.0
8731,0.0,0.0,0,0,0.0,0.0,0.0,0.0
8732,0.0,0.0,0,0,0.0,0.0,0.0,0.0
8733,0.0,0.0,0,0,0.0,0.0,0.0,0.0
8734,0.0,0.0,0,0,0.0,0.0,0.0,0.0
8735,0.0,0.0,0,0,0.0,0.0,0.0,0.0
8736,0.0,0.0,0,0,0.0,0.0,0.0,0.0
8737,0.0,0.0,0,0,0.0,0.0,0.0,0.0
8738,0.0,0.0,0,0,0.0,0.0,0.0,0.0
8739,0.0,0.0,0,0,0.0,0.0,0.0,0.0
8740,0.0,0.0,0,0,0.0,0.0,0.0,0.0
8741,0.0,0.0,0,0,0.0,0.0,0.0,0.0
8742,0.0,0.0,0,0,0.0,0.0,0.0,0.0
8743,0.0,0.0,0,0,0.0,0.0,0.0,0.0
8744,0.0,0.0,0,0,0.0,0.0,0.0,0.0
8745,0.0,0.0,0,0,0.0,0.0,0.0,0.0
8746,0.0,0.0,0,0,0.0,0.0,0.0,0.0
8747,0.0,0.0,0,0,0.0,0.0,0.0,0.0
8748,0.0,0.0,0,0,0.0,0.0,0.0,0.0
8749,0.0,0.0,0,0,0.0,0.0,0.0,0.0
8750,0.0,0.0,0,0,0.0,0.0,0.0,0.0
8751,0.0,0.0,0,0,0.0,0.0,0.0,0.0
8752,0.0,0.0,0,0,0.0,0.0,0.0,0.0
8753,0.0,0.0,0,0,0.0,0.0,0.0,0.0
8754,0.0,0.0,0,0,0.0,0.0,0.0,0.0
8755,0.0,0.0,0,0,0.0,0.0,0.0,0.0
8756,0.0,0.0,0,0,0.0,0.0,0.0,0.0
8757,0.0,0.0,0,0,0.0,0.0,0.0,0.0
8758,0.0,0.0,0,0,0.0,0.0,0.0,0.0
8759,0.0,0.0,0,0,0.0,0.0,0.0,0.0
8760,0.0,0.0,0,0,0.0,0.0,0.0,0.0
8761,0.0,0.0,0,0,0.0,0.0,0.0,0.0
8762,0.0,0.0,0,0,0.0,0.0,0.0,0.0
8763,0.0,0.0,0,0,0.0,0.0,0.0,0.0
8764,0.0,0.0,0,0,0.0,0.0,0.0,0.0
8765,0.0,0.0,0,0,0.0,0.0,0.0,0.0
8766,0.0,0.0,0,0,0.0,0.0,0.0,0.0
8767,0.0,0.0,0,0,0.0,0.0,0.0,0.0
8768,0.0,0.0,0,0,0.0,0.0,0.0,0.0
8769,0.0,0.0,0,0,0.0,0.0,0.0,0.0
8770,0.0,0.0,0,0,0.0,0.0,0.0,0.0
8771,0.0,0.0,0,0,0.0,0.0,0.0,0.0
8772,0.0,0.0,0,0,0.0,0.0,0.0,0.0
8773,0.0,0.0,0,0,0.0,0.0,0.0,0.0
8774,0.0,0.0,0,0,0.0,0.0,0.0,0.0
8775,0.0,0.0,0,0,0.0,0.0,0.0,0.0
8776,0.0,0.0,0,0,0.0,0.0,0.0,0.0
8777,0.0,0.0,0,0,0.0,0.0,0.0,0.0
8778,0.0,0.0,0,0,0.0,0.0,0.0,0.0
8779,0.0,0.0,0,0,0.0,0.0,0.0,0.0
8780,0.0,0.0,0,0,0.0,0.0,0.0,0.0
8781,0.0,0.0,0,0,0.0,0.0,0.0,0.0
8782,0.0,0.0,0,0,0.0,0.0,0.0,0.0
8783,0.0,0.0,0,0,0.0,0.0,0.0,0.0
8784,0.0,0.0,0,0,0.0,0.0,0.0,0.0
8785,0.0,0.0,0,0,0.0,0.0,0.0,0.0
8786,0.0,0.0,0,0,0.0,0.0,0.0,0.0
8787,0.0,0.0,0,0,0.0,0.0,0.0,0.0
8788,0.0,0.0,0,0,0.0,0.0,0.0,0.0
8789,0.0,0.0,0,0,0.0,0.0,0.0,0.0
8790,0.0,0.0,0,0,0.0,0.0,0.0,0.0
8791,0.0,0.0,0,0,0.0,0.0,0.0,0.0
8792,0.0,0.0,0,0,0.0,0.0,0.0,0.0
8793,0.0,0.0,0,0,0.0,0.0,0.0,0.0
8794,0.0,0.0,0,0,0.0,0.0,0.0,0.0
8795,0.0,0.0,0,0,0.0,0.0,0.0,0.0
8796,0.0,0.0,0,0,0.0,0.0,0.0,0.0
8797,0.0,0.0,0,0,0.0,0.0,0.0,0.0
8798,0.0,0.0,0,0,0.0,0.0,0.0,0.0
8799,0.0,0.0,0,0,0.0,0.0,0.0,0.0
8800,0.0,0.0,0,0,0.0,0.0,0.0,0.0
8801,0.0,0.0,0,0,0.0,0.0,0.0,0.0
8802,0.0,0.0,0,0,0.0,0.0,0.0,0.0
8803,0.0,0.0,0,0,0.0,0.0,0.0,0.0
8804,0.0,0.0,0,0,0.0,0.0,0.0,0.0
8805,0.0,0.0,0,0,0.0,0.0,0.0,0.0
8806,0.0,0.0,0,0,0.0,0.0,0.0,0.0
8807,0.0,0.0,0,0,0.0,0.0,0.0,0.0
8808,0.0,0.0,0,0,0.0,0.0,0.0,0.0
8809,0.0,0.0,0,0,0.0,0.0,0.0,0.0
8810,0.0,0.0,0,0,0.0,0.0,0.0,0.0
8811,0.0,0.0,0,0,0.0,0.0,0.0,0.0
8812,0.0,0.0,0,0,0.0,0.0,0.0,0.0
8813,0.0,0.0,0,0,0.0,0.0,0.0,0.0
8814,0.0,0.0,0,0,0.0,0.0,0.0,0.0
8815,0.0,0.0,0,0,0.0,0.0,0.0,0.0
8816,0.0,0.0,0,0,0.0,0.0,0.0,0.0
8817,0.0,0.0,0,0,0.0,0.0,0.0,0.0
8818,0.0,0.0,0,0,0.0,0.0,0.0,0.0
8819,0.0,0.0,0,0,0.0,0.0,0.0,0.0
8820,0.0,0.0,0,0,0.0,0.0,0.0,0.0
8821,0.0,0.0,0,0,0.0,0.0,0.0,0.0
8822,0.0,0.0,0,0,0.0,0.0,0.0,0.0
8823,0.0,0.0,0,0,0.0,0.0,0.0,0.0
8824,0.0,0.0,0,0,0.0,0.0,0.0,0.0
8825,0.0,0.0,0,0,0.0,0.0,0.0,0.0
8826,0.0,0.0,0,0,0.0,0.0,0.0,0.0
8827,0.0,0.0,0,0,0.0,0.0,0.0,0.0
8828,0.0,0.0,0,0,0.0,0.0,0.0,0.0
8829,0.0,0.0,0,0,0.0,0.0,0.0,0.0
8830,0.0,0.0,0,0,0.0,0.0,0.0,0.0
8831,0.0,0.0,0,0,0.0,0.0,0.0,0.0
8832,0.0,0.0,0,0,0.0,0.0,0.0,0.0
8833,0.0,0.0,0,0,0.0,0.0,0.0,0.0
8834,0.0,0.0,0,0,0.0,0.0,0.0,0.0
8835,0.0,0.0,0,0,0.0,0.0,0.0,0.0
8836,0.0,0.0,0,0,0.0,0.0,0.0,0.0
8837,0.0,0.0,0,0,0.0,0.0,0.0,0.0
8838,0.0,0.0,0,0,0.0,0.0,0.0,0.0
8839,0.0,0.0,0,0,0.0,0.0,0.0,0.0
8840,0.0,0.0,0,0,0.0,0.0,0.0,0.0
8841,0.0,0.0,0,0,0.0,0.0,0.0,0.0
8842,0.0,0.0,0,0,0.0,0.0,0.0,0.0
8843,0.0,0.0,0,0,0.0,0.0,0.0,0.0
8844,0.0,0.0,0,0,0.0,0.0,0.0,0.0
8845,0.0,0.0,0,0,0.0,0.0,0.0,0.0
8846,0.0,0.0,0,0,0.0,0.0,0.0,0.0
8847,0.0,0.0,0,0,0.0,0.0,0.0,0.0
8848,0.0,0.0,0,0,0.0,0.0,0.0,0.0
8849,0.0,0.0,0,0,0.0,0.0,0.0,0.0
8850,0.0,0.0,0,0,0.0,0.0,0.0,0.0
8851,0.0,0.0,0,0,0.0,0.0,0.0,0.0
8852,0.0,0.0,0,0,0.0,0.0,0.0,0.0
8853,0.0,0.0,0,0,0.0,0.0,0.0,0.0
8854,0.0,0.0,0,0,0.0,0.0,0.0,0.0
8855,0.0,0.0,0,0,0.0,0.0,0.0,0.0
8856,0.0,0.0,0,0,0.0,0.0,0.0,0.0
8857,0.0,0.0,0,0,0.0,0.0,0.0,0.0
8858,0.0,0.0,0,0,0.0,0.0,0.0,0.0
8859,0.0,0.0,0,0,0.0,0.0,0.0,0.0
8860,0.0,0.0,0,0,0.0,0.0,0.0,0.0
8861,0.0,0.0,0,0,0.0,0.0,0.0,0.0
8862,0.0,0.0,0,0,0.0,0.0,0.0,0.0
8863,0.0,0.0,0,0,0.0,0.0,0.0,0.0
8864,0.0,0.0,0,0,0.0,0.0,0.0,0.0
8865,0.0,0.0,0,0,0.0,0.0,0.0,0.0
8866,0.0,0.0,0,0,0.0,0.0,0.0,0.0
8867,0.0,0.0,0,0,0.0,0.0,0.0,0.0
8868,0.0,0.0,0,0,0.0,0.0,0.0,0.0
8869,0.0,0.0,0,0,0.0,0.0,0.0,0.0
8870,0.0,0.0,0,0,0.0,0.0,0.0,0.0
8871,0.0,0.0,0,0,0.0,0.0,0.0,0.0
8872,0.0,0.0,0,0,0.0,0.0,0.0,0.0
8873,0.0,0.0,0,0,0.0,0.0,0.0,0.0
8874,0.0,0.0,0,0,0.0,0.0,0.0,0.0
8875,0.0,0.0,0,0,0.0,0.0,0.0,0.0
8876,0.0,0.0,0,0,0.0,0.0,0.0,0.0
8877,0.0,0.0,0,0,0.0,0.0,0.0,0.0
8878,0.0,0.0,0,0,0.0,0.0,0.0,0.0
8879,0.0,0.0,0,0,0.0,0.0,0.0,0.0
8880,0.0,0.0,0,0,0.0,0.0,0.0,0.0
8881,0.0,0.0,0,0,0.0,0.0,0.0,0.0
8882,0.0,0.0,0,0,0.0,0.0,0.0,0.0
8883,0.0,0.0,0,0,0.0,0.0,0.0,0.0
8884,0.0,0.0,0,0,0.0,0.0,0.0,0.0
8885,0.0,0.0,0,0,0.0,0.0,0.0,0.0
8886,0.0,0.0,0,0,0.0,0.0,0.0,0.0
8887,0.0,0.0,0,0,0.0,0.0,0.0,0.0
8888,0.0,0.0,0,0,0.0,0.0,0.0,0.0
8889,0.0,0.0,0,0,0.0,0.0,0.0,0.0
8890,0.0,0.0,0,0,0.0,0.0,0.0,0.0
8891,0.0,0.0,0,0,0.0,0.0,0.0,0.0
8892,0.0,0.0,0,0,0.0,0.0,0.0,0.0
8893,0.0,0.0,0,0,0.0,0.0,0.0,0.0
8894,0.0,0.0,0,0,0.0,0.0,0.0,0.0
8895,0.0,0.0,0,0,0.0,0.0,0.0,0.0
8896,0.0,0.0,0,0,0.0,0.0,0.0,0.0
8897,0.0,0.0,0,0,0.0,0.0,0.0,0.0
8898,0.0,0.0,0,0,0.0,0.0,0.0,0.0
8899,0.0,0.0,0,0,0.0,0.0,0.0,0.0
8900,0.0,0.0,0,0,0.0,0.0,0.0,0.0
8901,0.0,0.0,0,0,0.0,0.0,0.0,0.0
8902,0.0,0.0,0,0,0.0,0.0,0.0,0.0
8903,0.0,0.0,0,0,0.0,0.0,0.0,0.0
8904,0.0,0.0,0,0,0.0,0.0,0.0,0.0
8905,0.0,0.0,0,0,0.0,0.0,0.0,0.0
8906,0.0,0.0,0,0,0.0,0.0,0.0,0.0
8907,0.0,0.0,0,0,0.0,0.0,0.0,0.0
8908,0.0,0.0,0,0,0.0,0.0,0.0,0.0
8909,0.0,0.0,0,0,0.0,0.0,0.0,0.0
8910,0.0,0.0,0,0,0.0,0.0,0.0,0.0
8911,0.0,0.0,0,0,0.0,0.0,0.0,0.0
8912,0.0,0.0,0,0,0.0,0.0,0.0,0.0
8913,0.0,0.0,0,0,0.0,0.0,0.0,0.0
8914,0.0,0.0,0,0,0.0,0.0,0.0,0.0
8915,0.0,0.0,0,0,0.0,0.0,0.0,0.0
8916,0.0,0.0,0,0,0.0,0.0,0.0,0.0
8917,0.0,0.0,0,0,0.0,0.0,0.0,0.0
8918,0.0,0.0,0,0,0.0,0.0,0.0,0.0
8919,0.0,0.0,0,0,0.0,0.0,0.0,0.0
8920,0.0,0.0,0,0,0.0,0.0,0.0,0.0
8921,0.0,0.0,0,0,0.0,0.0,0.0,0.0
8922,0.0,0.0,0,0,0.0,0.0,0.0,0.0
8923,0.0,0.0,0,0,0.0,0.0,0.0,0.0
8924,0.0,0.0,0,0,0.0,0.0,0.0,0.0
8925,0.0,0.0,0,0,0.0,0.0,0.0,0.0
8926,0.0,0.0,0,0,0.0,0.0,0.0,0.0
8927,0.0,0.0,0,0,0.0,0.0,0.0,0.0
8928,0.0,0.0,0,0,0.0,0.0,0.0,0.0
8929,0.0,0.0,0,0,0.0,0.0,0.0,0.0
8930,0.0,0.0,0,0,0.0,0.0,0.0,0.0
8931,0.0,0.0,0,0,0.0,0.0,0.0,0.0
8932,0.0,0.0,0,0,0.0,0.0,0.0,0.0
8933,0.0,0.0,0,0,0.0,0.0,0.0,0.0
8934,0.0,0.0,0,0,0.0,0.0,0.0,0.0
8935,0.0,0.0,0,0,0.0,0.0,0.0,0.0
8936,0.0,0.0,0,0,0.0,0.0,0.0,0.0
8937,0.0,0.0,0,0,0.0,0.0,0.0,0.0
8938,0.0,0.0,0,0,0.0,0.0,0.0,0.0
8939,0.0,0.0,0,0,0.0,0.0,0.0,0.0
8940,0.0,0.0,0,0,0.0,0.0,0.0,0.0
8941,0.0,0.0,0,0,0.0,0.0,0.0,0.0
8942,0.0,0.0,0,0,0.0,0.0,0.0,0.0
8943,0.0,0.0,0,0,0.0,0.0,0.0,0.0
8944,0.0,0.0,0,0,0.0,0.0,0.0,0.0
8945,0.0,0.0,0,0,0.0,0.0,0.0,0.0
8946,0.0,0.0,0,0,0.0,0.0,0.0,0.0
8947,0.0,0.0,0,0,0.0,0.0,0.0,0.0
8948,0.0,0.0,0,0,0.0,0.0,0.0,0.0
8949,0.0,0.0,0,0,0.0,0.0,0.0,0.0
8950,0.0,0.0,0,0,0.0,0.0,0.0,0.0
8951,0.0,0.0,0,0,0.0,0.0,0.0,0.0
8952,0.0,0.0,0,0,0.0,0.0,0.0,0.0
8953,0.0,0.0,0,0,0.0,0.0,0.0,0.0
8954,0.0,0.0,0,0,0.0,0.0,0.0,0.0
8955,0.0,0.0,0,0,0.0,0.0,0.0,0.0
8956,0.0,0.0,0,0,0.0,0.0,0.0,0.0
8957,0.0,0.0,0,0,0.0,0.0,0.0,0.0
8958,0.0,0.0,0,0,0.0,0.0,0.0,0.0
8959,0.0,0.0,0,0,0.0,0.0,0.0,0.0
8960,0.0,0.0,0,0,0.0,0.0,0.0,0.0
8961,0.0,0.0,0,0,0.0,0.0,0.0,0.0
8962,0.0,0.0,0,0,0.0,0.0,0.0,0.0
8963,0.0,0.0,0,0,0.0,0.0,0.0,0.0
8964,0.0,0.0,0,0,0.0,0.0,0.0,0.0
8965,0.0,0.0,0,0,0.0,0.0,0.0,0.0
8966,0.0,0.0,0,0,0.0,0.0,0.0,0.0
8967,0.0,0.0,0,0,0.0,0.0,0.0,0.0
8968,0.0,0.0,0,0,0.0,0.0,0.0,0.0
8969,0.0,0.0,0,0,0.0,0.0,0.0,0.0
8970,0.0,0.0,0,0,0.0,0.0,0.0,0.0
8971,0.0,0.0,0,0,0.0,0.0,0.0,0.0
8972,0.0,0.0,0,0,0.0,0.0,0.0,0.0
8973,0.0,0.0,0,0,0.0,0.0,0.0,0.0
8974,0.0,0.0,0,0,0.0,0.0,0.0,0.0
8975,0.0,0.0,0,0,0.0,0.0,0.0,0.0
8976,0.0,0.0,0,0,0.0,0.0,0.0,0.0
8977,0.0,0.0,0,0,0.0,0.0,0.0,0.0
8978,0.0,0.0,0,0,0.0,0.0,0.0,0.0
8979,0.0,0.0,0,0,0.0,0.0,0.0,0.0
8980,0.0,0.0,0,0,0.0,0.0,0.0,0.0
8981,0.0,0.0,0,0,0.0,0.0,0.0,0.0
8982,0.0,0.0,0,0,0.0,0.0,0.0,0.0
8983,0.0,0.0,0,0,0.0,0.0,0.0,0.0
8984,0.0,0.0,0,0,0.0,0.0,0.0,0.0
8985,0.0,0.0,0,0,0.0,0.0,0.0,0.0
8986,0.0,0.0,0,0,0.0,0.0,0.0,0.0
8987,0.0,0.0,0,0,0.0,0.0,0.0,0.0
8988,0.0,0.0,0,0,0.0,0.0,0.0,0.0
8989,0.0,0.0,0,0,0.0,0.0,0.0,0.0
8990,0.0,0.0,0,0,0.0,0.0,0.0,0.0
8991,0.0,0.0,0,0,0.0,0.0,0.0,0.0
8992,0.0,0.0,0,0,0.0,0.0,0.0,0.0
8993,0.0,0.0,0,0,0.0,0.0,0.0,0.0
8994,0.0,0.0,0,0,0.0,0.0,0.0,0.0
8995,0.0,0.0,0,0,0.0,0.0,0.0,0.0
8996,0.0,0.0,0,0,0.0,0.0,0.0,0.0
8997,0.0,0.0,0,0,0.0,0.0,0.0,0.0
8998,0.0,0.0,0,0,0.0,0.0,0.0,0.0
8999,0.0,0.0,0,0,0.0,0.0,0.0,0.0
9000,0.0,0.0,0,0,0.0,0.0,0.0,0.0
9001,0.0,0.0,0,0,0.0,0.0,0.0,0.0
9002,0.0,0.0,0,0,0.0,0.0,0.0,0.0
9003,0.0,0.0,0,0,0.0,0.0,0.0,0.0
9004,0.0,0.0,0,0,0.0,0.0,0.0,0.0
9005,0.0,0.0,0,0,0.0,0.0,0.0,0.0
9006,0.0,0.0,0,0,0.0,0.0,0.0,0.0
9007,0.0,0.0,0,0,0.0,0.0,0.0,0.0
9008,0.0,0.0,0,0,0.0,0.0,0.0,0.0
9009,0.0,0.0,0,0,0.0,0.0,0.0,0.0
9010,0.0,0.0,0,0,0.0,0.0,0.0,0.0
9011,0.0,0.0,0,0,0.0,0.0,0.0,0.0
9012,0.0,0.0,0,0,0.0,0.0,0.0,0.0
9013,0.0,0.0,0,0,0.0,0.0,0.0,0.0
9014,0.0,0.0,0,0,0.0,0.0,0.0,0.0
9015,0.0,0.0,0,0,0.0,0.0,0.0,0.0
9016,0.0,0.0,0,0,0.0,0.0,0.0,0.0
9017,0.0,0.0,0,0,0.0,0.0,0.0,0.0
9018,0.0,0.0,0,0,0.0,0.0,0.0,0.0
9019,0.0,0.0,0,0,0.0,0.0,0.0,0.0
9020,0.0,0.0,0,0,0.0,0.0,0.0,0.0
9021,0.0,0.0,0,0,0.0,0.0,0.0,0.0
9022,0.0,0.0,0,0,0.0,0.0,0.0,0.0
9023,0.0,0.0,0,0,0.0,0.0,0.0,0.0
9024,0.0,0.0,0,0,0.0,0.0,0.0,0.0
9025,0.0,0.0,0,0,0.0,0.0,0.0,0.0
9026,0.0,0.0,0,0,0.0,0.0,0.0,0.0
9027,0.0,0.0,0,0,0.0,0.0,0.0,0.0
9028,0.0,0.0,0,0,0.0,0.0,0.0,0.0
9029,0.0,0.0,0,0,0.0,0.0,0.0,0.0
9030,0.0,0.0,0,0,0.0,0.0,0.0,0.0
9031,0.0,0.0,0,0,0.0,0.0,0.0,0.0
9032,0.0,0.0,0,0,0.0,0.0,0.0,0.0
9033,0.0,0.0,0,0,0.0,0.0,0.0,0.0
9034,0.0,0.0,0,0,0.0,0.0,0.0,0.0
9035,0.0,0.0,0,0,0.0,0.0,0.0,0.0
9036,0.0,0.0,0,0,0.0,0.0,0.0,0.0
9037,0.0,0.0,0,0,0.0,0.0,0.0,0.0
9038,0.0,0.0,0,0,0.0,0.0,0.0,0.0
9039,0.0,0.0,0,0,0.0,0.0,0.0,0.0
9040,0.0,0.0,0,0,0.0,0.0,0.0,0.0
9041,0.0,0.0,0,0,0.0,0.0,0.0,0.0
9042,0.0,0.0,0,0,0.0,0.0,0.0,0.0
9043,0.0,0.0,0,0,0.0,0.0,0.0,0.0
9044,0.0,0.0,0,0,0.0,0.0,0.0,0.0
9045,0.0,0.0,0,0,0.0,0.0,0.0,0.0
9046,0.0,0.0,0,0,0.0,0.0,0.0,0.0
9047,0.0,0.0,0,0,0.0,0.0,0.0,0.0
9048,0.0,0.0,0,0,0.0,0.0,0.0,0.0
9049,0.0,0.0,0,0,0.0,0.0,0.0,0.0
9050,0.0,0.0,0,0,0.0,0.0,0.0,0.0
9051,0.0,0.0,0,0,0.0,0.0,0.0,0.0
9052,0.0,0.0,0,0,0.0,0.0,0.0,0.0
9053,0.0,0.0,0,0,0.0,0.0,0.0,0.0
9054,0.0,0.0,0,0,0.0,0.0,0.0,0.0
9055,0.0,0.0,0,0,0.0,0.0,0.0,0.0
9056,0.0,0.0,0,0,0.0,0.0,0.0,0.0
9057,0.0,0.0,0,0,0.0,0.0,0.0,0.0
9058,0.0,0.0,0,0,0.0,0.0,0.0,0.0
9059,0.0,0.0,0,0,0.0,0.0,0.0,0.0
9060,0.0,0.0,0,0,0.0,0.0,0.0,0.0
9061,0.0,0.0,0,0,0.0,0.0,0.0,0.0
9062,0.0,0.0,0,0,0.0,0.0,0.0,0.0
9063,0.0,0.0,0,0,0.0,0.0,0.0,0.0
9064,0.0,0.0,0,0,0.0,0.0,0.0,0.0
9065,0.0,0.0,0,0,0.0,0.0,0.0,0.0
9066,0.0,0.0,0,0,0.0,0.0,0.0,0.0
9067,0.0,0.0,0,0,0.0,0.0,0.0,0.0
9068,0.0,0.0,0,0,0.0,0.0,0.0,0.0
9069,0.0,0.0,0,0,0.0,0.0,0.0,0.0
9070,0.0,0.0,0,0,0.0,0.0,0.0,0.0
9071,0.0,0.0,0,0,0.0,0.0,0.0,0.0
9072,0.0,0.0,0,0,0.0,0.0,0.0,0.0
9073,0.0,0.0,0,0,0.0,0.0,0.0,0.0
9074,0.0,0.0,0,0,0.0,0.0,0.0,0.0
9075,0.0,0.0,0,0,0.0,0.0,0.0,0.0
9076,0.0,0.0,0,0,0.0,0.0,0.0,0.0
9077,0.0,0.0,0,0,0.0,0.0,0.0,0.0
9078,0.0,0.0,0,0,0.0,0.0,0.0,0.0
9079,0.0,0.0,0,0,0.0,0.0,0.0,0.0
9080,0.0,0.0,0,0,0.0,0.0,0.0,0.0
9081,0.0,0.0,0,0,0.0,0.0,0.0,0.0
9082,0.0,0.0,0,0,0.0,0.0,0.0,0.0
9083,0.0,0.0,0,0,0.0,0.0,0.0,0.0
9084,0.0,0.0,0,0,0.0,0.0,0.0,0.0
9085,0.0,0.0,0,0,0.0,0.0,0.0,0.0
9086,0.0,0.0,0,0,0.0,0.0,0.0,0.0
9087,0.0,0.0,0,0,0.0,0.0,0.0,0.0
9088,0.0,0.0,0,0,0.0,0.0,0.0,0.0
9089,0.0,0.0,0,0,0.0,0.0,0.0,0.0
9090,0.0,0.0,0,0,0.0,0.0,0.0,0.0
9091,0.0,0.0,0,0,0.0,0.0,0.0,0.0
9092,0.0,0.0,0,0,0.0,0.0,0.0,0.0
9093,0.0,0.0,0,0,0.0,0.0,0.0,0.0
9094,0.0,0.0,0,0,0.0,0.0,0.0,0.0
9095,0.0,0.0,0,0,0.0,0.0,0.0,0.0
9096,0.0,0.0,0,0,0.0,0.0,0.0,0.0
9097,0.0,0.0,0,0,0.0,0.0,0.0,0.0
9098,0.0,0.0,0,0,0.0,0.0,0.0,0.0
9099,0.0,0.0,0,0,0.0,0.0,0.0,0.0
9100,0.0,0.0,0,0,0.0,0.0,0.0,0.0
9101,0.0,0.0,0,0,0.0,0.0,0.0,0.0
9102,0.0,0.0,0,0,0.0,0.0,0.0,0.0
9103,0.0,0.0,0,0,0.0,0.0,0.0,0.0
9104,0.0,0.0,0,0,0.0,0.0,0.0,0.0
9105,0.0,0.0,0,0,0.0,0.0,0.0,0.0
9106,0.0,0.0,0,0,0.0,0.0,0.0,0.0
9107,0.0,0.0,0,0,0.0,0.0,0.0,0.0
9108,0.0,0.0,0,0,0.0,0.0,0.0,0.0
9109,0.0,0.0,0,0,0.0,0.0,0.0,0.0
9110,0.0,0.0,0,0,0.0,0.0,0.0,0.0
9111,0.0,0.0,0,0,0.0,0.0,0.0,0.0
9112,0.0,0.0,0,0,0.0,0.0,0.0,0.0
9113,0.0,0.0,0,0,0.0,0.0,0.0,0.0
9114,0.0,0.0,0,0,0.0,0.0,0.0,0.0
9115,0.0,0.0,0,0,0.0,0.0,0.0,0.0
9116,0.0,0.0,0,0,0.0,0.0,0.0,0.0
9117,0.0,0.0,0,0,0.0,0.0,0.0,0.0
9118,0.0,0.0,0,0,0.0,0.0,0.0,0.0
9119,0.0,0.0,0,0,0.0,0.0,0.0,0.0
9120,0.0,0.0,0,0,0.0,0.0,0.0,0.0
9121,0.0,0.0,0,0,0.0,0.0,0.0,0.0
9122,0.0,0.0,0,0,0.0,0.0,0.0,0.0
9123,0.0,0.0,0,0,0.0,0.0,0.0,0.0
9124,0.0,0.0,0,0,0.0,0.0,0.0,0.0
9125,0.0,0.0,0,0,0.0,0.0,0.0,0.0
9126,0.0,0.0,0,0,0.0,0.0,0.0,0.0
9127,0.0,0.0,0,0,0.0,0.0,0.0,0.0
9128,0.0,0.0,0,0,0.0,0.0,0.0,0.0
9129,0.0,0.0,0,0,0.0,0.0,0.0,0.0
9130,0.0,0.0,0,0,0.0,0.0,0.0,0.0
9131,0.0,0.0,0,0,0.0,0.0,0.0,0.0
9132,0.0,0.0,0,0,0.0,0.0,0.0,0.0
9133,0.0,0.0,0,0,0.0,0.0,0.0,0.0
9134,0.0,0.0,0,0,0.0,0.0,0.0,0.0
9135,0.0,0.0,0,0,0.0,0.0,0.0,0.0
9136,0.0,0.0,0,0,0.0,0.0,0.0,0.0
9137,0.0,0.0,0,0,0.0,0.0,0.0,0.0
9138,0.0,0.0,0,0,0.0,0.0,0.0,0.0
9139,0.0,0.0,0,0,0.0,0.0,0.0,0.0
9140,0.0,0.0,0,0,0.0,0.0,0.0,0.0
9141,0.0,0.0,0,0,0.0,0.0,0.0,0.0
9142,0.0,0.0,0,0,0.0,0.0,0.0,0.0
9143,0.0,0.0,0,0,0.0,0.0,0.0,0.0
9144,0.0,0.0,0,0,0.0,0.0,0.0,0.0
9145,0.0,0.0,0,0,0.0,0.0,0.0,0.0
9146,0.0,0.0,0,0,0.0,0.0,0.0,0.0
9147,0.0,0.0,0,0,0.0,0.0,0.0,0.0
9148,0.0,0.0,0,0,0.0,0.0,0.0,0.0
9149,0.0,0.0,0,0,0.0,0.0,0.0,0.0
9150,0.0,0.0,0,0,0.0,0.0,0.0,0.0
9151,0.0,0.0,0,0,0.0,0.0,0.0,0.0
9152,0.0,0.0,0,0,0.0,0.0,0.0,0.0
9153,0.0,0.0,0,0,0.0,0.0,0.0,0.0
9154,0.0,0.0,0,0,0.0,0.0,0.0,0.0
9155,0.0,0.0,0,0,0.0,0.0,0.0,0.0
9156,0.0,0.0,0,0,0.0,0.0,0.0,0.0
9157,0.0,0.0,0,0,0.0,0.0,0.0,0.0
9158,0.0,0.0,0,0,0.0,0.0,0.0,0.0
9159,0.0,0.0,0,0,0.0,0.0,0.0,0.0
9160,0.0,0.0,0,0,0.0,0.0,0.0,0.0
9161,0.0,0.0,0,0,0.0,0.0,0.0,0.0
9162,0.0,0.0,0,0,0.0,0.0,0.0,0.0
9163,0.0,0.0,0,0,0.0,0.0,0.0,0.0
9164,0.0,0.0,0,0,0.0,0.0,0.0,0.0
9165,0.0,0.0,0,0,0.0,0.0,0.0,0.0
9166,0.0,0.0,0,0,0.0,0.0,0.0,0.0
9167,0.0,0.0,0,0,0.0,0.0,0.0,0.0
9168,0.0,0.0,0,0,0.0,0.0,0.0,0.0
9169,0.0,0.0,0,0,0.0,0.0,0.0,0.0
9170,0.0,0.0,0,0,0.0,0.0,0.0,0.0
9171,0.0,0.0,0,0,0.0,0.0,0.0,0.0
9172,0.0,0.0,0,0,0.0,0.0,0.0,0.0
9173,0.0,0.0,0,0,0.0,0.0,0.0,0.0
9174,0.0,0.0,0,0,0.0,0.0,0.0,0.0
9175,0.0,0.0,0,0,0.0,0.0,0.0,0.0
9176,0.0,0.0,0,0,0.0,0.0,0.0,0.0
9177,0.0,0.0,0,0,0.0,0.0,0.0,0.0
9178,0.0,0.0,0,0,0.0,0.0,0.0,0.0
9179,0.0,0.0,0,0,0.0,0.0,0.0,0.0
9180,0.0,0.0,0,0,0.0,0.0,0.0,0.0
9181,0.0,0.0,0,0,0.0,0.0,0.0,0.0
9182,0.0,0.0,0,0,0.0,0.0,0.0,0.0
9183,0.0,0.0,0,0,0.0,0.0,0.0,0.0
9184,0.0,0.0,0,0,0.0,0.0,0.0,0.0
9185,0.0,0.0,0,0,0.0,0.0,0.0,0.0
9186,0.0,0.0,0,0,0.0,0.0,0.0,0.0
9187,0.0,0.0,0,0,0.0,0.0,0.0,0.0
9188,0.0,0.0,0,0,0.0,0.0,0.0,0.0
9189,0.0,0.0,0,0,0.0,0.0,0.0,0.0
9190,0.0,0.0,0,0,0.0,0.0,0.0,0.0
9191,0.0,0.0,0,0,0.0,0.0,0.0,0.0
9192,0.0,0.0,0,0,0.0,0.0,0.0,0.0
9193,0.0,0.0,0,0,0.0,0.0,0.0,0.0
9194,0.0,0.0,0,0,0.0,0.0,0.0,0.0
9195,0.0,0.0,0,0,0.0,0.0,0.0,0.0
9196,0.0,0.0,0,0,0.0,0.0,0.0,0.0
9197,0.0,0.0,0,0,0.0,0.0,0.0,0.0
9198,0.0,0.0,0,0,0.0,0.0,0.0,0.0
9199,0.0,0.0,0,0,0.0,0.0,0.0,0.0
9200,0.0,0.0,0,0,0.0,0.0,0.0,0.0
9201,0.0,0.0,0,0,0.0,0.0,0.0,0.0
9202,0.0,0.0,0,0,0.0,0.0,0.0,0.0
9203,0.0,0.0,0,0,0.0,0.0,0.0,0.0
9204,0.0,0.0,0,0,0.0,0.0,0.0,0.0
9205,0.0,0.0,0,0,0.0,0.0,0.0,0.0
9206,0.0,0.0,0,0,0.0,0.0,0.0,0.0
9207,0.0,0.0,0,0,0.0,0.0,0.0,0.0
9208,0.0,0.0,0,0,0.0,0.0,0.0,0.0
9209,0.0,0.0,0,0,0.0,0.0,0.0,0.0
9210,0.0,0.0,0,0,0.0,0.0,0.0,0.0
9211,0.0,0.0,0,0,0.0,0.0,0.0,0.0
9212,0.0,0.0,0,0,0.0,0.0,0.0,0.0
9213,0.0,0.0,0,0,0.0,0.0,0.0,0.0
9214,0.0,0.0,0,0,0.0,0.0,0.0,0.0
9215,0.0,0.0,0,0,0.0,0.0,0.0,0.0
9216,0.0,0.0,0,0,0.0,0.0,0.0,0.0
9217,0.0,0.0,0,0,0.0,0.0,0.0,0.0
9218,0.0,0.0,0,0,0.0,0.0,0.0,0.0
9219,0.0,0.0,0,0,0.0,0.0,0.0,0.0
9220,0.0,0.0,0,0,0.0,0.0,0.0,0.0
9221,0.0,0.0,0,0,0.0,0.0,0.0,0.0
9222,0.0,0.0,0,0,0.0,0.0,0.0,0.0
9223,0.0,0.0,0,0,0.0,0.0,0.0,0.0
9224,0.0,0.0,0,0,0.0,0.0,0.0,0.0
9225,0.0,0.0,0,0,0.0,0.0,0.0,0.0
9226,0.0,0.0,0,0,0.0,0.0,0.0,0.0
9227,0.0,0.0,0,0,0.0,0.0,0.0,0.0
9228,0.0,0.0,0,0,0.0,0.0,0.0,0.0
9229,0.0,0.0,0,0,0.0,0.0,0.0,0.0
9230,0.0,0.0,0,0,0.0,0.0,0.0,0.0
9231,0.0,0.0,0,0,0.0,0.0,0.0,0.0
9232,0.0,0.0,0,0,0.0,0.0,0.0,0.0
9233,0.0,0.0,0,0,0.0,0.0,0.0,0.0
9234,0.0,0.0,0,0,0.0,0.0,0.0,0.0
9235,0.0,0.0,0,0,0.0,0.0,0.0,0.0
9236,0.0,0.0,0,0,0.0,0.0,0.0,0.0
9237,0.0,0.0,0,0,0.0,0.0,0.0,0.0
9238,0.0,0.0,0,0,0.0,0.0,0.0,0.0
9239,0.0,0.0,0,0,0.0,0.0,0.0,0.0
9240,0.0,0.0,0,0,0.0,0.0,0.0,0.0
9241,0.0,0.0,0,0,0.0,0.0,0.0,0.0
9242,0.0,0.0,0,0,0.0,0.0,0.0,0.0
9243,0.0,0.0,0,0,0.0,0.0,0.0,0.0
9244,0.0,0.0,0,0,0.0,0.0,0.0,0.0
9245,0.0,0.0,0,0,0.0,0.0,0.0,0.0
9246,0.0,0.0,0,0,0.0,0.0,0.0,0.0
9247,0.0,0.0,0,0,0.0,0.0,0.0,0.0
9248,0.0,0.0,0,0,0.0,0.0,0.0,0.0
9249,0.0,0.0,0,0,0.0,0.0,0.0,0.0
9250,0.0,0.0,0,0,0.0,0.0,0.0,0.0
9251,0.0,0.0,0,0,0.0,0.0,0.0,0.0
9252,0.0,0.0,0,0,0.0,0.0,0.0,0.0
9253,0.0,0.0,0,0,0.0,0.0,0.0,0.0
9254,0.0,0.0,0,0,0.0,0.0,0.0,0.0
9255,0.0,0.0,0,0,0.0,0.0,0.0,0.0
9256,0.0,0.0,0,0,0.0,0.0,0.0,0.0
9257,0.0,0.0,0,0,0.0,0.0,0.0,0.0
9258,0.0,0.0,0,0,0.0,0.0,0.0,0.0
9259,0.0,0.0,0,0,0.0,0.0,0.0,0.0
9260,0.0,0.0,0,0,0.0,0.0,0.0,0.0
9261,0.0,0.0,0,0,0.0,0.0,0.0,0.0
9262,0.0,0.0,0,0,0.0,0.0,0.0,0.0
9263,0.0,0.0,0,0,0.0,0.0,0.0,0.0
9264,0.0,0.0,0,0,0.0,0.0,0.0,0.0
9265,0.0,0.0,0,0,0.0,0.0,0.0,0.0
9266,0.0,0.0,0,0,0.0,0.0,0.0,0.0
9267,0.0,0.0,0,0,0.0,0.0,0.0,0.0
9268,0.0,0.0,0,0,0.0,0.0,0.0,0.0
9269,0.0,0.0,0,0,0.0,0.0,0.0,0.0
9270,0.0,0.0,0,0,0.0,0.0,0.0,0.0
9271,0.0,0.0,0,0,0.0,0.0,0.0,0.0
9272,0.0,0.0,0,0,0.0,0.0,0.0,0.0
9273,0.0,0.0,0,0,0.0,0.0,0.0,0.0
9274,0.0,0.0,0,0,0.0,0.0,0.0,0.0
9275,0.0,0.0,0,0,0.0,0.0,0.0,0.0
9276,0.0,0.0,0,0,0.0,0.0,0.0,0.0
9277,0.0,0.0,0,0,0.0,0.0,0.0,0.0
9278,0.0,0.0,0,0,0.0,0.0,0.0,0.0
9279,0.0,0.0,0,0,0.0,0.0,0.0,0.0
9280,0.0,0.0,0,0,0.0,0.0,0.0,0.0
9281,0.0,0.0,0,0,0.0,0.0,0.0,0.0
9282,0.0,0.0,0,0,0.0,0.0,0.0,0.0
9283,0.0,0.0,0,0,0.0,0.0,0.0,0.0
9284,0.0,0.0,0,0,0.0,0.0,0.0,0.0
9285,0.0,0.0,0,0,0.0,0.0,0.0,0.0
9286,0.0,0.0,0,0,0.0,0.0,0.0,0.0
9287,0.0,0.0,0,0,0.0,0.0,0.0,0.0
9288,0.0,0.0,0,0,0.0,0.0,0.0,0.0
9289,0.0,0.0,0,0,0.0,0.0,0.0,0.0
9290,0.0,0.0,0,0,0.0,0.0,0.0,0.0
9291,0.0,0.0,0,0,0.0,0.0,0.0,0.0
9292,0.0,0.0,0,0,0.0,0.0,0.0,0.0
9293,0.0,0.0,0,0,0.0,0.0,0.0,0.0
9294,0.0,0.0,0,0,0.0,0.0,0.0,0.0
9295,0.0,0.0,0,0,0.0,0.0,0.0,0.0
9296,0.0,0.0,0,0,0.0,0.0,0.0,0.0
9297,0.0,0.0,0,0,0.0,0.0,0.0,0.0
9298,0.0,0.0,0,0,0.0,0.0,0.0,0.0
9299,0.0,0.0,0,0,0.0,0.0,0.0,0.0
9300,0.0,0.0,0,0,0.0,0.0,0.0,0.0
9301,0.0,0.0,0,0,0.0,0.0,0.0,0.0
9302,0.0,0.0,0,0,0.0,0.0,0.0,0.0
9303,0.0,0.0,0,0,0.0,0.0,0.0,0.0
9304,0.0,0.0,0,0,0.0,0.0,0.0,0.0
9305,0.0,0.0,0,0,0.0,0.0,0.0,0.0
9306,0.0,0.0,0,0,0.0,0.0,0.0,0.0
9307,0.0,0.0,0,0,0.0,0.0,0.0,0.0
9308,0.0,0.0,0,0,0.0,0.0,0.0,0.0
9309,0.0,0.0,0,0,0.0,0.0,0.0,0.0
9310,0.0,0.0,0,0,0.0,0.0,0.0,0.0
9311,0.0,0.0,0,0,0.0,0.0,0.0,0.0
9312,0.0,0.0,0,0,0.0,0.0,0.0,0.0
9313,0.0,0.0,0,0,0.0,0.0,0.0,0.0
9314,0.0,0.0,0,0,0.0,0.0,0.0,0.0
9315,0.0,0.0,0,0,0.0,0.0,0.0,0.0
9316,0.0,0.0,0,0,0.0,0.0,0.0,0.0
9317,0.0,0.0,0,0,0.0,0.0,0.0,0.0
9318,0.0,0.0,0,0,0.0,0.0,0.0,0.0
9319,0.0,0.0,0,0,0.0,0.0,0.0,0.0
9320,0.0,0.0,0,0,0.0,0.0,0.0,0.0
9321,0.0,0.0,0,0,0.0,0.0,0.0,0.0
9322,0.0,0.0,0,0,0.0,0.0,0.0,0.0
9323,0.0,0.0,0,0,0.0,0.0,0.0,0.0
9324,0.0,0.0,0,0,0.0,0.0,0.0,0.0
9325,0.0,0.0,0,0,0.0,0.0,0.0,0.0
9326,0.0,0.0,0,0,0.0,0.0,0.0,0.0
9327,0.0,0.0,0,0,0.0,0.0,0.0,0.0
9328,0.0,0.0,0,0,0.0,0.0,0.0,0.0
9329,0.0,0.0,0,0,0.0,0.0,0.0,0.0
9330,0.0,0.0,0,0,0.0,0.0,0.0,0.0
9331,0.0,0.0,0,0,0.0,0.0,0.0,0.0
9332,0.0,0.0,0,0,0.0,0.0,0.0,0.0
9333,0.0,0.0,0,0,0.0,0.0,0.0,0.0
9334,0.0,0.0,0,0,0.0,0.0,0.0,0.0
9335,0.0,0.0,0,0,0.0,0.0,0.0,0.0
9336,0.0,0.0,0,0,0.0,0.0,0.0,0.0
9337,0.0,0.0,0,0,0.0,0.0,0.0,0.0
9338,0.0,0.0,0,0,0.0,0.0,0.0,0.0
9339,0.0,0.0,0,0,0.0,0.0,0.0,0.0
9340,0.0,0.0,0,0,0.0,0.0,0.0,0.0
9341,0.0,0.0,0,0,0.0,0.0,0.0,0.0
9342,0.0,0.0,0,0,0.0,0.0,0.0,0.0
9343,0.0,0.0,0,0,0.0,0.0,0.0,0.0
9344,0.0,0.0,0,0,0.0,0.0,0.0,0.0
9345,0.0,0.0,0,0,0.0,0.0,0.0,0.0
9346,0.0,0.0,0,0,0.0,0.0,0.0,0.0
9347,0.0,0.0,0,0,0.0,0.0,0.0,0.0
9348,0.0,0.0,0,0,0.0,0.0,0.0,0.0
9349,0.0,0.0,0,0,0.0,0.0,0.0,0.0
9350,0.0,0.0,0,0,0.0,0.0,0.0,0.0
9351,0.0,0.0,0,0,0.0,0.0,0.0,0.0
9352,0.0,0.0,0,0,0.0,0.0,0.0,0.0
9353,0.0,0.0,0,0,0.0,0.0,0.0,0.0
9354,0.0,0.0,0,0,0.0,0.0,0.0,0.0
9355,0.0,0.0,0,0,0.0,0.0,0.0,0.0
9356,0.0,0.0,0,0,0.0,0.0,0.0,0.0
9357,0.0,0.0,0,0,0.0,0.0,0.0,0.0
9358,0.0,0.0,0,0,0.0,0.0,0.0,0.0
9359,0.0,0.0,0,0,0.0,0.0,0.0,0.0
9360,0.0,0.0,0,0,0.0,0.0,0.0,0.0
9361,0.0,0.0,0,0,0.0,0.0,0.0,0.0
9362,0.0,0.0,0,0,0.0,0.0,0.0,0.0
9363,0.0,0.0,0,0,0.0,0.0,0.0,0.0
9364,0.0,0.0,0,0,0.0,0.0,0.0,0.0
9365,0.0,0.0,0,0,0.0,0.0,0.0,0.0
9366,0.0,0.0,0,0,0.0,0.0,0.0,0.0
9367,0.0,0.0,0,0,0.0,0.0,0.0,0.0
9368,0.0,0.0,0,0,0.0,0.0,0.0,0.0
9369,0.0,0.0,0,0,0.0,0.0,0.0,0.0
9370,0.0,0.0,0,0,0.0,0.0,0.0,0.0
9371,0.0,0.0,0,0,0.0,0.0,0.0,0.0
9372,0.0,0.0,0,0,0.0,0.0,0.0,0.0
9373,0.0,0.0,0,0,0.0,0.0,0.0,0.0
9374,0.0,0.0,0,0,0.0,0.0,0.0,0.0
9375,0.0,0.0,0,0,0.0,0.0,0.0,0.0
9376,0.0,0.0,0,0,0.0,0.0,0.0,0.0
9377,0.0,0.0,0,0,0.0,0.0,0.0,0.0
9378,0.0,0.0,0,0,0.0,0.0,0.0,0.0
9379,0.0,0.0,0,0,0.0,0.0,0.0,0.0
9380,0.0,0.0,0,0,0.0,0.0,0.0,0.0
9381,0.0,0.0,0,0,0.0,0.0,0.0,0.0
9382,0.0,0.0,0,0,0.0,0.0,0.0,0.0
9383,0.0,0.0,0,0,0.0,0.0,0.0,0.0
9384,0.0,0.0,0,0,0.0,0.0,0.0,0.0
9385,0.0,0.0,0,0,0.0,0.0,0.0,0.0
9386,0.0,0.0,0,0,0.0,0.0,0.0,0.0
9387,0.0,0.0,0,0,0.0,0.0,0.0,0.0
9388,0.0,0.0,0,0,0.0,0.0,0.0,0.0
9389,0.0,0.0,0,0,0.0,0.0,0.0,0.0
9390,0.0,0.0,0,0,0.0,0.0,0.0,0.0
9391,0.0,0.0,0,0,0.0,0.0,0.0,0.0
9392,0.0,0.0,0,0,0.0,0.0,0.0,0.0
9393,0.0,0.0,0,0,0.0,0.0,0.0,0.0
9394,0.0,0.0,0,0,0.0,0.0,0.0,0.0
9395,0.0,0.0,0,0,0.0,0.0,0.0,0.0
9396,0.0,0.0,0,0,0.0,0.0,0.0,0.0
9397,0.0,0.0,0,0,0.0,0.0,0.0,0.0
9398,0.0,0.0,0,0,0.0,0.0,0.0,0.0
9399,0.0,0.0,0,0,0.0,0.0,0.0,0.0
9400,0.0,0.0,0,0,0.0,0.0,0.0,0.0
9401,0.0,0.0,0,0,0.0,0.0,0.0,0.0
9402,0.0,0.0,0,0,0.0,0.0,0.0,0.0
9403,0.0,0.0,0,0,0.0,0.0,0.0,0.0
9404,0.0,0.0,0,0,0.0,0.0,0.0,0.0
9405,0.0,0.0,0,0,0.0,0.0,0.0,0.0
9406,0.0,0.0,0,0,0.0,0.0,0.0,0.0
9407,0.0,0.0,0,0,0.0,0.0,0.0,0.0
9408,0.0,0.0,0,0,0.0,0.0,0.0,0.0
9409,0.0,0.0,0,0,0.0,0.0,0.0,0.0
9410,0.0,0.0,0,0,0.0,0.0,0.0,0.0
9411,0.0,0.0,0,0,0.0,0.0,0.0,0.0
9412,0.0,0.0,0,0,0.0,0.0,0.0,0.0
9413,0.0,0.0,0,0,0.0,0.0,0.0,0.0
9414,0.0,0.0,0,0,0.0,0.0,0.0,0.0
9415,0.0,0.0,0,0,0.0,0.0,0.0,0.0
9416,0.0,0.0,0,0,0.0,0.0,0.0,0.0
9417,0.0,0.0,0,0,0.0,0.0,0.0,0.0
9418,0.0,0.0,0,0,0.0,0.0,0.0,0.0
9419,0.0,0.0,0,0,0.0,0.0,0.0,0.0
9420,0.0,0.0,0,0,0.0,0.0,0.0,0.0
9421,0.0,0.0,0,0,0.0,0.0,0.0,0.0
9422,0.0,0.0,0,0,0.0,0.0,0.0,0.0
9423,0.0,0.0,0,0,0.0,0.0,0.0,0.0
9424,0.0,0.0,0,0,0.0,0.0,0.0,0.0
9425,0.0,0.0,0,0,0.0,0.0,0.0,0.0
9426,0.0,0.0,0,0,0.0,0.0,0.0,0.0
9427,0.0,0.0,0,0,0.0,0.0,0.0,0.0
9428,0.0,0.0,0,0,0.0,0.0,0.0,0.0
9429,0.0,0.0,0,0,0.0,0.0,0.0,0.0
9430,0.0,0.0,0,0,0.0,0.0,0.0,0.0
9431,0.0,0.0,0,0,0.0,0.0,0.0,0.0
9432,0.0,0.0,0,0,0.0,0.0,0.0,0.0
9433,0.0,0.0,0,0,0.0,0.0,0.0,0.0
9434,0.0,0.0,0,0,0.0,0.0,0.0,0.0
9435,0.0,0.0,0,0,0.0,0.0,0.0,0.0
9436,0.0,0.0,0,0,0.0,0.0,0.0,0.0
9437,0.0,0.0,0,0,0.0,0.0,0.0,0.0
9438,0.0,0.0,0,0,0.0,0.0,0.0,0.0
9439,0.0,0.0,0,0,0.0,0.0,0.0,0.0
9440,0.0,0.0,0,0,0.0,0.0,0.0,0.0
9441,0.0,0.0,0,0,0.0,0.0,0.0,0.0
9442,0.0,0.0,0,0,0.0,0.0,0.0,0.0
9443,0.0,0.0,0,0,0.0,0.0,0.0,0.0
9444,0.0,0.0,0,0,0.0,0.0,0.0,0.0
9445,0.0,0.0,0,0,0.0,0.0,0.0,0.0
9446,0.0,0.0,0,0,0.0,0.0,0.0,0.0
9447,0.0,0.0,0,0,0.0,0.0,0.0,0.0
9448,0.0,0.0,0,0,0.0,0.0,0.0,0.0
9449,0.0,0.0,0,0,0.0,0.0,0.0,0.0
9450,0.0,0.0,0,0,0.0,0.0,0.0,0.0
9451,0.0,0.0,0,0,0.0,0.0,0.0,0.0
9452,0.0,0.0,0,0,0.0,0.0,0.0,0.0
9453,0.0,0.0,0,0,0.0,0.0,0.0,0.0
9454,0.0,0.0,0,0,0.0,0.0,0.0,0.0
9455,0.0,0.0,0,0,0.0,0.0,0.0,0.0
9456,0.0,0.0,0,0,0.0,0.0,0.0,0.0
9457,0.0,0.0,0,0,0.0,0.0,0.0,0.0
9458,0.0,0.0,0,0,0.0,0.0,0.0,0.0
9459,0.0,0.0,0,0,0.0,0.0,0.0,0.0
9460,0.0,0.0,0,0,0.0,0.0,0.0,0.0
9461,0.0,0.0,0,0,0.0,0.0,0.0,0.0
9462,0.0,0.0,0,0,0.0,0.0,0.0,0.0
9463,0.0,0.0,0,0,0.0,0.0,0.0,0.0
9464,0.0,0.0,0,0,0.0,0.0,0.0,0.0
9465,0.0,0.0,0,0,0.0,0.0,0.0,0.0
9466,0.0,0.0,0,0,0.0,0.0,0.0,0.0
9467,0.0,0.0,0,0,0.0,0.0,0.0,0.0
9468,0.0,0.0,0,0,0.0,0.0,0.0,0.0
9469,0.0,0.0,0,0,0.0,0.0,0.0,0.0
9470,0.0,0.0,0,0,0.0,0.0,0.0,0.0
9471,0.0,0.0,0,0,0.0,0.0,0.0,0.0
9472,0.0,0.0,0,0,0.0,0.0,0.0,0.0
9473,0.0,0.0,0,0,0.0,0.0,0.0,0.0
9474,0.0,0.0,0,0,0.0,0.0,0.0,0.0
9475,0.0,0.0,0,0,0.0,0.0,0.0,0.0
9476,0.0,0.0,0,0,0.0,0.0,0.0,0.0
9477,0.0,0.0,0,0,0.0,0.0,0.0,0.0
9478,0.0,0.0,0,0,0.0,0.0,0.0,0.0
9479,0.0,0.0,0,0,0.0,0.0,0.0,0.0
9480,0.0,0.0,0,0,0.0,0.0,0.0,0.0
9481,0.0,0.0,0,0,0.0,0.0,0.0,0.0
9482,0.0,0.0,0,0,0.0,0.0,0.0,0.0
9483,0.0,0.0,0,0,0.0,0.0,0.0,0.0
9484,0.0,0.0,0,0,0.0,0.0,0.0,0.0
9485,0.0,0.0,0,0,0.0,0.0,0.0,0.0
9486,0.0,0.0,0,0,0.0,0.0,0.0,0.0
9487,0.0,0.0,0,0,0.0,0.0,0.0,0.0
9488,0.0,0.0,0,0,0.0,0.0,0.0,0.0
9489,0.0,0.0,0,0,0.0,0.0,0.0,0.0
9490,0.0,0.0,0,0,0.0,0.0,0.0,0.0
9491,0.0,0.0,0,0,0.0,0.0,0.0,0.0
9492,0.0,0.0,0,0,0.0,0.0,0.0,0.0
9493,0.0,0.0,0,0,0.0,0.0,0.0,0.0
9494,0.0,0.0,0,0,0.0,0.0,0.0,0.0
9495,0.0,0.0,0,0,0.0,0.0,0.0,0.0
9496,0.0,0.0,0,0,0.0,0.0,0.0,0.0
9497,0.0,0.0,0,0,0.0,0.0,0.0,0.0
9498,0.0,0.0,0,0,0.0,0.0,0.0,0.0
9499,0.0,0.0,0,0,0.0,0.0,0.0,0.0
9500,0.0,0.0,0,0,0.0,0.0,0.0,0.0
9501,0.0,0.0,0,0,0.0,0.0,0.0,0.0
9502,0.0,0.0,0,0,0.0,0.0,0.0,0.0
9503,0.0,0.0,0,0,0.0,0.0,0.0,0.0
9504,0.0,0.0,0,0,0.0,0.0,0.0,0.0
9505,0.0,0.0,0,0,0.0,0.0,0.0,0.0
9506,0.0,0.0,0,0,0.0,0.0,0.0,0.0
9507,0.0,0.0,0,0,0.0,0.0,0.0,0.0
9508,0.0,0.0,0,0,0.0,0.0,0.0,0.0
9509,0.0,0.0,0,0,0.0,0.0,0.0,0.0
9510,0.0,0.0,0,0,0.0,0.0,0.0,0.0
9511,0.0,0.0,0,0,0.0,0.0,0.0,0.0
9512,0.0,0.0,0,0,0.0,0.0,0.0,0.0
9513,0.0,0.0,0,0,0.0,0.0,0.0,0.0
9514,0.0,0.0,0,0,0.0,0.0,0.0,0.0
9515,0.0,0.0,0,0,0.0,0.0,0.0,0.0
9516,0.0,0.0,0,0,0.0,0.0,0.0,0.0
9517,0.0,0.0,0,0,0.0,0.0,0.0,0.0
9518,0.0,0.0,0,0,0.0,0.0,0.0,0.0
9519,0.0,0.0,0,0,0.0,0.0,0.0,0.0
9520,0.0,0.0,0,0,0.0,0.0,0.0,0.0
9521,0.0,0.0,0,0,0.0,0.0,0.0,0.0
9522,0.0,0.0,0,0,0.0,0.0,0.0,0.0
9523,0.0,0.0,0,0,0.0,0.0,0.0,0.0
9524,0.0,0.0,0,0,0.0,0.0,0.0,0.0
9525,0.0,0.0,0,0,0.0,0.0,0.0,0.0
9526,0.0,0.0,0,0,0.0,0.0,0.0,0.0
9527,0.0,0.0,0,0,0.0,0.0,0.0,0.0
9528,0.0,0.0,0,0,0.0,0.0,0.0,0.0
9529,0.0,0.0,0,0,0.0,0.0,0.0,0.0
9530,0.0,0.0,0,0,0.0,0.0,0.0,0.0
9531,0.0,0.0,0,0,0.0,0.0,0.0,0.0
9532,0.0,0.0,0,0,0.0,0.0,0.0,0.0
9533,0.0,0.0,0,0,0.0,0.0,0.0,0.0
9534,0.0,0.0,0,0,0.0,0.0,0.0,0.0
9535,0.0,0.0,0,0,0.0,0.0,0.0,0.0
9536,0.0,0.0,0,0,0.0,0.0,0.0,0.0
9537,0.0,0.0,0,0,0.0,0.0,0.0,0.0
9538,0.0,0.0,0,0,0.0,0.0,0.0,0.0
9539,0.0,0.0,0,0,0.0,0.0,0.0,0.0
9540,0.0,0.0,0,0,0.0,0.0,0.0,0.0
9541,0.0,0.0,0,0,0.0,0.0,0.0,0.0
9542,0.0,0.0,0,0,0.0,0.0,0.0,0.0
9543,0.0,0.0,0,0,0.0,0.0,0.0,0.0
9544,0.0,0.0,0,0,0.0,0.0,0.0,0.0
9545,0.0,0.0,0,0,0.0,0.0,0.0,0.0
9546,0.0,0.0,0,0,0.0,0.0,0.0,0.0
9547,0.0,0.0,0,0,0.0,0.0,0.0,0.0
9548,0.0,0.0,0,0,0.0,0.0,0.0,0.0
9549,0.0,0.0,0,0,0.0,0.0,0.0,0.0
9550,0.0,0.0,0,0,0.0,0.0,0.0,0.0
9551,0.0,0.0,0,0,0.0,0.0,0.0,0.0
9552,0.0,0.0,0,0,0.0,0.0,0.0,0.0
9553,0.0,0.0,0,0,0.0,0.0,0.0,0.0
9554,0.0,0.0,0,0,0.0,0.0,0.0,0.0
9555,0.0,0.0,0,0,0.0,0.0,0.0,0.0
9556,0.0,0.0,0,0,0.0,0.0,0.0,0.0
9557,0.0,0.0,0,0,0.0,0.0,0.0,0.0
9558,0.0,0.0,0,0,0.0,0.0,0.0,0.0
9559,0.0,0.0,0,0,0.0,0.0,0.0,0.0
9560,0.0,0.0,0,0,0.0,0.0,0.0,0.0
9561,0.0,0.0,0,0,0.0,0.0,0.0,0.0
9562,0.0,0.0,0,0,0.0,0.0,0.0,0.0
9563,0.0,0.0,0,0,0.0,0.0,0.0,0.0
9564,0.0,0.0,0,0,0.0,0.0,0.0,0.0
9565,0.0,0.0,0,0,0.0,0.0,0.0,0.0
9566,0.0,0.0,0,0,0.0,0.0,0.0,0.0
9567,0.0,0.0,0,0,0.0,0.0,0.0,0.0
9568,0.0,0.0,0,0,0.0,0.0,0.0,0.0
9569,0.0,0.0,0,0,0.0,0.0,0.0,0.0
9570,0.0,0.0,0,0,0.0,0.0,0.0,0.0
9571,0.0,0.0,0,0,0.0,0.0,0.0,0.0
9572,0.0,0.0,0,0,0.0,0.0,0.0,0.0
9573,0.0,0.0,0,0,0.0,0.0,0.0,0.0
9574,0.0,0.0,0,0,0.0,0.0,0.0,0.0
9575,0.0,0.0,0,0,0.0,0.0,0.0,0.0
9576,0.0,0.0,0,0,0.0,0.0,0.0,0.0
9577,0.0,0.0,0,0,0.0,0.0,0.0,0.0
9578,0.0,0.0,0,0,0.0,0.0,0.0,0.0
9579,0.0,0.0,0,0,0.0,0.0,0.0,0.0
9580,0.0,0.0,0,0,0.0,0.0,0.0,0.0
9581,0.0,0.0,0,0,0.0,0.0,0.0,0.0
9582,0.0,0.0,0,0,0.0,0.0,0.0,0.0
9583,0.0,0.0,0,0,0.0,0.0,0.0,0.0
9584,0.0,0.0,0,0,0.0,0.0,0.0,0.0
9585,0.0,0.0,0,0,0.0,0.0,0.0,0.0
9586,0.0,0.0,0,0,0.0,0.0,0.0,0.0
9587,0.0,0.0,0,0,0.0,0.0,0.0,0.0
9588,0.0,0.0,0,0,0.0,0.0,0.0,0.0
9589,0.0,0.0,0,0,0.0,0.0,0.0,0.0
9590,0.0,0.0,0,0,0.0,0.0,0.0,0.0
9591,0.0,0.0,0,0,0.0,0.0,0.0,0.0
9592,0.0,0.0,0,0,0.0,0.0,0.0,0.0
9593,0.0,0.0,0,0,0.0,0.0,0.0,0.0
9594,0.0,0.0,0,0,0.0,0.0,0.0,0.0
9595,0.0,0.0,0,0,0.0,0.0,0.0,0.0
9596,0.0,0.0,0,0,0.0,0.0,0.0,0.0
9597,0.0,0.0,0,0,0.0,0.0,0.0,0.0
9598,0.0,0.0,0,0,0.0,0.0,0.0,0.0
9599,0.0,0.0,0,0,0.0,0.0,0.0,0.0
9600,0.0,0.0,0,0,0.0,0.0,0.0,0.0
9601,0.0,0.0,0,0,0.0,0.0,0.0,0.0
9602,0.0,0.0,0,0,0.0,0.0,0.0,0.0
9603,0.0,0.0,0,0,0.0,0.0,0.0,0.0
9604,0.0,0.0,0,0,0.0,0.0,0.0,0.0
9605,0.0,0.0,0,0,0.0,0.0,0.0,0.0
9606,0.0,0.0,0,0,0.0,0.0,0.0,0.0
9607,0.0,0.0,0,0,0.0,0.0,0.0,0.0
9608,0.0,0.0,0,0,0.0,0.0,0.0,0.0
9609,0.0,0.0,0,0,0.0,0.0,0.0,0.0
9610,0.0,0.0,0,0,0.0,0.0,0.0,0.0
9611,0.0,0.0,0,0,0.0,0.0,0.0,0.0
9612,0.0,0.0,0,0,0.0,0.0,0.0,0.0
9613,0.0,0.0,0,0,0.0,0.0,0.0,0.0
9614,0.0,0.0,0,0,0.0,0.0,0.0,0.0
9615,0.0,0.0,0,0,0.0,0.0,0.0,0.0
9616,0.0,0.0,0,0,0.0,0.0,0.0,0.0
9617,0.0,0.0,0,0,0.0,0.0,0.0,0.0
9618,0.0,0.0,0,0,0.0,0.0,0.0,0.0
9619,0.0,0.0,0,0,0.0,0.0,0.0,0.0
9620,0.0,0.0,0,0,0.0,0.0,0.0,0.0
9621,0.0,0.0,0,0,0.0,0.0,0.0,0.0
9622,0.0,0.0,0,0,0.0,0.0,0.0,0.0
9623,0.0,0.0,0,0,0.0,0.0,0.0,0.0
9624,0.0,0.0,0,0,0.0,0.0,0.0,0.0
9625,0.0,0.0,0,0,0.0,0.0,0.0,0.0
9626,0.0,0.0,0,0,0.0,0.0,0.0,0.0
9627,0.0,0.0,0,0,0.0,0.0,0.0,0.0
9628,0.0,0.0,0,0,0.0,0.0,0.0,0.0
9629,0.0,0.0,0,0,0.0,0.0,0.0,0.0
9630,0.0,0.0,0,0,0.0,0.0,0.0,0.0
9631,0.0,0.0,0,0,0.0,0.0,0.0,0.0
9632,0.0,0.0,0,0,0.0,0.0,0.0,0.0
9633,0.0,0.0,0,0,0.0,0.0,0.0,0.0
9634,0.0,0.0,0,0,0.0,0.0,0.0,0.0
9635,0.0,0.0,0,0,0.0,0.0,0.0,0.0
9636,0.0,0.0,0,0,0.0,0.0,0.0,0.0
9637,0.0,0.0,0,0,0.0,0.0,0.0,0.0
9638,0.0,0.0,0,0,0.0,0.0,0.0,0.0
9639,0.0,0.0,0,0,0.0,0.0,0.0,0.0
9640,0.0,0.0,0,0,0.0,0.0,0.0,0.0
9641,0.0,0.0,0,0,0.0,0.0,0.0,0.0
9642,0.0,0.0,0,0,0.0,0.0,0.0,0.0
9643,0.0,0.0,0,0,0.0,0.0,0.0,0.0
9644,0.0,0.0,0,0,0.0,0.0,0.0,0.0
9645,0.0,0.0,0,0,0.0,0.0,0.0,0.0
9646,0.0,0.0,0,0,0.0,0.0,0.0,0.0
9647,0.0,0.0,0,0,0.0,0.0,0.0,0.0
9648,0.0,0.0,0,0,0.0,0.0,0.0,0.0
9649,0.0,0.0,0,0,0.0,0.0,0.0,0.0
9650,0.0,0.0,0,0,0.0,0.0,0.0,0.0
9651,0.0,0.0,0,0,0.0,0.0,0.0,0.0
9652,0.0,0.0,0,0,0.0,0.0,0.0,0.0
9653,0.0,0.0,0,0,0.0,0.0,0.0,0.0
9654,0.0,0.0,0,0,0.0,0.0,0.0,0.0
9655,0.0,0.0,0,0,0.0,0.0,0.0,0.0
9656,0.0,0.0,0,0,0.0,0.0,0.0,0.0
9657,0.0,0.0,0,0,0.0,0.0,0.0,0.0
9658,0.0,0.0,0,0,0.0,0.0,0.0,0.0
9659,0.0,0.0,0,0,0.0,0.0,0.0,0.0
9660,0.0,0.0,0,0,0.0,0.0,0.0,0.0
9661,0.0,0.0,0,0,0.0,0.0,0.0,0.0
9662,0.0,0.0,0,0,0.0,0.0,0.0,0.0
9663,0.0,0.0,0,0,0.0,0.0,0.0,0.0
9664,0.0,0.0,0,0,0.0,0.0,0.0,0.0
9665,0.0,0.0,0,0,0.0,0.0,0.0,0.0
9666,0.0,0.0,0,0,0.0,0.0,0.0,0.0
9667,0.0,0.0,0,0,0.0,0.0,0.0,0.0
9668,0.0,0.0,0,0,0.0,0.0,0.0,0.0
9669,0.0,0.0,0,0,0.0,0.0,0.0,0.0
9670,0.0,0.0,0,0,0.0,0.0,0.0,0.0
9671,0.0,0.0,0,0,0.0,0.0,0.0,0.0
9672,0.0,0.0,0,0,0.0,0.0,0.0,0.0
9673,0.0,0.0,0,0,0.0,0.0,0.0,0.0
9674,0.0,0.0,0,0,0.0,0.0,0.0,0.0
9675,0.0,0.0,0,0,0.0,0.0,0.0,0.0
9676,0.0,0.0,0,0,0.0,0.0,0.0,0.0
9677,0.0,0.0,0,0,0.0,0.0,0.0,0.0
9678,0.0,0.0,0,0,0.0,0.0,0.0,0.0
9679,0.0,0.0,0,0,0.0,0.0,0.0,0.0
9680,0.0,0.0,0,0,0.0,0.0,0.0,0.0
9681,0.0,0.0,0,0,0.0,0.0,0.0,0.0
9682,0.0,0.0,0,0,0.0,0.0,0.0,0.0
9683,0.0,0.0,0,0,0.0,0.0,0.0,0.0
9684,0.0,0.0,0,0,0.0,0.0,0.0,0.0
9685,0.0,0.0,0,0,0.0,0.0,0.0,0.0
9686,0.0,0.0,0,0,0.0,0.0,0.0,0.0
9687,0.0,0.0,0,0,0.0,0.0,0.0,0.0
9688,0.0,0.0,0,0,0.0,0.0,0.0,0.0
9689,0.0,0.0,0,0,0.0,0.0,0.0,0.0
9690,0.0,0.0,0,0,0.0,0.0,0.0,0.0
9691,0.0,0.0,0,0,0.0,0.0,0.0,0.0
9692,0.0,0.0,0,0,0.0,0.0,0.0,0.0
9693,0.0,0.0,0,0,0.0,0.0,0.0,0.0
9694,0.0,0.0,0,0,0.0,0.0,0.0,0.0
9695,0.0,0.0,0,0,0.0,0.0,0.0,0.0
9696,0.0,0.0,0,0,0.0,0.0,0.0,0.0
9697,0.0,0.0,0,0,0.0,0.0,0.0,0.0
9698,0.0,0.0,0,0,0.0,0.0,0.0,0.0
9699,0.0,0.0,0,0,0.0,0.0,0.0,0.0
9700,0.0,0.0,0,0,0.0,0.0,0.0,0.0
9701,0.0,0.0,0,0,0.0,0.0,0.0,0.0
9702,0.0,0.0,0,0,0.0,0.0,0.0,0.0
9703,0.0,0.0,0,0,0.0,0.0,0.0,0.0
9704,0.0,0.0,0,0,0.0,0.0,0.0,0.0
9705,0.0,0.0,0,0,0.0,0.0,0.0,0.0
9706,0.0,0.0,0,0,0.0,0.0,0.0,0.0
9707,0.0,0.0,0,0,0.0,0.0,0.0,0.0
9708,0.0,0.0,0,0,0.0,0.0,0.0,0.0
9709,0.0,0.0,0,0,0.0,0.0,0.0,0.0
9710,0.0,0.0,0,0,0.0,0.0,0.0,0.0
9711,0.0,0.0,0,0,0.0,0.0,0.0,0.0
9712,0.0,0.0,0,0,0.0,0.0,0.0,0.0
9713,0.0,0.0,0,0,0.0,0.0,0.0,0.0
9714,0.0,0.0,0,0,0.0,0.0,0.0,0.0
9715,0.0,0.0,0,0,0.0,0.0,0.0,0.0
9716,0.0,0.0,0,0,0.0,0.0,0.0,0.0
9717,0.0,0.0,0,0,0.0,0.0,0.0,0.0
9718,0.0,0.0,0,0,0.0,0.0,0.0,0.0
9719,0.0,0.0,0,0,0.0,0.0,0.0,0.0
9720,0.0,0.0,0,0,0.0,0.0,0.0,0.0
9721,0.0,0.0,0,0,0.0,0.0,0.0,0.0
9722,0.0,0.0,0,0,0.0,0.0,0.0,0.0
9723,0.0,0.0,0,0,0.0,0.0,0.0,0.0
9724,0.0,0.0,0,0,0.0,0.0,0.0,0.0
9725,0.0,0.0,0,0,0.0,0.0,0.0,0.0
9726,0.0,0.0,0,0,0.0,0.0,0.0,0.0
9727,0.0,0.0,0,0,0.0,0.0,0.0,0.0
9728,0.0,0.0,0,0,0.0,0.0,0.0,0.0
9729,0.0,0.0,0,0,0.0,0.0,0.0,0.0
9730,0.0,0.0,0,0,0.0,0.0,0.0,0.0
9731,0.0,0.0,0,0,0.0,0.0,0.0,0.0
9732,0.0,0.0,0,0,0.0,0.0,0.0,0.0
9733,0.0,0.0,0,0,0.0,0.0,0.0,0.0
9734,0.0,0.0,0,0,0.0,0.0,0.0,0.0
9735,0.0,0.0,0,0,0.0,0.0,0.0,0.0
9736,0.0,0.0,0,0,0.0,0.0,0.0,0.0
9737,0.0,0.0,0,0,0.0,0.0,0.0,0.0
9738,0.0,0.0,0,0,0.0,0.0,0.0,0.0
9739,0.0,0.0,0,0,0.0,0.0,0.0,0.0
9740,0.0,0.0,0,0,0.0,0.0,0.0,0.0
9741,0.0,0.0,0,0,0.0,0.0,0.0,0.0
9742,0.0,0.0,0,0,0.0,0.0,0.0,0.0
9743,0.0,0.0,0,0,0.0,0.0,0.0,0.0
9744,0.0,0.0,0,0,0.0,0.0,0.0,0.0
9745,0.0,0.0,0,0,0.0,0.0,0.0,0.0
9746,0.0,0.0,0,0,0.0,0.0,0.0,0.0
9747,0.0,0.0,0,0,0.0,0.0,0.0,0.0
9748,0.0,0.0,0,0,0.0,0.0,0.0,0.0
9749,0.0,0.0,0,0,0.0,0.0,0.0,0.0
9750,0.0,0.0,0,0,0.0,0.0,0.0,0.0
9751,0.0,0.0,0,0,0.0,0.0,0.0,0.0
9752,0.0,0.0,0,0,0.0,0.0,0.0,0.0
9753,0.0,0.0,0,0,0.0,0.0,0.0,0.0
9754,0.0,0.0,0,0,0.0,0.0,0.0,0.0
9755,0.0,0.0,0,0,0.0,0.0,0.0,0.0
9756,0.0,0.0,0,0,0.0,0.0,0.0,0.0
9757,0.0,0.0,0,0,0.0,0.0,0.0,0.0
9758,0.0,0.0,0,0,0.0,0.0,0.0,0.0
9759,0.0,0.0,0,0,0.0,0.0,0.0,0.0
9760,0.0,0.0,0,0,0.0,0.0,0.0,0.0
9761,0.0,0.0,0,0,0.0,0.0,0.0,0.0
9762,0.0,0.0,0,0,0.0,0.0,0.0,0.0
9763,0.0,0.0,0,0,0.0,0.0,0.0,0.0
9764,0.0,0.0,0,0,0.0,0.0,0.0,0.0
9765,0.0,0.0,0,0,0.0,0.0,0.0,0.0
9766,0.0,0.0,0,0,0.0,0.0,0.0,0.0
9767,0.0,0.0,0,0,0.0,0.0,0.0,0.0
9768,0.0,0.0,0,0,0.0,0.0,0.0,0.0
9769,0.0,0.0,0,0,0.0,0.0,0.0,0.0
9770,0.0,0.0,0,0,0.0,0.0,0.0,0.0
9771,0.0,0.0,0,0,0.0,0.0,0.0,0.0
9772,0.0,0.0,0,0,0.0,0.0,0.0,0.0
9773,0.0,0.0,0,0,0.0,0.0,0.0,0.0
9774,0.0,0.0,0,0,0.0,0.0,0.0,0.0
9775,0.0,0.0,0,0,0.0,0.0,0.0,0.0
9776,0.0,0.0,0,0,0.0,0.0,0.0,0.0
9777,0.0,0.0,0,0,0.0,0.0,0.0,0.0
9778,0.0,0.0,0,0,0.0,0.0,0.0,0.0
9779,0.0,0.0,0,0,0.0,0.0,0.0,0.0
9780,0.0,0.0,0,0,0.0,0.0,0.0,0.0
9781,0.0,0.0,0,0,0.0,0.0,0.0,0.0
9782,0.0,0.0,0,0,0.0,0.0,0.0,0.0
9783,0.0,0.0,0,0,0.0,0.0,0.0,0.0
9784,0.0,0.0,0,0,0.0,0.0,0.0,0.0
9785,0.0,0.0,0,0,0.0,0.0,0.0,0.0
9786,0.0,0.0,0,0,0.0,0.0,0.0,0.0
9787,0.0,0.0,0,0,0.0,0.0,0.0,0.0
9788,0.0,0.0,0,0,0.0,0.0,0.0,0.0
9789,0.0,0.0,0,0,0.0,0.0,0.0,0.0
9790,0.0,0.0,0,0,0.0,0.0,0.0,0.0
9791,0.0,0.0,0,0,0.0,0.0,0.0,0.0
9792,0.0,0.0,0,0,0.0,0.0,0.0,0.0
9793,0.0,0.0,0,0,0.0,0.0,0.0,0.0
9794,0.0,0.0,0,0,0.0,0.0,0.0,0.0
9795,0.0,0.0,0,0,0.0,0.0,0.0,0.0
9796,0.0,0.0,0,0,0.0,0.0,0.0,0.0
9797,0.0,0.0,0,0,0.0,0.0,0.0,0.0
9798,0.0,0.0,0,0,0.0,0.0,0.0,0.0
9799,0.0,0.0,0,0,0.0,0.0,0.0,0.0
9800,0.0,0.0,0,0,0.0,0.0,0.0,0.0
9801,0.0,0.0,0,0,0.0,0.0,0.0,0.0
9802,0.0,0.0,0,0,0.0,0.0,0.0,0.0
9803,0.0,0.0,0,0,0.0,0.0,0.0,0.0
9804,0.0,0.0,0,0,0.0,0.0,0.0,0.0
9805,0.0,0.0,0,0,0.0,0.0,0.0,0.0
9806,0.0,0.0,0,0,0.0,0.0,0.0,0.0
9807,0.0,0.0,0,0,0.0,0.0,0.0,0.0
9808,0.0,0.0,0,0,0.0,0.0,0.0,0.0
9809,0.0,0.0,0,0,0.0,0.0,0.0,0.0
9810,0.0,0.0,0,0,0.0,0.0,0.0,0.0
9811,0.0,0.0,0,0,0.0,0.0,0.0,0.0
9812,0.0,0.0,0,0,0.0,0.0,0.0,0.0
9813,0.0,0.0,0,0,0.0,0.0,0.0,0.0
9814,0.0,0.0,0,0,0.0,0.0,0.0,0.0
9815,0.0,0.0,0,0,0.0,0.0,0.0,0.0
9816,0.0,0.0,0,0,0.0,0.0,0.0,0.0
9817,0.0,0.0,0,0,0.0,0.0,0.0,0.0
9818,0.0,0.0,0,0,0.0,0.0,0.0,0.0
9819,0.0,0.0,0,0,0.0,0.0,0.0,0.0
9820,0.0,0.0,0,0,0.0,0.0,0.0,0.0
9821,0.0,0.0,0,0,0.0,0.0,0.0,0.0
9822,0.0,0.0,0,0,0.0,0.0,0.0,0.0
9823,0.0,0.0,0,0,0.0,0.0,0.0,0.0
9824,0.0,0.0,0,0,0.0,0.0,0.0,0.0
9825,0.0,0.0,0,0,0.0,0.0,0.0,0.0
9826,0.0,0.0,0,0,0.0,0.0,0.0,0.0
9827,0.0,0.0,0,0,0.0,0.0,0.0,0.0
9828,0.0,0.0,0,0,0.0,0.0,0.0,0.0
9829,0.0,0.0,0,0,0.0,0.0,0.0,0.0
9830,0.0,0.0,0,0,0.0,0.0,0.0,0.0
9831,0.0,0.0,0,0,0.0,0.0,0.0,0.0
9832,0.0,0.0,0,0,0.0,0.0,0.0,0.0
9833,0.0,0.0,0,0,0.0,0.0,0.0,0.0
9834,0.0,0.0,0,0,0.0,0.0,0.0,0.0
9835,0.0,0.0,0,0,0.0,0.0,0.0,0.0
9836,0.0,0.0,0,0,0.0,0.0,0.0,0.0
9837,0.0,0.0,0,0,0.0,0.0,0.0,0.0
9838,0.0,0.0,0,0,0.0,0.0,0.0,0.0
9839,0.0,0.0,0,0,0.0,0.0,0.0,0.0
9840,0.0,0.0,0,0,0.0,0.0,0.0,0.0
9841,0.0,0.0,0,0,0.0,0.0,0.0,0.0
9842,0.0,0.0,0,0,0.0,0.0,0.0,0.0
9843,0.0,0.0,0,0,0.0,0.0,0.0,0.0
9844,0.0,0.0,0,0,0.0,0.0,0.0,0.0
9845,0.0,0.0,0,0,0.0,0.0,0.0,0.0
9846,0.0,0.0,0,0,0.0,0.0,0.0,0.0
9847,0.0,0.0,0,0,0.0,0.0,0.0,0.0
9848,0.0,0.0,0,0,0.0,0.0,0.0,0.0
9849,0.0,0.0,0,0,0.0,0.0,0.0,0.0
9850,0.0,0.0,0,0,0.0,0.0,0.0,0.0
9851,0.0,0.0,0,0,0.0,0.0,0.0,0.0
9852,0.0,0.0,0,0,0.0,0.0,0.0,0.0
9853,0.0,0.0,0,0,0.0,0.0,0.0,0.0
9854,0.0,0.0,0,0,0.0,0.0,0.0,0.0
9855,0.0,0.0,0,0,0.0,0.0,0.0,0.0
9856,0.0,0.0,0,0,0.0,0.0,0.0,0.0
9857,0.0,0.0,0,0,0.0,0.0,0.0,0.0
9858,0.0,0.0,0,0,0.0,0.0,0.0,0.0
9859,0.0,0.0,0,0,0.0,0.0,0.0,0.0
9860,0.0,0.0,0,0,0.0,0.0,0.0,0.0
9861,0.0,0.0,0,0,0.0,0.0,0.0,0.0
9862,0.0,0.0,0,0,0.0,0.0,0.0,0.0
9863,0.0,0.0,0,0,0.0,0.0,0.0,0.0
9864,0.0,0.0,0,0,0.0,0.0,0.0,0.0
9865,0.0,0.0,0,0,0.0,0.0,0.0,0.0
9866,0.0,0.0,0,0,0.0,0.0,0.0,0.0
9867,0.0,0.0,0,0,0.0,0.0,0.0,0.0
9868,0.0,0.0,0,0,0.0,0.0,0.0,0.0
9869,0.0,0.0,0,0,0.0,0.0,0.0,0.0
9870,0.0,0.0,0,0,0.0,0.0,0.0,0.0
9871,0.0,0.0,0,0,0.0,0.0,0.0,0.0
9872,0.0,0.0,0,0,0.0,0.0,0.0,0.0
9873,0.0,0.0,0,0,0.0,0.0,0.0,0.0
9874,0.0,0.0,0,0,0.0,0.0,0.0,0.0
9875,0.0,0.0,0,0,0.0,0.0,0.0,0.0
9876,0.0,0.0,0,0,0.0,0.0,0.0,0.0
9877,0.0,0.0,0,0,0.0,0.0,0.0,0.0
9878,0.0,0.0,0,0,0.0,0.0,0.0,0.0
9879,0.0,0.0,0,0,0.0,0.0,0.0,0.0
9880,0.0,0.0,0,0,0.0,0.0,0.0,0.0
9881,0.0,0.0,0,0,0.0,0.0,0.0,0.0
9882,0.0,0.0,0,0,0.0,0.0,0.0,0.0
9883,0.0,0.0,0,0,0.0,0.0,0.0,0.0
9884,0.0,0.0,0,0,0.0,0.0,0.0,0.0
9885,0.0,0.0,0,0,0.0,0.0,0.0,0.0
9886,0.0,0.0,0,0,0.0,0.0,0.0,0.0
9887,0.0,0.0,0,0,0.0,0.0,0.0,0.0
9888,0.0,0.0,0,0,0.0,0.0,0.0,0.0
9889,0.0,0.0,0,0,0.0,0.0,0.0,0.0
9890,0.0,0.0,0,0,0.0,0.0,0.0,0.0
9891,0.0,0.0,0,0,0.0,0.0,0.0,0.0
9892,0.0,0.0,0,0,0.0,0.0,0.0,0.0
9893,0.0,0.0,0,0,0.0,0.0,0.0,0.0
9894,0.0,0.0,0,0,0.0,0.0,0.0,0.0
9895,0.0,0.0,0,0,0.0,0.0,0.0,0.0
9896,0.0,0.0,0,0,0.0,0.0,0.0,0.0
9897,0.0,0.0,0,0,0.0,0.0,0.0,0.0
9898,0.0,0.0,0,0,0.0,0.0,0.0,0.0
9899,0.0,0.0,0,0,0.0,0.0,0.0,0.0
9900,0.0,0.0,0,0,0.0,0.0,0.0,0.0
9901,0.0,0.0,0,0,0.0,0.0,0.0,0.0
9902,0.0,0.0,0,0,0.0,0.0,0.0,0.0
9903,0.0,0.0,0,0,0.0,0.0,0.0,0.0
9904,0.0,0.0,0,0,0.0,0.0,0.0,0.0
9905,0.0,0.0,0,0,0.0,0.0,0.0,0.0
9906,0.0,0.0,0,0,0.0,0.0,0.0,0.0
9907,0.0,0.0,0,0,0.0,0.0,0.0,0.0
9908,0.0,0.0,0,0,0.0,0.0,0.0,0.0
9909,0.0,0.0,0,0,0.0,0.0,0.0,0.0
9910,0.0,0.0,0,0,0.0,0.0,0.0,0.0
9911,0.0,0.0,0,0,0.0,0.0,0.0,0.0
9912,0.0,0.0,0,0,0.0,0.0,0.0,0.0
9913,0.0,0.0,0,0,0.0,0.0,0.0,0.0
9914,0.0,0.0,0,0,0.0,0.0,0.0,0.0
9915,0.0,0.0,0,0,0.0,0.0,0.0,0.0
9916,0.0,0.0,0,0,0.0,0.0,0.0,0.0
9917,0.0,0.0,0,0,0.0,0.0,0.0,0.0
9918,0.0,0.0,0,0,0.0,0.0,0.0,0.0
9919,0.0,0.0,0,0,0.0,0.0,0.0,0.0
9920,0.0,0.0,0,0,0.0,0.0,0.0,0.0
9921,0.0,0.0,0,0,0.0,0.0,0.0,0.0
9922,0.0,0.0,0,0,0.0,0.0,0.0,0.0
9923,0.0,0.0,0,0,0.0,0.0,0.0,0.0
9924,0.0,0.0,0,0,0.0,0.0,0.0,0.0
9925,0.0,0.0,0,0,0.0,0.0,0.0,0.0
9926,0.0,0.0,0,0,0.0,0.0,0.0,0.0
9927,0.0,0.0,0,0,0.0,0.0,0.0,0.0
9928,0.0,0.0,0,0,0.0,0.0,0.0,0.0
9929,0.0,0.0,0,0,0.0,0.0,0.0,0.0
9930,0.0,0.0,0,0,0.0,0.0,0.0,0.0
9931,0.0,0.0,0,0,0.0,0.0,0.0,0.0
9932,0.0,0.0,0,0,0.0,0.0,0.0,0.0
9933,0.0,0.0,0,0,0.0,0.0,0.0,0.0
9934,0.0,0.0,0,0,0.0,0.0,0.0,0.0
9935,0.0,0.0,0,0,0.0,0.0,0.0,0.0
9936,0.0,0.0,0,0,0.0,0.0,0.0,0.0
9937,0.0,0.0,0,0,0.0,0.0,0.0,0.0
9938,0.0,0.0,0,0,0.0,0.0,0.0,0.0
9939,0.0,0.0,0,0,0.0,0.0,0.0,0.0
9940,0.0,0.0,0,0,0.0,0.0,0.0,0.0
9941,0.0,0.0,0,0,0.0,0.0,0.0,0.0
9942,0.0,0.0,0,0,0.0,0.0,0.0,0.0
9943,0.0,0.0,0,0,0.0,0.0,0.0,0.0
9944,0.0,0.0,0,0,0.0,0.0,0.0,0.0
9945,0.0,0.0,0,0,0.0,0.0,0.0,0.0
9946,0.0,0.0,0,0,0.0,0.0,0.0,0.0
9947,0.0,0.0,0,0,0.0,0.0,0.0,0.0
9948,0.0,0.0,0,0,0.0,0.0,0.0,0.0
9949,0.0,0.0,0,0,0.0,0.0,0.0,0.0
9950,0.0,0.0,0,0,0.0,0.0,0.0,0.0
9951,0.0,0.0,0,0,0.0,0.0,0.0,0.0
9952,0.0,0.0,0,0,0.0,0.0,0.0,0.0
9953,0.0,0.0,0,0,0.0,0.0,0.0,0.0
9954,0.0,0.0,0,0,0.0,0.0,0.0,0.0
9955,0.0,0.0,0,0,0.0,0.0,0.0,0.0
9956,0.0,0.0,0,0,0.0,0.0,0.0,0.0
9957,0.0,0.0,0,0,0.0,0.0,0.0,0.0
9958,0.0,0.0,0,0,0.0,0.0,0.0,0.0
9959,0.0,0.0,0,0,0.0,0.0,0.0,0.0
9960,0.0,0.0,0,0,0.0,0.0,0.0,0.0
9961,0.0,0.0,0,0,0.0,0.0,0.0,0.0
9962,0.0,0.0,0,0,0.0,0.0,0.0,0.0
9963,0.0,0.0,0,0,0.0,0.0,0.0,0.0
9964,0.0,0.0,0,0,0.0,0.0,0.0,0.0
9965,0.0,0.0,0,0,0.0,0.0,0.0,0.0
9966,0.0,0.0,0,0,0.0,0.0,0.0,0.0
9967,0.0,0.0,0,0,0.0,0.0,0.0,0.0
9968,0.0,0.0,0,0,0.0,0.0,0.0,0.0
9969,0.0,0.0,0,0,0.0,0.0,0.0,0.0
9970,0.0,0.0,0,0,0.0,0.0,0.0,0.0
9971,0.0,0.0,0,0,0.0,0.0,0.0,0.0
9972,0.0,0.0,0,0,0.0,0.0,0.0,0.0
9973,0.0,0.0,0,0,0.0,0.0,0.0,0.0
9974,0.0,0.0,0,0,0.0,0.0,0.0,0.0
9975,0.0,0.0,0,0,0.0,0.0,0.0,0.0
9976,0.0,0.0,0,0,0.0,0.0,0.0,0.0
9977,0.0,0.0,0,0,0.0,0.0,0.0,0.0
9978,0.0,0.0,0,0,0.0,0.0,0.0,0.0
9979,0.0,0.0,0,0,0.0,0.0,0.0,0.0
9980,0.0,0.0,0,0,0.0,0.0,0.0,0.0
9981,0.0,0.0,0,0,0.0,0.0,0.0,0.0
9982,0.0,0.0,0,0,0.0,0.0,0.0,0.0
9983,0.0,0.0,0,0,0.0,0.0,0.0,0.0
9984,0.0,0.0,0,0,0.0,0.0,0.0,0.0
9985,0.0,0.0,0,0,0.0,0.0,0.0,0.0
9986,0.0,0.0,0,0,0.0,0.0,0.0,0.0
9987,0.0,0.0,0,0,0.0,0.0,0.0,0.0
9988,0.0,0.0,0,0,0.0,0.0,0.0,0.0
9989,0.0,0.0,0,0,0.0,0.0,0.0,0.0
9990,0.0,0.0,0,0,0.0,0.0,0.0,0.0
9991,0.0,0.0,0,0,0.0,0.0,0.0,0.0
9992,0.0,0.0,0,0,0.0,0.0,0.0,0.0
9993,0.0,0.0,0,0,0.0,0.0,0.0,0.0
9994,0.0,0.0,0,0,0.0,0.0,0.0,0.0
9995,0.0,0.0,0,0,0.0,0.0,0.0,0.0
9996,0.0,0.0,0,0,0.0,0.0,0.0,0.0
9997,0.0,0.0,0,0,0.0,0.0,0.0,0.0
9998,0.0,0.0,0,0,0.0,0.0,0.0,0.0
9999,0.0,0.0,0,0,0.0,0.0,0.0,0.0
10000,0.0,0.0,0,0,0.0,0.0,0.0,0.0
