iteration,year,population_size,average_age
0,0,30,0.0
0,1,30,1.0
0,2,30,2.0
0,3,30,3.0
0,4,30,4.0
0,5,30,5.0
0,6,30,6.0
0,7,30,7.0
0,8,33,7.2727272727272725
0,9,37,7.378378378378378
0,10,44,7.045454545454546
0,11,46,7.695652173913044
0,12,52,7.6923076923076925
0,13,54,8.12962962962963
0,14,57,8.403508771929825
0,15,61,8.78688524590164
0,16,62,9.370967741935484
0,17,66,9.742424242424242
0,18,71,9.985915492957746
0,19,76,9.973684210526315
0,20,82,10.170731707317072
0,21,82,10.402439024390244
0,22,89,9.887640449438202
0,23,94,10.095744680851064
0,24,100,9.93
0,25,101,10.118811881188119
0,26,107,10.233644859813085
0,27,114,9.807017543859649
0,28,119,9.428571428571429
0,29,125,9.76
0,30,132,9.962121212121213
0,31,141,9.390070921985815
0,32,134,7.559701492537314
0,33,143,7.699300699300699
0,34,147,7.9727891156462585
0,35,147,8.5578231292517
0,36,157,8.48407643312102
0,37,171,8.052631578947368
0,38,182,8.225274725274724
0,39,193,8.352331606217616
0,40,207,8.367149758454106
0,41,213,8.591549295774648
0,42,221,8.520361990950226
0,43,231,8.372294372294371
0,44,229,8.388646288209607
0,45,234,8.606837606837606
0,46,241,8.228215767634854
0,47,234,8.32905982905983
0,48,240,8.416666666666666
0,49,241,8.390041493775934
0,50,232,8.551724137931034
0,51,241,8.448132780082988
0,52,246,8.491869918699187
0,53,257,8.264591439688717
0,54,260,8.257692307692308
0,55,281,8.078291814946619
0,56,283,7.8021201413427566
0,57,299,7.60200668896321
0,58,309,7.627831715210356
0,59,306,7.816993464052287
0,60,325,7.341538461538462
0,61,325,7.283076923076923
0,62,334,7.269461077844311
0,63,349,7.63323782234957
0,64,330,7.818181818181818
0,65,341,7.700879765395895
0,66,336,8.023809523809524
0,67,350,7.94
0,68,344,8.026162790697674
0,69,346,7.933526011560693
0,70,351,7.601139601139601
0,71,362,7.395027624309392
0,72,368,7.429347826086956
0,73,371,7.485175202156334
0,74,371,7.512129380053908
0,75,372,7.35752688172043
0,76,378,7.611111111111111
0,77,388,7.56701030927835
0,78,396,7.3686868686868685
0,79,412,7.504854368932039
0,80,429,7.491841491841492
0,81,440,7.784090909090909
0,82,450,7.504444444444444
0,83,461,7.4989154013015185
0,84,458,7.460698689956332
0,85,458,7.1593886462882095
0,86,456,7.239035087719298
0,87,465,7.202150537634409
0,88,469,7.326226012793177
0,89,467,7.533190578158458
0,90,466,7.71244635193133
0,91,482,7.477178423236515
0,92,483,7.461697722567288
0,93,494,7.317813765182186
0,94,518,7.162162162162162
0,95,530,7.2
0,96,537,7.039106145251397
0,97,542,7.057195571955719
0,98,544,7.362132352941177
0,99,541,7.203327171903882
0,100,548,7.206204379562044
0,101,548,7.344890510948905
0,102,562,7.117437722419929
0,103,554,7.041516245487364
0,104,568,6.866197183098592
0,105,576,6.956597222222222
0,106,575,7.060869565217391
0,107,571,7.330998248686515
0,108,577,7.246100519930676
0,109,584,7.205479452054795
0,110,594,7.254208754208754
0,111,622,7.139871382636656
0,112,624,7.104166666666667
0,113,624,7.030448717948718
0,114,634,7.042586750788644
0,115,640,7.0078125
0,116,644,6.864906832298137
0,117,640,7.2234375
0,118,621,7.344605475040257
0,119,616,7.358766233766234
0,120,636,7.388364779874214
0,121,639,7.403755868544601
0,122,634,7.429022082018927
0,123,628,7.3152866242038215
0,124,630,7.412698412698413
0,125,627,7.63317384370016
0,126,631,7.732171156893819
0,127,604,7.639072847682119
0,128,593,7.629005059021923
0,129,590,7.459322033898305
0,130,592,7.331081081081081
0,131,582,7.281786941580756
0,132,570,7.410526315789474
0,133,566,7.475265017667844
0,134,557,7.666068222621185
0,135,544,7.6911764705882355
0,136,551,7.702359346642468
0,137,539,7.521335807050093
0,138,524,7.658396946564886
0,139,523,7.590822179732314
0,140,525,7.464761904761905
0,141,534,7.430711610486892
0,142,552,7.271739130434782
0,143,547,7.09872029250457
0,144,541,7.12014787430684
0,145,529,7.224952741020794
0,146,527,7.208728652751423
0,147,520,7.415384615384616
0,148,526,7.517110266159696
0,149,528,7.339015151515151
0,150,523,7.374760994263863
0,151,527,7.32258064516129
0,152,523,7.376673040152964
0,153,532,7.291353383458647
0,154,509,7.3339882121807465
0,155,504,7.267857142857143
0,156,489,7.443762781186094
0,157,490,7.448979591836735
0,158,483,7.24016563146998
0,159,462,7.3268398268398265
0,160,443,7.4401805869074495
0,161,433,7.327944572748268
0,162,439,7.17995444191344
0,163,433,7.133949191685912
0,164,443,7.209932279909706
0,165,443,7.209932279909706
0,166,455,7.094505494505494
0,167,461,6.915401301518438
0,168,456,6.868421052631579
0,169,468,7.0
0,170,455,7.030769230769231
0,171,450,7.075555555555556
0,172,437,7.068649885583524
0,173,442,7.024886877828054
0,174,424,7.106132075471698
0,175,419,7.167064439140812
0,176,420,7.15952380952381
0,177,421,7.315914489311164
0,178,437,7.068649885583524
0,179,438,7.013698630136986
0,180,441,6.8480725623582765
0,181,442,7.138009049773756
0,182,432,7.171296296296297
0,183,436,7.098623853211009
0,184,427,7.227166276346604
0,185,421,7.064133016627078
0,186,426,7.032863849765258
0,187,427,7.046838407494145
0,188,438,6.9908675799086755
0,189,422,6.971563981042654
0,190,427,6.782201405152225
0,191,426,6.92018779342723
0,192,430,6.862790697674418
0,193,431,6.682134570765661
0,194,430,6.909302325581395
0,195,437,7.091533180778032
0,196,433,6.988452655889145
0,197,453,6.991169977924945
0,198,433,7.177829099307159
0,199,418,7.1913875598086126
0,200,430,6.916279069767442
0,201,425,6.884705882352941
0,202,434,6.711981566820277
0,203,440,6.572727272727272
0,204,430,6.78139534883721
0,205,412,6.805825242718447
0,206,410,6.975609756097561
0,207,399,7.225563909774436
0,208,396,7.373737373737374
0,209,384,7.583333333333333
0,210,376,7.409574468085107
0,211,367,7.438692098092643
0,212,367,7.130790190735695
0,213,368,7.138586956521739
0,214,373,7.195710455764075
0,215,360,7.102777777777778
0,216,355,7.109859154929578
0,217,357,7.162464985994398
0,218,347,7.072046109510087
0,219,348,7.089080459770115
0,220,345,6.843478260869565
0,221,335,6.937313432835821
0,222,336,6.809523809523809
0,223,335,6.71044776119403
0,224,331,6.861027190332326
0,225,345,6.533333333333333
0,226,335,6.641791044776119
0,227,340,6.7441176470588236
0,228,344,6.6773255813953485
0,229,333,6.930930930930931
0,230,343,7.052478134110787
0,231,353,6.971671388101983
0,232,359,7.13091922005571
0,233,360,7.066666666666666
0,234,351,7.188034188034188
0,235,347,7.002881844380403
0,236,336,6.913690476190476
0,237,337,6.896142433234421
0,238,342,6.748538011695906
0,239,345,6.689855072463768
0,240,348,6.841954022988506
0,241,347,6.688760806916426
0,242,353,6.8215297450424925
0,243,351,6.45014245014245
0,244,352,6.536931818181818
0,245,340,6.9411764705882355
0,246,336,7.184523809523809
0,247,330,7.172727272727273
0,248,329,7.066869300911854
0,249,318,7.10062893081761
0,250,331,7.193353474320242
0,251,319,6.974921630094044
0,252,308,6.951298701298701
0,253,295,7.169491525423729
0,254,287,7.111498257839721
0,255,296,6.75
0,256,299,6.782608695652174
0,257,298,7.010067114093959
0,258,309,7.009708737864078
0,259,308,7.285714285714286
0,260,304,7.1118421052631575
0,261,301,7.122923588039867
0,262,298,7.24496644295302
0,263,301,7.312292358803987
0,264,298,7.416107382550336
0,265,288,7.427083333333333
0,266,277,7.516245487364621
0,267,269,7.301115241635688
0,268,270,7.214814814814815
0,269,276,6.793478260869565
0,270,269,6.661710037174721
0,271,274,6.744525547445256
0,272,266,7.011278195488722
0,273,282,7.131205673758865
0,274,290,7.151724137931034
0,275,285,7.245614035087719
0,276,281,7.241992882562277
0,277,280,7.196428571428571
0,278,288,7.041666666666667
0,279,291,6.81786941580756
0,280,281,7.049822064056939
0,281,282,7.177304964539007
0,282,277,7.205776173285199
0,283,270,7.055555555555555
0,284,261,6.888888888888889
0,285,268,6.936567164179104
0,286,266,6.883458646616542
0,287,282,6.638297872340425
0,288,273,6.688644688644689
0,289,262,6.801526717557252
0,290,256,7.125
0,291,251,7.294820717131474
0,292,254,7.34251968503937
0,293,264,7.446969696969697
0,294,258,7.25968992248062
0,295,257,7.291828793774319
0,296,258,7.077519379844961
0,297,256,7.046875
0,298,252,7.031746031746032
0,299,247,6.967611336032388
0,300,241,7.141078838174274
0,301,230,6.973913043478261
0,302,214,7.224299065420561
0,303,208,7.197115384615385
0,304,207,7.502415458937198
0,305,197,7.253807106598985
0,306,199,7.105527638190955
0,307,200,6.975
0,308,202,7.0049504950495045
0,309,201,6.945273631840796
0,310,201,6.621890547263682
0,311,197,7.040609137055838
0,312,195,7.035897435897436
0,313,205,6.931707317073171
0,314,200,7.06
0,315,211,7.118483412322274
0,316,206,6.898058252427185
0,317,213,6.629107981220657
0,318,219,6.8493150684931505
0,319,218,6.527522935779817
0,320,212,6.580188679245283
0,321,211,6.6635071090047395
0,322,231,6.367965367965368
0,323,225,6.671111111111111
0,324,221,6.746606334841629
0,325,226,6.836283185840708
0,326,230,7.1347826086956525
0,327,245,7.053061224489796
0,328,247,7.02834008097166
0,329,252,6.944444444444445
0,330,261,7.222222222222222
0,331,269,7.044609665427509
0,332,266,6.981203007518797
0,333,263,6.752851711026616
0,334,263,6.8745247148288975
0,335,264,6.806818181818182
0,336,274,6.7153284671532845
0,337,280,6.821428571428571
0,338,280,6.817857142857143
0,339,286,6.678321678321678
0,340,289,6.72318339100346
0,341,287,6.881533101045296
0,342,286,7.055944055944056
0,343,282,7.343971631205674
0,344,273,7.241758241758242
0,345,269,7.4721189591078065
0,346,266,7.669172932330827
0,347,279,7.387096774193548
0,348,281,7.238434163701068
0,349,296,7.280405405405405
0,350,303,7.600660066006601
0,351,313,7.405750798722044
0,352,305,7.036065573770492
0,353,295,7.216949152542373
0,354,290,6.931034482758621
0,355,274,6.886861313868613
0,356,274,6.810218978102189
0,357,277,6.776173285198556
0,358,290,6.641379310344828
0,359,294,6.659863945578231
0,360,298,6.828859060402684
0,361,296,6.89527027027027
0,362,304,6.766447368421052
0,363,303,6.623762376237623
0,364,295,6.603389830508474
0,365,291,6.725085910652921
0,366,282,7.046099290780142
0,367,283,6.81625441696113
0,368,286,7.083916083916084
0,369,279,7.200716845878136
0,370,276,7.311594202898551
0,371,276,7.043478260869565
0,372,282,6.968085106382978
0,373,277,6.906137184115524
0,374,286,6.916083916083916
0,375,276,7.079710144927536
0,376,294,6.9353741496598635
0,377,284,6.936619718309859
0,378,288,6.829861111111111
0,379,285,6.768421052631579
0,380,277,6.790613718411552
0,381,274,6.467153284671533
0,382,287,6.780487804878049
0,383,289,6.795847750865052
0,384,287,6.818815331010453
0,385,278,6.669064748201439
0,386,284,6.834507042253521
0,387,288,6.774305555555555
0,388,285,6.996491228070176
0,389,283,7.247349823321555
0,390,291,7.082474226804123
0,391,278,7.219424460431655
0,392,268,7.246268656716418
0,393,251,7.063745019920319
0,394,247,6.995951417004049
0,395,243,6.868312757201646
0,396,241,6.775933609958506
0,397,228,6.864035087719298
0,398,228,7.017543859649122
0,399,211,6.834123222748815
0,400,208,7.009615384615385
1,0,30,0.0
1,1,30,1.0
1,2,30,2.0
1,3,30,3.0
1,4,30,4.0
1,5,30,5.0
1,6,30,6.0
1,7,30,7.0
1,8,34,6.588235294117647
1,9,41,6.2926829268292686
1,10,53,5.6415094339622645
1,11,57,5.7894736842105265
1,12,59,6.3559322033898304
1,13,68,6.382352941176471
1,14,72,6.972222222222222
1,15,73,7.863013698630137
1,16,75,8.413333333333334
1,17,83,8.506024096385541
1,18,90,8.477777777777778
1,19,96,8.770833333333334
1,20,102,8.803921568627452
1,21,107,8.94392523364486
1,22,106,9.29245283018868
1,23,119,8.890756302521009
1,24,127,8.952755905511811
1,25,128,9.25
1,26,141,8.99290780141844
1,27,143,8.993006993006993
1,28,145,9.289655172413793
1,29,145,9.841379310344827
1,30,149,10.080536912751677
1,31,151,10.390728476821192
1,32,146,9.082191780821917
1,33,156,8.64102564102564
1,34,165,8.393939393939394
1,35,175,8.354285714285714
1,36,185,8.52972972972973
1,37,191,8.25130890052356
1,38,196,8.653061224489797
1,39,202,8.712871287128714
1,40,212,8.13679245283019
1,41,223,7.8475336322869955
1,42,215,7.748837209302326
1,43,230,7.469565217391304
1,44,234,7.551282051282051
1,45,238,7.554621848739496
1,46,244,7.745901639344262
1,47,247,7.712550607287449
1,48,255,7.396078431372549
1,49,268,7.384328358208955
1,50,270,7.392592592592592
1,51,278,7.255395683453237
1,52,287,7.32404181184669
1,53,293,7.2593856655290105
1,54,292,7.417808219178082
1,55,300,7.453333333333333
1,56,307,7.54071661237785
1,57,313,7.568690095846645
1,58,312,7.689102564102564
1,59,317,7.640378548895899
1,60,328,7.594512195121951
1,61,334,7.595808383233533
1,62,344,7.47093023255814
1,63,351,7.6581196581196584
1,64,352,7.5227272727272725
1,65,354,7.528248587570621
1,66,346,7.384393063583815
1,67,357,7.266106442577031
1,68,359,7.5264623955431755
1,69,343,7.21865889212828
1,70,355,7.31830985915493
1,71,358,7.432960893854749
1,72,351,7.638176638176638
1,73,348,7.591954022988506
1,74,356,7.469101123595506
1,75,358,7.209497206703911
1,76,365,7.126027397260274
1,77,367,7.179836512261581
1,78,369,7.314363143631437
1,79,375,7.1786666666666665
1,80,375,7.224
1,81,368,7.497282608695652
1,82,358,7.608938547486034
1,83,364,7.697802197802198
1,84,370,7.543243243243243
1,85,367,7.869209809264305
1,86,379,7.54089709762533
1,87,381,7.349081364829396
1,88,384,7.309895833333333
1,89,391,7.0664961636828645
1,90,406,7.16256157635468
1,91,406,7.389162561576355
1,92,418,7.1650717703349285
1,93,415,7.226506024096386
1,94,406,7.263546798029557
1,95,407,7.5085995085995085
1,96,416,7.456730769230769
1,97,412,7.601941747572815
1,98,416,7.711538461538462
1,99,424,7.67688679245283
1,100,430,7.562790697674418
1,101,445,7.570786516853933
1,102,447,7.266219239373601
1,103,450,7.2
1,104,453,7.231788079470198
1,105,460,7.136956521739131
1,106,463,7.181425485961123
1,107,464,7.3125
1,108,462,7.393939393939394
1,109,468,7.467948717948718
1,110,472,7.466101694915254
1,111,488,7.44672131147541
1,112,490,7.56734693877551
1,113,485,7.391752577319588
1,114,482,7.352697095435684
1,115,497,7.442655935613682
1,116,504,7.468253968253968
1,117,484,7.353305785123967
1,118,484,7.301652892561983
1,119,489,7.2413087934560325
1,120,501,7.221556886227545
1,121,506,7.015810276679842
1,122,504,7.126984126984127
1,123,497,7.100603621730382
1,124,505,7.1702970297029704
1,125,508,7.025590551181103
1,126,510,7.421568627450981
1,127,521,7.322456813819578
1,128,525,7.0476190476190474
1,129,525,7.161904761904762
1,130,520,7.313461538461539
1,131,505,7.52079207920792
1,132,515,7.3728155339805825
1,133,511,7.362035225048924
1,134,511,7.47945205479452
1,135,518,7.2335907335907335
1,136,520,7.282692307692308
1,137,534,7.2209737827715355
1,138,536,7.175373134328358
1,139,537,7.242085661080075
1,140,554,7.312274368231047
1,141,559,7.34525939177102
1,142,557,7.450628366247756
1,143,565,7.4920353982300885
1,144,565,7.601769911504425
1,145,571,7.404553415061296
1,146,591,7.260575296108291
1,147,606,7.042904290429043
1,148,619,7.040387722132472
1,149,643,6.922239502332815
1,150,660,7.109090909090909
1,151,676,7.291420118343195
1,152,676,7.291420118343195
1,153,686,7.072886297376093
1,154,686,7.25801749271137
1,155,698,7.230659025787966
1,156,694,7.236311239193084
1,157,716,7.240223463687151
1,158,736,7.161684782608695
1,159,740,7.04054054054054
1,160,740,7.059459459459459
1,161,727,7.094910591471802
1,162,722,7.306094182825484
1,163,727,7.2214580467675376
1,164,744,7.456989247311828
1,165,753,7.402390438247012
1,166,766,7.254569190600522
1,167,778,7.251928020565552
1,168,788,7.347715736040609
1,169,788,7.143401015228426
1,170,801,7.127340823970037
1,171,806,7.261786600496278
1,172,789,7.320659062103929
1,173,801,7.313358302122347
1,174,789,7.23574144486692
1,175,798,7.238095238095238
1,176,783,7.252873563218391
1,177,788,7.220812182741117
1,178,790,7.191139240506329
1,179,796,7.134422110552764
1,180,797,7.282308657465496
1,181,846,7.197399527186761
1,182,861,7.065040650406504
1,183,867,7.242214532871972
1,184,886,7.1647855530474045
1,185,866,7.232101616628175
1,186,857,7.130688448074679
1,187,885,7.176271186440678
1,188,884,7.124434389140271
1,189,877,7.104903078677309
1,190,892,6.968609865470852
1,191,908,7.020925110132159
1,192,918,6.962962962962963
1,193,929,7.061356297093649
1,194,944,7.040254237288136
1,195,939,7.141640042598509
1,196,954,7.120545073375262
1,197,952,7.059873949579832
1,198,930,7.231182795698925
1,199,919,7.2731229597388465
1,200,924,7.357142857142857
1,201,925,7.47027027027027
1,202,950,7.288421052631579
1,203,967,7.254395036194416
1,204,956,7.307531380753138
1,205,945,7.306878306878307
1,206,949,7.241306638566913
1,207,939,7.186368477103302
1,208,950,7.1957894736842105
1,209,967,7.066184074457084
1,210,966,7.086956521739131
1,211,962,7.0602910602910605
1,212,957,7.114942528735632
1,213,986,7.1075050709939145
1,214,994,7.0321931589537225
1,215,996,6.9528112449799195
1,216,994,7.110663983903421
1,217,1000,7.063
1,218,1011,7.1335311572700295
1,219,1012,7.175889328063241
1,220,991,7.146316851664984
1,221,989,6.957532861476238
1,222,996,6.899598393574297
1,223,998,6.831663326653307
1,224,1016,6.84744094488189
1,225,1015,6.920197044334976
1,226,1022,7.059686888454012
1,227,1021,7.2948090107737515
1,228,1030,7.2805825242718445
1,229,1029,7.192419825072887
1,230,1018,7.139489194499018
1,231,1008,7.204365079365079
1,232,1020,7.127450980392157
1,233,1011,7.18001978239367
1,234,1025,7.16390243902439
1,235,1025,7.11609756097561
1,236,1014,6.96646942800789
1,237,984,6.967479674796748
1,238,996,7.034136546184739
1,239,988,7.053643724696356
1,240,1004,7.0936254980079685
1,241,995,7.1457286432160805
1,242,961,7.269510926118627
1,243,951,7.251314405888539
1,244,963,7.142263759086189
1,245,939,7.1033013844515445
1,246,943,7.114528101802757
1,247,934,7.153104925053533
1,248,928,7.018318965517241
1,249,924,6.989177489177489
1,250,939,6.914802981895634
1,251,911,7.002195389681669
1,252,914,7.0
1,253,895,7.007821229050279
1,254,891,7.048260381593715
1,255,896,6.889508928571429
1,256,906,6.901766004415011
1,257,911,6.9045005488474205
1,258,913,6.863088718510405
1,259,924,6.852813852813853
1,260,916,6.713973799126638
1,261,908,6.681718061674009
1,262,894,6.79082774049217
1,263,901,6.880133185349612
1,264,891,6.994388327721661
1,265,872,7.048165137614679
1,266,871,7.110218140068886
1,267,862,7.029002320185615
1,268,852,6.990610328638498
1,269,847,7.009445100354191
1,270,850,7.012941176470588
1,271,844,6.777251184834123
1,272,838,6.9319809069212415
1,273,851,6.942420681551116
1,274,867,6.93194925028835
1,275,856,6.857476635514018
1,276,860,6.654651162790698
1,277,859,6.8277066356228175
1,278,834,7.020383693045564
1,279,842,7.07957244655582
1,280,832,7.243990384615385
1,281,824,7.183252427184466
1,282,828,7.18719806763285
1,283,823,7.117861482381531
1,284,829,7.056694813027744
1,285,833,6.959183673469388
1,286,842,7.036817102137767
1,287,846,6.930260047281324
1,288,834,6.83453237410072
1,289,823,6.940461725394897
1,290,839,6.908224076281288
1,291,845,6.868639053254438
1,292,836,7.070574162679426
1,293,863,6.977983777520278
1,294,866,6.862586605080831
1,295,862,6.728538283062645
1,296,882,6.929705215419501
1,297,875,6.964571428571428
1,298,878,6.9863325740318905
1,299,882,6.9727891156462585
1,300,858,7.047785547785548
1,301,837,7.077658303464755
1,302,832,7.048076923076923
1,303,843,7.110320284697509
1,304,835,7.073053892215569
1,305,837,7.068100358422939
1,306,834,7.040767386091127
1,307,819,6.857142857142857
1,308,822,7.20316301703163
1,309,819,7.174603174603175
1,310,810,7.298765432098765
1,311,814,7.197788697788698
1,312,810,7.237037037037037
1,313,794,7.241813602015113
1,314,802,6.987531172069826
1,315,802,7.110972568578553
1,316,808,7.047029702970297
1,317,798,6.7330827067669174
1,318,802,6.78927680798005
1,319,792,6.945707070707071
1,320,757,7.16776750330251
1,321,757,7.116248348745046
1,322,748,7.080213903743315
1,323,735,7.1034013605442174
1,324,730,7.310958904109589
1,325,735,7.382312925170068
1,326,735,7.087074829931972
1,327,742,7.035040431266847
1,328,713,7.124824684431977
1,329,704,7.021306818181818
1,330,679,6.945508100147276
1,331,683,7.0175695461200585
1,332,680,7.0
1,333,664,7.109939759036145
1,334,659,7.185128983308043
1,335,661,7.276853252647504
1,336,654,7.10091743119266
1,337,639,7.043818466353677
1,338,641,7.032761310452418
1,339,635,7.045669291338583
1,340,646,6.803405572755418
1,341,639,6.924882629107981
1,342,650,7.061538461538461
1,343,650,7.038461538461538
1,344,661,6.8910741301059
1,345,667,7.013493253373313
1,346,674,6.764094955489615
1,347,676,6.754437869822485
1,348,674,6.881305637982196
1,349,689,6.7910014513788095
1,350,681,7.054331864904552
1,351,680,6.995588235294117
1,352,686,6.940233236151603
1,353,681,7.014684287812041
1,354,677,6.980797636632201
1,355,685,6.97956204379562
1,356,702,6.914529914529915
1,357,705,6.777304964539007
1,358,712,6.745786516853933
1,359,722,6.799168975069252
1,360,720,6.8069444444444445
1,361,730,7.087671232876712
1,362,717,7.071129707112971
1,363,725,6.982068965517241
1,364,706,7.0127478753541075
1,365,723,7.0
1,366,733,7.091405184174625
1,367,744,7.147849462365591
1,368,756,6.854497354497354
1,369,746,6.977211796246649
1,370,725,6.983448275862069
1,371,726,7.048209366391185
1,372,711,7.040787623066104
1,373,719,7.087621696801112
1,374,720,7.2375
1,375,719,7.118219749652295
1,376,742,7.014824797843666
1,377,749,6.88785046728972
1,378,760,7.0697368421052635
1,379,769,7.018205461638492
1,380,761,7.099868593955322
1,381,752,7.058510638297872
1,382,769,7.083224967490247
1,383,759,7.137022397891963
1,384,756,7.084656084656085
1,385,760,7.207894736842105
1,386,772,7.098445595854923
1,387,770,7.061038961038961
1,388,763,7.179554390563565
1,389,779,7.313222079589217
1,390,770,7.251948051948052
1,391,746,7.367292225201072
1,392,736,7.259510869565218
1,393,732,7.157103825136612
1,394,725,7.216551724137931
1,395,720,7.225
1,396,718,7.325905292479109
1,397,713,7.252454417952314
1,398,713,7.23562412342216
1,399,702,7.071225071225071
1,400,689,7.117561683599419
2,0,30,0.0
2,1,30,1.0
2,2,30,2.0
2,3,30,3.0
2,4,30,4.0
2,5,30,5.0
2,6,30,6.0
2,7,30,7.0
2,8,34,7.0588235294117645
2,9,44,6.2272727272727275
2,10,50,6.36
2,11,55,6.490909090909091
2,12,59,6.983050847457627
2,13,59,7.983050847457627
2,14,69,7.681159420289855
2,15,76,7.881578947368421
2,16,81,8.333333333333334
2,17,99,7.4646464646464645
2,18,104,8.057692307692308
2,19,106,8.5
2,20,118,8.533898305084746
2,21,128,8.7890625
2,22,138,8.666666666666666
2,23,148,8.77027027027027
2,24,164,8.670731707317072
2,25,176,8.778409090909092
2,26,188,8.648936170212766
2,27,193,8.808290155440414
2,28,206,8.805825242718447
2,29,218,9.137614678899082
2,30,226,9.243362831858407
2,31,239,9.0418410041841
2,32,242,7.723140495867769
2,33,254,7.645669291338582
2,34,263,8.106463878326997
2,35,285,8.087719298245615
2,36,305,8.088524590163935
2,37,317,8.3596214511041
2,38,332,8.075301204819278
2,39,345,8.046376811594202
2,40,351,7.92022792022792
2,41,348,8.0
2,42,358,7.868715083798882
2,43,368,8.171195652173912
2,44,370,8.2
2,45,374,8.323529411764707
2,46,384,8.286458333333334
2,47,401,8.097256857855362
2,48,418,7.952153110047847
2,49,433,7.819861431870669
2,50,443,8.058690744920993
2,51,443,7.774266365688487
2,52,449,7.732739420935412
2,53,448,7.774553571428571
2,54,449,7.717149220489977
2,55,470,7.580851063829787
2,56,475,7.486315789473684
2,57,490,7.395918367346939
2,58,507,7.384615384615385
2,59,504,7.555555555555555
2,60,523,7.520076481835564
2,61,541,7.417744916820703
2,62,566,7.551236749116608
2,63,575,7.450434782608696
2,64,576,7.482638888888889
2,65,598,7.459866220735786
2,66,619,7.339256865912763
2,67,620,7.287096774193548
2,68,634,7.108832807570978
2,69,660,7.178787878787879
2,70,661,7.296520423600605
2,71,656,7.254573170731708
2,72,669,7.298953662182361
2,73,673,7.524517087667162
2,74,676,7.520710059171598
2,75,700,7.575714285714286
2,76,697,7.542324246771879
2,77,702,7.515669515669516
2,78,721,7.647711511789182
2,79,717,7.714086471408647
2,80,706,7.558073654390935
2,81,719,7.43115438108484
2,82,738,7.306233062330623
2,83,766,7.285900783289817
2,84,780,7.096153846153846
2,85,782,7.1521739130434785
2,86,795,7.29559748427673
2,87,786,7.192111959287532
2,88,781,7.1638924455825865
2,89,783,7.167305236270754
2,90,790,7.215189873417722
2,91,795,7.238993710691824
2,92,820,7.236585365853658
2,93,815,7.370552147239263
2,94,830,7.396385542168675
2,95,828,7.468599033816425
2,96,828,7.4480676328502415
2,97,828,7.507246376811594
2,98,826,7.423728813559322
2,99,825,7.364848484848485
2,100,844,7.2760663507109005
2,101,833,7.051620648259304
2,102,824,7.258495145631068
2,103,835,7.235928143712575
2,104,822,7.485401459854015
2,105,817,7.5495716034271725
2,106,822,7.5632603406326036
2,107,819,7.523809523809524
2,108,809,7.31025957972806
2,109,813,7.194341943419434
2,110,813,7.239852398523985
2,111,829,7.378769601930037
2,112,844,7.2760663507109005
2,113,840,7.379761904761905
2,114,834,7.363309352517986
2,115,847,7.349468713105077
2,116,834,7.317745803357314
2,117,846,7.249408983451537
2,118,842,7.229216152019003
2,119,844,7.210900473933649
2,120,842,7.228028503562945
2,121,834,7.085131894484412
2,122,841,7.243757431629013
2,123,843,7.2004744958481615
2,124,832,7.175480769230769
2,125,831,7.122743682310469
2,126,832,7.242788461538462
2,127,837,7.4097968936678615
2,128,850,7.371764705882353
2,129,849,7.27208480565371
2,130,833,7.290516206482593
2,131,849,7.265017667844523
2,132,836,7.110047846889952
2,133,809,7.030902348578492
2,134,809,7.066749072929543
2,135,817,7.160342717258262
2,136,818,7.165036674816626
2,137,808,7.111386138613861
2,138,835,7.18562874251497
2,139,857,7.096849474912485
2,140,855,7.108771929824561
2,141,856,7.079439252336448
2,142,854,7.1990632318501175
2,143,850,7.318823529411764
2,144,850,7.4411764705882355
2,145,847,7.305785123966942
2,146,843,7.334519572953736
2,147,841,7.309155766944114
2,148,849,7.249705535924617
2,149,829,7.412545235223161
2,150,838,7.390214797136038
2,151,828,7.48792270531401
2,152,824,7.469660194174757
2,153,808,7.339108910891089
2,154,802,7.335411471321696
2,155,826,7.306295399515738
2,156,842,7.229216152019003
2,157,827,7.192261185006046
2,158,837,7.324970131421744
2,159,857,7.2438739789965
2,160,862,7.271461716937355
2,161,859,7.119906868451688
2,162,837,7.135005973715651
2,163,835,7.052694610778443
2,164,847,7.066115702479339
2,165,847,7.128689492325856
2,166,840,7.033333333333333
2,167,832,7.022836538461538
2,168,828,7.086956521739131
2,169,836,7.125598086124402
2,170,853,7.083235638921454
2,171,861,7.188153310104529
2,172,856,7.228971962616822
2,173,837,7.26284348864994
2,174,826,7.314769975786925
2,175,827,7.330108827085852
2,176,821,7.366626065773447
2,177,839,7.284862932061978
2,178,837,7.344086021505376
2,179,853,7.1957796014068
2,180,832,7.116586538461538
2,181,831,7.054151624548736
2,182,824,6.941747572815534
2,183,824,6.828883495145631
2,184,839,6.846245530393325
2,185,841,6.93935790725327
2,186,840,7.039285714285715
2,187,842,6.983372921615202
2,188,864,6.9155092592592595
2,189,860,6.8895348837209305
2,190,877,6.891676168757127
2,191,898,6.902004454342984
2,192,903,6.998892580287929
2,193,895,7.039106145251397
2,194,904,7.146017699115045
2,195,906,7.124724061810155
2,196,918,6.953159041394335
2,197,921,6.85342019543974
2,198,924,6.904761904761905
2,199,916,6.89410480349345
2,200,916,6.923580786026201
2,201,894,6.997762863534676
2,202,881,7.06583427922815
2,203,871,7.213547646383467
2,204,862,7.327146171693736
2,205,862,7.200696055684455
2,206,859,7.323632130384167
2,207,866,7.331408775981524
2,208,852,7.312206572769953
2,209,872,6.849770642201835
2,210,853,6.821805392731536
2,211,871,6.779563719862227
2,212,862,6.726218097447796
2,213,857,6.921820303383897
2,214,845,7.079289940828402
2,215,869,7.046029919447641
2,216,862,7.068445475638051
2,217,874,7.002288329519451
2,218,871,6.918484500574053
2,219,868,7.046082949308755
2,220,866,6.969976905311778
2,221,842,7.03562945368171
2,222,854,6.930913348946135
2,223,842,7.049881235154395
2,224,837,7.1517323775388295
2,225,826,7.13317191283293
2,226,843,7.190984578884935
2,227,827,7.185006045949214
2,228,828,7.094202898550725
2,229,816,7.1875
2,230,820,7.2109756097560975
2,231,817,7.2068543451652385
2,232,813,7.0344403444034445
2,233,822,7.091240875912408
2,234,820,7.008536585365854
2,235,812,6.961822660098522
2,236,801,6.9225967540574285
2,237,788,6.99492385786802
2,238,788,7.0469543147208125
2,239,769,7.105331599479844
2,240,775,7.176774193548387
2,241,802,7.149625935162095
2,242,788,7.105329949238579
2,243,773,7.109961190168176
2,244,772,7.1360103626943
2,245,768,7.162760416666667
2,246,775,7.11483870967742
2,247,754,7.147214854111406
2,248,734,7.140326975476839
2,249,725,7.259310344827586
2,250,706,7.206798866855524
2,251,687,7.263464337700146
2,252,691,7.196816208393632
2,253,659,7.116843702579666
2,254,661,7.110438729198185
2,255,657,7.091324200913242
2,256,653,7.084226646248085
2,257,662,7.006042296072508
2,258,693,7.015873015873016
2,259,698,6.9684813753581665
2,260,694,7.067723342939481
2,261,691,7.041968162083936
2,262,678,7.157817109144543
2,263,660,6.986363636363636
2,264,660,6.871212121212121
2,265,659,6.817905918057663
2,266,658,6.882978723404255
2,267,662,6.9879154078549846
2,268,675,6.945185185185185
2,269,680,6.976470588235294
2,270,666,7.129129129129129
2,271,660,7.046969696969697
2,272,658,7.027355623100304
2,273,653,7.179173047473201
2,274,651,7.261136712749616
2,275,654,7.010703363914373
2,276,657,7.115677321156773
2,277,678,7.04424778761062
2,278,668,7.100299401197605
2,279,669,7.110612855007473
2,280,668,7.196107784431137
2,281,667,7.304347826086956
2,282,653,7.0980091883614085
2,283,652,6.9815950920245395
2,284,652,6.845092024539877
2,285,666,6.95945945945946
2,286,648,7.030864197530864
2,287,641,7.060842433697348
2,288,632,7.012658227848101
2,289,628,7.095541401273885
2,290,631,7.106180665610142
2,291,640,7.2484375
2,292,636,7.177672955974843
2,293,639,7.129890453834116
2,294,651,7.081413210445469
2,295,647,7.106646058732612
2,296,653,6.986217457886677
2,297,648,7.067901234567901
2,298,624,6.934294871794871
2,299,612,7.078431372549019
2,300,617,7.003241491085899
2,301,627,7.116427432216906
2,302,615,6.915447154471544
2,303,628,7.001592356687898
2,304,643,6.926905132192846
2,305,639,6.791862284820032
2,306,639,6.763693270735525
2,307,632,6.830696202531645
2,308,634,6.8627760252365935
2,309,640,6.921875
2,310,636,6.900943396226415
2,311,644,6.864906832298137
2,312,640,7.115625
2,313,666,6.953453453453453
2,314,656,6.849085365853658
2,315,655,6.850381679389313
2,316,655,6.851908396946565
2,317,655,6.986259541984733
2,318,651,6.917050691244239
2,319,637,6.885400313971743
2,320,633,6.966824644549763
2,321,641,6.8580343213728545
2,322,654,7.00611620795107
2,323,658,6.904255319148936
2,324,643,6.978227060653188
2,325,655,6.990839694656488
2,326,662,6.978851963746224
2,327,647,7.072642967542504
2,328,634,7.033123028391167
2,329,629,6.980922098569158
2,330,632,6.825949367088608
2,331,628,6.856687898089172
2,332,618,7.035598705501618
2,333,619,7.048465266558966
2,334,611,6.862520458265139
2,335,607,6.912685337726524
2,336,600,6.843333333333334
2,337,597,6.8961474036850925
2,338,595,6.966386554621849
2,339,611,6.895253682487725
2,340,619,7.077544426494346
2,341,612,6.919934640522876
2,342,610,7.085245901639344
2,343,617,6.888168557536467
2,344,606,6.957095709570957
2,345,592,7.016891891891892
2,346,590,6.852542372881356
2,347,585,6.957264957264957
2,348,572,6.9825174825174825
2,349,568,6.97887323943662
2,350,572,6.910839160839161
2,351,580,6.710344827586207
2,352,572,6.895104895104895
2,353,584,6.803082191780822
2,354,566,6.858657243816254
2,355,551,6.869328493647913
2,356,538,6.773234200743494
2,357,539,6.812615955473098
2,358,535,6.751401869158879
2,359,543,6.692449355432781
2,360,535,6.745794392523364
2,361,545,6.660550458715596
2,362,548,6.775547445255475
2,363,538,6.795539033457249
2,364,512,6.701171875
2,365,516,6.848837209302325
2,366,513,6.935672514619883
2,367,514,6.966926070038911
2,368,533,6.838649155722327
2,369,531,6.977401129943503
2,370,520,6.9096153846153845
2,371,512,6.990234375
2,372,493,7.1359026369168355
2,373,482,7.066390041493776
2,374,465,7.427956989247312
2,375,462,7.20995670995671
2,376,488,7.067622950819672
2,377,496,6.832661290322581
2,378,474,6.987341772151899
2,379,463,7.056155507559395
2,380,436,7.1995412844036695
2,381,424,7.099056603773585
2,382,418,7.344497607655502
2,383,429,7.165501165501166
2,384,424,7.290094339622642
2,385,424,7.023584905660377
2,386,418,7.0
2,387,419,6.828162291169451
2,388,408,6.7254901960784315
2,389,406,6.70935960591133
2,390,394,6.873096446700508
2,391,389,6.928020565552699
2,392,377,7.0
2,393,380,7.0131578947368425
2,394,374,7.219251336898396
2,395,388,6.987113402061856
2,396,391,6.818414322250639
2,397,396,6.651515151515151
2,398,391,6.703324808184143
2,399,385,6.896103896103896
2,400,363,6.757575757575758
3,0,30,0.0
3,1,30,1.0
3,2,30,2.0
3,3,30,3.0
3,4,30,4.0
3,5,30,5.0
3,6,30,6.0
3,7,30,7.0
3,8,36,6.444444444444445
3,9,37,7.0
3,10,41,7.219512195121951
3,11,49,6.877551020408164
3,12,54,6.925925925925926
3,13,59,7.033898305084746
3,14,63,7.301587301587301
3,15,67,7.492537313432836
3,16,71,8.014084507042254
3,17,77,8.311688311688311
3,18,85,8.435294117647059
3,19,92,8.445652173913043
3,20,97,8.804123711340207
3,21,97,9.412371134020619
3,22,103,9.70873786407767
3,23,108,9.86111111111111
3,24,116,9.974137931034482
3,25,131,9.618320610687023
3,26,142,9.795774647887324
3,27,147,9.768707482993197
3,28,148,10.31081081081081
3,29,149,10.95973154362416
3,30,148,11.47972972972973
3,31,148,10.871621621621621
3,32,142,8.45774647887324
3,33,145,8.372413793103448
3,34,147,8.34013605442177
3,35,154,8.058441558441558
3,36,160,8.1125
3,37,163,8.177914110429448
3,38,174,8.235632183908047
3,39,175,8.571428571428571
3,40,186,8.231182795698924
3,41,186,8.419354838709678
3,42,185,7.92972972972973
3,43,191,8.00523560209424
3,44,194,7.824742268041237
3,45,207,7.63768115942029
3,46,212,7.731132075471698
3,47,221,7.8144796380090495
3,48,217,7.668202764976958
3,49,231,7.623376623376624
3,50,239,7.702928870292887
3,51,252,7.599206349206349
3,52,253,7.869565217391305
3,53,262,7.721374045801527
3,54,267,7.632958801498128
3,55,279,7.397849462365591
3,56,282,7.7304964539007095
3,57,293,7.675767918088737
3,58,299,7.615384615384615
3,59,302,7.688741721854305
3,60,315,7.79047619047619
3,61,317,7.930599369085174
3,62,314,7.904458598726115
3,63,317,7.9842271293375395
3,64,315,7.825396825396825
3,65,312,8.076923076923077
3,66,317,7.867507886435331
3,67,314,7.780254777070064
3,68,329,7.762917933130699
3,69,344,7.438953488372093
3,70,345,7.414492753623189
3,71,354,7.3192090395480225
3,72,349,7.2722063037249285
3,73,355,7.385915492957746
3,74,370,7.224324324324324
3,75,385,7.077922077922078
3,76,389,7.269922879177378
3,77,394,7.444162436548224
3,78,403,7.45409429280397
3,79,409,7.193154034229829
3,80,397,7.3224181360201515
3,81,399,7.057644110275689
3,82,403,7.161290322580645
3,83,422,7.045023696682464
3,84,433,7.02540415704388
3,85,444,7.083333333333333
3,86,442,7.160633484162896
3,87,444,6.93018018018018
3,88,441,6.936507936507937
3,89,430,6.941860465116279
3,90,440,7.120454545454545
3,91,451,7.199556541019955
3,92,455,7.228571428571429
3,93,443,7.37020316027088
3,94,440,7.425
3,95,440,7.302272727272728
3,96,442,7.266968325791855
3,97,438,7.2785388127853885
3,98,448,7.127232142857143
3,99,449,7.224944320712694
3,100,450,7.268888888888889
3,101,454,7.171806167400881
3,102,464,7.131465517241379
3,103,461,7.123644251626898
3,104,473,6.970401691331924
3,105,468,7.130341880341881
3,106,481,7.139293139293139
3,107,483,7.296066252587992
3,108,494,7.309716599190283
3,109,501,7.397205588822355
3,110,489,7.071574642126789
3,111,486,7.296296296296297
3,112,469,7.253731343283582
3,113,482,7.271784232365145
3,114,478,7.2468619246861925
3,115,493,7.188640973630831
3,116,499,7.1202404809619235
3,117,511,7.201565557729941
3,118,505,7.097029702970297
3,119,489,7.130879345603272
3,120,494,7.040485829959514
3,121,498,6.967871485943775
3,122,504,7.021825396825397
3,123,513,7.044834307992203
3,124,510,7.143137254901961
3,125,512,7.197265625
3,126,513,7.185185185185185
3,127,513,7.315789473684211
3,128,510,7.301960784313725
3,129,512,7.251953125
3,130,517,7.214700193423598
3,131,543,7.020257826887661
3,132,540,7.222222222222222
3,133,541,7.214417744916821
3,134,536,7.298507462686567
3,135,536,7.302238805970149
3,136,543,7.47329650092081
3,137,540,7.67962962962963
3,138,539,7.404452690166976
3,139,541,7.399260628465804
3,140,527,7.184060721062618
3,141,519,7.190751445086705
3,142,530,7.439622641509434
3,143,526,7.43916349809886
3,144,517,7.570599613152805
3,145,515,7.566990291262136
3,146,504,7.694444444444445
3,147,509,7.8055009823182715
3,148,511,7.64774951076321
3,149,524,7.444656488549619
3,150,523,7.405353728489484
3,151,514,7.385214007782102
3,152,519,7.165703275529865
3,153,511,7.275929549902153
3,154,499,7.396793587174349
3,155,505,7.534653465346534
3,156,516,7.4689922480620154
3,157,518,7.395752895752896
3,158,525,7.139047619047619
3,159,520,7.082692307692308
3,160,531,7.1035781544256125
3,161,530,7.311320754716981
3,162,530,7.390566037735849
3,163,534,7.320224719101123
3,164,532,7.43796992481203
3,165,522,7.264367816091954
3,166,537,7.232774674115456
3,167,548,7.302919708029197
3,168,549,7.29143897996357
3,169,567,6.964726631393298
3,170,564,6.9379432624113475
3,171,582,7.001718213058419
3,172,608,6.962171052631579
3,173,621,7.041867954911433
3,174,622,7.197749196141479
3,175,632,7.113924050632911
3,176,635,7.02992125984252
3,177,629,7.203497615262322
3,178,647,7.097372488408037
3,179,639,7.305164319248826
3,180,652,7.306748466257669
3,181,661,7.3131618759455375
3,182,668,7.327844311377246
3,183,673,7.4011887072808324
3,184,685,7.440875912408759
3,185,689,7.328011611030479
3,186,697,7.384505021520804
3,187,680,7.391176470588236
3,188,679,7.500736377025037
3,189,692,7.531791907514451
3,190,695,7.536690647482015
3,191,672,7.526785714285714
3,192,676,7.356508875739645
3,193,681,7.36417033773862
3,194,691,7.40520984081042
3,195,689,7.544267053701016
3,196,670,7.4
3,197,681,7.475770925110132
3,198,684,7.309941520467836
3,199,707,7.1951909476661955
3,200,707,7.202263083451203
3,201,705,7.272340425531915
3,202,712,7.38061797752809
3,203,723,7.309820193637621
3,204,711,7.215189873417722
3,205,706,7.137393767705382
3,206,715,7.116083916083916
3,207,697,7.134863701578192
3,208,695,7.175539568345323
3,209,692,7.158959537572255
3,210,711,7.071729957805907
3,211,718,7.17966573816156
3,212,718,7.29108635097493
3,213,732,7.08879781420765
3,214,734,7.077656675749319
3,215,751,6.941411451398136
3,216,760,6.957894736842105
3,217,772,6.879533678756476
3,218,775,6.96516129032258
3,219,779,6.984595635430039
3,220,764,7.0065445026178015
3,221,770,6.990909090909091
3,222,755,7.075496688741722
3,223,761,6.982917214191853
3,224,744,7.081989247311828
3,225,751,7.046604527296937
3,226,776,6.907216494845361
3,227,776,6.905927835051546
3,228,771,6.954604409857328
3,229,774,6.958656330749354
3,230,761,7.115637319316688
3,231,758,7.133245382585752
3,232,745,7.17986577181208
3,233,742,7.19811320754717
3,234,740,7.185135135135135
3,235,733,7.081855388813097
3,236,722,6.987534626038781
3,237,741,6.954116059379217
3,238,729,6.857338820301783
3,239,736,6.804347826086956
3,240,727,6.702888583218707
3,241,734,6.85149863760218
3,242,731,6.894664842681259
3,243,738,6.943089430894309
3,244,739,7.143437077131258
3,245,732,7.060109289617486
3,246,726,6.8402203856749315
3,247,736,6.726902173913044
3,248,751,6.792276964047936
3,249,742,6.785714285714286
3,250,736,6.932065217391305
3,251,731,6.976744186046512
3,252,721,7.085991678224688
3,253,720,7.383333333333334
3,254,730,7.447945205479452
3,255,725,7.369655172413793
3,256,721,7.209431345353676
3,257,711,7.129395218002813
3,258,703,7.209103840682788
3,259,683,7.11420204978038
3,260,678,7.21976401179941
3,261,676,7.155325443786983
3,262,653,7.286370597243492
3,263,644,7.079192546583851
3,264,640,7.046875
3,265,633,6.897314375987362
3,266,642,7.02803738317757
3,267,636,7.020440251572327
3,268,621,7.128824476650563
3,269,608,6.942434210526316
3,270,602,6.98172757475083
3,271,606,6.9950495049504955
3,272,605,6.92396694214876
3,273,603,6.69485903814262
3,274,603,6.824212271973466
3,275,603,6.8092868988391375
3,276,603,6.724709784411277
3,277,608,6.764802631578948
3,278,618,6.792880258899676
3,279,607,7.00164744645799
3,280,606,7.122112211221122
3,281,616,7.191558441558442
3,282,613,6.99673735725938
3,283,604,7.2135761589403975
3,284,594,6.978114478114478
3,285,596,6.870805369127517
3,286,597,6.876046901172529
3,287,606,6.806930693069307
3,288,606,6.904290429042904
3,289,606,6.808580858085809
3,290,588,7.052721088435374
3,291,592,7.194256756756757
3,292,600,7.258333333333334
3,293,590,7.2101694915254235
3,294,571,7.267950963222416
3,295,572,7.29020979020979
3,296,562,7.265124555160142
3,297,571,7.035026269702277
3,298,557,6.938958707360862
3,299,554,6.877256317689531
3,300,550,6.834545454545455
3,301,560,6.6875
3,302,545,6.656880733944954
3,303,556,6.670863309352518
3,304,551,6.802177858439202
3,305,543,7.05340699815838
3,306,534,7.132958801498128
3,307,521,7.166986564299425
3,308,508,7.25
3,309,506,7.243083003952569
3,310,508,7.289370078740157
3,311,515,7.120388349514563
3,312,523,7.210325047801147
3,313,520,7.1692307692307695
3,314,514,7.122568093385214
3,315,505,7.069306930693069
3,316,503,7.041749502982108
3,317,492,7.0060975609756095
3,318,488,7.067622950819672
3,319,474,6.953586497890296
3,320,467,6.980728051391863
3,321,472,7.0741525423728815
3,322,477,6.9077568134171905
3,323,477,7.029350104821803
3,324,489,6.967280163599182
3,325,486,7.109053497942387
3,326,486,7.125514403292181
3,327,482,7.109958506224066
3,328,473,7.086680761099366
3,329,470,6.965957446808511
3,330,468,7.047008547008547
3,331,460,7.113043478260869
3,332,452,7.227876106194691
3,333,448,6.892857142857143
3,334,458,6.897379912663755
3,335,457,6.87527352297593
3,336,463,7.002159827213823
3,337,467,7.038543897216274
3,338,453,6.920529801324503
3,339,435,7.133333333333334
3,340,425,7.263529411764706
3,341,421,7.216152019002375
3,342,417,7.280575539568345
3,343,427,7.126463700234192
3,344,439,6.984054669703872
3,345,443,7.10158013544018
3,346,442,7.01131221719457
3,347,443,6.948081264108352
3,348,441,6.929705215419501
3,349,423,7.011820330969267
3,350,408,7.056372549019608
3,351,422,6.909952606635071
3,352,422,6.969194312796208
3,353,417,7.115107913669065
3,354,410,7.114634146341463
3,355,408,6.862745098039215
3,356,416,7.072115384615385
3,357,407,6.96068796068796
3,358,408,6.872549019607843
3,359,397,6.889168765743073
3,360,381,6.858267716535433
3,361,379,6.857519788918206
3,362,375,6.882666666666666
3,363,366,6.76775956284153
3,364,364,6.678571428571429
3,365,369,6.715447154471545
3,366,361,6.894736842105263
3,367,353,6.9405099150141645
3,368,341,7.202346041055718
3,369,340,7.064705882352941
3,370,334,7.140718562874252
3,371,321,7.485981308411215
3,372,318,7.418238993710692
3,373,313,7.1916932907348246
3,374,314,6.993630573248407
3,375,319,7.15987460815047
3,376,325,7.178461538461539
3,377,314,7.031847133757962
3,378,299,7.127090301003345
3,379,299,6.879598662207358
3,380,306,6.898692810457517
3,381,320,7.203125
3,382,309,7.355987055016182
3,383,302,7.341059602649007
3,384,307,7.368078175895765
3,385,306,7.189542483660131
3,386,299,7.321070234113712
3,387,299,7.214046822742475
3,388,301,6.9933554817275745
3,389,307,6.986970684039088
3,390,301,7.04983388704319
3,391,298,6.922818791946309
3,392,299,6.839464882943144
3,393,301,6.906976744186046
3,394,306,6.856209150326797
3,395,303,7.02970297029703
3,396,304,7.0855263157894735
3,397,317,7.255520504731861
3,398,309,7.02588996763754
3,399,299,6.8595317725752505
3,400,305,6.819672131147541
4,0,30,0.0
4,1,30,1.0
4,2,30,2.0
4,3,30,3.0
4,4,30,4.0
4,5,30,5.0
4,6,30,6.0
4,7,30,7.0
4,8,33,7.2727272727272725
4,9,37,7.378378378378378
4,10,42,7.380952380952381
4,11,52,6.769230769230769
4,12,54,7.481481481481482
4,13,62,6.967741935483871
4,14,68,7.264705882352941
4,15,72,7.805555555555555
4,16,75,8.173333333333334
4,17,81,8.283950617283951
4,18,92,7.978260869565218
4,19,100,8.26
4,20,111,8.054054054054054
4,21,117,8.341880341880342
4,22,122,8.704918032786885
4,23,130,9.0
4,24,135,9.407407407407407
4,25,144,9.284722222222221
4,26,151,9.086092715231787
4,27,159,9.150943396226415
4,28,172,8.813953488372093
4,29,175,9.314285714285715
4,30,182,9.274725274725276
4,31,185,9.708108108108108
4,32,184,8.119565217391305
4,33,193,8.341968911917098
4,34,207,8.400966183574878
4,35,206,8.616504854368932
4,36,218,8.394495412844037
4,37,230,8.47391304347826
4,38,240,8.341666666666667
4,39,246,8.235772357723578
4,40,261,7.896551724137931
4,41,273,7.981684981684982
4,42,271,7.878228782287823
4,43,277,7.888086642599278
4,44,292,7.866438356164384
4,45,296,7.722972972972973
4,46,314,7.8152866242038215
4,47,333,7.930930930930931
4,48,343,7.962099125364431
4,49,363,7.884297520661157
4,50,377,7.909814323607427
4,51,380,8.06578947368421
4,52,384,7.841145833333333
4,53,385,7.8311688311688314
4,54,392,7.691326530612245
4,55,393,7.903307888040713
4,56,400,7.93
4,57,408,7.911764705882353
4,58,422,7.7725118483412325
4,59,439,7.952164009111617
4,60,451,7.85809312638581
4,61,456,7.833333333333333
4,62,474,7.789029535864979
4,63,482,7.5995850622406635
4,64,495,7.638383838383838
4,65,505,7.568316831683168
4,66,518,7.783783783783784
4,67,521,7.6257197696737045
4,68,529,7.610586011342155
4,69,531,7.512241054613936
4,70,545,7.605504587155964
4,71,545,7.836697247706422
4,72,543,7.616942909760589
4,73,560,7.626785714285714
4,74,578,7.423875432525952
4,75,587,7.3407155025553665
4,76,601,7.4209650582362725
4,77,605,7.219834710743801
4,78,612,7.212418300653595
4,79,617,7.374392220421393
4,80,614,7.519543973941368
4,81,630,7.319047619047619
4,82,627,7.671451355661882
4,83,636,7.514150943396227
4,84,653,7.44104134762634
4,85,648,7.427469135802469
4,86,653,7.437978560490046
4,87,635,7.678740157480315
4,88,660,7.634848484848485
4,89,661,7.591527987897125
4,90,666,7.430930930930931
4,91,659,7.523520485584219
4,92,663,7.336349924585218
4,93,667,7.320839580209895
4,94,654,7.314984709480123
4,95,655,7.374045801526718
4,96,651,7.377880184331797
4,97,635,7.525984251968504
4,98,649,7.554699537750385
4,99,654,7.750764525993884
4,100,667,7.679160419790105
4,101,671,7.538002980625931
4,102,670,7.529850746268656
4,103,682,7.353372434017595
4,104,680,7.288235294117647
4,105,678,7.101769911504425
4,106,679,6.946980854197349
4,107,676,6.914201183431953
4,108,668,7.232035928143713
4,109,675,7.376296296296296
4,110,679,7.357879234167894
4,111,675,7.268148148148148
4,112,691,7.230101302460203
4,113,713,7.228611500701263
4,114,716,7.185754189944134
4,115,714,7.158263305322129
4,116,726,7.110192837465565
4,117,730,7.156164383561644
4,118,727,7.240715268225585
4,119,716,7.340782122905028
4,120,734,7.325613079019074
4,121,739,7.2381596752368065
4,122,751,7.082556591211718
4,123,772,7.211139896373057
4,124,777,7.054054054054054
4,125,783,7.164750957854406
4,126,770,7.154545454545454
4,127,759,7.320158102766799
4,128,757,7.394980184940555
4,129,763,7.46002621231979
4,130,770,7.277922077922078
4,131,760,7.326315789473684
4,132,753,7.317397078353253
4,133,762,7.213910761154856
4,134,758,7.2678100263852246
4,135,772,7.295336787564767
4,136,769,7.345903771131339
4,137,788,7.385786802030457
4,138,800,7.385
4,139,797,7.41405269761606
4,140,800,7.2075
4,141,820,7.040243902439024
4,142,819,7.004884004884005
4,143,815,7.139877300613497
4,144,816,7.091911764705882
4,145,830,7.134939759036144
4,146,845,7.004733727810651
4,147,846,7.052009456264775
4,148,851,6.963572267920094
4,149,854,7.048009367681499
4,150,853,6.921453692848769
4,151,836,6.9509569377990434
4,152,835,7.097005988023952
4,153,827,7.1451027811366385
4,154,808,7.266089108910891
4,155,797,7.309912170639899
4,156,797,7.2848180677540775
4,157,794,7.506297229219143
4,158,789,7.482889733840304
4,159,781,7.626120358514725
4,160,780,7.483333333333333
4,161,776,7.480670103092783
4,162,767,7.3507170795306385
4,163,789,7.337135614702155
4,164,796,7.326633165829146
4,165,805,7.237267080745341
4,166,788,7.1725888324873095
4,167,770,7.2727272727272725
4,168,774,7.285529715762274
4,169,754,7.355437665782493
4,170,761,7.329829172141919
4,171,752,7.29654255319149
4,172,768,7.299479166666667
4,173,767,7.105606258148631
4,174,771,7.042801556420233
4,175,769,7.028608582574773
4,176,793,6.799495586380832
4,177,793,6.844892812105927
4,178,825,6.829090909090909
4,179,836,6.947368421052632
4,180,817,7.204406364749082
4,181,820,7.0024390243902435
4,182,837,7.19115890083632
4,183,842,7.311163895486936
4,184,844,7.312796208530806
4,185,830,7.379518072289157
4,186,831,7.323706377858002
4,187,846,7.07919621749409
4,188,847,7.302243211334121
4,189,860,7.255813953488372
4,190,846,7.1052009456264775
4,191,838,7.05727923627685
4,192,831,7.21540312876053
4,193,816,7.247549019607843
4,194,829,7.214716525934861
4,195,820,7.124390243902439
4,196,818,7.343520782396088
4,197,820,7.320731707317073
4,198,821,7.261875761266748
4,199,815,7.166871165644172
4,200,820,7.078048780487805
4,201,810,7.087654320987654
4,202,816,7.123774509803922
4,203,801,7.108614232209738
4,204,820,7.041463414634146
4,205,825,7.100606060606061
4,206,822,7.180048661800487
4,207,816,6.988970588235294
4,208,811,6.944512946979038
4,209,810,7.192592592592592
4,210,809,7.081582200247219
4,211,818,7.096577017114915
4,212,826,7.11138014527845
4,213,840,7.010714285714286
4,214,824,7.172330097087379
4,215,816,7.252450980392157
4,216,813,7.4046740467404675
4,217,808,7.204207920792079
4,218,802,7.28428927680798
4,219,791,7.1466498103666245
4,220,783,7.2503192848020435
4,221,772,7.392487046632124
4,222,768,7.35546875
4,223,762,7.3727034120734904
4,224,753,7.551128818061089
4,225,754,7.628647214854111
4,226,740,7.654054054054054
4,227,747,7.4404283801874165
4,228,736,7.350543478260869
4,229,753,7.418326693227091
4,230,741,7.3117408906882595
4,231,738,7.173441734417344
4,232,724,7.180939226519337
4,233,728,7.0576923076923075
4,234,728,7.116758241758242
4,235,732,7.1530054644808745
4,236,732,7.247267759562842
4,237,721,7.3065187239944525
4,238,730,7.345205479452055
4,239,750,7.253333333333333
4,240,744,7.200268817204301
4,241,735,7.09795918367347
4,242,733,7.230559345156889
4,243,742,7.10377358490566
4,244,752,7.0625
4,245,739,7.031123139377537
4,246,758,6.990765171503957
4,247,763,6.879423328964613
4,248,762,6.985564304461942
4,249,761,7.126149802890933
4,250,777,7.226512226512226
4,251,796,6.934673366834171
4,252,812,6.913793103448276
4,253,822,6.978102189781022
4,254,819,6.957264957264957
4,255,822,6.992700729927007
4,256,827,7.116082224909311
4,257,819,6.920634920634921
4,258,826,7.066585956416465
4,259,813,7.1402214022140225
4,260,795,7.19622641509434
4,261,802,7.260598503740648
4,262,805,7.329192546583851
4,263,806,7.44044665012407
4,264,815,7.451533742331288
4,265,831,7.394705174488568
4,266,800,7.2125
4,267,788,7.157360406091371
4,268,781,7.189500640204866
4,269,781,7.011523687580025
4,270,774,7.025839793281654
4,271,769,7.1014304291287385
4,272,777,7.005148005148005
4,273,752,7.070478723404255
4,274,749,7.093457943925234
4,275,733,7.061391541609822
4,276,728,7.092032967032967
4,277,715,7.131468531468531
4,278,715,7.181818181818182
4,279,702,7.1752136752136755
4,280,722,7.030470914127424
4,281,708,7.057909604519774
4,282,703,6.852062588904694
4,283,695,6.79568345323741
4,284,691,6.881331403762663
4,285,702,6.935897435897436
4,286,705,7.009929078014184
4,287,718,7.2604456824512535
4,288,719,7.35605006954103
4,289,715,7.376223776223776
4,290,697,7.215208034433285
4,291,676,7.207100591715976
4,292,681,7.221732745961821
4,293,708,7.0875706214689265
4,294,702,7.084045584045584
4,295,694,6.998559077809798
4,296,705,6.98581560283688
4,297,707,6.953323903818953
4,298,716,6.990223463687151
4,299,683,7.039531478770132
4,300,675,7.09037037037037
4,301,669,6.985052316890882
4,302,649,6.922958397534669
4,303,671,6.9225037257824145
4,304,676,6.93491124260355
4,305,688,7.011627906976744
4,306,696,6.949712643678161
4,307,696,6.860632183908046
4,308,689,6.90711175616836
4,309,687,6.858806404657933
4,310,685,6.8598540145985405
4,311,682,6.737536656891495
4,312,665,6.90375939849624
4,313,675,6.831111111111111
4,314,679,6.865979381443299
4,315,700,6.714285714285714
4,316,710,6.726760563380282
4,317,704,6.931818181818182
4,318,703,7.112375533428165
4,319,705,7.113475177304965
4,320,689,6.937590711175617
4,321,679,6.9941089837997055
4,322,688,7.098837209302325
4,323,686,7.0466472303206995
4,324,686,7.053935860058309
4,325,672,7.226190476190476
4,326,678,7.162241887905605
4,327,687,7.075691411935954
4,328,680,6.947058823529412
4,329,678,6.976401179941003
4,330,659,6.928679817905918
4,331,642,6.951713395638629
4,332,636,6.922955974842767
4,333,633,6.826224328593997
4,334,622,6.95016077170418
4,335,615,7.1138211382113825
4,336,610,6.970491803278689
4,337,612,6.965686274509804
4,338,615,6.778861788617887
4,339,602,6.858803986710964
4,340,599,6.924874791318865
4,341,580,6.891379310344828
4,342,566,6.819787985865724
4,343,553,7.005424954792043
4,344,553,7.132007233273056
4,345,563,7.1172291296625225
4,346,573,7.015706806282722
4,347,560,7.067857142857143
4,348,565,7.0955752212389385
4,349,562,7.051601423487544
4,350,561,6.942959001782532
4,351,564,6.801418439716312
4,352,566,6.791519434628976
4,353,556,6.946043165467626
4,354,546,6.866300366300366
4,355,524,6.929389312977099
4,356,540,6.944444444444445
4,357,540,7.025925925925926
4,358,536,7.039179104477612
4,359,534,6.98876404494382
4,360,532,6.892857142857143
4,361,534,7.020599250936329
4,362,557,6.951526032315979
4,363,554,7.106498194945848
4,364,552,7.22463768115942
4,365,531,7.19774011299435
4,366,524,7.175572519083969
4,367,517,7.108317214700193
4,368,523,7.133843212237093
4,369,525,7.274285714285714
4,370,525,7.0685714285714285
4,371,513,7.09551656920078
4,372,523,6.921606118546845
4,373,507,7.0256410256410255
4,374,500,6.85
4,375,484,6.956611570247934
4,376,476,7.023109243697479
4,377,467,7.19271948608137
4,378,481,7.174636174636174
4,379,491,7.244399185336049
4,380,493,6.9614604462474645
4,381,474,6.761603375527426
4,382,473,6.896405919661734
4,383,481,6.923076923076923
4,384,488,6.772540983606557
4,385,503,6.642147117296223
4,386,506,6.8142292490118574
4,387,508,6.927165354330708
4,388,506,6.9189723320158105
4,389,496,6.806451612903226
4,390,479,6.665970772442589
4,391,472,6.88135593220339
4,392,470,6.991489361702127
4,393,478,7.2196652719665275
4,394,486,7.158436213991769
4,395,482,7.172199170124482
4,396,492,7.378048780487805
4,397,489,7.2719836400818
4,398,491,7.232179226069246
4,399,488,7.206967213114754
4,400,472,7.434322033898305
5,0,30,0.0
5,1,30,1.0
5,2,30,2.0
5,3,30,3.0
5,4,30,4.0
5,5,30,5.0
5,6,30,6.0
5,7,30,7.0
5,8,35,6.857142857142857
5,9,38,7.2368421052631575
5,10,43,7.27906976744186
5,11,54,6.388888888888889
5,12,57,7.0
5,13,63,7.238095238095238
5,14,68,7.632352941176471
5,15,70,8.385714285714286
5,16,71,9.028169014084508
5,17,74,9.621621621621621
5,18,81,9.703703703703704
5,19,92,9.423913043478262
5,20,99,9.606060606060606
5,21,106,9.79245283018868
5,22,114,9.74561403508772
5,23,120,9.791666666666666
5,24,135,9.088888888888889
5,25,145,9.16551724137931
5,26,147,9.319727891156463
5,27,160,9.48125
5,28,171,9.257309941520468
5,29,173,9.664739884393063
5,30,180,9.533333333333333
5,31,180,10.122222222222222
5,32,171,7.719298245614035
5,33,177,8.022598870056497
5,34,191,7.994764397905759
5,35,196,8.229591836734693
5,36,194,8.675257731958762
5,37,203,8.812807881773399
5,38,207,8.869565217391305
5,39,226,8.920353982300885
5,40,235,8.83404255319149
5,41,250,8.568
5,42,253,8.632411067193676
5,43,256,8.4296875
5,44,263,8.068441064638783
5,45,281,7.879003558718861
5,46,290,7.875862068965517
5,47,296,7.908783783783784
5,48,293,8.26962457337884
5,49,300,8.07
5,50,306,8.088235294117647
5,51,308,7.996753246753247
5,52,319,7.959247648902822
5,53,333,8.03003003003003
5,54,334,7.880239520958084
5,55,341,8.002932551319649
5,56,339,7.882005899705015
5,57,344,7.683139534883721
5,58,337,7.572700296735905
5,59,345,7.3826086956521735
5,60,346,7.332369942196531
5,61,338,7.28698224852071
5,62,328,7.408536585365853
5,63,326,7.438650306748467
5,64,325,7.526153846153846
5,65,314,7.56687898089172
5,66,304,7.552631578947368
5,67,303,7.353135313531353
5,68,315,7.358730158730158
5,69,328,7.405487804878049
5,70,327,7.513761467889908
5,71,318,7.79559748427673
5,72,319,8.172413793103448
5,73,322,7.779503105590062
5,74,327,7.519877675840979
5,75,325,7.587692307692308
5,76,328,7.429878048780488
5,77,334,7.383233532934132
5,78,341,7.560117302052786
5,79,339,7.59882005899705
5,80,336,7.348214285714286
5,81,331,7.283987915407855
5,82,332,7.599397590361446
5,83,335,7.426865671641791
5,84,342,6.935672514619883
5,85,340,7.008823529411765
5,86,354,7.008474576271187
5,87,364,7.15934065934066
5,88,359,7.022284122562674
5,89,349,7.1833810888252145
5,90,345,7.139130434782609
5,91,364,7.181318681318682
5,92,373,7.160857908847185
5,93,372,7.077956989247312
5,94,383,6.900783289817232
5,95,383,6.877284595300261
5,96,389,6.997429305912596
5,97,384,7.028645833333333
5,98,389,7.023136246786632
5,99,415,7.028915662650602
5,100,434,6.88479262672811
5,101,426,6.880281690140845
5,102,419,7.116945107398568
5,103,412,7.223300970873787
5,104,414,7.263285024154589
5,105,417,6.920863309352518
5,106,403,7.11166253101737
5,107,404,7.195544554455446
5,108,416,7.2235576923076925
5,109,417,7.381294964028777
5,110,419,7.052505966587113
5,111,421,7.07125890736342
5,112,423,6.858156028368795
5,113,433,6.7921478060046185
5,114,419,6.885441527446301
5,115,416,6.860576923076923
5,116,409,6.982885085574572
5,117,398,7.010050251256281
5,118,396,7.2146464646464645
5,119,415,7.106024096385542
5,120,409,6.924205378973105
5,121,414,7.1521739130434785
5,122,410,7.134146341463414
5,123,413,6.924939467312349
5,124,421,6.750593824228028
5,125,423,6.68321513002364
5,126,422,6.568720379146919
5,127,419,6.725536992840095
5,128,436,6.715596330275229
5,129,441,6.8979591836734695
5,130,429,7.0
5,131,431,6.939675174013921
5,132,434,6.903225806451613
5,133,430,6.972093023255814
5,134,427,6.836065573770492
5,135,435,6.993103448275862
5,136,427,7.018735362997658
5,137,419,7.045346062052506
5,138,408,7.375
5,139,410,7.15609756097561
5,140,407,7.176904176904177
5,141,394,7.223350253807107
5,142,405,7.274074074074074
5,143,416,7.153846153846154
5,144,409,7.026894865525672
5,145,406,7.032019704433497
5,146,409,6.799511002444988
5,147,412,6.881067961165049
5,148,403,6.826302729528536
5,149,411,6.776155717761557
5,150,408,7.056372549019608
5,151,403,7.136476426799008
5,152,403,7.196029776674938
5,153,400,7.005
5,154,390,6.907692307692308
5,155,383,7.078328981723238
5,156,398,6.937185929648241
5,157,392,6.9770408163265305
5,158,395,6.868354430379747
5,159,406,6.891625615763547
5,160,406,6.834975369458128
5,161,387,6.811369509043928
5,162,375,6.826666666666667
5,163,368,6.932065217391305
5,164,360,6.905555555555556
5,165,350,6.977142857142857
5,166,350,6.825714285714286
5,167,347,6.959654178674351
5,168,350,7.057142857142857
5,169,351,7.210826210826211
5,170,350,7.225714285714286
5,171,345,6.895652173913043
5,172,345,7.0202898550724635
5,173,339,7.218289085545723
5,174,341,7.064516129032258
5,175,338,6.93491124260355
5,176,328,7.216463414634147
5,177,331,7.404833836858006
5,178,335,7.3194029850746265
5,179,334,7.083832335329341
5,180,334,6.8562874251497
5,181,337,6.863501483679525
5,182,338,6.757396449704142
5,183,334,6.883233532934132
5,184,316,7.120253164556962
5,185,331,7.169184290030212
5,186,331,7.181268882175226
5,187,324,7.083333333333333
5,188,312,7.237179487179487
5,189,312,7.115384615384615
5,190,313,6.913738019169329
5,191,313,7.02555910543131
5,192,314,7.031847133757962
5,193,313,7.0702875399361025
5,194,320,7.040625
5,195,329,6.857142857142857
5,196,313,6.939297124600639
5,197,308,6.814935064935065
5,198,314,6.818471337579618
5,199,315,6.822222222222222
5,200,309,6.705501618122978
5,201,304,6.911184210526316
5,202,302,6.788079470198675
5,203,303,7.0462046204620465
5,204,295,6.894915254237288
5,205,299,6.816053511705686
5,206,295,6.725423728813559
5,207,300,6.496666666666667
5,208,296,6.652027027027027
5,209,294,6.537414965986395
5,210,286,6.744755244755245
5,211,286,7.073426573426573
5,212,280,7.182142857142857
5,213,277,7.050541516245487
5,214,270,6.911111111111111
5,215,257,6.591439688715953
5,216,257,6.933852140077821
5,217,258,6.821705426356589
5,218,253,6.91699604743083
5,219,249,6.855421686746988
5,220,240,6.691666666666666
5,221,237,7.037974683544304
5,222,236,7.139830508474576
5,223,241,6.8921161825726145
5,224,238,7.15546218487395
5,225,238,7.34453781512605
5,226,234,6.8247863247863245
5,227,228,6.8464912280701755
5,228,229,6.799126637554585
5,229,217,7.0691244239631335
5,230,219,7.292237442922374
5,231,215,7.372093023255814
5,232,209,7.124401913875598
5,233,213,7.230046948356808
5,234,205,7.048780487804878
5,235,210,7.190476190476191
5,236,204,7.176470588235294
5,237,209,6.91866028708134
5,238,213,7.037558685446009
5,239,207,7.024154589371981
5,240,201,7.124378109452737
5,241,199,7.271356783919598
5,242,191,6.973821989528796
5,243,188,6.99468085106383
5,244,184,7.005434782608695
5,245,183,6.896174863387978
5,246,170,6.958823529411765
5,247,166,7.13855421686747
5,248,167,7.461077844311378
5,249,170,7.288235294117647
5,250,172,7.087209302325581
5,251,167,7.017964071856287
5,252,161,6.9813664596273295
5,253,153,7.228758169934641
5,254,156,7.205128205128205
5,255,156,7.378205128205129
5,256,160,7.34375
5,257,164,6.890243902439025
5,258,156,6.82051282051282
5,259,154,6.623376623376624
5,260,156,6.384615384615385
5,261,159,6.578616352201258
5,262,152,6.5
5,263,150,6.8533333333333335
5,264,156,6.980769230769231
5,265,153,7.26797385620915
5,266,157,7.229299363057325
5,267,146,7.164383561643835
5,268,140,7.378571428571429
5,269,143,7.405594405594406
5,270,135,7.0962962962962965
5,271,125,7.104
5,272,122,7.229508196721311
5,273,114,7.447368421052632
5,274,108,7.324074074074074
5,275,107,7.691588785046729
5,276,105,7.333333333333333
5,277,106,7.0
5,278,101,6.891089108910891
5,279,99,6.787878787878788
5,280,97,7.237113402061856
5,281,100,7.45
5,282,98,7.204081632653061
5,283,96,6.979166666666667
5,284,94,7.117021276595745
5,285,96,7.0625
5,286,96,7.041666666666667
5,287,93,7.182795698924731
5,288,89,6.932584269662922
5,289,87,7.494252873563219
5,290,86,7.534883720930233
5,291,86,7.267441860465116
5,292,91,7.054945054945055
5,293,89,6.280898876404494
5,294,93,6.43010752688172
5,295,91,6.7032967032967035
5,296,91,6.395604395604396
5,297,94,6.925531914893617
5,298,96,7.34375
5,299,94,6.627659574468085
5,300,101,6.8316831683168315
5,301,99,6.626262626262626
5,302,102,6.421568627450981
5,303,109,6.807339449541284
5,304,107,6.775700934579439
5,305,110,6.872727272727273
5,306,106,7.311320754716981
5,307,97,6.88659793814433
5,308,97,6.350515463917525
5,309,97,6.484536082474227
5,310,96,6.635416666666667
5,311,106,6.377358490566038
5,312,110,6.609090909090909
5,313,118,6.254237288135593
5,314,120,6.316666666666666
5,315,118,6.47457627118644
5,316,119,6.277310924369748
5,317,124,6.354838709677419
5,318,122,6.622950819672131
5,319,120,6.608333333333333
5,320,118,6.771186440677966
5,321,114,7.184210526315789
5,322,120,7.008333333333334
5,323,127,7.133858267716535
5,324,126,7.285714285714286
5,325,128,7.140625
5,326,129,7.3023255813953485
5,327,126,7.603174603174603
5,328,126,7.238095238095238
5,329,125,7.536
5,330,127,7.669291338582677
5,331,134,7.417910447761194
5,332,138,7.3768115942028984
5,333,130,6.892307692307693
5,334,128,6.96875
5,335,131,6.854961832061068
5,336,143,6.608391608391608
5,337,141,6.5177304964539005
5,338,147,6.64625850340136
5,339,138,6.855072463768116
5,340,141,6.666666666666667
5,341,140,6.614285714285714
5,342,146,6.739726027397261
5,343,149,6.966442953020135
5,344,156,7.076923076923077
5,345,162,7.154320987654321
5,346,154,7.123376623376624
5,347,159,7.0251572327044025
5,348,156,7.121794871794871
5,349,156,7.051282051282051
5,350,150,7.026666666666666
5,351,150,7.113333333333333
5,352,155,6.870967741935484
5,353,151,6.9072847682119205
5,354,152,7.0131578947368425
5,355,153,7.137254901960785
5,356,142,7.28169014084507
5,357,140,7.25
5,358,139,6.820143884892087
5,359,137,6.890510948905109
5,360,135,7.044444444444444
5,361,132,7.037878787878788
5,362,123,6.699186991869919
5,363,126,7.0
5,364,128,7.1328125
5,365,128,7.703125
5,366,139,7.309352517985611
5,367,142,7.176056338028169
5,368,133,7.285714285714286
5,369,138,6.818840579710145
5,370,130,6.061538461538461
5,371,131,6.244274809160306
5,372,136,6.455882352941177
5,373,134,6.858208955223881
5,374,128,6.8984375
5,375,130,7.2153846153846155
5,376,131,7.091603053435114
5,377,126,7.261904761904762
5,378,115,7.539130434782609
5,379,119,7.529411764705882
5,380,120,6.933333333333334
5,381,121,6.586776859504132
5,382,118,6.8474576271186445
5,383,115,6.826086956521739
5,384,118,7.008474576271187
5,385,121,7.074380165289257
5,386,122,7.434426229508197
5,387,117,6.726495726495727
5,388,115,6.591304347826087
5,389,111,6.783783783783784
5,390,112,6.607142857142857
5,391,115,6.391304347826087
5,392,117,6.273504273504273
5,393,125,6.456
5,394,120,6.941666666666666
5,395,122,6.991803278688525
5,396,121,7.289256198347108
5,397,113,6.946902654867257
5,398,106,6.8584905660377355
5,399,109,6.651376146788991
5,400,106,6.726415094339623
6,0,30,0.0
6,1,30,1.0
6,2,30,2.0
6,3,30,3.0
6,4,30,4.0
6,5,30,5.0
6,6,30,6.0
6,7,30,7.0
6,8,40,6.0
6,9,47,5.957446808510638
6,10,53,6.169811320754717
6,11,59,6.440677966101695
6,12,67,6.552238805970149
6,13,71,7.126760563380282
6,14,71,7.732394366197183
6,15,75,8.266666666666667
6,16,82,8.475609756097562
6,17,89,8.247191011235955
6,18,93,8.56989247311828
6,19,97,8.577319587628866
6,20,106,8.764150943396226
6,21,113,8.973451327433628
6,22,120,9.333333333333334
6,23,122,9.51639344262295
6,24,126,9.801587301587302
6,25,130,9.938461538461539
6,26,136,9.911764705882353
6,27,147,9.653061224489797
6,28,160,9.15625
6,29,162,9.555555555555555
6,30,168,9.660714285714286
6,31,173,10.179190751445086
6,32,159,7.59748427672956
6,33,167,7.832335329341317
6,34,161,8.4472049689441
6,35,167,8.844311377245509
6,36,180,8.311111111111112
6,37,192,8.25
6,38,196,8.403061224489797
6,39,199,8.296482412060302
6,40,209,8.191387559808613
6,41,216,7.842592592592593
6,42,229,7.973799126637554
6,43,233,7.991416309012876
6,44,230,7.991304347826087
6,45,241,8.132780082987551
6,46,242,7.979338842975206
6,47,250,8.144
6,48,258,8.05813953488372
6,49,266,8.026315789473685
6,50,264,8.079545454545455
6,51,271,8.125461254612546
6,52,278,8.320143884892087
6,53,276,8.181159420289855
6,54,272,8.003676470588236
6,55,276,8.021739130434783
6,56,275,7.792727272727273
6,57,277,7.996389891696751
6,58,283,7.929328621908128
6,59,279,7.870967741935484
6,60,290,7.8068965517241375
6,61,295,7.552542372881356
6,62,304,7.434210526315789
6,63,313,7.479233226837061
6,64,311,7.598070739549839
6,65,306,7.578431372549019
6,66,300,7.506666666666667
6,67,307,7.52442996742671
6,68,317,7.287066246056782
6,69,330,7.266666666666667
6,70,331,7.335347432024169
6,71,342,7.315789473684211
6,72,337,7.130563798219584
6,73,344,7.296511627906977
6,74,347,7.6023054755043225
6,75,356,7.662921348314606
6,76,358,7.58659217877095
6,77,359,7.35933147632312
6,78,373,7.28686327077748
6,79,378,7.391534391534392
6,80,368,7.25
6,81,367,7.283378746594005
6,82,369,7.149051490514905
6,83,378,7.150793650793651
6,84,378,7.14021164021164
6,85,374,7.254010695187166
6,86,387,7.126614987080103
6,87,383,7.365535248041775
6,88,389,7.084832904884319
6,89,384,7.3984375
6,90,393,7.333333333333333
6,91,398,7.118090452261306
6,92,391,6.982097186700767
6,93,390,6.861538461538461
6,94,383,6.866840731070496
6,95,391,7.2225063938618925
6,96,399,7.1077694235588975
6,97,396,7.3106060606060606
6,98,404,7.175742574257426
6,99,421,7.185273159144893
6,100,424,7.07311320754717
6,101,420,6.921428571428572
6,102,411,7.077858880778589
6,103,412,7.121359223300971
6,104,411,7.075425790754258
6,105,412,7.04126213592233
6,106,407,7.100737100737101
6,107,423,7.002364066193853
6,108,436,7.091743119266055
6,109,432,6.99537037037037
6,110,453,6.951434878587197
6,111,448,7.024553571428571
6,112,424,7.15566037735849
6,113,432,7.108796296296297
6,114,416,7.298076923076923
6,115,404,7.264851485148514
6,116,412,7.177184466019417
6,117,410,7.304878048780488
6,118,412,7.550970873786408
6,119,409,7.271393643031785
6,120,408,7.340686274509804
6,121,419,7.479713603818616
6,122,420,7.269047619047619
6,123,413,7.329297820823244
6,124,414,7.323671497584541
6,125,407,7.324324324324325
6,126,404,7.150990099009901
6,127,414,7.292270531400966
6,128,411,7.097323600973236
6,129,414,7.200483091787439
6,130,415,7.192771084337349
6,131,419,7.372315035799523
6,132,425,7.28
6,133,432,7.268518518518518
6,134,419,7.4534606205250595
6,135,402,7.532338308457711
6,136,406,7.322660098522167
6,137,400,7.235
6,138,397,7.113350125944584
6,139,395,7.144303797468354
6,140,389,7.138817480719794
6,141,379,7.266490765171504
6,142,368,7.258152173913044
6,143,366,7.327868852459017
6,144,368,7.157608695652174
6,145,348,7.336206896551724
6,146,349,7.29512893982808
6,147,348,7.183908045977011
6,148,333,7.018018018018018
6,149,325,7.273846153846153
6,150,328,7.125
6,151,329,7.185410334346504
6,152,321,7.193146417445483
6,153,321,7.1526479750778815
6,154,323,7.489164086687307
6,155,329,7.2006079027355625
6,156,326,7.049079754601227
6,157,316,7.015822784810126
6,158,317,7.082018927444795
6,159,320,6.93125
6,160,310,6.958064516129032
6,161,318,7.19496855345912
6,162,319,7.363636363636363
6,163,321,7.168224299065421
6,164,308,7.305194805194805
6,165,312,7.314102564102564
6,166,309,7.566343042071197
6,167,318,7.264150943396227
6,168,314,7.098726114649682
6,169,300,6.87
6,170,303,7.132013201320132
6,171,299,7.130434782608695
6,172,303,7.224422442244224
6,173,300,7.346666666666667
6,174,291,7.079037800687285
6,175,293,7.061433447098976
6,176,300,7.15
6,177,309,7.197411003236246
6,178,312,7.208333333333333
6,179,311,7.286173633440514
6,180,302,7.364238410596027
6,181,308,7.185064935064935
6,182,319,6.799373040752351
6,183,329,6.942249240121581
6,184,332,6.981927710843373
6,185,332,7.057228915662651
6,186,316,7.098101265822785
6,187,321,6.822429906542056
6,188,316,6.813291139240507
6,189,320,7.03125
6,190,319,7.100313479623824
6,191,319,7.38871473354232
6,192,311,7.414790996784566
6,193,321,7.049844236760125
6,194,325,6.886153846153846
6,195,325,6.972307692307692
6,196,327,6.72782874617737
6,197,320,6.746875
6,198,303,6.633663366336633
6,199,306,6.745098039215686
6,200,300,6.8
6,201,298,7.275167785234899
6,202,296,7.375
6,203,285,7.08421052631579
6,204,275,6.9381818181818184
6,205,286,6.937062937062937
6,206,290,6.8310344827586205
6,207,295,6.688135593220339
6,208,296,6.763513513513513
6,209,290,6.834482758620689
6,210,282,6.74113475177305
6,211,278,6.931654676258993
6,212,264,6.9772727272727275
6,213,261,7.1226053639846745
6,214,276,6.822463768115942
6,215,279,6.745519713261649
6,216,278,6.600719424460432
6,217,283,6.530035335689046
6,218,278,6.5215827338129495
6,219,271,6.845018450184502
6,220,274,6.883211678832117
6,221,274,7.135036496350365
6,222,266,7.345864661654136
6,223,264,7.215909090909091
6,224,268,7.0111940298507465
6,225,272,6.830882352941177
6,226,271,6.682656826568266
6,227,258,6.775193798449612
6,228,263,6.638783269961977
6,229,257,6.412451361867705
6,230,257,6.735408560311284
6,231,254,6.964566929133858
6,232,254,7.125984251968504
6,233,243,7.20164609053498
6,234,244,7.25
6,235,231,7.233766233766234
6,236,222,7.058558558558558
6,237,220,7.3954545454545455
6,238,224,7.3125
6,239,214,7.182242990654205
6,240,202,7.297029702970297
6,241,191,6.858638743455497
6,242,196,7.076530612244898
6,243,198,7.2272727272727275
6,244,204,7.053921568627451
6,245,212,6.8584905660377355
6,246,214,6.789719626168225
6,247,208,6.586538461538462
6,248,205,6.595121951219512
6,249,206,6.587378640776699
6,250,199,6.527638190954774
6,251,197,6.431472081218274
6,252,197,6.746192893401015
6,253,201,6.975124378109452
6,254,198,7.171717171717172
6,255,190,7.08421052631579
6,256,198,6.732323232323233
6,257,205,6.478048780487805
6,258,209,6.248803827751196
6,259,203,6.600985221674877
6,260,208,6.423076923076923
6,261,209,6.832535885167464
6,262,212,6.834905660377358
6,263,206,6.616504854368932
6,264,199,6.633165829145729
6,265,191,6.43455497382199
6,266,191,6.607329842931938
6,267,192,6.630208333333333
6,268,195,6.517948717948718
6,269,198,6.611111111111111
6,270,198,6.742424242424242
6,271,191,6.9057591623036645
6,272,193,6.83419689119171
6,273,190,6.963157894736842
6,274,185,7.091891891891892
6,275,179,6.832402234636872
6,276,176,6.6647727272727275
6,277,180,6.661111111111111
6,278,184,6.75
6,279,176,6.744318181818182
6,280,184,6.853260869565218
6,281,188,6.723404255319149
6,282,186,6.688172043010753
6,283,174,6.545977011494253
6,284,171,6.444444444444445
6,285,156,6.25
6,286,151,6.470198675496689
6,287,157,6.592356687898089
6,288,161,6.881987577639752
6,289,159,6.647798742138365
6,290,145,7.117241379310345
6,291,139,7.244604316546763
6,292,133,7.12781954887218
6,293,132,7.257575757575758
6,294,134,7.2835820895522385
6,295,124,6.903225806451613
6,296,115,6.756521739130434
6,297,115,6.973913043478261
6,298,113,7.061946902654867
6,299,115,7.156521739130435
6,300,118,7.067796610169491
6,301,111,7.108108108108108
6,302,104,6.951923076923077
6,303,101,6.772277227722772
6,304,107,6.775700934579439
6,305,104,6.538461538461538
6,306,104,6.471153846153846
6,307,100,6.51
6,308,100,6.51
6,309,101,6.425742574257426
6,310,92,6.836956521739131
6,311,89,7.280898876404494
6,312,86,7.465116279069767
6,313,79,7.189873417721519
6,314,75,7.64
6,315,70,7.0285714285714285
6,316,78,6.666666666666667
6,317,85,6.117647058823529
6,318,83,6.289156626506024
6,319,81,6.2592592592592595
6,320,78,6.576923076923077
6,321,77,6.688311688311688
6,322,75,7.1066666666666665
6,323,72,7.347222222222222
6,324,63,7.2063492063492065
6,325,66,7.2272727272727275
6,326,67,7.492537313432836
6,327,66,6.984848484848484
6,328,67,6.2835820895522385
6,329,64,6.203125
6,330,66,6.363636363636363
6,331,63,7.063492063492063
6,332,57,7.175438596491228
6,333,59,7.610169491525424
6,334,62,7.209677419354839
6,335,62,7.629032258064516
6,336,60,7.866666666666666
6,337,63,7.650793650793651
6,338,67,6.895522388059701
6,339,64,6.703125
6,340,65,6.969230769230769
6,341,64,7.09375
6,342,57,7.035087719298246
6,343,61,6.852459016393443
6,344,66,6.378787878787879
6,345,72,6.305555555555555
6,346,65,6.8307692307692305
6,347,67,6.8059701492537314
6,348,62,6.483870967741935
6,349,64,6.28125
6,350,63,6.222222222222222
6,351,61,6.442622950819672
6,352,61,6.557377049180328
6,353,61,6.442622950819672
6,354,63,5.650793650793651
6,355,63,6.222222222222222
6,356,68,5.911764705882353
6,357,72,6.291666666666667
6,358,75,6.546666666666667
6,359,79,6.822784810126582
6,360,84,6.571428571428571
6,361,83,6.710843373493976
6,362,83,6.795180722891566
6,363,80,7.275
6,364,80,7.4625
6,365,74,7.702702702702703
6,366,73,7.589041095890411
6,367,76,7.473684210526316
6,368,72,7.25
6,369,77,7.402597402597403
6,370,81,7.2592592592592595
6,371,84,7.0476190476190474
6,372,86,7.0
6,373,83,6.590361445783133
6,374,85,6.647058823529412
6,375,83,6.819277108433735
6,376,86,6.372093023255814
6,377,86,6.767441860465116
6,378,86,6.511627906976744
6,379,87,6.67816091954023
6,380,87,6.827586206896552
6,381,92,6.880434782608695
6,382,98,6.275510204081633
6,383,93,6.333333333333333
6,384,99,6.282828282828283
6,385,104,6.269230769230769
6,386,105,6.190476190476191
6,387,101,6.4950495049504955
6,388,99,6.626262626262626
6,389,96,6.947916666666667
6,390,98,7.214285714285714
6,391,96,7.479166666666667
6,392,100,7.34
6,393,106,7.028301886792453
6,394,108,7.166666666666667
6,395,110,7.418181818181818
6,396,110,6.9
6,397,112,6.571428571428571
6,398,114,6.552631578947368
6,399,103,6.786407766990291
6,400,99,7.141414141414141
7,0,30,0.0
7,1,30,1.0
7,2,30,2.0
7,3,30,3.0
7,4,30,4.0
7,5,30,5.0
7,6,30,6.0
7,7,30,7.0
7,8,39,6.153846153846154
7,9,43,6.488372093023256
7,10,47,6.851063829787234
7,11,53,6.962264150943396
7,12,54,7.7407407407407405
7,13,56,7.964285714285714
7,14,58,8.655172413793103
7,15,61,9.0
7,16,64,9.53125
7,17,70,9.628571428571428
7,18,78,9.179487179487179
7,19,84,9.226190476190476
7,20,90,8.822222222222223
7,21,96,8.90625
7,22,99,8.98989898989899
7,23,114,8.429824561403509
7,24,123,8.544715447154472
7,25,125,9.04
7,26,126,8.793650793650794
7,27,134,9.14179104477612
7,28,144,8.909722222222221
7,29,145,9.441379310344828
7,30,153,9.607843137254902
7,31,162,9.382716049382717
7,32,153,7.764705882352941
7,33,154,8.363636363636363
7,34,169,8.34319526627219
7,35,174,8.132183908045977
7,36,189,8.296296296296296
7,37,200,8.34
7,38,198,8.424242424242424
7,39,207,8.516908212560386
7,40,213,8.934272300469484
7,41,206,9.101941747572816
7,42,220,8.695454545454545
7,43,234,8.435897435897436
7,44,246,8.288617886178862
7,45,253,8.312252964426877
7,46,257,7.992217898832685
7,47,269,7.992565055762082
7,48,281,8.13167259786477
7,49,275,8.018181818181818
7,50,287,7.905923344947735
7,51,293,8.023890784982935
7,52,300,8.133333333333333
7,53,301,8.318936877076412
7,54,304,8.210526315789474
7,55,298,7.9865771812080535
7,56,308,7.8441558441558445
7,57,324,7.552469135802469
7,58,339,7.587020648967552
7,59,347,7.5706051873198845
7,60,363,7.589531680440771
7,61,365,7.654794520547945
7,62,365,7.734246575342466
7,63,365,7.580821917808219
7,64,359,7.919220055710307
7,65,363,7.980716253443526
7,66,383,7.689295039164491
7,67,389,7.74293059125964
7,68,406,7.502463054187192
7,69,394,7.637055837563452
7,70,398,7.628140703517588
7,71,418,7.416267942583732
7,72,412,7.742718446601942
7,73,430,7.506976744186047
7,74,423,7.614657210401892
7,75,439,7.348519362186789
7,76,454,7.101321585903084
7,77,452,7.272123893805309
7,78,462,7.2727272727272725
7,79,456,7.43859649122807
7,80,449,7.599109131403118
7,81,433,7.531177829099307
7,82,436,7.690366972477064
7,83,440,7.681818181818182
7,84,447,7.617449664429531
7,85,449,7.6815144766147
7,86,449,7.641425389755011
7,87,438,7.5
7,88,434,7.417050691244239
7,89,440,7.4772727272727275
7,90,440,7.427272727272728
7,91,439,7.359908883826879
7,92,434,7.225806451612903
7,93,432,7.268518518518518
7,94,444,7.218468468468468
7,95,450,6.928888888888889
7,96,464,7.185344827586207
7,97,470,7.227659574468085
7,98,469,7.211087420042644
7,99,476,7.140756302521009
7,100,476,7.098739495798319
7,101,495,7.03030303030303
7,102,482,6.979253112033195
7,103,469,7.1705756929637525
7,104,462,7.071428571428571
7,105,456,7.217105263157895
7,106,466,7.358369098712446
7,107,459,7.400871459694989
7,108,459,7.311546840958606
7,109,472,7.334745762711864
7,110,463,7.293736501079914
7,111,451,7.312638580931264
7,112,467,7.222698072805139
7,113,468,7.282051282051282
7,114,465,7.2279569892473114
7,115,471,7.1804670912951165
7,116,461,7.301518438177874
7,117,470,7.134042553191489
7,118,469,7.309168443496802
7,119,461,7.199566160520607
7,120,460,7.25
7,121,468,7.160256410256411
7,122,458,7.224890829694323
7,123,470,7.178723404255319
7,124,470,7.187234042553191
7,125,462,7.0021645021645025
7,126,449,7.280623608017818
7,127,451,7.106430155210643
7,128,444,7.2792792792792795
7,129,435,7.35632183908046
7,130,439,7.170842824601367
7,131,426,7.267605633802817
7,132,432,7.025462962962963
7,133,434,6.919354838709677
7,134,421,6.760095011876484
7,135,418,6.679425837320574
7,136,410,6.6292682926829265
7,137,405,6.624691358024691
7,138,406,6.699507389162561
7,139,405,6.911111111111111
7,140,411,6.8369829683698295
7,141,410,7.041463414634146
7,142,419,6.933174224343675
7,143,429,7.058275058275059
7,144,426,7.122065727699531
7,145,426,6.906103286384977
7,146,421,6.788598574821853
7,147,426,6.753521126760563
7,148,416,6.697115384615385
7,149,405,6.762962962962963
7,150,409,6.821515892420538
7,151,405,6.958024691358025
7,152,404,7.215346534653466
7,153,393,7.211195928753181
7,154,395,7.2
7,155,392,7.341836734693878
7,156,387,7.359173126614987
7,157,384,7.388020833333333
7,158,394,7.149746192893401
7,159,379,7.306068601583114
7,160,372,7.295698924731183
7,161,362,7.074585635359116
7,162,349,6.934097421203439
7,163,342,6.935672514619883
7,164,327,7.146788990825688
7,165,337,7.15727002967359
7,166,340,7.347058823529411
7,167,352,7.161931818181818
7,168,354,7.279661016949152
7,169,333,7.21021021021021
7,170,331,7.244712990936556
7,171,320,7.290625
7,172,322,7.201863354037267
7,173,316,7.069620253164557
7,174,310,7.032258064516129
7,175,311,6.752411575562701
7,176,304,7.105263157894737
7,177,301,7.162790697674419
7,178,295,6.959322033898305
7,179,312,6.980769230769231
7,180,302,7.086092715231788
7,181,298,7.067114093959732
7,182,295,6.888135593220339
7,183,302,6.83112582781457
7,184,308,6.720779220779221
7,185,304,6.845394736842105
7,186,298,6.5
7,187,295,6.793220338983051
7,188,292,6.7979452054794525
7,189,287,6.83623693379791
7,190,278,6.762589928057554
7,191,282,6.829787234042553
7,192,281,6.637010676156583
7,193,285,6.9298245614035086
7,194,278,7.039568345323741
7,195,276,7.003623188405797
7,196,275,6.930909090909091
7,197,269,7.022304832713755
7,198,249,6.875502008032129
7,199,245,7.114285714285714
7,200,241,7.153526970954357
7,201,232,6.900862068965517
7,202,238,7.046218487394958
7,203,237,6.970464135021097
7,204,237,7.320675105485232
7,205,225,7.28
7,206,219,7.0
7,207,211,7.137440758293839
7,208,208,6.721153846153846
7,209,201,6.870646766169155
7,210,201,6.781094527363184
7,211,211,6.421800947867299
7,212,215,6.497674418604651
7,213,209,6.760765550239235
7,214,210,6.785714285714286
7,215,229,6.851528384279476
7,216,222,7.261261261261262
7,217,225,7.568888888888889
7,218,216,7.416666666666667
7,219,207,7.086956521739131
7,220,198,7.343434343434343
7,221,189,7.650793650793651
7,222,185,7.254054054054054
7,223,184,6.978260869565218
7,224,183,7.213114754098361
7,225,180,7.355555555555555
7,226,169,7.189349112426036
7,227,161,7.577639751552795
7,228,153,7.705882352941177
7,229,160,7.65625
7,230,157,7.8471337579617835
7,231,152,7.7368421052631575
7,232,150,7.8
7,233,149,7.6375838926174495
7,234,150,7.173333333333333
7,235,153,7.071895424836601
7,236,143,7.4125874125874125
7,237,141,7.333333333333333
7,238,135,7.214814814814815
7,239,141,7.26241134751773
7,240,147,7.129251700680272
7,241,146,7.006849315068493
7,242,141,7.404255319148936
7,243,130,7.2
7,244,126,7.436507936507937
7,245,118,7.245762711864407
7,246,124,7.540322580645161
7,247,130,7.7384615384615385
7,248,132,7.333333333333333
7,249,122,7.10655737704918
7,250,120,7.2
7,251,123,7.260162601626016
7,252,127,7.377952755905512
7,253,120,7.333333333333333
7,254,116,7.172413793103448
7,255,118,6.686440677966102
7,256,115,6.982608695652174
7,257,115,7.426086956521739
7,258,110,7.218181818181818
7,259,110,7.572727272727272
7,260,107,7.598130841121495
7,261,101,7.475247524752476
7,262,105,7.419047619047619
7,263,103,7.466019417475728
7,264,106,6.971698113207547
7,265,100,7.22
7,266,99,7.393939393939394
7,267,99,6.888888888888889
7,268,98,6.642857142857143
7,269,93,7.161290322580645
7,270,97,7.020618556701031
7,271,98,7.6020408163265305
7,272,98,7.959183673469388
7,273,98,7.479591836734694
7,274,98,7.520408163265306
7,275,101,7.128712871287129
7,276,112,6.491071428571429
7,277,111,6.891891891891892
7,278,108,7.083333333333333
7,279,106,7.660377358490566
7,280,102,7.950980392156863
7,281,100,7.8
7,282,96,7.604166666666667
7,283,105,7.6761904761904765
7,284,104,7.6826923076923075
7,285,101,7.594059405940594
7,286,94,7.882978723404255
7,287,92,7.5978260869565215
7,288,93,7.720430107526882
7,289,90,7.677777777777778
7,290,89,7.325842696629214
7,291,87,7.597701149425287
7,292,83,7.63855421686747
7,293,81,8.0
7,294,79,7.89873417721519
7,295,81,7.604938271604938
7,296,85,6.988235294117647
7,297,83,6.493975903614458
7,298,87,6.862068965517241
7,299,91,6.384615384615385
7,300,87,6.563218390804598
7,301,88,6.954545454545454
7,302,91,7.076923076923077
7,303,96,6.78125
7,304,98,7.295918367346939
7,305,97,7.134020618556701
7,306,97,7.268041237113402
7,307,101,7.03960396039604
7,308,96,7.114583333333333
7,309,96,7.322916666666667
7,310,94,7.648936170212766
7,311,94,7.1063829787234045
7,312,87,7.275862068965517
7,313,91,7.5054945054945055
7,314,92,7.6521739130434785
7,315,97,7.824742268041237
7,316,96,8.052083333333334
7,317,94,7.904255319148936
7,318,89,8.123595505617978
7,319,89,7.943820224719101
7,320,83,7.554216867469879
7,321,87,7.35632183908046
7,322,86,7.383720930232558
7,323,88,7.4772727272727275
7,324,89,6.831460674157303
7,325,92,7.021739130434782
7,326,93,6.774193548387097
7,327,89,6.820224719101123
7,328,90,6.7555555555555555
7,329,91,6.967032967032967
7,330,95,7.294736842105263
7,331,87,7.183908045977011
7,332,84,7.107142857142857
7,333,88,7.056818181818182
7,334,88,7.238636363636363
7,335,93,6.720430107526882
7,336,94,7.053191489361702
7,337,94,7.5
7,338,97,7.020618556701031
7,339,94,6.914893617021277
7,340,95,6.852631578947369
7,341,92,6.706521739130435
7,342,94,6.76595744680851
7,343,99,7.232323232323233
7,344,94,7.75531914893617
7,345,91,7.428571428571429
7,346,95,7.6
7,347,94,7.414893617021277
7,348,94,7.159574468085107
7,349,97,7.154639175257732
7,350,98,7.040816326530612
7,351,98,6.510204081632653
7,352,98,6.3061224489795915
7,353,89,6.853932584269663
7,354,90,6.888888888888889
7,355,91,6.527472527472527
7,356,96,6.770833333333333
7,357,97,7.360824742268041
7,358,95,7.4526315789473685
7,359,91,7.131868131868132
7,360,92,7.086956521739131
7,361,93,7.086021505376344
7,362,94,7.457446808510638
7,363,94,7.223404255319149
7,364,99,6.838383838383838
7,365,99,6.373737373737374
7,366,94,6.702127659574468
7,367,95,7.073684210526316
7,368,95,7.010526315789473
7,369,92,7.195652173913044
7,370,97,6.649484536082475
7,371,96,6.614583333333333
7,372,98,6.591836734693878
7,373,104,6.798076923076923
7,374,108,6.703703703703703
7,375,106,6.90566037735849
7,376,104,6.913461538461538
7,377,107,6.934579439252336
7,378,102,7.411764705882353
7,379,108,7.333333333333333
7,380,104,7.086538461538462
7,381,105,6.828571428571428
7,382,106,6.933962264150943
7,383,109,6.981651376146789
7,384,111,7.135135135135135
7,385,110,6.681818181818182
7,386,109,6.981651376146789
7,387,105,7.104761904761904
7,388,105,7.219047619047619
7,389,109,7.08256880733945
7,390,111,7.108108108108108
7,391,111,6.693693693693693
7,392,104,6.759615384615385
7,393,101,6.841584158415841
7,394,107,6.869158878504673
7,395,103,7.213592233009709
7,396,107,6.981308411214953
7,397,112,6.964285714285714
7,398,114,6.7631578947368425
7,399,113,6.725663716814159
7,400,115,6.791304347826087
8,0,30,0.0
8,1,30,1.0
8,2,30,2.0
8,3,30,3.0
8,4,30,4.0
8,5,30,5.0
8,6,30,6.0
8,7,30,7.0
8,8,33,7.2727272727272725
8,9,37,7.135135135135135
8,10,42,7.166666666666667
8,11,46,7.456521739130435
8,12,55,7.072727272727272
8,13,59,7.305084745762712
8,14,61,7.704918032786885
8,15,64,8.0625
8,16,71,8.169014084507042
8,17,72,8.708333333333334
8,18,80,8.7375
8,19,85,9.16470588235294
8,20,90,9.511111111111111
8,21,95,9.736842105263158
8,22,105,9.714285714285714
8,23,110,9.9
8,24,122,9.467213114754099
8,25,131,9.335877862595419
8,26,146,9.273972602739725
8,27,158,9.170886075949367
8,28,164,9.28048780487805
8,29,164,9.50609756097561
8,30,166,9.63855421686747
8,31,169,9.757396449704142
8,32,165,7.890909090909091
8,33,171,8.192982456140351
8,34,186,7.908602150537634
8,35,195,8.005128205128205
8,36,202,7.9950495049504955
8,37,207,8.096618357487923
8,38,220,8.018181818181818
8,39,225,8.253333333333334
8,40,243,8.049382716049383
8,41,259,7.972972972972973
8,42,270,7.95925925925926
8,43,277,7.978339350180505
8,44,278,7.942446043165468
8,45,277,8.328519855595667
8,46,293,8.334470989761092
8,47,302,7.973509933774834
8,48,310,7.712903225806452
8,49,317,7.921135646687697
8,50,324,7.83641975308642
8,51,337,7.712166172106825
8,52,354,7.779661016949152
8,53,356,7.969101123595506
8,54,362,7.947513812154696
8,55,374,7.901069518716578
8,56,385,7.898701298701298
8,57,405,7.839506172839506
8,58,420,8.014285714285714
8,59,423,8.203309692671395
8,60,429,8.095571095571096
8,61,433,8.096997690531177
8,62,454,8.138766519823788
8,63,466,8.21030042918455
8,64,466,8.15450643776824
8,65,478,8.112970711297072
8,66,497,7.96579476861167
8,67,512,7.978515625
8,68,509,7.762278978388998
8,69,510,7.823529411764706
8,70,520,7.8865384615384615
8,71,520,7.875
8,72,528,7.668560606060606
8,73,530,7.624528301886793
8,74,541,7.591497227356747
8,75,555,7.423423423423423
8,76,559,7.679785330948121
8,77,559,7.792486583184258
8,78,564,7.75709219858156
8,79,563,7.781527531083482
8,80,568,7.845070422535211
8,81,567,7.597883597883598
8,82,585,7.488888888888889
8,83,607,7.373970345963756
8,84,616,7.457792207792208
8,85,635,7.406299212598425
8,86,631,7.31378763866878
8,87,631,7.251980982567353
8,88,637,7.268445839874412
8,89,649,7.2265023112480735
8,90,659,7.180576631259484
8,91,666,7.004504504504505
8,92,686,7.056851311953353
8,93,711,7.071729957805907
8,94,736,7.019021739130435
8,95,732,7.1256830601092895
8,96,724,7.081491712707182
8,97,732,7.1789617486338795
8,98,740,7.243243243243243
8,99,740,7.405405405405405
8,100,769,7.244473342002601
8,101,780,7.366666666666666
8,102,788,7.431472081218274
8,103,784,7.447704081632653
8,104,800,7.4025
8,105,817,7.328029375764994
8,106,826,7.37046004842615
8,107,819,7.366300366300366
8,108,823,7.455650060753341
8,109,816,7.444852941176471
8,110,826,7.520581113801453
8,111,815,7.407361963190184
8,112,820,7.295121951219512
8,113,837,7.181600955794504
8,114,841,7.085612366230678
8,115,841,7.236623067776456
8,116,854,7.327868852459017
8,117,846,7.3959810874704495
8,118,850,7.515294117647059
8,119,845,7.457988165680473
8,120,851,7.289071680376028
8,121,863,7.02665121668598
8,122,870,7.109195402298851
8,123,871,7.188289322617681
8,124,872,7.325688073394495
8,125,867,7.3967704728950405
8,126,880,7.25
8,127,879,7.320819112627986
8,128,874,7.369565217391305
8,129,885,7.107344632768362
8,130,903,6.977851605758582
8,131,902,6.912416851441241
8,132,910,6.935164835164835
8,133,926,6.996760259179266
8,134,927,7.032362459546926
8,135,916,6.972707423580786
8,136,914,7.182713347921226
8,137,920,7.253260869565217
8,138,927,7.158576051779935
8,139,928,7.084051724137931
8,140,932,6.952789699570816
8,141,952,6.998949579831932
8,142,961,6.895941727367326
8,143,964,6.992738589211618
8,144,974,6.986652977412731
8,145,950,7.11578947368421
8,146,961,7.074921956295525
8,147,988,6.944331983805668
8,148,995,6.931658291457286
8,149,1009,7.012884043607532
8,150,999,7.1001001001001
8,151,989,6.975733063700708
8,152,983,7.106815869786368
8,153,992,7.13508064516129
8,154,996,7.281124497991968
8,155,1012,7.365612648221344
8,156,1007,7.281032770605759
8,157,1024,7.275390625
8,158,1029,7.396501457725948
8,159,1033,7.353339787028074
8,160,1027,7.283349561830574
8,161,1007,7.290963257199603
8,162,1000,7.301
8,163,1011,7.1909000989119685
8,164,1025,7.099512195121951
8,165,1029,6.996112730806608
8,166,1028,6.961089494163424
8,167,1025,6.856585365853658
8,168,1016,6.941929133858268
8,169,1036,7.082046332046332
8,170,1036,7.152509652509653
8,171,1042,7.230326295585413
8,172,1034,7.3742746615087045
8,173,1036,7.216216216216216
8,174,1044,7.208812260536399
8,175,1045,7.173205741626794
8,176,1061,7.041470311027333
8,177,1093,7.032021957913998
8,178,1125,6.958222222222222
8,179,1142,7.111208406304729
8,180,1165,7.089270386266095
8,181,1173,7.05456095481671
8,182,1161,7.105081826012059
8,183,1147,7.085440278988666
8,184,1148,7.11411149825784
8,185,1160,7.169827586206897
8,186,1147,7.136006974716652
8,187,1161,7.149870801033591
8,188,1169,7.129170230966638
8,189,1202,7.052412645590683
8,190,1204,7.145348837209302
8,191,1229,7.139951179820993
8,192,1226,7.16557911908646
8,193,1253,7.177972865123703
8,194,1260,7.29047619047619
8,195,1255,7.315537848605578
8,196,1257,7.233094669848846
8,197,1229,7.257119609438568
8,198,1220,7.159836065573771
8,199,1220,7.10327868852459
8,200,1215,7.243621399176955
8,201,1220,7.335245901639344
8,202,1196,7.383779264214047
8,203,1183,7.4843617920540995
8,204,1190,7.326890756302521
8,205,1156,7.264705882352941
8,206,1159,7.15358067299396
8,207,1164,7.232817869415808
8,208,1170,7.352136752136752
8,209,1183,7.2916314454775994
8,210,1187,7.242628475147431
8,211,1183,7.256973795435334
8,212,1158,7.361830742659758
8,213,1175,7.437446808510638
8,214,1191,7.3602015113350125
8,215,1196,7.418896321070235
8,216,1202,7.420133111480865
8,217,1191,7.3660789252728796
8,218,1191,7.272040302267002
8,219,1195,7.236820083682009
8,220,1185,7.287763713080169
8,221,1201,7.30308076602831
8,222,1196,7.255016722408027
8,223,1192,7.3389261744966445
8,224,1196,7.370401337792642
8,225,1193,7.3847443419949705
8,226,1191,7.3660789252728796
8,227,1227,7.293398533007335
8,228,1221,7.261261261261262
8,229,1215,7.389300411522634
8,230,1204,7.3754152823920265
8,231,1208,7.266556291390729
8,232,1195,7.306276150627615
8,233,1195,7.2635983263598325
8,234,1199,7.178482068390325
8,235,1184,7.114864864864865
8,236,1206,7.183250414593698
8,237,1228,7.234527687296417
8,238,1236,7.203883495145631
8,239,1226,7.061174551386623
8,240,1241,7.086220789685737
8,241,1228,7.131921824104235
8,242,1244,7.129421221864952
8,243,1240,7.077419354838709
8,244,1253,7.2186751795690345
8,245,1297,7.168851195065536
8,246,1314,7.192541856925419
8,247,1296,7.135030864197531
8,248,1272,7.1745283018867925
8,249,1280,6.9921875
8,250,1278,7.021909233176839
8,251,1269,7.0764381402679275
8,252,1248,7.155448717948718
8,253,1239,7.1775625504439065
8,254,1259,7.047656870532168
8,255,1270,6.914173228346456
8,256,1250,6.856
8,257,1242,6.86231884057971
8,258,1219,6.8293683347005745
8,259,1227,6.894865525672372
8,260,1241,7.005640612409347
8,261,1244,7.134244372990354
8,262,1254,7.228867623604466
8,263,1228,7.171009771986971
8,264,1251,7.071143085531575
8,265,1258,7.07154213036566
8,266,1247,7.103448275862069
8,267,1231,7.084484159220146
8,268,1237,7.190784155214228
8,269,1233,7.08029197080292
8,270,1239,7.1525423728813555
8,271,1254,7.029505582137161
8,272,1232,7.036525974025974
8,273,1230,7.004065040650406
8,274,1234,6.932739059967585
8,275,1237,6.945028294260307
8,276,1222,6.941080196399345
8,277,1219,6.942575881870385
8,278,1229,6.912937347436941
8,279,1216,6.893914473684211
8,280,1213,6.858202802967848
8,281,1216,6.977796052631579
8,282,1221,7.058149058149058
8,283,1211,7.079273327828241
8,284,1219,7.005742411812961
8,285,1205,7.055601659751037
8,286,1195,7.092887029288703
8,287,1208,7.042218543046357
8,288,1198,6.970784641068447
8,289,1198,7.114357262103506
8,290,1179,7.102629346904156
8,291,1173,7.1994884910485935
8,292,1170,7.264957264957265
8,293,1169,7.102651839178785
8,294,1163,7.1427343078245915
8,295,1156,7.172145328719723
8,296,1148,7.168989547038327
8,297,1166,7.167238421955403
8,298,1149,7.073107049608355
8,299,1155,7.167965367965368
8,300,1168,7.162671232876712
8,301,1182,7.040609137055838
8,302,1173,7.107416879795396
8,303,1164,7.270618556701031
8,304,1176,7.3231292517006805
8,305,1165,7.342489270386266
8,306,1150,7.3
8,307,1161,7.152454780361757
8,308,1141,7.178790534618756
8,309,1141,7.139351446099912
8,310,1133,7.142983230361871
8,311,1150,7.047826086956522
8,312,1152,6.934895833333333
8,313,1139,6.996488147497805
8,314,1153,6.935819601040763
8,315,1168,6.940068493150685
8,316,1185,6.789873417721519
8,317,1175,6.764255319148936
8,318,1165,6.762231759656652
8,319,1130,6.916814159292035
8,320,1117,7.015219337511191
8,321,1139,6.920983318700615
8,322,1140,6.957017543859649
8,323,1144,6.958916083916084
8,324,1149,6.906005221932115
8,325,1168,6.9006849315068495
8,326,1174,6.931856899488927
8,327,1163,6.890799656061909
8,328,1150,7.104347826086957
8,329,1143,7.087489063867016
8,330,1131,7.099911582670203
8,331,1122,7.193404634581105
8,332,1110,7.143243243243243
8,333,1119,7.1054512957998215
8,334,1139,7.037752414398596
8,335,1152,6.953993055555555
8,336,1131,6.978779840848806
8,337,1124,6.902135231316726
8,338,1125,7.019555555555556
8,339,1109,6.986474301172227
8,340,1112,6.95773381294964
8,341,1118,7.161896243291592
8,342,1132,7.002650176678445
8,343,1135,7.024669603524229
8,344,1138,7.007908611599297
8,345,1128,7.109929078014185
8,346,1118,7.1708407871198565
8,347,1108,7.1796028880866425
8,348,1114,7.157091561938959
8,349,1126,7.05683836589698
8,350,1133,7.059135039717564
8,351,1122,7.03921568627451
8,352,1123,6.9314336598397155
8,353,1129,6.843224092116918
8,354,1101,7.01544050862852
8,355,1073,7.047530288909599
8,356,1083,7.0055401662049865
8,357,1061,7.057492931196984
8,358,1056,7.049242424242424
8,359,1029,7.056365403304179
8,360,1021,7.0509304603330065
8,361,1010,6.978217821782178
8,362,1012,6.9189723320158105
8,363,992,6.899193548387097
8,364,997,6.917753259779338
8,365,1023,6.9286412512218964
8,366,1004,6.885458167330677
8,367,996,7.029116465863454
8,368,984,7.025406504065041
8,369,983,7.070193285859613
8,370,955,7.243979057591623
8,371,948,7.10126582278481
8,372,954,7.1425576519916145
8,373,938,7.111940298507463
8,374,930,7.038709677419355
8,375,919,7.116430903155604
8,376,925,7.094054054054054
8,377,927,7.077669902912621
8,378,945,6.8994708994708995
8,379,945,7.001058201058201
8,380,936,6.863247863247863
8,381,928,6.883620689655173
8,382,921,6.964169381107492
8,383,912,7.184210526315789
8,384,910,7.064835164835165
8,385,898,6.988864142538976
8,386,894,7.033557046979865
8,387,890,7.174157303370786
8,388,892,6.968609865470852
8,389,914,7.016411378555799
8,390,907,7.1389195148842335
8,391,900,7.14
8,392,891,7.117845117845118
8,393,890,7.085393258426966
8,394,902,7.101995565410199
8,395,913,7.132530120481928
8,396,915,7.084153005464481
8,397,915,7.001092896174863
8,398,914,7.030634573304158
8,399,925,6.99027027027027
8,400,922,6.938177874186551
9,0,30,0.0
9,1,30,1.0
9,2,30,2.0
9,3,30,3.0
9,4,30,4.0
9,5,30,5.0
9,6,30,6.0
9,7,30,7.0
9,8,34,7.0588235294117645
9,9,38,6.973684210526316
9,10,43,7.046511627906977
9,11,46,7.521739130434782
9,12,49,8.0
9,13,54,8.166666666666666
9,14,59,8.152542372881356
9,15,64,8.4375
9,16,72,8.38888888888889
9,17,74,8.567567567567568
9,18,76,9.210526315789474
9,19,85,8.905882352941177
9,20,82,9.670731707317072
9,21,91,9.054945054945055
9,22,96,8.989583333333334
9,23,100,9.21
9,24,108,9.305555555555555
9,25,110,8.927272727272728
9,26,112,9.571428571428571
9,27,113,9.5929203539823
9,28,116,9.706896551724139
9,29,125,9.624
9,30,139,9.122302158273381
9,31,144,9.284722222222221
9,32,145,7.4
9,33,150,7.533333333333333
9,34,159,7.70440251572327
9,35,162,8.203703703703704
9,36,159,8.39622641509434
9,37,170,8.094117647058823
9,38,179,8.050279329608939
9,39,185,8.286486486486487
9,40,193,8.38860103626943
9,41,191,8.465968586387435
9,42,204,8.156862745098039
9,43,209,7.92822966507177
9,44,214,7.864485981308412
9,45,223,8.008968609865471
9,46,227,8.259911894273127
9,47,232,8.258620689655173
9,48,237,8.185654008438819
9,49,234,8.581196581196581
9,50,233,8.412017167381974
9,51,246,8.353658536585366
9,52,259,8.223938223938225
9,53,255,7.976470588235294
9,54,260,8.284615384615385
9,55,254,8.34251968503937
9,56,257,8.470817120622568
9,57,268,8.305970149253731
9,58,262,8.30916030534351
9,59,270,8.21111111111111
9,60,281,8.08540925266904
9,61,298,7.929530201342282
9,62,296,7.983108108108108
9,63,288,7.819444444444445
9,64,286,7.674825174825175
9,65,293,7.907849829351536
9,66,308,7.672077922077922
9,67,329,7.434650455927052
9,68,331,7.38368580060423
9,69,338,7.035502958579881
9,70,345,7.278260869565218
9,71,357,7.30812324929972
9,72,360,7.411111111111111
9,73,368,7.456521739130435
9,74,368,7.483695652173913
9,75,368,7.578804347826087
9,76,370,7.5675675675675675
9,77,383,7.54046997389034
9,78,387,7.661498708010336
9,79,386,7.805699481865285
9,80,407,7.648648648648648
9,81,410,7.607317073170732
9,82,418,7.562200956937799
9,83,420,7.6119047619047615
9,84,421,7.320665083135392
9,85,436,7.378440366972477
9,86,435,7.296551724137931
9,87,426,7.408450704225352
9,88,434,7.28110599078341
9,89,443,7.257336343115124
9,90,433,7.519630484988452
9,91,451,7.4368070953436805
9,92,452,7.477876106194691
9,93,471,7.329087048832272
9,94,485,7.31340206185567
9,95,484,7.206611570247934
9,96,481,7.158004158004158
9,97,471,7.309978768577495
9,98,470,7.26595744680851
9,99,468,7.1923076923076925
9,100,468,7.297008547008547
9,101,465,7.453763440860215
9,102,462,7.4393939393939394
9,103,456,7.432017543859649
9,104,460,7.217391304347826
9,105,467,7.417558886509636
9,106,461,7.48590021691974
9,107,470,7.463829787234043
9,108,496,7.344758064516129
9,109,515,7.1300970873786405
9,110,512,7.212890625
9,111,520,7.194230769230769
9,112,521,7.316698656429942
9,113,524,7.270992366412214
9,114,519,7.17533718689788
9,115,524,7.324427480916031
9,116,521,7.355086372360844
9,117,525,7.175238095238095
9,118,524,7.066793893129771
9,119,535,7.0897196261682245
9,120,535,7.173831775700934
9,121,556,6.965827338129497
9,122,570,6.919298245614035
9,123,574,6.909407665505227
9,124,560,6.821428571428571
9,125,567,6.962962962962963
9,126,557,7.156193895870736
9,127,572,6.980769230769231
9,128,578,6.889273356401384
9,129,592,6.962837837837838
9,130,602,6.971760797342193
9,131,612,7.0931372549019605
9,132,606,6.957095709570957
9,133,603,7.0464344941956885
9,134,597,7.075376884422111
9,135,581,7.104991394148021
9,136,593,7.3946037099494095
9,137,597,7.338358458961474
9,138,602,7.28405315614618
9,139,592,7.403716216216216
9,140,595,7.374789915966386
9,141,586,7.5580204778157
9,142,582,7.59106529209622
9,143,574,7.365853658536586
9,144,567,7.209876543209877
9,145,570,7.222807017543859
9,146,576,7.064236111111111
9,147,573,7.029668411867365
9,148,573,6.970331588132635
9,149,562,7.019572953736655
9,150,580,7.112068965517241
9,151,581,7.216867469879518
9,152,577,7.0606585788561524
9,153,571,6.998248686514886
9,154,583,6.994854202401372
9,155,575,6.987826086956522
9,156,589,7.01018675721562
9,157,576,6.986111111111111
9,158,587,6.950596252129472
9,159,576,7.090277777777778
9,160,581,7.180722891566265
9,161,571,7.367775831873906
9,162,569,7.469244288224956
9,163,570,7.185964912280702
9,164,578,6.903114186851211
9,165,574,6.869337979094077
9,166,583,6.878216123499143
9,167,584,7.013698630136986
9,168,580,7.156896551724138
9,169,575,7.113043478260869
9,170,564,7.274822695035461
9,171,549,7.429872495446266
9,172,547,7.378427787934187
9,173,543,7.515653775322283
9,174,550,7.350909090909091
9,175,542,7.385608856088561
9,176,550,7.301818181818182
9,177,556,7.2086330935251794
9,178,559,7.227191413237925
9,179,550,7.1036363636363635
9,180,551,7.185117967332124
9,181,535,7.291588785046729
9,182,526,7.0437262357414445
9,183,528,7.142045454545454
9,184,534,7.119850187265918
9,185,532,7.176691729323308
9,186,526,7.216730038022813
9,187,526,7.197718631178708
9,188,530,6.986792452830189
9,189,528,6.884469696969697
9,190,519,6.944123314065511
9,191,516,7.067829457364341
9,192,530,7.066037735849057
9,193,522,7.059386973180077
9,194,524,7.162213740458015
9,195,522,7.038314176245211
9,196,522,7.097701149425287
9,197,521,7.18426103646833
9,198,524,7.0458015267175576
9,199,525,7.032380952380953
9,200,540,6.857407407407408
9,201,548,6.841240875912408
9,202,549,6.972677595628415
9,203,561,7.06951871657754
9,204,555,7.153153153153153
9,205,565,7.120353982300885
9,206,572,7.0926573426573425
9,207,558,7.120071684587813
9,208,559,7.18783542039356
9,209,561,7.240641711229946
9,210,565,7.146902654867256
9,211,565,7.12212389380531
9,212,573,7.200698080279232
9,213,571,6.877408056042031
9,214,559,7.051878354203936
9,215,567,7.088183421516755
9,216,551,7.283121597096189
9,217,565,7.086725663716814
9,218,557,6.973070017953321
9,219,554,6.792418772563177
9,220,558,6.960573476702509
9,221,559,6.926654740608229
9,222,554,7.055956678700361
9,223,548,6.897810218978102
9,224,552,7.11231884057971
9,225,552,7.291666666666667
9,226,543,7.209944751381215
9,227,551,7.063520871143376
9,228,555,7.154954954954955
9,229,553,7.168173598553345
9,230,546,7.1923076923076925
9,231,548,7.175182481751825
9,232,548,7.166058394160584
9,233,539,7.1521335807050095
9,234,541,7.033271719038817
9,235,536,7.251865671641791
9,236,541,7.048059149722736
9,237,548,6.963503649635037
9,238,532,6.889097744360902
9,239,525,6.798095238095238
9,240,509,6.652259332023576
9,241,508,6.807086614173229
9,242,513,6.816764132553606
9,243,503,7.043737574552684
9,244,493,7.273833671399594
9,245,504,6.950396825396825
9,246,511,6.970645792563601
9,247,510,6.962745098039216
9,248,502,7.0458167330677295
9,249,513,7.042884990253412
9,250,508,6.881889763779528
9,251,500,6.976
9,252,499,7.084168336673347
9,253,498,6.969879518072289
9,254,493,6.9371196754563895
9,255,489,6.965235173824131
9,256,484,6.917355371900826
9,257,487,6.924024640657084
9,258,478,6.935146443514644
9,259,484,6.8429752066115705
9,260,469,7.014925373134329
9,261,470,7.078723404255319
9,262,472,7.133474576271187
9,263,455,6.9362637362637365
9,264,469,6.752665245202559
9,265,441,6.621315192743764
9,266,442,6.644796380090498
9,267,449,6.685968819599109
9,268,435,6.772413793103448
9,269,420,6.838095238095238
9,270,431,6.928074245939675
9,271,435,6.827586206896552
9,272,422,7.101895734597156
9,273,410,7.124390243902439
9,274,408,6.909313725490196
9,275,422,6.872037914691943
9,276,410,6.88780487804878
9,277,405,6.985185185185185
9,278,401,6.947630922693267
9,279,382,7.013089005235602
9,280,373,6.863270777479893
9,281,372,7.10752688172043
9,282,363,7.225895316804408
9,283,362,7.0
9,284,360,6.966666666666667
9,285,353,7.025495750708215
9,286,360,7.2444444444444445
9,287,347,7.377521613832853
9,288,344,7.188953488372093
9,289,336,7.258928571428571
9,290,340,6.970588235294118
9,291,320,6.74375
9,292,316,6.977848101265823
9,293,305,7.262295081967213
9,294,314,7.04140127388535
9,295,308,6.753246753246753
9,296,315,6.73968253968254
9,297,305,6.6
9,298,315,6.688888888888889
9,299,318,6.871069182389937
9,300,308,6.766233766233766
9,301,310,6.7709677419354835
9,302,308,6.912337662337662
9,303,305,6.747540983606557
9,304,297,6.71043771043771
9,305,298,6.671140939597316
9,306,304,6.555921052631579
9,307,314,6.528662420382165
9,308,310,6.47741935483871
9,309,316,6.753164556962025
9,310,314,6.843949044585988
9,311,309,6.864077669902913
9,312,307,6.928338762214984
9,313,300,6.816666666666666
9,314,304,6.927631578947368
9,315,313,6.926517571884984
9,316,321,6.978193146417445
9,317,333,7.015015015015015
9,318,337,7.097922848664688
9,319,336,7.181547619047619
9,320,330,6.960606060606061
9,321,326,6.671779141104294
9,322,321,6.788161993769471
9,323,329,6.598784194528875
9,324,327,6.81651376146789
9,325,331,7.027190332326284
9,326,332,6.969879518072289
9,327,326,7.0184049079754605
9,328,324,7.046296296296297
9,329,319,6.871473354231975
9,330,326,7.0030674846625764
9,331,319,7.172413793103448
9,332,322,7.1521739130434785
9,333,317,7.025236593059937
9,334,309,7.258899676375404
9,335,309,7.391585760517799
9,336,304,7.3355263157894735
9,337,300,7.3933333333333335
9,338,318,7.462264150943396
9,339,311,7.237942122186495
9,340,306,7.120915032679738
9,341,310,6.941935483870968
9,342,306,7.003267973856209
9,343,311,6.845659163987138
9,344,312,6.717948717948718
9,345,319,6.912225705329154
9,346,322,6.972049689440993
9,347,323,7.046439628482972
9,348,317,6.943217665615142
9,349,315,7.092063492063492
9,350,308,6.873376623376624
9,351,309,6.915857605177994
9,352,304,7.177631578947368
9,353,307,7.254071661237785
9,354,301,7.504983388704319
9,355,292,7.5034246575342465
9,356,294,7.496598639455782
9,357,300,7.11
9,358,309,7.058252427184466
9,359,302,7.059602649006623
9,360,299,7.043478260869565
9,361,297,6.841750841750842
9,362,301,6.737541528239203
9,363,295,6.877966101694915
9,364,296,6.787162162162162
9,365,289,6.719723183391004
9,366,277,6.859205776173285
9,367,275,6.825454545454545
9,368,271,6.734317343173432
9,369,270,6.866666666666666
9,370,274,6.91970802919708
9,371,274,6.901459854014599
9,372,286,6.6678321678321675
9,373,285,6.747368421052632
9,374,278,6.967625899280575
9,375,257,7.198443579766537
9,376,260,7.176923076923077
9,377,245,6.955102040816326
9,378,243,7.049382716049383
9,379,248,7.0
9,380,252,7.015873015873016
9,381,247,7.315789473684211
9,382,248,7.229838709677419
9,383,254,7.165354330708661
9,384,254,7.070866141732283
9,385,252,6.992063492063492
9,386,254,6.948818897637795
9,387,260,6.703846153846154
9,388,261,6.708812260536399
9,389,264,6.840909090909091
9,390,252,6.908730158730159
9,391,254,7.05511811023622
9,392,267,6.902621722846442
9,393,261,6.923371647509579
9,394,257,6.821011673151751
9,395,251,6.848605577689243
9,396,251,7.147410358565737
9,397,248,7.229838709677419
9,398,252,7.265873015873016
9,399,257,7.36964980544747
9,400,261,6.9272030651340994
