iteration,year,population_size,average_age
0,0,20,0.0
0,1,20,1.0
0,2,20,2.0
0,3,20,3.0
0,4,20,4.0
0,5,20,5.0
0,6,20,6.0
0,7,20,7.0
0,8,20,8.0
0,9,22,8.181818181818182
0,10,23,8.347826086956522
0,11,24,8.958333333333334
0,12,29,8.241379310344827
0,13,33,8.121212121212121
0,14,33,9.121212121212121
0,15,35,9.542857142857143
0,16,41,9.0
0,17,43,9.534883720930232
0,18,47,9.25531914893617
0,19,48,9.895833333333334
0,20,50,9.92
0,21,53,9.50943396226415
0,22,62,8.983870967741936
0,23,65,9.523076923076923
0,24,72,9.166666666666666
0,25,81,9.037037037037036
0,26,90,8.744444444444444
0,27,92,9.08695652173913
0,28,100,9.01
0,29,107,9.14018691588785
0,30,113,9.08849557522124
0,31,118,9.483050847457626
0,32,110,7.118181818181818
0,33,114,7.298245614035087
0,34,123,7.487804878048781
0,35,137,7.240875912408759
0,36,140,7.621428571428571
0,37,145,8.2
0,38,152,8.322368421052632
0,39,163,8.104294478527608
0,40,172,8.145348837209303
0,41,176,8.414772727272727
0,42,182,8.401098901098901
0,43,179,8.519553072625698
0,44,188,8.069148936170214
0,45,195,7.758974358974359
0,46,195,7.97948717948718
0,47,196,8.08673469387755
0,48,206,8.004854368932039
0,49,214,7.91588785046729
0,50,216,8.037037037037036
0,51,219,8.278538812785389
0,52,230,8.447826086956521
0,53,236,8.457627118644067
0,54,241,8.348547717842324
0,55,252,8.178571428571429
0,56,248,8.133064516129032
0,57,269,8.026022304832713
0,58,269,8.301115241635689
0,59,273,8.194139194139193
0,60,273,8.238095238095237
0,61,275,8.247272727272728
0,62,270,8.348148148148148
0,63,272,8.426470588235293
0,64,275,7.989090909090909
0,65,277,8.256317689530686
0,66,292,8.095890410958905
0,67,298,8.020134228187919
0,68,301,7.8737541528239205
0,69,313,7.73482428115016
0,70,305,7.491803278688525
0,71,314,7.722929936305732
0,72,328,7.777439024390244
0,73,310,7.735483870967742
0,74,313,8.006389776357828
0,75,312,8.153846153846153
0,76,311,8.344051446945338
0,77,311,8.257234726688102
0,78,313,8.29073482428115
0,79,312,8.131410256410257
0,80,305,8.38032786885246
0,81,318,8.176100628930818
0,82,329,7.793313069908814
0,83,326,7.846625766871166
0,84,332,7.804216867469879
0,85,324,7.910493827160494
0,86,323,7.885448916408668
0,87,327,7.889908256880734
0,88,333,8.105105105105105
0,89,331,7.867069486404834
0,90,337,7.919881305637982
0,91,329,7.641337386018237
0,92,336,7.6726190476190474
0,93,343,7.478134110787172
0,94,329,7.3373860182370825
0,95,324,7.3919753086419755
0,96,319,7.448275862068965
0,97,320,7.709375
0,98,326,7.769938650306749
0,99,331,7.827794561933535
0,100,335,7.791044776119403
0,101,326,7.957055214723926
0,102,322,7.84472049689441
0,103,318,7.8742138364779874
0,104,321,7.834890965732087
0,105,331,7.401812688821752
0,106,333,7.4624624624624625
0,107,334,7.574850299401198
0,108,331,7.595166163141994
0,109,329,7.428571428571429
0,110,322,7.751552795031056
0,111,315,7.587301587301587
0,112,310,7.7064516129032254
0,113,314,7.834394904458598
0,114,317,7.854889589905363
0,115,310,7.751612903225807
0,116,310,7.893548387096774
0,117,305,7.645901639344262
0,118,315,7.619047619047619
0,119,304,7.345394736842105
0,120,305,7.242622950819672
0,121,297,7.481481481481482
0,122,297,7.64983164983165
0,123,285,7.67719298245614
0,124,285,7.582456140350877
0,125,294,7.608843537414966
0,126,287,7.285714285714286
0,127,286,7.241258741258742
0,128,288,7.222222222222222
0,129,273,7.289377289377289
0,130,263,7.55893536121673
0,131,256,7.4921875
0,132,258,7.596899224806202
0,133,260,7.4884615384615385
0,134,268,7.526119402985074
0,135,260,7.703846153846154
0,136,234,7.880341880341881
0,137,220,7.836363636363636
0,138,216,8.023148148148149
0,139,213,8.098591549295774
0,140,206,7.834951456310679
0,141,195,7.7384615384615385
0,142,193,7.295336787564767
0,143,198,7.111111111111111
0,144,191,7.026178010471204
0,145,199,7.201005025125628
0,146,191,7.403141361256544
0,147,191,7.534031413612565
0,148,187,7.18716577540107
0,149,187,7.4171122994652405
0,150,182,7.164835164835165
0,151,184,7.163043478260869
0,152,179,7.592178770949721
0,153,181,7.475138121546961
0,154,183,7.038251366120218
0,155,184,6.929347826086956
0,156,173,7.0520231213872835
0,157,165,7.242424242424242
0,158,168,7.482142857142857
0,159,170,7.447058823529412
0,160,167,7.574850299401198
0,161,166,7.572289156626506
0,162,159,7.911949685534591
0,163,171,7.666666666666667
0,164,176,7.471590909090909
0,165,176,7.653409090909091
0,166,168,7.6726190476190474
0,167,168,7.440476190476191
0,168,158,7.443037974683544
0,169,156,7.75
0,170,151,7.860927152317881
0,171,152,8.006578947368421
0,172,154,7.779220779220779
0,173,150,7.8133333333333335
0,174,147,7.45578231292517
0,175,149,7.281879194630872
0,176,143,7.678321678321678
0,177,136,7.919117647058823
0,178,137,7.905109489051095
0,179,142,8.112676056338028
0,180,137,8.605839416058394
0,181,140,8.535714285714286
0,182,139,8.381294964028777
0,183,140,8.4
0,184,146,8.404109589041095
0,185,141,8.304964539007091
0,186,136,8.360294117647058
0,187,132,8.106060606060606
0,188,128,7.9375
0,189,122,8.081967213114755
0,190,118,8.211864406779661
0,191,109,8.238532110091743
0,192,109,8.229357798165138
0,193,110,8.309090909090909
0,194,109,8.889908256880734
0,195,110,8.863636363636363
0,196,111,8.621621621621621
0,197,121,8.239669421487603
0,198,125,8.032
0,199,125,8.216
0,200,119,8.168067226890756
0,201,111,8.063063063063064
0,202,121,7.793388429752066
0,203,124,7.798387096774194
0,204,121,7.975206611570248
0,205,114,8.280701754385966
0,206,108,8.268518518518519
0,207,107,8.25233644859813
0,208,104,7.8076923076923075
0,209,98,7.591836734693878
0,210,95,7.88421052631579
0,211,93,7.870967741935484
0,212,91,7.582417582417582
0,213,97,7.628865979381444
0,214,100,8.04
0,215,105,7.6761904761904765
0,216,95,7.7368421052631575
0,217,97,7.463917525773196
0,218,93,7.634408602150538
0,219,90,7.355555555555555
0,220,88,7.454545454545454
0,221,84,7.369047619047619
0,222,82,8.048780487804878
0,223,82,8.024390243902438
0,224,82,7.7317073170731705
0,225,78,8.025641025641026
0,226,78,7.576923076923077
0,227,77,7.597402597402597
0,228,77,8.025974025974026
0,229,70,8.271428571428572
0,230,67,8.597014925373134
0,231,64,8.875
0,232,60,8.75
0,233,55,9.0
0,234,54,8.74074074074074
0,235,56,8.410714285714286
0,236,60,7.9
0,237,60,7.683333333333334
0,238,58,7.189655172413793
0,239,53,7.0
0,240,57,7.087719298245614
0,241,56,7.482142857142857
0,242,53,7.6415094339622645
0,243,53,7.69811320754717
0,244,56,8.232142857142858
0,245,52,8.173076923076923
0,246,52,8.576923076923077
0,247,47,8.446808510638299
0,248,46,8.347826086956522
0,249,46,8.326086956521738
0,250,44,8.5
0,251,45,8.777777777777779
0,252,46,8.217391304347826
0,253,49,7.714285714285714
0,254,47,7.170212765957447
0,255,47,6.617021276595745
0,256,48,6.0
0,257,53,5.39622641509434
0,258,55,5.9818181818181815
0,259,53,6.264150943396227
0,260,52,7.0
0,261,49,7.877551020408164
0,262,50,8.26
0,263,47,8.74468085106383
0,264,47,8.914893617021276
0,265,48,8.333333333333334
0,266,51,7.8431372549019605
0,267,59,7.203389830508475
0,268,65,7.138461538461539
0,269,68,7.0
0,270,63,7.126984126984127
0,271,64,7.140625
0,272,63,7.095238095238095
0,273,65,7.369230769230769
0,274,67,7.970149253731344
0,275,72,7.847222222222222
0,276,68,8.0
0,277,70,7.814285714285714
0,278,70,7.985714285714286
0,279,64,8.4375
0,280,67,8.074626865671641
0,281,69,8.043478260869565
0,282,68,7.985294117647059
0,283,66,7.833333333333333
0,284,66,8.166666666666666
0,285,72,8.0
0,286,70,7.428571428571429
0,287,74,7.6891891891891895
0,288,73,8.315068493150685
0,289,72,7.694444444444445
0,290,77,7.623376623376624
0,291,75,6.8533333333333335
0,292,75,7.1466666666666665
0,293,83,6.650602409638554
0,294,81,7.1234567901234565
0,295,80,7.5125
0,296,85,6.729411764705882
0,297,87,6.919540229885057
0,298,88,6.8977272727272725
0,299,90,7.2
0,300,93,7.225806451612903
0,301,92,7.489130434782608
0,302,84,7.178571428571429
0,303,79,7.822784810126582
0,304,79,7.924050632911392
0,305,77,7.922077922077922
0,306,74,7.621621621621622
0,307,75,7.946666666666666
0,308,78,7.346153846153846
0,309,75,7.16
0,310,77,6.8441558441558445
0,311,82,7.182926829268292
0,312,82,7.365853658536586
0,313,85,7.1647058823529415
0,314,86,7.209302325581396
0,315,87,7.2298850574712645
0,316,88,7.079545454545454
0,317,84,7.321428571428571
0,318,80,6.9375
0,319,88,6.988636363636363
0,320,82,6.426829268292683
0,321,86,6.593023255813954
0,322,94,6.946808510638298
0,323,102,6.892156862745098
0,324,106,6.962264150943396
0,325,106,6.990566037735849
0,326,108,7.574074074074074
0,327,102,7.372549019607843
0,328,100,7.63
0,329,93,8.010752688172044
0,330,100,7.62
0,331,99,7.171717171717172
0,332,103,6.893203883495145
0,333,109,6.91743119266055
0,334,110,7.245454545454545
0,335,117,7.435897435897436
0,336,116,7.232758620689655
0,337,112,7.535714285714286
0,338,114,7.535087719298246
0,339,109,7.293577981651376
0,340,111,7.225225225225225
0,341,108,7.37037037037037
0,342,114,7.017543859649122
0,343,119,7.126050420168068
0,344,120,7.4
0,345,127,7.31496062992126
0,346,128,7.4609375
0,347,135,7.7481481481481485
0,348,132,7.871212121212121
0,349,131,8.183206106870228
0,350,124,8.233870967741936
0,351,122,8.155737704918034
0,352,130,7.9
0,353,135,7.7481481481481485
0,354,135,7.511111111111111
0,355,131,7.396946564885496
0,356,136,6.955882352941177
0,357,132,7.325757575757576
0,358,138,6.942028985507246
0,359,137,6.963503649635037
0,360,132,7.484848484848484
0,361,133,7.609022556390977
0,362,137,7.802919708029197
0,363,139,7.633093525179856
0,364,141,7.794326241134752
0,365,148,7.486486486486487
0,366,152,7.25
0,367,147,7.238095238095238
0,368,148,7.1824324324324325
0,369,151,7.2052980132450335
0,370,150,7.526666666666666
0,371,142,7.908450704225352
0,372,139,8.345323741007194
0,373,137,7.992700729927007
0,374,140,8.307142857142857
0,375,139,7.805755395683454
0,376,142,7.577464788732394
0,377,143,7.531468531468532
0,378,139,7.618705035971223
0,379,140,7.757142857142857
0,380,138,8.08695652173913
0,381,143,7.839160839160839
0,382,145,7.524137931034483
0,383,134,7.32089552238806
0,384,126,7.2063492063492065
0,385,126,7.198412698412699
0,386,121,7.2727272727272725
0,387,130,6.8307692307692305
0,388,126,7.150793650793651
0,389,116,7.387931034482759
0,390,116,7.456896551724138
0,391,126,7.238095238095238
0,392,129,7.3023255813953485
0,393,128,7.34375
0,394,123,7.4471544715447155
0,395,122,7.467213114754099
0,396,112,7.758928571428571
0,397,106,7.7075471698113205
0,398,114,7.464912280701754
0,399,116,7.577586206896552
0,400,119,7.680672268907563
1,0,20,0.0
1,1,20,1.0
1,2,20,2.0
1,3,20,3.0
1,4,20,4.0
1,5,20,5.0
1,6,20,6.0
1,7,20,7.0
1,8,20,8.0
1,9,27,6.666666666666667
1,10,35,5.914285714285715
1,11,37,6.54054054054054
1,12,42,6.642857142857143
1,13,44,7.204545454545454
1,14,45,8.022222222222222
1,15,47,8.638297872340425
1,16,55,8.236363636363636
1,17,56,8.625
1,18,59,9.135593220338983
1,19,63,9.333333333333334
1,20,69,9.144927536231885
1,21,76,8.789473684210526
1,22,83,8.963855421686747
1,23,86,9.220930232558139
1,24,93,9.365591397849462
1,25,97,9.494845360824742
1,26,103,9.728155339805825
1,27,106,9.377358490566039
1,28,110,9.5
1,29,113,9.973451327433628
1,30,120,9.65
1,31,119,9.478991596638656
1,32,115,7.582608695652174
1,33,127,7.574803149606299
1,34,135,7.7555555555555555
1,35,147,8.040816326530612
1,36,153,8.222222222222221
1,37,150,8.76
1,38,163,8.429447852760736
1,39,176,8.164772727272727
1,40,179,7.664804469273743
1,41,186,7.827956989247312
1,42,193,8.05699481865285
1,43,189,8.380952380952381
1,44,195,8.333333333333334
1,45,199,8.040201005025125
1,46,198,8.277777777777779
1,47,203,8.113300492610838
1,48,201,8.17910447761194
1,49,211,7.800947867298579
1,50,214,7.901869158878505
1,51,222,7.990990990990991
1,52,234,8.047008547008547
1,53,234,7.931623931623932
1,54,240,7.858333333333333
1,55,248,7.923387096774194
1,56,256,7.8203125
1,57,252,7.801587301587301
1,58,260,7.884615384615385
1,59,269,7.657992565055762
1,60,274,7.868613138686132
1,61,285,7.701754385964913
1,62,290,7.63448275862069
1,63,301,7.588039867109635
1,64,300,7.553333333333334
1,65,302,7.711920529801325
1,66,311,7.488745980707395
1,67,309,7.7216828478964405
1,68,301,7.906976744186046
1,69,309,7.776699029126213
1,70,315,7.822222222222222
1,71,329,8.075987841945288
1,72,333,8.126126126126126
1,73,334,8.068862275449101
1,74,331,8.145015105740182
1,75,332,8.243975903614459
1,76,327,8.275229357798166
1,77,325,8.169230769230769
1,78,334,8.239520958083832
1,79,341,8.129032258064516
1,80,341,7.87683284457478
1,81,343,7.822157434402333
1,82,344,8.078488372093023
1,83,332,8.228915662650602
1,84,344,8.404069767441861
1,85,360,7.886111111111111
1,86,370,8.132432432432433
1,87,382,8.243455497382199
1,88,387,8.24031007751938
1,89,374,8.168449197860962
1,90,374,8.16042780748663
1,91,387,8.175710594315245
1,92,380,8.06578947368421
1,93,380,8.192105263157895
1,94,383,8.112271540469974
1,95,382,8.295811518324607
1,96,394,8.246192893401016
1,97,379,8.274406332453825
1,98,371,8.309973045822103
1,99,378,8.076719576719576
1,100,383,8.22715404699739
1,101,384,8.119791666666666
1,102,394,7.926395939086294
1,103,407,7.842751842751842
1,104,410,7.746341463414634
1,105,403,7.828784119106699
1,106,413,7.704600484261501
1,107,428,7.822429906542056
1,108,423,7.39952718676123
1,109,424,7.716981132075472
1,110,410,7.778048780487805
1,111,406,7.766009852216749
1,112,422,7.651658767772512
1,113,432,7.527777777777778
1,114,448,7.611607142857143
1,115,447,7.767337807606264
1,116,446,7.757847533632287
1,117,450,7.76
1,118,451,7.578713968957872
1,119,460,7.691304347826087
1,120,456,7.504385964912281
1,121,457,7.643326039387309
1,122,457,7.514223194748359
1,123,465,7.475268817204301
1,124,450,7.671111111111111
1,125,431,7.626450116009281
1,126,420,7.9
1,127,436,7.756880733944954
1,128,448,7.598214285714286
1,129,456,7.7785087719298245
1,130,459,7.747276688453159
1,131,452,7.761061946902655
1,132,450,7.826666666666667
1,133,452,7.829646017699115
1,134,465,7.860215053763441
1,135,458,7.502183406113537
1,136,471,7.409766454352441
1,137,486,7.244855967078189
1,138,476,7.315126050420168
1,139,478,7.583682008368201
1,140,489,7.382413087934561
1,141,500,7.416
1,142,502,7.601593625498008
1,143,503,7.727634194831014
1,144,498,7.642570281124498
1,145,508,7.47244094488189
1,146,504,7.517857142857143
1,147,508,7.645669291338582
1,148,515,7.549514563106796
1,149,514,7.601167315175097
1,150,506,7.618577075098814
1,151,504,7.474206349206349
1,152,503,7.272365805168986
1,153,497,7.315895372233401
1,154,513,7.350877192982456
1,155,498,7.315261044176707
1,156,498,7.365461847389558
1,157,502,7.227091633466135
1,158,506,7.42094861660079
1,159,499,7.5811623246492985
1,160,513,7.430799220272904
1,161,504,7.412698412698413
1,162,507,7.285996055226825
1,163,509,7.373280943025541
1,164,505,7.467326732673268
1,165,499,7.402805611222445
1,166,503,7.260437375745527
1,167,497,7.323943661971831
1,168,481,7.43035343035343
1,169,485,7.323711340206185
1,170,491,7.413441955193482
1,171,502,7.346613545816733
1,172,501,7.3373253493013975
1,173,510,7.433333333333334
1,174,499,7.198396793587174
1,175,493,7.085192697768763
1,176,510,7.015686274509804
1,177,522,7.262452107279693
1,178,514,7.122568093385214
1,179,511,7.328767123287672
1,180,516,7.211240310077519
1,181,513,7.208576998050682
1,182,509,7.554027504911591
1,183,511,7.275929549902153
1,184,506,7.436758893280633
1,185,514,7.492217898832685
1,186,517,7.5473887814313345
1,187,516,7.8023255813953485
1,188,520,7.888461538461539
1,189,509,7.836935166994106
1,190,499,7.895791583166333
1,191,496,7.842741935483871
1,192,470,7.93404255319149
1,193,466,7.834763948497854
1,194,468,7.414529914529915
1,195,464,7.366379310344827
1,196,475,7.191578947368421
1,197,465,7.126881720430108
1,198,459,7.095860566448802
1,199,450,6.973333333333334
1,200,456,7.030701754385965
1,201,463,7.1965442764578835
1,202,468,6.957264957264957
1,203,452,7.1371681415929205
1,204,451,7.192904656319291
1,205,449,7.369710467706013
1,206,456,7.2894736842105265
1,207,465,7.193548387096774
1,208,453,7.077262693156733
1,209,456,7.114035087719298
1,210,464,7.247844827586207
1,211,464,7.355603448275862
1,212,489,7.224948875255624
1,213,489,7.065439672801636
1,214,475,7.090526315789473
1,215,477,7.178197064989518
1,216,475,7.242105263157895
1,217,458,7.617903930131004
1,218,457,7.533916849015317
1,219,449,7.567928730512249
1,220,449,7.67706013363029
1,221,434,7.707373271889401
1,222,426,7.497652582159624
1,223,412,7.601941747572815
1,224,412,7.580097087378641
1,225,421,7.491686460807601
1,226,412,7.616504854368932
1,227,407,7.444717444717445
1,228,402,7.519900497512438
1,229,388,7.322164948453608
1,230,378,7.378306878306878
1,231,379,7.37467018469657
1,232,373,7.359249329758713
1,233,378,7.288359788359788
1,234,370,7.554054054054054
1,235,370,7.710810810810811
1,236,365,7.786301369863014
1,237,360,7.530555555555556
1,238,353,7.396600566572238
1,239,348,7.431034482758621
1,240,346,7.453757225433526
1,241,343,7.0641399416909625
1,242,349,6.954154727793696
1,243,370,6.645945945945946
1,244,371,6.765498652291105
1,245,375,6.736
1,246,371,6.9703504043126685
1,247,376,7.069148936170213
1,248,380,7.08421052631579
1,249,378,7.227513227513228
1,250,383,7.039164490861618
1,251,377,7.246684350132626
1,252,390,6.9974358974358974
1,253,390,7.164102564102564
1,254,387,7.320413436692506
1,255,388,7.298969072164948
1,256,394,7.350253807106599
1,257,396,7.209595959595959
1,258,398,7.055276381909548
1,259,385,7.049350649350649
1,260,386,7.204663212435233
1,261,381,7.275590551181103
1,262,373,7.2600536193029495
1,263,382,7.505235602094241
1,264,387,7.217054263565892
1,265,402,7.472636815920398
1,266,397,7.420654911838791
1,267,387,7.532299741602067
1,268,380,7.497368421052632
1,269,366,7.434426229508197
1,270,368,7.554347826086956
1,271,378,7.3201058201058204
1,272,371,7.22911051212938
1,273,376,7.090425531914893
1,274,381,7.244094488188976
1,275,384,7.5078125
1,276,392,7.329081632653061
1,277,386,7.5025906735751295
1,278,384,7.223958333333333
1,279,372,7.365591397849462
1,280,359,7.2924791086350975
1,281,357,7.392156862745098
1,282,347,7.446685878962536
1,283,348,7.574712643678161
1,284,344,7.5145348837209305
1,285,346,7.427745664739884
1,286,345,7.463768115942029
1,287,347,7.3314121037463975
1,288,359,7.337047353760446
1,289,373,7.2117962466487935
1,290,375,7.248
1,291,367,7.215258855585831
1,292,375,6.882666666666666
1,293,376,6.845744680851064
1,294,381,7.097112860892389
1,295,375,7.074666666666666
1,296,367,7.193460490463215
1,297,362,7.223756906077348
1,298,366,7.4890710382513666
1,299,370,7.667567567567567
1,300,381,7.708661417322834
1,301,395,7.597468354430379
1,302,400,7.44
1,303,410,7.263414634146342
1,304,409,7.180929095354523
1,305,404,7.121287128712871
1,306,405,7.061728395061729
1,307,392,7.142857142857143
1,308,381,7.207349081364829
1,309,365,7.336986301369863
1,310,372,7.518817204301075
1,311,386,7.466321243523316
1,312,371,7.649595687331536
1,313,354,7.437853107344632
1,314,347,7.593659942363113
1,315,350,7.725714285714286
1,316,343,7.317784256559767
1,317,331,7.540785498489426
1,318,335,7.504477611940299
1,319,331,7.462235649546828
1,320,337,7.572700296735905
1,321,316,7.319620253164557
1,322,317,7.470031545741325
1,323,316,7.341772151898734
1,324,315,7.295238095238095
1,325,313,7.2300319488817895
1,326,318,7.248427672955975
1,327,327,7.174311926605505
1,328,327,7.08256880733945
1,329,321,7.015576323987539
1,330,313,7.261980830670926
1,331,303,7.511551155115511
1,332,305,7.898360655737705
1,333,297,7.720538720538721
1,334,282,7.833333333333333
1,335,279,7.867383512544803
1,336,279,7.749103942652329
1,337,275,7.392727272727273
1,338,284,7.450704225352113
1,339,284,7.77112676056338
1,340,297,7.531986531986532
1,341,298,7.640939597315437
1,342,287,7.588850174216028
1,343,273,7.805860805860806
1,344,273,7.8388278388278385
1,345,285,7.624561403508772
1,346,284,7.732394366197183
1,347,293,7.720136518771331
1,348,293,7.368600682593857
1,349,300,7.15
1,350,291,6.793814432989691
1,351,291,6.756013745704467
1,352,295,6.976271186440678
1,353,306,6.983660130718954
1,354,301,7.0664451827242525
1,355,293,7.208191126279863
1,356,295,7.3254237288135595
1,357,298,7.476510067114094
1,358,296,7.638513513513513
1,359,292,7.5479452054794525
1,360,289,7.56401384083045
1,361,286,7.730769230769231
1,362,303,7.425742574257426
1,363,288,7.194444444444445
1,364,274,7.408759124087592
1,365,265,7.513207547169811
1,366,264,7.640151515151516
1,367,271,7.686346863468635
1,368,273,7.534798534798535
1,369,274,7.408759124087592
1,370,272,7.286764705882353
1,371,279,7.329749103942652
1,372,268,7.432835820895522
1,373,284,6.732394366197183
1,374,281,6.786476868327402
1,375,300,6.783333333333333
1,376,298,7.281879194630872
1,377,282,7.301418439716312
1,378,282,7.425531914893617
1,379,288,7.25
1,380,315,7.057142857142857
1,381,301,7.0
1,382,283,7.166077738515901
1,383,295,6.925423728813559
1,384,292,6.976027397260274
1,385,295,6.938983050847457
1,386,292,7.226027397260274
1,387,302,7.374172185430464
1,388,303,7.3894389438943895
1,389,312,7.147435897435898
1,390,312,7.288461538461538
1,391,304,7.401315789473684
1,392,300,7.233333333333333
1,393,300,7.1866666666666665
1,394,299,7.103678929765886
1,395,287,7.052264808362369
1,396,298,7.181208053691275
1,397,295,7.264406779661017
1,398,286,7.458041958041958
1,399,276,7.739130434782608
1,400,271,7.553505535055351
2,0,20,0.0
2,1,20,1.0
2,2,20,2.0
2,3,20,3.0
2,4,20,4.0
2,5,20,5.0
2,6,20,6.0
2,7,20,7.0
2,8,20,8.0
2,9,27,6.666666666666667
2,10,29,7.137931034482759
2,11,31,7.612903225806452
2,12,36,7.416666666666667
2,13,40,7.575
2,14,44,7.795454545454546
2,15,44,8.795454545454545
2,16,47,8.340425531914894
2,17,49,8.959183673469388
2,18,50,9.76
2,19,52,10.346153846153847
2,20,59,10.0
2,21,61,9.721311475409836
2,22,63,9.333333333333334
2,23,66,9.545454545454545
2,24,71,9.690140845070422
2,25,76,9.776315789473685
2,26,79,9.79746835443038
2,27,81,9.506172839506172
2,28,82,9.073170731707316
2,29,81,9.407407407407407
2,30,84,9.380952380952381
2,31,90,9.033333333333333
2,32,86,7.616279069767442
2,33,90,7.466666666666667
2,34,103,6.893203883495145
2,35,105,7.314285714285714
2,36,106,7.518867924528302
2,37,108,7.842592592592593
2,38,106,7.622641509433962
2,39,103,7.262135922330097
2,40,111,7.45945945945946
2,41,113,7.433628318584071
2,42,117,7.931623931623932
2,43,112,8.080357142857142
2,44,120,7.975
2,45,120,8.208333333333334
2,46,126,8.579365079365079
2,47,142,7.563380281690141
2,48,147,7.857142857142857
2,49,152,7.809210526315789
2,50,152,7.9868421052631575
2,51,157,7.910828025477707
2,52,158,7.7594936708860756
2,53,166,7.813253012048193
2,54,169,7.449704142011834
2,55,164,7.945121951219512
2,56,166,8.114457831325302
2,57,165,8.533333333333333
2,58,165,8.533333333333333
2,59,162,8.876543209876543
2,60,153,8.549019607843137
2,61,155,8.64516129032258
2,62,154,8.474025974025974
2,63,167,7.81437125748503
2,64,172,7.517441860465116
2,65,175,7.371428571428571
2,66,176,7.738636363636363
2,67,174,8.063218390804598
2,68,179,8.23463687150838
2,69,180,8.544444444444444
2,70,186,8.241935483870968
2,71,188,8.446808510638299
2,72,187,8.320855614973262
2,73,186,8.21505376344086
2,74,199,7.984924623115578
2,75,209,7.55023923444976
2,76,205,7.560975609756097
2,77,202,7.544554455445544
2,78,204,7.7254901960784315
2,79,206,8.092233009708737
2,80,206,8.383495145631068
2,81,207,8.16425120772947
2,82,210,7.9714285714285715
2,83,206,8.058252427184467
2,84,210,7.928571428571429
2,85,218,7.967889908256881
2,86,220,7.863636363636363
2,87,213,7.816901408450704
2,88,216,7.652777777777778
2,89,219,7.762557077625571
2,90,223,7.825112107623318
2,91,231,7.4935064935064934
2,92,225,7.591111111111111
2,93,226,7.946902654867257
2,94,228,8.18859649122807
2,95,228,7.899122807017544
2,96,226,7.871681415929204
2,97,230,7.534782608695652
2,98,227,7.237885462555066
2,99,237,7.40084388185654
2,100,241,7.4937759336099585
2,101,240,7.854166666666667
2,102,248,7.689516129032258
2,103,245,7.763265306122449
2,104,252,7.738095238095238
2,105,237,7.780590717299578
2,106,240,7.558333333333334
2,107,238,7.38655462184874
2,108,232,7.564655172413793
2,109,233,7.467811158798283
2,110,237,7.687763713080169
2,111,243,7.518518518518518
2,112,244,7.733606557377049
2,113,238,7.764705882352941
2,114,238,7.697478991596639
2,115,232,7.844827586206897
2,116,233,7.67381974248927
2,117,232,7.603448275862069
2,118,225,7.72
2,119,228,7.56140350877193
2,120,228,7.4605263157894735
2,121,231,7.372294372294372
2,122,236,7.271186440677966
2,123,235,7.212765957446808
2,124,247,7.246963562753036
2,125,242,7.161157024793388
2,126,243,7.411522633744856
2,127,244,7.430327868852459
2,128,247,7.449392712550607
2,129,243,7.477366255144033
2,130,242,7.7809917355371905
2,131,248,7.709677419354839
2,132,252,7.555555555555555
2,133,243,7.576131687242798
2,134,247,7.651821862348178
2,135,246,7.646341463414634
2,136,251,7.52589641434263
2,137,259,7.474903474903475
2,138,248,7.673387096774194
2,139,253,7.830039525691699
2,140,243,7.860082304526749
2,141,245,7.865306122448979
2,142,238,7.836134453781512
2,143,233,7.896995708154506
2,144,232,7.469827586206897
2,145,234,7.683760683760684
2,146,227,7.682819383259912
2,147,226,7.6902654867256635
2,148,230,7.743478260869566
2,149,243,7.650205761316872
2,150,237,7.417721518987341
2,151,234,7.487179487179487
2,152,230,7.6173913043478265
2,153,232,7.836206896551724
2,154,239,7.7322175732217575
2,155,236,7.834745762711864
2,156,230,8.08695652173913
2,157,223,8.192825112107624
2,158,225,8.16
2,159,218,8.192660550458715
2,160,221,8.149321266968325
2,161,225,7.995555555555556
2,162,227,7.969162995594714
2,163,228,7.864035087719298
2,164,223,7.789237668161435
2,165,229,7.606986899563319
2,166,229,8.02183406113537
2,167,236,8.114406779661017
2,168,235,8.187234042553191
2,169,235,8.285106382978723
2,170,227,8.105726872246697
2,171,231,7.982683982683983
2,172,231,7.774891774891775
2,173,230,7.517391304347826
2,174,234,7.829059829059829
2,175,233,7.836909871244635
2,176,230,7.8
2,177,236,7.673728813559322
2,178,232,7.418103448275862
2,179,235,7.48936170212766
2,180,231,7.805194805194805
2,181,221,7.5656108597285066
2,182,223,7.865470852017937
2,183,217,7.880184331797235
2,184,219,7.872146118721461
2,185,224,7.861607142857143
2,186,232,7.655172413793103
2,187,239,7.581589958158996
2,188,252,7.503968253968254
2,189,250,7.372
2,190,247,7.672064777327935
2,191,247,7.676113360323886
2,192,253,7.735177865612648
2,193,238,7.718487394957983
2,194,239,7.594142259414226
2,195,235,7.1191489361702125
2,196,243,7.102880658436214
2,197,245,7.257142857142857
2,198,242,7.128099173553719
2,199,245,7.122448979591836
2,200,248,7.32258064516129
2,201,250,7.36
2,202,249,6.9879518072289155
2,203,242,7.144628099173554
2,204,247,7.412955465587045
2,205,244,7.352459016393443
2,206,252,7.325396825396825
2,207,251,7.282868525896414
2,208,263,7.106463878326996
2,209,260,6.984615384615385
2,210,249,6.835341365461847
2,211,261,7.003831417624521
2,212,260,7.119230769230769
2,213,256,7.28125
2,214,250,7.44
2,215,247,7.449392712550607
2,216,239,7.673640167364017
2,217,240,7.266666666666667
2,218,237,7.075949367088608
2,219,236,7.156779661016949
2,220,225,7.364444444444445
2,221,222,7.545045045045045
2,222,220,7.459090909090909
2,223,216,7.300925925925926
2,224,218,7.1880733944954125
2,225,208,7.485576923076923
2,226,209,7.502392344497608
2,227,216,7.217592592592593
2,228,217,7.124423963133641
2,229,209,7.215311004784689
2,230,206,7.456310679611651
2,231,200,7.195
2,232,188,7.49468085106383
2,233,181,7.392265193370166
2,234,182,7.3791208791208796
2,235,183,7.7650273224043715
2,236,179,7.865921787709497
2,237,181,7.712707182320442
2,238,181,7.640883977900552
2,239,177,7.446327683615819
2,240,175,7.194285714285714
2,241,171,7.0701754385964914
2,242,170,6.705882352941177
2,243,168,6.964285714285714
2,244,174,6.741379310344827
2,245,168,7.071428571428571
2,246,172,7.063953488372093
2,247,164,6.920731707317073
2,248,161,7.118012422360248
2,249,152,7.223684210526316
2,250,151,7.4635761589403975
2,251,155,7.348387096774194
2,252,155,7.812903225806451
2,253,151,7.781456953642384
2,254,153,7.647058823529412
2,255,149,7.241610738255034
2,256,145,7.110344827586207
2,257,144,7.333333333333333
2,258,142,7.683098591549296
2,259,142,7.514084507042254
2,260,140,7.492857142857143
2,261,143,7.678321678321678
2,262,141,7.418439716312057
2,263,145,7.241379310344827
2,264,156,6.826923076923077
2,265,148,6.466216216216216
2,266,139,6.539568345323741
2,267,134,6.686567164179104
2,268,129,6.596899224806202
2,269,129,7.046511627906977
2,270,131,7.351145038167939
2,271,132,7.431818181818182
2,272,124,7.67741935483871
2,273,118,7.5
2,274,121,7.586776859504132
2,275,121,7.528925619834711
2,276,118,7.796610169491525
2,277,118,7.279661016949152
2,278,109,7.4036697247706424
2,279,112,7.419642857142857
2,280,111,7.297297297297297
2,281,107,7.242990654205608
2,282,106,7.179245283018868
2,283,101,7.841584158415841
2,284,99,7.666666666666667
2,285,101,7.544554455445544
2,286,104,7.759615384615385
2,287,108,7.305555555555555
2,288,110,6.836363636363636
2,289,101,6.782178217821782
2,290,107,7.037383177570093
2,291,96,7.166666666666667
2,292,99,7.616161616161616
2,293,98,7.928571428571429
2,294,98,7.673469387755102
2,295,92,7.369565217391305
2,296,88,7.386363636363637
2,297,92,7.478260869565218
2,298,94,7.4787234042553195
2,299,93,7.89247311827957
2,300,91,7.736263736263736
2,301,83,7.734939759036145
2,302,85,7.670588235294118
2,303,84,7.511904761904762
2,304,85,7.823529411764706
2,305,82,7.524390243902439
2,306,73,7.424657534246576
2,307,67,7.835820895522388
2,308,70,7.9
2,309,63,8.253968253968255
2,310,66,7.96969696969697
2,311,67,8.074626865671641
2,312,71,7.23943661971831
2,313,71,6.676056338028169
2,314,74,6.878378378378378
2,315,76,7.2631578947368425
2,316,75,7.8133333333333335
2,317,72,8.125
2,318,74,8.527027027027026
2,319,69,8.26086956521739
2,320,68,8.397058823529411
2,321,70,7.957142857142857
2,322,70,7.357142857142857
2,323,69,8.043478260869565
2,324,78,7.3076923076923075
2,325,80,7.325
2,326,76,7.592105263157895
2,327,78,7.346153846153846
2,328,67,7.08955223880597
2,329,65,6.923076923076923
2,330,69,7.159420289855072
2,331,65,7.492307692307692
2,332,65,7.707692307692308
2,333,66,8.030303030303031
2,334,67,7.492537313432836
2,335,67,7.492537313432836
2,336,69,7.449275362318841
2,337,64,7.5
2,338,66,7.5606060606060606
2,339,70,7.357142857142857
2,340,68,7.338235294117647
2,341,65,7.092307692307692
2,342,63,6.968253968253968
2,343,66,6.666666666666667
2,344,69,7.333333333333333
2,345,65,7.2
2,346,66,7.96969696969697
2,347,63,8.301587301587302
2,348,61,7.819672131147541
2,349,61,7.754098360655738
2,350,60,7.483333333333333
2,351,60,7.766666666666667
2,352,60,7.683333333333334
2,353,56,7.160714285714286
2,354,57,7.684210526315789
2,355,55,7.909090909090909
2,356,54,8.185185185185185
2,357,56,8.410714285714286
2,358,49,8.061224489795919
2,359,49,7.877551020408164
2,360,45,7.888888888888889
2,361,47,7.76595744680851
2,362,48,7.270833333333333
2,363,47,6.957446808510638
2,364,45,7.777777777777778
2,365,39,7.230769230769231
2,366,37,7.378378378378378
2,367,39,7.948717948717949
2,368,38,7.842105263157895
2,369,36,7.694444444444445
2,370,37,7.837837837837838
2,371,35,7.4
2,372,30,7.1
2,373,29,6.448275862068965
2,374,25,6.76
2,375,23,6.826086956521739
2,376,20,7.0
2,377,19,7.684210526315789
2,378,19,7.842105263157895
2,379,17,7.588235294117647
2,380,17,7.352941176470588
2,381,16,8.0625
2,382,16,8.375
2,383,12,8.333333333333334
2,384,12,9.333333333333334
2,385,14,7.857142857142857
2,386,13,7.076923076923077
2,387,11,6.2727272727272725
2,388,11,7.2727272727272725
2,389,9,6.666666666666667
2,390,6,6.5
2,391,5,5.4
2,392,5,6.4
2,393,5,7.4
2,394,4,8.25
2,395,4,9.25
2,396,4,10.25
2,397,5,9.0
2,398,6,8.333333333333334
2,399,6,9.333333333333334
2,400,5,9.4
3,0,20,0.0
3,1,20,1.0
3,2,20,2.0
3,3,20,3.0
3,4,20,4.0
3,5,20,5.0
3,6,20,6.0
3,7,20,7.0
3,8,20,8.0
3,9,21,8.571428571428571
3,10,25,8.04
3,11,34,6.647058823529412
3,12,36,7.222222222222222
3,13,41,7.219512195121951
3,14,45,7.488888888888889
3,15,48,7.958333333333333
3,16,49,8.775510204081632
3,17,49,9.428571428571429
3,18,50,10.22
3,19,56,10.017857142857142
3,20,59,9.966101694915254
3,21,63,9.603174603174603
3,22,69,9.521739130434783
3,23,71,9.422535211267606
3,24,76,9.131578947368421
3,25,81,9.333333333333334
3,26,85,9.847058823529412
3,27,90,10.244444444444444
3,28,98,9.53061224489796
3,29,102,9.666666666666666
3,30,104,9.64423076923077
3,31,110,9.963636363636363
3,32,99,8.464646464646465
3,33,100,8.84
3,34,105,8.82857142857143
3,35,111,9.26126126126126
3,36,115,9.504347826086956
3,37,124,9.14516129032258
3,38,124,9.346774193548388
3,39,126,9.34920634920635
3,40,130,9.538461538461538
3,41,128,9.4765625
3,42,128,9.71875
3,43,132,8.818181818181818
3,44,147,8.598639455782314
3,45,147,7.931972789115647
3,46,152,8.18421052631579
3,47,159,8.264150943396226
3,48,165,8.527272727272727
3,49,171,8.391812865497077
3,50,176,8.176136363636363
3,51,181,8.331491712707182
3,52,184,8.71195652173913
3,53,194,8.536082474226804
3,54,204,8.303921568627452
3,55,206,8.106796116504855
3,56,213,8.305164319248826
3,57,209,8.047846889952153
3,58,209,8.535885167464114
3,59,213,8.394366197183098
3,60,215,8.627906976744185
3,61,226,8.38495575221239
3,62,221,8.380090497737557
3,63,237,7.936708860759493
3,64,251,7.872509960159363
3,65,259,7.803088803088803
3,66,257,7.696498054474708
3,67,256,7.578125
3,68,272,7.569852941176471
3,69,278,7.589928057553957
3,70,274,7.908759124087592
3,71,279,7.903225806451613
3,72,288,8.118055555555555
3,73,296,8.155405405405405
3,74,292,8.263698630136986
3,75,283,8.254416961130742
3,76,281,8.167259786476869
3,77,294,7.829931972789115
3,78,310,7.97741935483871
3,79,322,7.760869565217392
3,80,326,7.720858895705521
3,81,328,7.823170731707317
3,82,333,7.78978978978979
3,83,333,7.906906906906907
3,84,336,7.616071428571429
3,85,336,7.446428571428571
3,86,342,7.733918128654971
3,87,345,8.01159420289855
3,88,349,8.097421203438396
3,89,339,8.536873156342184
3,90,336,8.535714285714286
3,91,340,8.444117647058823
3,92,340,8.211764705882352
3,93,358,7.924581005586592
3,94,367,7.594005449591281
3,95,371,7.490566037735849
3,96,377,7.347480106100796
3,97,388,7.314432989690721
3,98,387,7.4366925064599485
3,99,382,7.531413612565445
3,100,372,7.561827956989247
3,101,370,7.781081081081081
3,102,381,7.818897637795276
3,103,401,7.860349127182045
3,104,413,7.920096852300242
3,105,412,7.720873786407767
3,106,417,7.7601918465227815
3,107,425,7.456470588235294
3,108,421,7.446555819477434
3,109,422,7.374407582938389
3,110,419,7.334128878281623
3,111,428,7.518691588785047
3,112,438,7.497716894977169
3,113,452,7.449115044247788
3,114,468,7.44017094017094
3,115,457,7.433260393873085
3,116,461,7.281995661605206
3,117,446,7.439461883408072
3,118,444,7.481981981981982
3,119,440,7.261363636363637
3,120,447,7.239373601789709
3,121,434,7.373271889400922
3,122,426,7.765258215962441
3,123,435,7.898850574712644
3,124,452,7.893805309734513
3,125,432,7.611111111111111
3,126,421,7.648456057007126
3,127,407,7.673218673218673
3,128,421,7.484560570071259
3,129,428,7.4672897196261685
3,130,413,7.338983050847458
3,131,404,7.502475247524752
3,132,395,7.686075949367089
3,133,392,7.612244897959184
3,134,396,7.545454545454546
3,135,405,7.560493827160494
3,136,407,7.511056511056511
3,137,387,7.361757105943153
3,138,391,7.421994884910486
3,139,381,7.58005249343832
3,140,378,7.568783068783069
3,141,373,7.509383378016086
3,142,369,7.509485094850948
3,143,363,7.37465564738292
3,144,365,7.526027397260274
3,145,347,7.659942363112392
3,146,350,7.9314285714285715
3,147,355,7.901408450704225
3,148,344,7.863372093023256
3,149,337,7.679525222551929
3,150,331,7.564954682779456
3,151,325,7.6923076923076925
3,152,333,7.4624624624624625
3,153,330,7.2727272727272725
3,154,329,7.340425531914893
3,155,327,7.510703363914373
3,156,327,7.648318042813456
3,157,319,7.736677115987461
3,158,325,7.6984615384615385
3,159,318,7.723270440251572
3,160,308,7.834415584415584
3,161,313,7.8083067092651754
3,162,314,7.598726114649682
3,163,322,7.60248447204969
3,164,329,7.696048632218845
3,165,321,7.501557632398754
3,166,317,7.794952681388013
3,167,330,7.609090909090909
3,168,341,7.724340175953079
3,169,330,7.7696969696969695
3,170,329,7.735562310030395
3,171,332,7.52710843373494
3,172,334,7.721556886227545
3,173,333,7.753753753753754
3,174,324,7.722222222222222
3,175,319,7.746081504702194
3,176,320,7.6875
3,177,321,7.722741433021807
3,178,331,7.670694864048339
3,179,336,7.770833333333333
3,180,347,7.677233429394812
3,181,346,7.601156069364162
3,182,349,7.538681948424069
3,183,360,7.680555555555555
3,184,374,7.17379679144385
3,185,367,7.286103542234333
3,186,381,7.194225721784777
3,187,388,7.211340206185567
3,188,387,7.074935400516796
3,189,404,7.235148514851486
3,190,408,7.338235294117647
3,191,404,7.423267326732673
3,192,405,7.4148148148148145
3,193,413,7.670702179176756
3,194,417,7.522781774580336
3,195,413,7.583535108958838
3,196,416,7.762019230769231
3,197,434,7.870967741935484
3,198,431,7.698375870069605
3,199,440,7.581818181818182
3,200,429,7.44988344988345
3,201,421,7.472684085510688
3,202,414,7.4227053140096615
3,203,414,7.492753623188406
3,204,404,7.3638613861386135
3,205,396,7.7853535353535355
3,206,384,7.768229166666667
3,207,404,7.611386138613861
3,208,398,7.567839195979899
3,209,403,7.344913151364764
3,210,418,7.002392344497608
3,211,416,7.28125
3,212,411,7.547445255474453
3,213,402,7.5
3,214,395,7.686075949367089
3,215,409,7.643031784841075
3,216,412,7.179611650485437
3,217,395,7.154430379746835
3,218,388,7.131443298969073
3,219,387,7.023255813953488
3,220,389,7.020565552699229
3,221,403,7.141439205955335
3,222,398,7.085427135678392
3,223,410,7.048780487804878
3,224,394,7.096446700507614
3,225,391,7.202046035805626
3,226,392,7.26530612244898
3,227,407,7.1302211302211305
3,228,385,6.709090909090909
3,229,383,6.861618798955614
3,230,386,7.1139896373057
3,231,387,7.20671834625323
3,232,380,7.492105263157895
3,233,355,7.538028169014084
3,234,346,7.676300578034682
3,235,350,7.662857142857143
3,236,341,7.5014662756598245
3,237,325,7.350769230769231
3,238,324,7.367283950617284
3,239,322,7.468944099378882
3,240,312,7.3076923076923075
3,241,313,7.268370607028754
3,242,316,7.370253164556962
3,243,309,7.1618122977346275
3,244,309,6.951456310679611
3,245,315,7.1079365079365076
3,246,315,7.276190476190476
3,247,315,7.2634920634920634
3,248,312,7.5
3,249,309,7.527508090614886
3,250,298,7.644295302013423
3,251,294,7.663265306122449
3,252,303,7.402640264026402
3,253,294,6.908163265306122
3,254,292,7.0993150684931505
3,255,289,7.103806228373703
3,256,297,7.111111111111111
3,257,290,7.020689655172414
3,258,302,7.006622516556291
3,259,296,7.08445945945946
3,260,303,7.188118811881188
3,261,313,7.412140575079873
3,262,305,7.370491803278688
3,263,289,7.3944636678200695
3,264,288,7.111111111111111
3,265,295,7.027118644067796
3,266,295,7.179661016949153
3,267,298,7.110738255033557
3,268,297,7.151515151515151
3,269,306,7.284313725490196
3,270,306,7.359477124183006
3,271,318,7.084905660377358
3,272,329,7.148936170212766
3,273,324,7.117283950617284
3,274,327,7.039755351681957
3,275,328,7.314024390243903
3,276,339,7.466076696165191
3,277,335,7.2835820895522385
3,278,335,7.161194029850746
3,279,330,7.2272727272727275
3,280,339,7.247787610619469
3,281,339,7.398230088495575
3,282,331,7.305135951661631
3,283,327,7.079510703363915
3,284,331,6.969788519637462
3,285,328,7.353658536585366
3,286,328,7.1067073170731705
3,287,319,7.241379310344827
3,288,324,7.320987654320987
3,289,328,7.289634146341464
3,290,316,7.379746835443038
3,291,313,7.460063897763578
3,292,323,7.3312693498452015
3,293,316,7.0854430379746836
3,294,315,7.352380952380952
3,295,311,7.237942122186495
3,296,304,7.296052631578948
3,297,306,6.92483660130719
3,298,303,7.135313531353136
3,299,293,7.143344709897611
3,300,292,7.11986301369863
3,301,290,7.213793103448276
3,302,296,7.091216216216216
3,303,295,7.15593220338983
3,304,273,7.245421245421245
3,305,274,7.2226277372262775
3,306,283,7.307420494699647
3,307,268,7.141791044776119
3,308,269,7.141263940520446
3,309,263,7.330798479087452
3,310,262,7.297709923664122
3,311,261,7.432950191570881
3,312,261,7.681992337164751
3,313,262,7.919847328244275
3,314,261,7.796934865900383
3,315,252,7.841269841269841
3,316,258,7.593023255813954
3,317,255,7.658823529411765
3,318,261,7.505747126436781
3,319,261,7.306513409961686
3,320,254,7.44488188976378
3,321,256,7.3671875
3,322,253,7.529644268774703
3,323,263,7.669201520912548
3,324,257,7.638132295719845
3,325,252,7.507936507936508
3,326,249,7.281124497991968
3,327,255,7.286274509803921
3,328,248,7.173387096774194
3,329,251,7.239043824701195
3,330,245,7.477551020408163
3,331,237,7.670886075949367
3,332,243,7.707818930041152
3,333,245,7.628571428571429
3,334,241,7.672199170124482
3,335,241,7.780082987551867
3,336,247,7.550607287449393
3,337,238,7.533613445378151
3,338,239,7.489539748953975
3,339,244,7.602459016393443
3,340,234,7.717948717948718
3,341,230,7.621739130434783
3,342,215,7.586046511627907
3,343,210,7.595238095238095
3,344,205,7.624390243902439
3,345,206,7.533980582524272
3,346,202,7.445544554455446
3,347,214,7.420560747663552
3,348,211,7.568720379146919
3,349,212,7.556603773584905
3,350,211,7.388625592417061
3,351,205,7.590243902439024
3,352,207,7.855072463768116
3,353,208,8.096153846153847
3,354,203,8.088669950738916
3,355,193,8.217616580310882
3,356,194,8.185567010309278
3,357,202,7.658415841584159
3,358,205,7.146341463414634
3,359,203,7.251231527093596
3,360,203,7.0344827586206895
3,361,200,7.18
3,362,197,7.517766497461929
3,363,196,7.6479591836734695
3,364,183,7.693989071038251
3,365,179,7.653631284916201
3,366,177,7.768361581920904
3,367,175,7.582857142857143
3,368,181,7.359116022099448
3,369,183,7.622950819672131
3,370,188,7.420212765957447
3,371,187,7.550802139037433
3,372,180,7.644444444444445
3,373,185,7.562162162162162
3,374,183,7.7650273224043715
3,375,180,7.694444444444445
3,376,185,7.535135135135135
3,377,185,7.335135135135135
3,378,179,7.273743016759776
3,379,175,6.748571428571428
3,380,167,6.88622754491018
3,381,159,7.29559748427673
3,382,153,7.69281045751634
3,383,155,7.696774193548387
3,384,151,7.602649006622516
3,385,157,7.261146496815287
3,386,151,7.423841059602649
3,387,151,7.231788079470198
3,388,153,7.006535947712418
3,389,153,7.2026143790849675
3,390,150,7.546666666666667
3,391,145,7.76551724137931
3,392,139,8.0
3,393,138,8.108695652173912
3,394,134,7.8283582089552235
3,395,133,7.7368421052631575
3,396,128,8.171875
3,397,126,7.849206349206349
3,398,130,7.161538461538462
3,399,130,7.415384615384616
3,400,143,7.251748251748252
4,0,20,0.0
4,1,20,1.0
4,2,20,2.0
4,3,20,3.0
4,4,20,4.0
4,5,20,5.0
4,6,20,6.0
4,7,20,7.0
4,8,20,8.0
4,9,22,8.181818181818182
4,10,29,6.9655172413793105
4,11,33,7.0
4,12,35,7.542857142857143
4,13,41,7.2926829268292686
4,14,45,7.555555555555555
4,15,48,8.020833333333334
4,16,49,8.510204081632653
4,17,52,8.961538461538462
4,18,56,9.107142857142858
4,19,59,9.59322033898305
4,20,59,9.728813559322035
4,21,64,9.890625
4,22,70,9.957142857142857
4,23,75,10.226666666666667
4,24,78,10.179487179487179
4,25,82,9.939024390243903
4,26,79,10.291139240506329
4,27,80,10.5875
4,28,84,10.916666666666666
4,29,91,10.340659340659341
4,30,98,10.112244897959183
4,31,97,10.29896907216495
4,32,85,8.011764705882353
4,33,86,8.267441860465116
4,34,98,8.13265306122449
4,35,101,7.792079207920792
4,36,105,7.495238095238095
4,37,104,8.057692307692308
4,38,108,7.981481481481482
4,39,107,8.018691588785046
4,40,111,8.252252252252251
4,41,117,8.341880341880342
4,42,120,8.45
4,43,128,8.65625
4,44,130,8.646153846153846
4,45,137,8.02919708029197
4,46,134,7.649253731343284
4,47,136,7.5588235294117645
4,48,143,7.7972027972027975
4,49,143,7.8321678321678325
4,50,143,8.062937062937063
4,51,149,7.429530201342282
4,52,151,7.9072847682119205
4,53,155,8.09032258064516
4,54,157,7.929936305732484
4,55,162,7.845679012345679
4,56,158,8.025316455696203
4,57,164,8.310975609756097
4,58,163,8.245398773006135
4,59,162,8.438271604938272
4,60,155,7.748387096774193
4,61,156,7.564102564102564
4,62,161,7.527950310559007
4,63,165,7.8545454545454545
4,64,173,8.052023121387283
4,65,176,8.107954545454545
4,66,180,7.877777777777778
4,67,174,7.948275862068965
4,68,169,7.911242603550296
4,69,168,7.589285714285714
4,70,167,7.562874251497006
4,71,169,7.7514792899408285
4,72,171,7.678362573099415
4,73,174,7.908045977011494
4,74,175,7.68
4,75,180,7.661111111111111
4,76,184,7.608695652173913
4,77,187,7.2727272727272725
4,78,186,7.591397849462366
4,79,178,7.764044943820225
4,80,178,7.825842696629214
4,81,181,8.011049723756907
4,82,175,8.01142857142857
4,83,174,7.971264367816092
4,84,180,7.944444444444445
4,85,174,7.517241379310345
4,86,175,7.628571428571429
4,87,179,7.391061452513966
4,88,182,7.131868131868132
4,89,174,7.126436781609195
4,90,170,7.305882352941176
4,91,180,7.144444444444445
4,92,186,7.118279569892473
4,93,178,7.320224719101123
4,94,168,7.625
4,95,170,7.7823529411764705
4,96,167,7.6946107784431135
4,97,166,7.831325301204819
4,98,162,8.123456790123457
4,99,160,8.19375
4,100,156,8.185897435897436
4,101,159,7.735849056603773
4,102,157,7.579617834394904
4,103,154,7.305194805194805
4,104,149,7.6375838926174495
4,105,139,8.122302158273381
4,106,132,8.409090909090908
4,107,129,8.116279069767442
4,108,129,8.10077519379845
4,109,134,7.940298507462686
4,110,133,8.203007518796992
4,111,125,7.864
4,112,125,7.576
4,113,124,7.814516129032258
4,114,122,7.885245901639344
4,115,125,8.064
4,116,117,8.222222222222221
4,117,114,8.06140350877193
4,118,120,7.566666666666666
4,119,126,7.476190476190476
4,120,127,7.574803149606299
4,121,122,7.475409836065574
4,122,121,7.1570247933884295
4,123,127,7.070866141732283
4,124,123,7.430894308943089
4,125,126,7.444444444444445
4,126,126,7.825396825396825
4,127,124,7.798387096774194
4,128,119,7.61344537815126
4,129,121,7.652892561983471
4,130,116,7.543103448275862
4,131,110,7.872727272727273
4,132,111,7.585585585585585
4,133,119,7.201680672268908
4,134,119,7.4033613445378155
4,135,119,7.025210084033613
4,136,117,6.846153846153846
4,137,118,7.177966101694915
4,138,112,6.910714285714286
4,139,111,6.945945945945946
4,140,108,7.185185185185185
4,141,104,7.086538461538462
4,142,101,7.198019801980198
4,143,92,7.641304347826087
4,144,96,7.802083333333333
4,145,96,7.979166666666667
4,146,89,7.966292134831461
4,147,84,8.071428571428571
4,148,82,7.817073170731708
4,149,89,7.314606741573034
4,150,92,7.021739130434782
4,151,91,7.230769230769231
4,152,91,7.1208791208791204
4,153,89,6.224719101123595
4,154,87,6.2988505747126435
4,155,89,6.831460674157303
4,156,90,6.866666666666666
4,157,92,6.673913043478261
4,158,91,6.725274725274725
4,159,88,7.204545454545454
4,160,93,6.580645161290323
4,161,91,6.934065934065934
4,162,91,7.1208791208791204
4,163,96,7.145833333333333
4,164,101,7.405940594059406
4,165,97,7.268041237113402
4,166,99,7.525252525252525
4,167,107,6.644859813084112
4,168,103,6.728155339805825
4,169,103,6.70873786407767
4,170,106,7.028301886792453
4,171,104,7.298076923076923
4,172,103,7.019417475728155
4,173,100,7.25
4,174,101,7.0495049504950495
4,175,103,7.067961165048544
4,176,105,6.733333333333333
4,177,109,6.495412844036697
4,178,108,6.944444444444445
4,179,108,7.111111111111111
4,180,109,7.192660550458716
4,181,111,7.252252252252252
4,182,111,7.684684684684685
4,183,115,7.939130434782609
4,184,119,8.058823529411764
4,185,127,7.543307086614173
4,186,124,7.903225806451613
4,187,121,7.652892561983471
4,188,119,7.80672268907563
4,189,120,7.766666666666667
4,190,114,7.535087719298246
4,191,108,7.685185185185185
4,192,106,7.716981132075472
4,193,112,7.1875
4,194,118,7.186440677966102
4,195,120,7.35
4,196,119,7.008403361344538
4,197,116,7.008620689655173
4,198,111,7.153153153153153
4,199,115,7.113043478260869
4,200,111,6.8108108108108105
4,201,110,7.0181818181818185
4,202,117,7.3247863247863245
4,203,123,7.471544715447155
4,204,117,7.452991452991453
4,205,115,7.721739130434782
4,206,118,7.4576271186440675
4,207,121,7.479338842975206
4,208,124,7.467741935483871
4,209,126,7.325396825396825
4,210,119,7.798319327731092
4,211,119,7.571428571428571
4,212,116,7.603448275862069
4,213,111,7.666666666666667
4,214,110,8.00909090909091
4,215,113,7.79646017699115
4,216,111,7.8558558558558556
4,217,105,7.552380952380952
4,218,110,7.454545454545454
4,219,120,7.175
4,220,123,7.390243902439025
4,221,124,7.475806451612903
4,222,120,7.158333333333333
4,223,125,6.904
4,224,119,6.73109243697479
4,225,120,6.441666666666666
4,226,120,6.558333333333334
4,227,121,6.661157024793388
4,228,119,6.529411764705882
4,229,118,6.38135593220339
4,230,119,6.579831932773109
4,231,116,6.560344827586207
4,232,113,6.6371681415929205
4,233,114,6.982456140350878
4,234,109,6.908256880733945
4,235,106,7.19811320754717
4,236,104,7.6826923076923075
4,237,108,7.453703703703703
4,238,107,7.5327102803738315
4,239,105,7.266666666666667
4,240,101,7.069306930693069
4,241,101,6.900990099009901
4,242,101,6.871287128712871
4,243,110,7.118181818181818
4,244,104,6.778846153846154
4,245,100,6.74
4,246,96,6.822916666666667
4,247,91,6.450549450549451
4,248,92,6.934782608695652
4,249,94,6.76595744680851
4,250,93,7.161290322580645
4,251,88,7.431818181818182
4,252,84,7.523809523809524
4,253,85,7.7176470588235295
4,254,93,7.290322580645161
4,255,98,6.887755102040816
4,256,95,6.842105263157895
4,257,92,6.836956521739131
4,258,87,6.885057471264368
4,259,85,6.929411764705883
4,260,81,6.864197530864198
4,261,79,6.936708860759493
4,262,79,7.594936708860759
4,263,70,7.828571428571428
4,264,65,7.507692307692308
4,265,61,7.032786885245901
4,266,63,7.253968253968254
4,267,63,7.634920634920635
4,268,63,7.650793650793651
4,269,63,7.761904761904762
4,270,60,7.866666666666666
4,271,63,7.571428571428571
4,272,62,7.870967741935484
4,273,65,7.0
4,274,63,6.4603174603174605
4,275,58,6.793103448275862
4,276,57,7.315789473684211
4,277,56,7.464285714285714
4,278,57,7.684210526315789
4,279,55,7.036363636363636
4,280,54,7.092592592592593
4,281,54,7.055555555555555
4,282,57,7.0
4,283,58,6.827586206896552
4,284,52,6.846153846153846
4,285,54,7.0
4,286,57,7.017543859649122
4,287,57,7.473684210526316
4,288,53,7.320754716981132
4,289,51,7.392156862745098
4,290,51,7.568627450980392
4,291,43,7.488372093023256
4,292,45,7.7555555555555555
4,293,44,7.386363636363637
4,294,42,7.738095238095238
4,295,43,6.4186046511627906
4,296,39,6.512820512820513
4,297,37,6.675675675675675
4,298,37,7.45945945945946
4,299,38,6.526315789473684
4,300,35,6.314285714285714
4,301,38,6.7368421052631575
4,302,39,6.615384615384615
4,303,40,6.875
4,304,43,7.325581395348837
4,305,44,7.5227272727272725
4,306,38,7.2105263157894735
4,307,41,7.609756097560975
4,308,41,7.853658536585366
4,309,38,7.684210526315789
4,310,35,7.0
4,311,34,6.911764705882353
4,312,35,6.285714285714286
4,313,36,5.916666666666667
4,314,37,5.324324324324325
4,315,38,5.5
4,316,40,5.95
4,317,43,6.093023255813954
4,318,41,6.878048780487805
4,319,37,6.702702702702703
4,320,33,6.818181818181818
4,321,33,7.242424242424242
4,322,32,6.6875
4,323,32,6.71875
4,324,31,6.67741935483871
4,325,29,6.517241379310345
4,326,25,6.92
4,327,29,6.310344827586207
4,328,31,6.290322580645161
4,329,33,6.151515151515151
4,330,36,6.555555555555555
4,331,36,5.916666666666667
4,332,37,6.594594594594595
4,333,36,6.694444444444445
4,334,34,6.5588235294117645
4,335,35,6.171428571428572
4,336,31,6.580645161290323
4,337,32,6.34375
4,338,33,6.515151515151516
4,339,31,7.096774193548387
4,340,32,7.84375
4,341,30,8.433333333333334
4,342,35,8.085714285714285
4,343,33,8.575757575757576
4,344,31,8.290322580645162
4,345,31,8.096774193548388
4,346,33,7.666666666666667
4,347,34,7.764705882352941
4,348,34,7.735294117647059
4,349,35,8.342857142857143
4,350,37,8.35135135135135
4,351,35,7.8
4,352,35,6.828571428571428
4,353,33,6.787878787878788
4,354,29,6.413793103448276
4,355,28,6.392857142857143
4,356,32,6.46875
4,357,30,6.833333333333333
4,358,31,7.387096774193548
4,359,28,7.321428571428571
4,360,26,7.730769230769231
4,361,26,7.923076923076923
4,362,27,8.0
4,363,25,8.0
4,364,22,7.5
4,365,20,7.7
4,366,20,7.2
4,367,19,6.2631578947368425
4,368,19,6.631578947368421
4,369,20,6.25
4,370,19,7.157894736842105
4,371,18,8.222222222222221
4,372,18,6.944444444444445
4,373,20,7.15
4,374,16,6.8125
4,375,16,7.8125
4,376,16,8.1875
4,377,20,6.65
4,378,18,6.888888888888889
4,379,16,7.5
4,380,16,8.5
4,381,17,7.9411764705882355
4,382,14,6.857142857142857
4,383,13,7.3076923076923075
4,384,13,6.923076923076923
4,385,13,7.923076923076923
4,386,11,7.636363636363637
4,387,11,7.7272727272727275
4,388,9,7.0
4,389,9,6.666666666666667
4,390,9,7.0
4,391,9,8.0
4,392,9,9.0
4,393,10,7.9
4,394,9,7.222222222222222
4,395,8,6.5
4,396,7,6.428571428571429
4,397,8,6.5
4,398,8,5.5
4,399,8,5.75
4,400,8,6.75
5,0,20,0.0
5,1,20,1.0
5,2,20,2.0
5,3,20,3.0
5,4,20,4.0
5,5,20,5.0
5,6,20,6.0
5,7,20,7.0
5,8,20,8.0
5,9,21,8.571428571428571
5,10,25,8.04
5,11,30,7.533333333333333
5,12,36,7.111111111111111
5,13,38,7.684210526315789
5,14,40,7.9
5,15,45,7.911111111111111
5,16,46,8.369565217391305
5,17,51,8.117647058823529
5,18,50,8.94
5,19,50,9.76
5,20,53,9.773584905660377
5,21,54,9.981481481481481
5,22,57,10.403508771929825
5,23,63,9.952380952380953
5,24,70,9.357142857142858
5,25,72,9.319444444444445
5,26,81,8.320987654320987
5,27,88,8.409090909090908
5,28,89,8.404494382022472
5,29,92,8.33695652173913
5,30,103,8.16504854368932
5,31,103,8.689320388349515
5,32,95,7.578947368421052
5,33,99,7.848484848484849
5,34,105,7.9714285714285715
5,35,106,8.09433962264151
5,36,104,8.346153846153847
5,37,114,8.131578947368421
5,38,112,7.705357142857143
5,39,121,7.363636363636363
5,40,121,7.7272727272727275
5,41,117,7.9743589743589745
5,42,125,8.224
5,43,127,8.05511811023622
5,44,131,8.053435114503817
5,45,140,8.071428571428571
5,46,146,8.150684931506849
5,47,146,8.150684931506849
5,48,147,8.204081632653061
5,49,151,7.774834437086093
5,50,154,7.785714285714286
5,51,157,7.560509554140127
5,52,161,7.577639751552795
5,53,159,7.49685534591195
5,54,164,7.280487804878049
5,55,166,7.150602409638554
5,56,162,7.487654320987654
5,57,168,7.369047619047619
5,58,176,7.1647727272727275
5,59,173,6.976878612716763
5,60,167,7.335329341317365
5,61,171,7.60233918128655
5,62,178,7.376404494382022
5,63,178,7.735955056179775
5,64,179,7.687150837988827
5,65,179,7.675977653631285
5,66,178,7.533707865168539
5,67,181,7.475138121546961
5,68,183,7.415300546448087
5,69,175,7.6571428571428575
5,70,186,7.870967741935484
5,71,199,7.557788944723618
5,72,198,7.666666666666667
5,73,204,7.769607843137255
5,74,207,7.9855072463768115
5,75,202,7.891089108910891
5,76,193,7.932642487046632
5,77,193,7.880829015544041
5,78,194,7.881443298969073
5,79,194,8.211340206185566
5,80,191,8.099476439790577
5,81,201,8.099502487562189
5,82,205,7.853658536585366
5,83,204,7.5931372549019605
5,84,201,7.54228855721393
5,85,204,7.083333333333333
5,86,200,6.945
5,87,190,6.810526315789474
5,88,188,6.941489361702128
5,89,192,7.135416666666667
5,90,193,7.658031088082901
5,91,186,7.876344086021505
5,92,181,8.066298342541437
5,93,177,8.19774011299435
5,94,177,7.926553672316384
5,95,187,7.759358288770054
5,96,186,7.747311827956989
5,97,192,7.5625
5,98,195,7.364102564102564
5,99,180,7.4944444444444445
5,100,175,7.708571428571428
5,101,175,7.554285714285714
5,102,173,8.092485549132949
5,103,168,7.934523809523809
5,104,163,7.631901840490798
5,105,169,7.3609467455621305
5,106,170,6.952941176470588
5,107,176,6.784090909090909
5,108,174,7.2988505747126435
5,109,177,7.570621468926554
5,110,168,7.321428571428571
5,111,168,7.2976190476190474
5,112,161,7.527950310559007
5,113,153,7.69281045751634
5,114,165,7.551515151515152
5,115,174,7.804597701149425
5,116,166,7.686746987951807
5,117,164,7.536585365853658
5,118,167,7.616766467065868
5,119,164,7.609756097560975
5,120,159,7.383647798742138
5,121,155,7.341935483870968
5,122,148,7.614864864864865
5,123,136,7.823529411764706
5,124,140,7.4071428571428575
5,125,154,7.1688311688311686
5,126,157,6.987261146496815
5,127,159,6.7924528301886795
5,128,153,7.032679738562091
5,129,152,7.315789473684211
5,130,149,7.74496644295302
5,131,143,7.748251748251748
5,132,138,8.159420289855072
5,133,139,7.942446043165468
5,134,130,7.7
5,135,128,7.1875
5,136,128,7.3125
5,137,130,7.046153846153846
5,138,130,7.407692307692308
5,139,125,7.712
5,140,128,7.7109375
5,141,130,7.515384615384615
5,142,134,7.559701492537314
5,143,127,7.692913385826771
5,144,132,7.446969696969697
5,145,134,7.7835820895522385
5,146,141,7.652482269503546
5,147,138,7.797101449275362
5,148,130,7.907692307692308
5,149,130,7.769230769230769
5,150,126,7.928571428571429
5,151,134,7.582089552238806
5,152,127,7.393700787401575
5,153,120,7.35
5,154,120,7.316666666666666
5,155,128,7.046875
5,156,139,6.856115107913669
5,157,141,6.801418439716312
5,158,138,7.181159420289855
5,159,138,7.239130434782608
5,160,152,7.105263157894737
5,161,150,7.4
5,162,145,7.931034482758621
5,163,152,7.940789473684211
5,164,146,7.541095890410959
5,165,152,7.5
5,166,156,7.205128205128205
5,167,158,7.341772151898734
5,168,164,7.219512195121951
5,169,167,7.287425149700598
5,170,171,7.187134502923977
5,171,176,7.301136363636363
5,172,174,7.459770114942529
5,173,165,7.593939393939394
5,174,164,7.676829268292683
5,175,159,7.830188679245283
5,176,155,7.774193548387097
5,177,154,7.98051948051948
5,178,153,7.9869281045751634
5,179,147,7.666666666666667
5,180,148,7.777027027027027
5,181,143,7.818181818181818
5,182,145,7.517241379310345
5,183,154,7.032467532467533
5,184,156,7.256410256410256
5,185,162,7.049382716049383
5,186,156,7.160256410256411
5,187,145,6.917241379310345
5,188,145,6.910344827586207
5,189,149,7.1879194630872485
5,190,158,7.322784810126582
5,191,149,7.422818791946309
5,192,146,7.184931506849315
5,193,134,7.1716417910447765
5,194,145,7.2
5,195,153,7.470588235294118
5,196,157,7.171974522292993
5,197,152,6.8355263157894735
5,198,155,7.245161290322581
5,199,152,7.2105263157894735
5,200,153,7.078431372549019
5,201,150,7.42
5,202,147,7.551020408163265
5,203,143,7.72027972027972
5,204,140,7.771428571428571
5,205,140,8.278571428571428
5,206,138,7.797101449275362
5,207,141,7.553191489361702
5,208,136,7.330882352941177
5,209,135,7.311111111111111
5,210,143,6.65034965034965
5,211,144,7.145833333333333
5,212,145,7.2620689655172415
5,213,136,7.323529411764706
5,214,142,7.401408450704225
5,215,140,7.257142857142857
5,216,137,7.656934306569343
5,217,132,7.9393939393939394
5,218,131,7.8320610687022905
5,219,136,7.227941176470588
5,220,139,7.482014388489208
5,221,136,7.242647058823529
5,222,137,7.218978102189781
5,223,130,7.184615384615385
5,224,128,7.4453125
5,225,130,7.8538461538461535
5,226,132,7.636363636363637
5,227,128,7.5703125
5,228,123,7.373983739837398
5,229,121,7.181818181818182
5,230,121,7.371900826446281
5,231,121,7.56198347107438
5,232,119,7.638655462184874
5,233,115,7.660869565217391
5,234,111,7.27027027027027
5,235,109,7.220183486238532
5,236,105,7.3238095238095235
5,237,107,7.205607476635514
5,238,103,7.621359223300971
5,239,105,7.733333333333333
5,240,111,7.864864864864865
5,241,101,7.297029702970297
5,242,102,7.950980392156863
5,243,107,7.981308411214953
5,244,103,7.660194174757281
5,245,101,7.336633663366337
5,246,104,6.875
5,247,93,6.666666666666667
5,248,99,6.797979797979798
5,249,96,7.114583333333333
5,250,95,7.315789473684211
5,251,89,7.662921348314606
5,252,92,6.706521739130435
5,253,90,7.022222222222222
5,254,92,7.413043478260869
5,255,91,7.516483516483516
5,256,90,7.9
5,257,101,7.554455445544554
5,258,104,7.769230769230769
5,259,97,7.608247422680412
5,260,91,7.736263736263736
5,261,95,7.768421052631579
5,262,92,8.043478260869565
5,263,101,7.702970297029703
5,264,102,8.127450980392156
5,265,97,7.649484536082475
5,266,96,7.635416666666667
5,267,101,7.732673267326732
5,268,103,7.174757281553398
5,269,108,7.018518518518518
5,270,111,7.0
5,271,110,7.2272727272727275
5,272,112,7.4375
5,273,115,7.6869565217391305
5,274,110,7.654545454545454
5,275,106,7.283018867924528
5,276,110,7.6
5,277,114,7.2105263157894735
5,278,115,7.226086956521739
5,279,116,7.517241379310345
5,280,118,7.694915254237288
5,281,118,8.05084745762712
5,282,119,8.0
5,283,108,8.12962962962963
5,284,102,8.77450980392157
5,285,102,8.607843137254902
5,286,103,8.300970873786408
5,287,103,8.174757281553399
5,288,111,7.90990990990991
5,289,116,7.439655172413793
5,290,118,7.245762711864407
5,291,113,6.716814159292035
5,292,110,6.954545454545454
5,293,104,7.230769230769231
5,294,107,7.542056074766355
5,295,102,7.931372549019608
5,296,93,7.720430107526882
5,297,92,7.565217391304348
5,298,94,7.372340425531915
5,299,94,7.76595744680851
5,300,99,7.888888888888889
5,301,97,7.835051546391752
5,302,96,7.739583333333333
5,303,94,7.8936170212765955
5,304,91,7.604395604395604
5,305,91,7.241758241758242
5,306,94,7.308510638297872
5,307,93,7.150537634408602
5,308,89,6.865168539325842
5,309,84,6.880952380952381
5,310,79,7.6455696202531644
5,311,80,7.6125
5,312,78,7.782051282051282
5,313,82,7.463414634146342
5,314,79,7.3164556962025316
5,315,83,7.397590361445783
5,316,85,7.035294117647059
5,317,91,7.384615384615385
5,318,97,7.185567010309279
5,319,95,7.4526315789473685
5,320,91,7.736263736263736
5,321,83,7.867469879518072
5,322,83,7.9156626506024095
5,323,86,7.906976744186046
5,324,83,7.325301204819277
5,325,88,7.295454545454546
5,326,88,7.511363636363637
5,327,87,7.080459770114943
5,328,85,7.5058823529411764
5,329,91,7.197802197802198
5,330,88,6.829545454545454
5,331,84,7.25
5,332,81,7.444444444444445
5,333,75,6.906666666666666
5,334,74,7.5675675675675675
5,335,76,7.855263157894737
5,336,77,7.376623376623376
5,337,80,7.5875
5,338,87,7.103448275862069
5,339,89,7.224719101123595
5,340,97,7.144329896907217
5,341,93,6.935483870967742
5,342,90,7.0777777777777775
5,343,86,7.255813953488372
5,344,83,7.554216867469879
5,345,83,7.421686746987952
5,346,79,7.177215189873418
5,347,71,7.23943661971831
5,348,74,7.4324324324324325
5,349,77,7.311688311688312
5,350,88,7.034090909090909
5,351,93,7.043010752688172
5,352,94,7.0638297872340425
5,353,89,7.348314606741573
5,354,85,7.552941176470588
5,355,91,7.571428571428571
5,356,94,7.361702127659575
5,357,94,7.170212765957447
5,358,92,7.260869565217392
5,359,99,6.7272727272727275
5,360,101,6.9504950495049505
5,361,98,7.071428571428571
5,362,102,6.980392156862745
5,363,104,7.259615384615385
5,364,104,7.1923076923076925
5,365,103,7.233009708737864
5,366,106,7.245283018867925
5,367,108,7.277777777777778
5,368,102,7.235294117647059
5,369,106,7.028301886792453
5,370,103,7.009708737864078
5,371,108,7.0092592592592595
5,372,109,6.908256880733945
5,373,115,6.6173913043478265
5,374,113,7.070796460176991
5,375,116,7.103448275862069
5,376,117,7.145299145299146
5,377,118,7.228813559322034
5,378,125,7.36
5,379,115,7.660869565217391
5,380,111,7.594594594594595
5,381,113,7.610619469026549
5,382,116,7.301724137931035
5,383,126,7.285714285714286
5,384,127,7.511811023622047
5,385,131,7.557251908396947
5,386,128,7.8125
5,387,128,7.6953125
5,388,125,7.648
5,389,126,7.134920634920635
5,390,127,7.173228346456693
5,391,129,7.333333333333333
5,392,135,7.362962962962963
5,393,135,7.688888888888889
5,394,139,7.618705035971223
5,395,133,7.81203007518797
5,396,136,7.617647058823529
5,397,130,7.776923076923077
5,398,131,7.862595419847328
5,399,126,7.634920634920635
5,400,122,7.778688524590164
6,0,20,0.0
6,1,20,1.0
6,2,20,2.0
6,3,20,3.0
6,4,20,4.0
6,5,20,5.0
6,6,20,6.0
6,7,20,7.0
6,8,20,8.0
6,9,22,8.181818181818182
6,10,25,7.68
6,11,29,7.103448275862069
6,12,35,6.714285714285714
6,13,37,7.297297297297297
6,14,44,6.659090909090909
6,15,44,7.659090909090909
6,16,43,8.209302325581396
6,17,48,8.25
6,18,47,8.297872340425531
6,19,49,8.918367346938776
6,20,50,9.72
6,21,54,9.148148148148149
6,22,59,9.11864406779661
6,23,60,9.483333333333333
6,24,58,10.086206896551724
6,25,62,10.016129032258064
6,26,63,9.428571428571429
6,27,65,9.430769230769231
6,28,65,9.984615384615385
6,29,64,9.703125
6,30,68,9.632352941176471
6,31,70,10.185714285714285
6,32,64,8.65625
6,33,65,8.569230769230769
6,34,67,9.08955223880597
6,35,70,8.814285714285715
6,36,70,8.742857142857142
6,37,76,8.302631578947368
6,38,72,8.583333333333334
6,39,77,8.467532467532468
6,40,79,8.924050632911392
6,41,74,8.608108108108109
6,42,79,8.39240506329114
6,43,78,8.41025641025641
6,44,79,7.379746835443038
6,45,78,7.602564102564102
6,46,90,7.044444444444444
6,47,95,6.968421052631579
6,48,103,7.067961165048544
6,49,104,6.846153846153846
6,50,103,7.378640776699029
6,51,105,7.733333333333333
6,52,106,7.8584905660377355
6,53,112,7.883928571428571
6,54,116,7.982758620689655
6,55,117,8.282051282051283
6,56,124,7.596774193548387
6,57,130,7.515384615384615
6,58,128,7.6796875
6,59,135,7.592592592592593
6,60,134,7.552238805970149
6,61,132,7.6893939393939394
6,62,131,7.374045801526718
6,63,129,7.372093023255814
6,64,136,7.4411764705882355
6,65,133,7.142857142857143
6,66,141,7.375886524822695
6,67,143,7.104895104895105
6,68,141,6.9787234042553195
6,69,144,7.0625
6,70,148,7.277027027027027
6,71,152,7.105263157894737
6,72,155,7.380645161290323
6,73,145,7.496551724137931
6,74,138,7.5144927536231885
6,75,130,7.892307692307693
6,76,129,8.03875968992248
6,77,129,8.10077519379845
6,78,132,7.863636363636363
6,79,131,7.793893129770993
6,80,129,7.0310077519379846
6,81,134,6.977611940298507
6,82,132,7.0227272727272725
6,83,139,6.561151079136691
6,84,134,6.850746268656716
6,85,131,7.183206106870229
6,86,130,7.076923076923077
6,87,131,7.32824427480916
6,88,131,7.4961832061068705
6,89,128,7.7890625
6,90,129,7.558139534883721
6,91,131,7.549618320610687
6,92,131,7.6183206106870225
6,93,131,7.267175572519084
6,94,134,7.1716417910447765
6,95,131,7.0534351145038165
6,96,134,7.141791044776119
6,97,129,7.046511627906977
6,98,121,7.454545454545454
6,99,120,7.308333333333334
6,100,115,7.539130434782609
6,101,115,7.573913043478261
6,102,115,7.48695652173913
6,103,120,7.533333333333333
6,104,121,7.677685950413223
6,105,115,7.3826086956521735
6,106,109,7.321100917431193
6,107,107,7.579439252336448
6,108,111,7.8108108108108105
6,109,116,7.758620689655173
6,110,116,7.448275862068965
6,111,113,7.495575221238938
6,112,117,7.264957264957265
6,113,124,7.411290322580645
6,114,125,7.104
6,115,125,7.48
6,116,126,7.746031746031746
6,117,138,7.673913043478261
6,118,140,7.885714285714286
6,119,143,8.062937062937063
6,120,131,7.6106870229007635
6,121,126,7.642857142857143
6,122,138,7.036231884057971
6,123,138,7.0144927536231885
6,124,134,7.231343283582089
6,125,135,7.103703703703704
6,126,134,7.432835820895522
6,127,132,7.696969696969697
6,128,125,7.832
6,129,132,7.5227272727272725
6,130,133,7.180451127819549
6,131,134,6.962686567164179
6,132,133,7.135338345864661
6,133,126,7.523809523809524
6,134,126,7.515873015873016
6,135,137,7.153284671532846
6,136,131,6.893129770992366
6,137,126,7.436507936507937
6,138,128,7.1796875
6,139,132,6.803030303030303
6,140,126,6.809523809523809
6,141,121,7.214876033057851
6,142,124,7.266129032258065
6,143,124,7.346774193548387
6,144,130,7.507692307692308
6,145,130,7.7153846153846155
6,146,128,7.8515625
6,147,122,8.270491803278688
6,148,123,7.642276422764228
6,149,120,7.658333333333333
6,150,124,7.82258064516129
6,151,123,8.048780487804878
6,152,114,7.87719298245614
6,153,112,7.875
6,154,109,8.311926605504587
6,155,107,8.523364485981308
6,156,107,7.925233644859813
6,157,104,7.634615384615385
6,158,101,7.603960396039604
6,159,106,7.443396226415095
6,160,107,7.785046728971962
6,161,111,7.531531531531532
6,162,117,7.299145299145299
6,163,110,7.027272727272727
6,164,105,7.133333333333334
6,165,99,7.494949494949495
6,166,101,7.603960396039604
6,167,107,7.271028037383178
6,168,107,7.186915887850467
6,169,106,7.084905660377358
6,170,101,7.702970297029703
6,171,103,7.446601941747573
6,172,100,7.58
6,173,99,7.606060606060606
6,174,98,8.020408163265307
6,175,94,8.180851063829786
6,176,94,8.074468085106384
6,177,86,7.9186046511627906
6,178,83,8.096385542168674
6,179,83,8.301204819277109
6,180,80,8.2375
6,181,77,8.0
6,182,80,7.4375
6,183,77,6.701298701298701
6,184,76,6.842105263157895
6,185,78,6.82051282051282
6,186,73,7.123287671232877
6,187,78,6.923076923076923
6,188,78,7.294871794871795
6,189,81,7.37037037037037
6,190,79,6.455696202531645
6,191,80,6.8
6,192,80,6.275
6,193,80,6.6375
6,194,80,6.95
6,195,78,7.205128205128205
6,196,81,7.148148148148148
6,197,84,7.0
6,198,90,6.877777777777778
6,199,86,7.093023255813954
6,200,84,7.25
6,201,91,6.978021978021978
6,202,92,6.543478260869565
6,203,92,6.826086956521739
6,204,92,7.0978260869565215
6,205,90,6.888888888888889
6,206,92,6.75
6,207,91,6.813186813186813
6,208,93,6.67741935483871
6,209,89,7.50561797752809
6,210,89,7.730337078651686
6,211,99,7.282828282828283
6,212,99,7.03030303030303
6,213,99,7.141414141414141
6,214,102,7.245098039215686
6,215,98,6.959183673469388
6,216,95,6.568421052631579
6,217,91,7.230769230769231
6,218,87,7.367816091954023
6,219,81,7.246913580246914
6,220,81,7.222222222222222
6,221,81,7.481481481481482
6,222,88,7.693181818181818
6,223,87,7.287356321839081
6,224,89,7.348314606741573
6,225,94,6.861702127659575
6,226,86,6.674418604651163
6,227,82,7.024390243902439
6,228,78,6.9743589743589745
6,229,79,7.3164556962025316
6,230,75,7.986666666666666
6,231,74,7.675675675675675
6,232,74,7.391891891891892
6,233,70,7.3
6,234,71,6.845070422535211
6,235,68,6.823529411764706
6,236,68,7.205882352941177
6,237,67,7.567164179104478
6,238,67,7.850746268656716
6,239,63,7.873015873015873
6,240,62,7.919354838709677
6,241,55,7.6
6,242,54,7.666666666666667
6,243,55,7.618181818181818
6,244,57,7.0
6,245,58,6.413793103448276
6,246,63,6.365079365079365
6,247,65,6.723076923076923
6,248,64,6.984375
6,249,64,7.1875
6,250,59,7.0
6,251,58,6.551724137931035
6,252,56,7.267857142857143
6,253,53,7.9245283018867925
6,254,52,8.153846153846153
6,255,51,7.352941176470588
6,256,45,7.288888888888889
6,257,41,7.487804878048781
6,258,39,7.948717948717949
6,259,37,7.297297297297297
6,260,34,7.294117647058823
6,261,35,7.771428571428571
6,262,36,7.75
6,263,38,6.657894736842105
6,264,40,6.575
6,265,39,6.871794871794871
6,266,46,6.304347826086956
6,267,39,6.461538461538462
6,268,39,6.256410256410256
6,269,38,6.552631578947368
6,270,37,7.1891891891891895
6,271,38,7.078947368421052
6,272,35,7.114285714285714
6,273,35,7.3428571428571425
6,274,37,7.891891891891892
6,275,36,7.388888888888889
6,276,40,6.775
6,277,41,6.512195121951219
6,278,40,6.55
6,279,47,6.425531914893617
6,280,43,6.186046511627907
6,281,41,6.7317073170731705
6,282,41,7.317073170731708
6,283,42,8.119047619047619
6,284,42,7.428571428571429
6,285,43,7.209302325581396
6,286,44,7.4772727272727275
6,287,46,7.6521739130434785
6,288,50,7.06
6,289,50,7.56
6,290,51,7.666666666666667
6,291,46,7.217391304347826
6,292,46,7.3478260869565215
6,293,40,7.45
6,294,38,7.078947368421052
6,295,37,7.72972972972973
6,296,37,7.45945945945946
6,297,38,6.921052631578948
6,298,39,7.230769230769231
6,299,38,7.105263157894737
6,300,42,6.928571428571429
6,301,44,6.409090909090909
6,302,45,6.911111111111111
6,303,49,6.857142857142857
6,304,43,6.558139534883721
6,305,42,6.9523809523809526
6,306,40,6.95
6,307,39,7.256410256410256
6,308,36,7.75
6,309,33,7.393939393939394
6,310,35,7.142857142857143
6,311,34,7.411764705882353
6,312,33,7.757575757575758
6,313,38,6.605263157894737
6,314,38,7.2368421052631575
6,315,38,7.394736842105263
6,316,35,7.428571428571429
6,317,33,7.696969696969697
6,318,31,7.612903225806452
6,319,27,7.703703703703703
6,320,26,7.961538461538462
6,321,25,8.72
6,322,23,8.304347826086957
6,323,24,8.083333333333334
6,324,24,7.916666666666667
6,325,23,7.304347826086956
6,326,26,6.730769230769231
6,327,20,5.75
6,328,20,6.75
6,329,21,6.619047619047619
6,330,22,7.2727272727272725
6,331,22,7.545454545454546
6,332,21,6.809523809523809
6,333,22,6.7272727272727275
6,334,21,6.761904761904762
6,335,22,7.409090909090909
6,336,25,7.4
6,337,24,7.625
6,338,25,7.04
6,339,25,6.8
6,340,24,6.75
6,341,23,7.0
6,342,21,5.428571428571429
6,343,21,5.619047619047619
6,344,22,5.409090909090909
6,345,21,6.142857142857143
6,346,21,6.380952380952381
6,347,23,6.739130434782608
6,348,22,7.136363636363637
6,349,23,7.217391304347826
6,350,22,7.0
6,351,24,7.333333333333333
6,352,23,6.739130434782608
6,353,27,6.592592592592593
6,354,26,6.8076923076923075
6,355,26,7.153846153846154
6,356,24,6.208333333333333
6,357,22,6.545454545454546
6,358,20,7.05
6,359,19,6.7894736842105265
6,360,18,7.0
6,361,16,6.125
6,362,18,5.611111111111111
6,363,20,5.1
6,364,20,4.95
6,365,19,5.7894736842105265
6,366,18,6.388888888888889
6,367,17,6.588235294117647
6,368,20,6.25
6,369,18,6.277777777777778
6,370,18,6.5
6,371,15,5.933333333333334
6,372,15,6.933333333333334
6,373,12,6.916666666666667
6,374,12,7.916666666666667
6,375,14,6.714285714285714
6,376,15,7.2
6,377,18,6.277777777777778
6,378,20,6.05
6,379,17,5.411764705882353
6,380,20,5.45
6,381,23,5.043478260869565
6,382,22,5.454545454545454
6,383,23,6.173913043478261
6,384,22,6.7727272727272725
6,385,23,6.826086956521739
6,386,23,7.043478260869565
6,387,26,6.461538461538462
6,388,28,6.928571428571429
6,389,33,6.363636363636363
6,390,34,6.882352941176471
6,391,34,7.029411764705882
6,392,32,7.21875
6,393,32,7.21875
6,394,29,6.655172413793103
6,395,30,7.2
6,396,27,6.814814814814815
6,397,30,6.7
6,398,31,6.903225806451613
6,399,29,6.896551724137931
6,400,26,7.5
7,0,20,0.0
7,1,20,1.0
7,2,20,2.0
7,3,20,3.0
7,4,20,4.0
7,5,20,5.0
7,6,20,6.0
7,7,20,7.0
7,8,20,8.0
7,9,25,7.2
7,10,25,8.2
7,11,30,7.3
7,12,32,7.78125
7,13,36,7.805555555555555
7,14,37,8.567567567567568
7,15,43,8.093023255813954
7,16,44,8.886363636363637
7,17,49,8.877551020408163
7,18,53,9.0
7,19,54,9.814814814814815
7,20,58,9.724137931034482
7,21,61,9.852459016393443
7,22,64,10.125
7,23,68,10.470588235294118
7,24,73,10.027397260273972
7,25,79,9.189873417721518
7,26,83,9.289156626506024
7,27,87,9.39080459770115
7,28,92,8.73913043478261
7,29,102,8.627450980392156
7,30,110,8.50909090909091
7,31,118,8.567796610169491
7,32,112,7.669642857142857
7,33,121,7.917355371900826
7,34,133,7.451127819548872
7,35,145,7.4206896551724135
7,36,145,7.944827586206896
7,37,142,8.338028169014084
7,38,147,8.312925170068027
7,39,149,8.308724832214764
7,40,160,8.20625
7,41,163,8.208588957055214
7,42,169,8.023668639053254
7,43,176,7.823863636363637
7,44,184,7.880434782608695
7,45,185,7.681081081081081
7,46,188,8.02127659574468
7,47,191,8.00523560209424
7,48,197,8.01015228426396
7,49,202,8.316831683168317
7,50,193,8.316062176165802
7,51,202,7.920792079207921
7,52,215,7.855813953488372
7,53,223,7.865470852017937
7,54,233,7.9742489270386265
7,55,226,8.0
7,56,228,8.241228070175438
7,57,230,8.352173913043478
7,58,240,7.945833333333334
7,59,245,8.106122448979592
7,60,255,8.08235294117647
7,61,249,7.742971887550201
7,62,249,7.666666666666667
7,63,270,7.485185185185185
7,64,278,7.546762589928058
7,65,282,7.829787234042553
7,66,282,7.819148936170213
7,67,281,7.708185053380783
7,68,287,7.571428571428571
7,69,296,7.554054054054054
7,70,297,7.734006734006734
7,71,301,7.8172757475083055
7,72,310,7.974193548387097
7,73,311,8.295819935691318
7,74,321,8.087227414330219
7,75,316,8.037974683544304
7,76,311,8.15112540192926
7,77,313,7.936102236421725
7,78,319,8.043887147335424
7,79,320,8.11875
7,80,329,7.957446808510638
7,81,352,7.6647727272727275
7,82,356,7.769662921348314
7,83,361,7.423822714681441
7,84,371,7.3261455525606465
7,85,377,7.336870026525199
7,86,390,7.410256410256411
7,87,407,7.3906633906633905
7,88,386,7.2979274611398965
7,89,390,7.5948717948717945
7,90,396,7.707070707070707
7,91,401,7.468827930174563
7,92,413,7.263922518159807
7,93,417,7.112709832134293
7,94,413,7.254237288135593
7,95,420,7.335714285714285
7,96,430,7.288372093023256
7,97,441,7.331065759637188
7,98,445,7.507865168539326
7,99,465,7.475268817204301
7,100,463,7.47732181425486
7,101,461,7.540130151843818
7,102,462,7.625541125541125
7,103,464,7.7155172413793105
7,104,464,7.685344827586207
7,105,465,7.748387096774193
7,106,475,7.846315789473684
7,107,481,7.46985446985447
7,108,469,7.498933901918977
7,109,470,7.368085106382979
7,110,470,7.3808510638297875
7,111,475,7.454736842105263
7,112,472,7.603813559322034
7,113,472,7.705508474576271
7,114,461,7.550976138828633
7,115,461,7.531453362255966
7,116,462,7.590909090909091
7,117,465,7.612903225806452
7,118,472,7.423728813559322
7,119,469,7.605543710021322
7,120,456,7.625
7,121,451,7.596452328159645
7,122,453,7.682119205298013
7,123,438,7.705479452054795
7,124,415,7.465060240963855
7,125,418,7.2368421052631575
7,126,415,7.397590361445783
7,127,410,7.278048780487805
7,128,407,7.103194103194103
7,129,399,7.275689223057644
7,130,392,7.311224489795919
7,131,391,7.404092071611253
7,132,382,7.649214659685864
7,133,384,7.619791666666667
7,134,387,7.390180878552972
7,135,386,6.979274611398964
7,136,379,6.894459102902375
7,137,367,7.0653950953678475
7,138,348,7.327586206896552
7,139,328,7.246951219512195
7,140,320,7.20625
7,141,321,7.485981308411215
7,142,316,7.7025316455696204
7,143,328,7.548780487804878
7,144,335,7.656716417910448
7,145,341,7.343108504398827
7,146,342,7.4035087719298245
7,147,347,7.340057636887608
7,148,340,7.511764705882353
7,149,344,7.325581395348837
7,150,335,7.313432835820896
7,151,328,7.478658536585366
7,152,304,7.493421052631579
7,153,308,7.548701298701299
7,154,308,7.5227272727272725
7,155,313,7.277955271565495
7,156,311,7.305466237942122
7,157,304,7.286184210526316
7,158,296,7.324324324324325
7,159,299,7.321070234113712
7,160,299,7.167224080267559
7,161,293,7.1331058020477816
7,162,291,7.189003436426117
7,163,295,7.101694915254237
7,164,296,7.216216216216216
7,165,294,7.006802721088436
7,166,304,7.059210526315789
7,167,318,7.081761006289308
7,168,326,7.220858895705521
7,169,321,6.844236760124611
7,170,309,7.1035598705501615
7,171,315,7.406349206349207
7,172,310,7.332258064516129
7,173,306,7.431372549019608
7,174,302,7.208609271523179
7,175,302,7.2781456953642385
7,176,294,7.469387755102041
7,177,301,7.332225913621262
7,178,296,7.168918918918919
7,179,297,7.033670033670034
7,180,294,7.238095238095238
7,181,301,7.152823920265781
7,182,300,7.013333333333334
7,183,302,7.347682119205298
7,184,296,7.554054054054054
7,185,292,7.582191780821918
7,186,298,7.4630872483221475
7,187,301,7.475083056478406
7,188,286,7.405594405594406
7,189,273,7.575091575091575
7,190,264,7.765151515151516
7,191,271,7.232472324723247
7,192,279,7.157706093189964
7,193,277,7.505415162454874
7,194,269,7.446096654275093
7,195,278,7.589928057553957
7,196,271,7.3468634686346865
7,197,256,7.4453125
7,198,250,7.348
7,199,241,7.531120331950207
7,200,233,7.454935622317596
7,201,236,7.516949152542373
7,202,233,7.369098712446352
7,203,232,7.353448275862069
7,204,229,6.9825327510917035
7,205,231,7.1688311688311686
7,206,241,6.850622406639004
7,207,239,6.933054393305439
7,208,239,7.297071129707113
7,209,240,7.270833333333333
7,210,236,7.508474576271187
7,211,224,7.638392857142857
7,212,228,7.592105263157895
7,213,233,7.562231759656652
7,214,237,7.552742616033755
7,215,239,7.577405857740586
7,216,246,7.642276422764228
7,217,250,7.444
7,218,243,7.148148148148148
7,219,259,6.945945945945946
7,220,250,7.1
7,221,238,7.126050420168068
7,222,237,7.468354430379747
7,223,240,7.4875
7,224,235,7.676595744680851
7,225,232,7.206896551724138
7,226,247,7.182186234817814
7,227,244,7.405737704918033
7,228,254,7.602362204724409
7,229,252,7.511904761904762
7,230,248,7.137096774193548
7,231,250,7.448
7,232,244,7.815573770491803
7,233,246,7.719512195121951
7,234,242,7.648760330578512
7,235,228,7.504385964912281
7,236,211,7.549763033175355
7,237,213,7.464788732394366
7,238,206,7.645631067961165
7,239,212,7.547169811320755
7,240,214,7.644859813084112
7,241,211,7.796208530805687
7,242,220,7.55
7,243,213,7.455399061032864
7,244,210,7.4
7,245,218,7.4036697247706424
7,246,216,7.606481481481482
7,247,215,7.604651162790698
7,248,220,7.286363636363636
7,249,225,7.271111111111111
7,250,218,7.036697247706422
7,251,212,7.165094339622642
7,252,207,7.140096618357488
7,253,208,7.0576923076923075
7,254,217,6.894009216589862
7,255,215,7.120930232558139
7,256,218,7.201834862385321
7,257,215,7.530232558139535
7,258,211,7.9336492890995265
7,259,208,7.985576923076923
7,260,202,7.663366336633663
7,261,193,7.761658031088083
7,262,193,7.901554404145077
7,263,201,7.980099502487562
7,264,183,8.224043715846994
7,265,175,8.331428571428571
7,266,170,8.264705882352942
7,267,163,8.122699386503067
7,268,161,7.62111801242236
7,269,163,7.539877300613497
7,270,156,7.7756410256410255
7,271,152,7.7105263157894735
7,272,148,7.5608108108108105
7,273,146,7.13013698630137
7,274,136,7.632352941176471
7,275,140,7.3
7,276,140,7.4
7,277,135,7.42962962962963
7,278,132,7.674242424242424
7,279,132,7.568181818181818
7,280,136,7.264705882352941
7,281,139,7.58273381294964
7,282,142,7.535211267605634
7,283,138,7.6231884057971016
7,284,144,7.375
7,285,146,7.102739726027397
7,286,149,7.328859060402684
7,287,142,7.02112676056338
7,288,138,7.231884057971015
7,289,140,7.442857142857143
7,290,137,7.029197080291971
7,291,133,7.12781954887218
7,292,135,7.088888888888889
7,293,139,7.0071942446043165
7,294,141,6.858156028368795
7,295,145,7.020689655172414
7,296,149,6.906040268456376
7,297,147,6.816326530612245
7,298,146,7.2465753424657535
7,299,147,7.27891156462585
7,300,142,7.47887323943662
7,301,146,7.363013698630137
7,302,151,7.417218543046357
7,303,146,7.5479452054794525
7,304,140,7.564285714285714
7,305,139,7.892086330935252
7,306,135,7.992592592592593
7,307,135,7.533333333333333
7,308,135,7.54074074074074
7,309,133,7.481203007518797
7,310,137,7.248175182481752
7,311,137,6.9416058394160585
7,312,138,6.77536231884058
7,313,138,7.1231884057971016
7,314,145,7.124137931034483
7,315,150,7.433333333333334
7,316,145,7.289655172413793
7,317,151,7.1655629139072845
7,318,144,7.395833333333333
7,319,133,7.639097744360902
7,320,135,7.518518518518518
7,321,130,7.184615384615385
7,322,126,7.246031746031746
7,323,133,7.022556390977444
7,324,133,7.225563909774436
7,325,134,7.470149253731344
7,326,141,7.148936170212766
7,327,140,7.492857142857143
7,328,139,7.913669064748201
7,329,142,7.704225352112676
7,330,145,7.531034482758621
7,331,139,7.122302158273381
7,332,144,6.715277777777778
7,333,146,6.97945205479452
7,334,142,7.380281690140845
7,335,144,7.270833333333333
7,336,148,7.195945945945946
7,337,144,7.222222222222222
7,338,142,7.316901408450704
7,339,137,7.737226277372263
7,340,145,7.56551724137931
7,341,150,7.38
7,342,144,7.4375
7,343,148,7.1891891891891895
7,344,158,6.930379746835443
7,345,162,6.765432098765432
7,346,158,6.594936708860759
7,347,151,6.688741721854305
7,348,148,7.148648648648648
7,349,145,7.213793103448276
7,350,147,7.36734693877551
7,351,139,7.705035971223022
7,352,132,7.537878787878788
7,353,128,7.71875
7,354,128,7.96875
7,355,122,8.237704918032787
7,356,109,8.091743119266056
7,357,105,8.047619047619047
7,358,110,7.9
7,359,109,7.91743119266055
7,360,110,7.6
7,361,109,7.825688073394495
7,362,105,7.314285714285714
7,363,104,7.490384615384615
7,364,98,7.520408163265306
7,365,95,7.6947368421052635
7,366,97,7.505154639175258
7,367,96,6.916666666666667
7,368,92,6.869565217391305
7,369,85,6.552941176470588
7,370,80,7.0875
7,371,81,6.753086419753086
7,372,89,6.426966292134831
7,373,92,6.739130434782608
7,374,93,6.827956989247312
7,375,88,6.295454545454546
7,376,88,6.511363636363637
7,377,85,6.541176470588235
7,378,79,6.962025316455696
7,379,76,7.394736842105263
7,380,76,7.4605263157894735
7,381,75,7.0
7,382,76,7.302631578947368
7,383,71,6.549295774647887
7,384,67,6.597014925373134
7,385,63,6.412698412698413
7,386,58,6.637931034482759
7,387,57,7.017543859649122
7,388,58,7.120689655172414
7,389,57,7.894736842105263
7,390,52,8.538461538461538
7,391,55,8.327272727272728
7,392,51,8.490196078431373
7,393,47,8.170212765957446
7,394,47,8.51063829787234
7,395,47,7.0212765957446805
7,396,49,7.204081632653061
7,397,44,6.954545454545454
7,398,48,6.979166666666667
7,399,49,6.408163265306122
7,400,48,6.145833333333333
8,0,20,0.0
8,1,20,1.0
8,2,20,2.0
8,3,20,3.0
8,4,20,4.0
8,5,20,5.0
8,6,20,6.0
8,7,20,7.0
8,8,20,8.0
8,9,21,8.142857142857142
8,10,23,8.347826086956522
8,11,25,8.6
8,12,32,7.5
8,13,38,7.157894736842105
8,14,42,7.380952380952381
8,15,42,8.023809523809524
8,16,45,8.066666666666666
8,17,48,8.5
8,18,56,8.142857142857142
8,19,56,8.803571428571429
8,20,62,8.85483870967742
8,21,66,8.93939393939394
8,22,71,8.929577464788732
8,23,81,8.419753086419753
8,24,89,8.573033707865168
8,25,93,8.301075268817204
8,26,97,8.917525773195877
8,27,101,8.970297029702971
8,28,97,9.237113402061855
8,29,96,8.802083333333334
8,30,92,8.880434782608695
8,31,104,8.634615384615385
8,32,104,7.3173076923076925
8,33,101,7.97029702970297
8,34,105,8.247619047619047
8,35,111,8.00900900900901
8,36,113,8.300884955752212
8,37,117,8.606837606837606
8,38,126,8.523809523809524
8,39,130,8.392307692307693
8,40,134,8.126865671641792
8,41,134,8.447761194029852
8,42,139,8.201438848920864
8,43,145,7.76551724137931
8,44,144,7.916666666666667
8,45,142,8.084507042253522
8,46,147,7.9523809523809526
8,47,156,7.7243589743589745
8,48,154,7.9480519480519485
8,49,170,7.623529411764705
8,50,178,7.764044943820225
8,51,184,7.673913043478261
8,52,187,7.802139037433155
8,53,199,8.100502512562814
8,54,200,8.235
8,55,199,8.231155778894472
8,56,203,8.413793103448276
8,57,193,8.352331606217616
8,58,200,8.025
8,59,202,7.787128712871287
8,60,210,7.604761904761904
8,61,202,7.846534653465347
8,62,198,8.06060606060606
8,63,203,8.305418719211822
8,64,211,8.137440758293838
8,65,205,8.034146341463414
8,66,203,8.113300492610838
8,67,197,8.350253807106599
8,68,191,8.413612565445026
8,69,196,8.346938775510203
8,70,187,8.454545454545455
8,71,181,8.817679558011049
8,72,184,8.309782608695652
8,73,191,8.015706806282722
8,74,195,8.158974358974358
8,75,189,8.43915343915344
8,76,197,8.17258883248731
8,77,202,8.024752475247524
8,78,211,7.834123222748815
8,79,224,7.758928571428571
8,80,219,7.799086757990867
8,81,217,7.626728110599078
8,82,211,7.777251184834123
8,83,224,7.821428571428571
8,84,227,8.101321585903083
8,85,236,8.01271186440678
8,86,239,7.882845188284519
8,87,235,8.148936170212766
8,88,245,7.820408163265306
8,89,249,7.578313253012048
8,90,251,7.223107569721115
8,91,242,7.2727272727272725
8,92,247,7.51417004048583
8,93,256,7.55078125
8,94,267,7.647940074906367
8,95,287,7.376306620209059
8,96,290,7.472413793103448
8,97,282,7.51418439716312
8,98,283,7.618374558303887
8,99,278,7.539568345323741
8,100,277,7.657039711191335
8,101,274,7.536496350364963
8,102,270,7.511111111111111
8,103,279,7.637992831541219
8,104,287,7.686411149825784
8,105,293,7.791808873720137
8,106,306,7.584967320261438
8,107,296,7.4358108108108105
8,108,282,7.49645390070922
8,109,280,7.485714285714286
8,110,287,7.463414634146342
8,111,293,7.501706484641638
8,112,294,7.663265306122449
8,113,289,7.674740484429066
8,114,292,7.657534246575342
8,115,300,7.6433333333333335
8,116,302,7.596026490066225
8,117,314,7.471337579617835
8,118,310,7.47741935483871
8,119,310,7.625806451612903
8,120,309,7.699029126213592
8,121,320,7.678125
8,122,321,7.925233644859813
8,123,312,7.971153846153846
8,124,301,7.8737541528239205
8,125,296,7.8108108108108105
8,126,300,7.873333333333333
8,127,296,7.8108108108108105
8,128,301,7.787375415282392
8,129,306,7.754901960784314
8,130,307,8.0
8,131,306,7.921568627450981
8,132,314,7.786624203821656
8,133,309,7.68284789644013
8,134,320,7.509375
8,135,323,7.3343653250774
8,136,328,7.320121951219512
8,137,337,7.1513353115727005
8,138,347,7.164265129682997
8,139,337,7.379821958456973
8,140,336,7.410714285714286
8,141,344,7.276162790697675
8,142,333,7.594594594594595
8,143,334,7.520958083832335
8,144,346,7.410404624277457
8,145,334,7.5359281437125745
8,146,333,7.591591591591592
8,147,330,7.233333333333333
8,148,341,7.39882697947214
8,149,342,7.470760233918129
8,150,348,7.445402298850575
8,151,349,7.5243553008595985
8,152,357,7.137254901960785
8,153,371,7.137466307277628
8,154,365,7.293150684931507
8,155,360,7.613888888888889
8,156,358,7.639664804469274
8,157,353,7.4390934844192635
8,158,367,7.381471389645776
8,159,359,7.5013927576601676
8,160,347,7.662824207492795
8,161,369,7.639566395663957
8,162,367,7.536784741144414
8,163,366,7.726775956284153
8,164,359,7.796657381615599
8,165,349,7.785100286532951
8,166,350,7.7057142857142855
8,167,344,7.607558139534884
8,168,352,7.6477272727272725
8,169,335,7.57910447761194
8,170,341,7.580645161290323
8,171,341,7.715542521994135
8,172,337,7.688427299703264
8,173,337,7.474777448071217
8,174,341,7.536656891495602
8,175,331,7.504531722054381
8,176,320,7.371875
8,177,312,7.516025641025641
8,178,311,7.726688102893891
8,179,314,7.697452229299363
8,180,316,7.474683544303797
8,181,316,7.55379746835443
8,182,311,7.540192926045016
8,183,307,7.579804560260587
8,184,318,7.547169811320755
8,185,306,7.352941176470588
8,186,306,7.5130718954248366
8,187,295,7.189830508474576
8,188,301,7.132890365448505
8,189,298,7.110738255033557
8,190,312,7.064102564102564
8,191,299,7.006688963210703
8,192,287,7.2334494773519165
8,193,293,7.354948805460751
8,194,302,6.943708609271523
8,195,297,7.212121212121212
8,196,285,7.298245614035087
8,197,283,7.374558303886926
8,198,280,7.646428571428571
8,199,292,7.325342465753424
8,200,287,7.310104529616725
8,201,279,7.616487455197133
8,202,275,7.487272727272727
8,203,282,7.592198581560283
8,204,289,7.449826989619377
8,205,278,7.482014388489208
8,206,264,7.678030303030303
8,207,266,7.62781954887218
8,208,271,7.535055350553505
8,209,264,7.318181818181818
8,210,259,7.073359073359073
8,211,256,7.29296875
8,212,270,6.859259259259259
8,213,270,7.218518518518518
8,214,275,7.410909090909091
8,215,272,7.525735294117647
8,216,282,7.00709219858156
8,217,276,6.858695652173913
8,218,266,6.981203007518797
8,219,259,7.231660231660232
8,220,261,7.57088122605364
8,221,262,7.790076335877862
8,222,269,7.858736059479554
8,223,268,7.667910447761194
8,224,262,8.026717557251908
8,225,265,8.064150943396227
8,226,261,7.842911877394636
8,227,264,8.026515151515152
8,228,260,7.946153846153846
8,229,255,8.145098039215686
8,230,255,7.729411764705882
8,231,263,7.304182509505703
8,232,259,7.250965250965251
8,233,249,7.257028112449799
8,234,245,7.248979591836735
8,235,248,7.25
8,236,242,7.400826446280992
8,237,237,7.485232067510548
8,238,231,7.796536796536796
8,239,219,8.232876712328768
8,240,222,7.563063063063063
8,241,219,7.538812785388128
8,242,224,7.165178571428571
8,243,223,7.237668161434978
8,244,226,7.176991150442478
8,245,225,6.995555555555556
8,246,215,7.213953488372093
8,247,215,7.21860465116279
8,248,215,7.376744186046512
8,249,207,7.536231884057971
8,250,195,7.358974358974359
8,251,195,7.723076923076923
8,252,202,7.554455445544554
8,253,208,7.783653846153846
8,254,210,7.438095238095238
8,255,211,7.303317535545023
8,256,210,7.338095238095238
8,257,208,7.461538461538462
8,258,197,7.16751269035533
8,259,188,7.079787234042553
8,260,188,7.446808510638298
8,261,189,7.613756613756614
8,262,184,7.7228260869565215
8,263,181,7.723756906077348
8,264,179,7.770949720670391
8,265,172,7.575581395348837
8,266,175,7.777142857142858
8,267,177,7.468926553672317
8,268,178,7.53932584269663
8,269,168,7.630952380952381
8,270,177,7.248587570621469
8,271,177,7.19774011299435
8,272,178,7.112359550561798
8,273,172,7.116279069767442
8,274,163,7.331288343558282
8,275,160,7.35625
8,276,162,7.166666666666667
8,277,167,6.712574850299402
8,278,166,7.144578313253012
8,279,160,7.18125
8,280,159,7.3081761006289305
8,281,159,7.144654088050315
8,282,166,7.186746987951807
8,283,153,7.241830065359477
8,284,155,7.15483870967742
8,285,152,7.631578947368421
8,286,146,7.465753424657534
8,287,150,7.226666666666667
8,288,150,7.593333333333334
8,289,151,7.827814569536423
8,290,152,7.5855263157894735
8,291,153,7.071895424836601
8,292,153,7.228758169934641
8,293,143,7.027972027972028
8,294,143,7.111888111888112
8,295,144,7.305555555555555
8,296,145,7.255172413793104
8,297,133,7.2105263157894735
8,298,135,7.074074074074074
8,299,134,7.276119402985074
8,300,127,7.661417322834645
8,301,131,7.198473282442748
8,302,138,7.202898550724638
8,303,132,7.265151515151516
8,304,132,7.181818181818182
8,305,135,7.222222222222222
8,306,128,7.5234375
8,307,122,7.647540983606557
8,308,120,7.991666666666666
8,309,125,7.856
8,310,122,8.147540983606557
8,311,116,8.025862068965518
8,312,119,7.73109243697479
8,313,121,7.289256198347108
8,314,123,7.430894308943089
8,315,129,6.984496124031008
8,316,123,7.365853658536586
8,317,132,7.083333333333333
8,318,135,7.207407407407407
8,319,138,7.391304347826087
8,320,135,7.325925925925926
8,321,125,7.336
8,322,124,7.629032258064516
8,323,125,7.488
8,324,128,7.6484375
8,325,133,7.661654135338346
8,326,136,7.419117647058823
8,327,131,7.358778625954199
8,328,125,7.744
8,329,119,7.4033613445378155
8,330,121,7.479338842975206
8,331,115,7.773913043478261
8,332,112,7.910714285714286
8,333,112,8.133928571428571
8,334,108,8.24074074074074
8,335,106,7.943396226415095
8,336,108,7.953703703703703
8,337,113,7.823008849557522
8,338,114,7.412280701754386
8,339,108,6.962962962962963
8,340,113,7.106194690265487
8,341,111,7.198198198198198
8,342,111,7.4774774774774775
8,343,112,7.419642857142857
8,344,111,7.81981981981982
8,345,119,7.647058823529412
8,346,114,7.701754385964913
8,347,118,7.906779661016949
8,348,114,7.719298245614035
8,349,113,7.469026548672566
8,350,119,7.436974789915967
8,351,126,7.4523809523809526
8,352,126,7.126984126984127
8,353,122,7.081967213114754
8,354,120,7.808333333333334
8,355,114,8.228070175438596
8,356,106,8.349056603773585
8,357,100,8.27
8,358,100,8.66
8,359,103,8.398058252427184
8,360,110,8.145454545454545
8,361,110,7.881818181818182
8,362,107,7.766355140186916
8,363,102,7.088235294117647
8,364,106,6.952830188679245
8,365,104,7.086538461538462
8,366,98,6.683673469387755
8,367,107,6.906542056074766
8,368,100,7.04
8,369,98,7.010204081632653
8,370,94,7.0
8,371,94,7.095744680851064
8,372,98,7.224489795918367
8,373,97,7.123711340206185
8,374,100,7.02
8,375,98,7.163265306122449
8,376,99,7.161616161616162
8,377,100,7.1
8,378,99,6.757575757575758
8,379,101,7.198019801980198
8,380,94,7.095744680851064
8,381,90,7.288888888888889
8,382,93,7.139784946236559
8,383,92,7.5
8,384,94,7.723404255319149
8,385,97,7.618556701030927
8,386,94,7.074468085106383
8,387,98,7.142857142857143
8,388,93,7.397849462365591
8,389,93,7.236559139784946
8,390,93,7.21505376344086
8,391,95,7.136842105263158
8,392,99,6.898989898989899
8,393,97,6.876288659793815
8,394,93,7.268817204301075
8,395,95,6.757894736842105
8,396,93,6.634408602150538
8,397,91,6.9010989010989015
8,398,94,7.053191489361702
8,399,91,7.373626373626373
8,400,90,7.033333333333333
9,0,20,0.0
9,1,20,1.0
9,2,20,2.0
9,3,20,3.0
9,4,20,4.0
9,5,20,5.0
9,6,20,6.0
9,7,20,7.0
9,8,20,8.0
9,9,21,8.571428571428571
9,10,26,7.730769230769231
9,11,31,7.32258064516129
9,12,38,6.7894736842105265
9,13,39,7.589743589743589
9,14,40,8.025
9,15,43,8.395348837209303
9,16,48,8.416666666666666
9,17,51,8.862745098039216
9,18,55,8.818181818181818
9,19,59,9.152542372881356
9,20,62,8.838709677419354
9,21,66,9.242424242424242
9,22,69,8.985507246376812
9,23,74,8.797297297297296
9,24,80,9.0625
9,25,81,9.246913580246913
9,26,86,9.05813953488372
9,27,88,9.522727272727273
9,28,97,8.793814432989691
9,29,99,8.848484848484848
9,30,102,8.911764705882353
9,31,108,8.925925925925926
9,32,108,7.722222222222222
9,33,114,8.087719298245615
9,34,117,8.538461538461538
9,35,120,8.825
9,36,121,9.214876033057852
9,37,125,9.272
9,38,135,8.777777777777779
9,39,148,8.358108108108109
9,40,154,8.051948051948052
9,41,167,8.18562874251497
9,42,170,8.605882352941176
9,43,172,8.662790697674419
9,44,169,9.04733727810651
9,45,171,9.397660818713451
9,46,175,9.377142857142857
9,47,188,9.446808510638299
9,48,203,8.901477832512315
9,49,206,9.03883495145631
9,50,206,8.898058252427184
9,51,215,8.944186046511629
9,52,219,8.840182648401827
9,53,229,8.580786026200874
9,54,235,8.438297872340426
9,55,242,8.190082644628099
9,56,247,7.834008097165992
9,57,258,7.9728682170542635
9,58,252,8.047619047619047
9,59,252,8.28968253968254
9,60,252,8.035714285714286
9,61,266,8.165413533834586
9,62,276,7.9855072463768115
9,63,287,7.7735191637630665
9,64,306,7.643790849673203
9,65,308,7.688311688311688
9,66,319,7.385579937304075
9,67,314,7.165605095541402
9,68,315,7.111111111111111
9,69,315,7.4222222222222225
9,70,323,7.597523219814241
9,71,326,7.647239263803681
9,72,323,7.959752321981425
9,73,325,8.20923076923077
9,74,337,7.967359050445104
9,75,352,8.008522727272727
9,76,356,7.957865168539326
9,77,372,7.583333333333333
9,78,359,7.442896935933148
9,79,364,7.486263736263736
9,80,373,7.512064343163539
9,81,373,7.587131367292225
9,82,381,7.485564304461942
9,83,368,7.584239130434782
9,84,366,7.704918032786885
9,85,366,7.762295081967213
9,86,352,7.636363636363637
9,87,338,7.449704142011834
9,88,340,7.523529411764706
9,89,353,7.555240793201133
9,90,354,7.830508474576271
9,91,367,7.762942779291553
9,92,367,7.629427792915531
9,93,359,7.646239554317549
9,94,353,7.872521246458923
9,95,344,8.023255813953488
9,96,345,8.060869565217391
9,97,344,8.011627906976743
9,98,351,8.247863247863247
9,99,359,8.153203342618385
9,100,352,7.846590909090909
9,101,363,7.628099173553719
9,102,369,7.745257452574526
9,103,371,7.692722371967655
9,104,377,7.575596816976128
9,105,372,7.25
9,106,375,7.261333333333333
9,107,370,7.181081081081081
9,108,374,7.5855614973262036
9,109,385,7.371428571428571
9,110,388,7.43298969072165
9,111,397,7.168765743073048
9,112,393,7.290076335877862
9,113,397,7.133501259445844
9,114,400,7.3075
9,115,409,7.418092909535452
9,116,406,7.536945812807882
9,117,395,7.630379746835443
9,118,376,7.821808510638298
9,119,376,7.861702127659575
9,120,384,7.924479166666667
9,121,377,7.891246684350133
9,122,381,7.850393700787402
9,123,395,7.473417721518987
9,124,392,7.6020408163265305
9,125,402,7.281094527363184
9,126,402,7.579601990049751
9,127,407,7.653562653562654
9,128,404,7.9950495049504955
9,129,391,7.854219948849105
9,130,381,7.711286089238845
9,131,377,7.514588859416445
9,132,382,7.452879581151833
9,133,382,7.238219895287958
9,134,373,7.206434316353888
9,135,382,7.515706806282722
9,136,395,7.450632911392405
9,137,390,7.848717948717948
9,138,395,7.6
9,139,403,7.550868486352357
9,140,399,7.476190476190476
9,141,389,7.686375321336761
9,142,374,7.729946524064171
9,143,361,7.501385041551247
9,144,366,7.546448087431694
9,145,362,7.704419889502763
9,146,353,7.770538243626063
9,147,364,7.956043956043956
9,148,375,7.738666666666667
9,149,392,7.385204081632653
9,150,391,7.10997442455243
9,151,389,7.077120822622108
9,152,392,7.237244897959184
9,153,398,7.28643216080402
9,154,395,7.435443037974683
9,155,394,7.48984771573604
9,156,399,7.180451127819549
9,157,396,7.401515151515151
9,158,414,7.413043478260869
9,159,411,7.1678832116788325
9,160,415,7.118072289156626
9,161,411,7.2725060827250605
9,162,400,7.4775
9,163,396,7.502525252525253
9,164,393,7.633587786259542
9,165,394,7.720812182741117
9,166,391,7.618925831202046
9,167,396,7.679292929292929
9,168,399,7.591478696741855
9,169,399,7.406015037593985
9,170,396,7.7146464646464645
9,171,388,7.52319587628866
9,172,386,7.546632124352332
9,173,381,7.362204724409449
9,174,387,7.351421188630491
9,175,384,7.322916666666667
9,176,375,7.293333333333333
9,177,375,7.405333333333333
9,178,381,7.480314960629921
9,179,380,7.536842105263158
9,180,371,7.436657681940701
9,181,383,7.375979112271541
9,182,385,7.51948051948052
9,183,397,7.445843828715366
9,184,389,7.4318766066838045
9,185,376,7.526595744680851
9,186,373,7.436997319034853
9,187,368,7.353260869565218
9,188,362,7.4779005524861875
9,189,347,7.564841498559078
9,190,344,7.741279069767442
9,191,336,7.5625
9,192,345,7.626086956521739
9,193,346,7.702312138728324
9,194,340,7.641176470588236
9,195,335,7.573134328358209
9,196,320,7.509375
9,197,313,7.354632587859425
9,198,309,7.197411003236246
9,199,291,7.288659793814433
9,200,280,7.4678571428571425
9,201,277,7.389891696750903
9,202,268,7.656716417910448
9,203,268,7.623134328358209
9,204,273,7.487179487179487
9,205,272,7.6213235294117645
9,206,290,7.520689655172414
9,207,292,7.013698630136986
9,208,296,7.121621621621622
9,209,286,6.898601398601398
9,210,291,7.240549828178694
9,211,302,7.086092715231788
9,212,290,7.117241379310345
9,213,279,7.308243727598566
9,214,278,7.5359712230215825
9,215,286,7.248251748251748
9,216,287,7.2822299651567945
9,217,287,7.418118466898955
9,218,279,7.440860215053763
9,219,276,7.4855072463768115
9,220,275,7.621818181818182
9,221,282,7.578014184397163
9,222,281,7.523131672597865
9,223,288,7.503472222222222
9,224,302,7.28476821192053
9,225,302,7.304635761589404
9,226,313,7.3706070287539935
9,227,301,7.445182724252492
9,228,292,7.301369863013699
9,229,289,7.460207612456747
9,230,294,7.445578231292517
9,231,295,7.430508474576271
9,232,291,7.371134020618556
9,233,295,7.291525423728814
9,234,298,7.167785234899329
9,235,297,7.117845117845118
9,236,309,7.255663430420712
9,237,309,7.310679611650485
9,238,311,7.57556270096463
9,239,312,7.506410256410256
9,240,328,7.359756097560975
9,241,320,7.471875
9,242,317,7.466876971608833
9,243,323,7.6656346749226
9,244,322,7.711180124223603
9,245,335,7.686567164179104
9,246,340,7.367647058823529
9,247,356,7.24438202247191
9,248,352,7.127840909090909
9,249,345,7.28695652173913
9,250,341,7.214076246334311
9,251,335,7.3104477611940295
9,252,340,7.402941176470589
9,253,340,7.341176470588235
9,254,351,7.3247863247863245
9,255,346,7.4479768786127165
9,256,342,7.342105263157895
9,257,343,7.370262390670554
9,258,343,7.259475218658892
9,259,341,7.428152492668621
9,260,324,7.746913580246914
9,261,322,7.6770186335403725
9,262,307,7.579804560260587
9,263,294,7.476190476190476
9,264,294,7.438775510204081
9,265,294,7.561224489795919
9,266,292,7.390410958904109
9,267,287,7.515679442508711
9,268,287,7.40418118466899
9,269,299,7.511705685618729
9,270,293,7.30716723549488
9,271,290,7.3517241379310345
9,272,299,7.381270903010034
9,273,293,7.6416382252559725
9,274,283,7.487632508833922
9,275,284,7.580985915492958
9,276,286,7.472027972027972
9,277,283,7.706713780918728
9,278,274,7.554744525547445
9,279,278,7.676258992805756
9,280,284,7.535211267605634
9,281,292,7.359589041095891
9,282,300,7.543333333333333
9,283,286,7.674825174825175
9,284,277,7.59927797833935
9,285,280,7.95
9,286,275,7.621818181818182
9,287,269,7.394052044609666
9,288,269,7.669144981412639
9,289,260,7.969230769230769
9,290,258,7.864341085271318
9,291,266,7.639097744360902
9,292,265,7.690566037735849
9,293,259,7.5675675675675675
9,294,263,7.422053231939164
9,295,269,7.568773234200743
9,296,266,7.342105263157895
9,297,267,7.209737827715355
9,298,272,7.400735294117647
9,299,269,7.20817843866171
9,300,266,7.394736842105263
9,301,269,7.5427509293680295
9,302,265,7.683018867924528
9,303,271,7.797047970479705
9,304,257,7.700389105058366
9,305,256,7.6875
9,306,268,7.772388059701493
9,307,281,7.537366548042705
9,308,279,7.347670250896058
9,309,287,7.344947735191638
9,310,287,7.331010452961673
9,311,284,7.306338028169014
9,312,274,7.186131386861314
9,313,272,7.227941176470588
9,314,257,7.381322957198444
9,315,260,7.434615384615385
9,316,268,7.4664179104477615
9,317,261,7.363984674329502
9,318,270,7.507407407407407
9,319,270,7.5962962962962965
9,320,278,7.431654676258993
9,321,274,7.430656934306569
9,322,277,7.584837545126354
9,323,282,7.358156028368795
9,324,275,7.32
9,325,271,7.269372693726937
9,326,270,7.137037037037037
9,327,260,7.484615384615385
9,328,255,7.52156862745098
9,329,258,7.608527131782946
9,330,248,7.44758064516129
9,331,249,7.642570281124498
9,332,236,7.6991525423728815
9,333,246,7.621951219512195
9,334,242,7.582644628099174
9,335,240,7.883333333333334
9,336,234,7.799145299145299
9,337,226,8.075221238938052
9,338,224,8.138392857142858
9,339,239,7.443514644351464
9,340,227,7.348017621145375
9,341,219,7.365296803652968
9,342,215,7.6976744186046515
9,343,210,7.480952380952381
9,344,212,7.44811320754717
9,345,206,7.543689320388349
9,346,200,7.64
9,347,205,7.682926829268292
9,348,198,7.722222222222222
9,349,200,7.17
9,350,212,6.9575471698113205
9,351,202,7.252475247524752
9,352,207,7.338164251207729
9,353,214,7.345794392523365
9,354,216,7.351851851851852
9,355,223,7.336322869955157
9,356,223,7.614349775784754
9,357,219,7.675799086757991
9,358,216,7.648148148148148
9,359,216,7.708333333333333
9,360,207,7.705314009661835
9,361,210,7.347619047619047
9,362,215,7.316279069767442
9,363,211,7.398104265402844
9,364,218,7.298165137614679
9,365,220,7.3136363636363635
9,366,208,7.389423076923077
9,367,211,7.388625592417061
9,368,213,7.248826291079812
9,369,213,7.802816901408451
9,370,211,7.777251184834123
9,371,219,7.757990867579909
9,372,225,7.653333333333333
9,373,216,7.606481481481482
9,374,212,7.636792452830188
9,375,209,7.4066985645933014
9,376,202,7.430693069306931
9,377,209,7.435406698564593
9,378,210,7.404761904761905
9,379,216,7.12962962962963
9,380,212,7.452830188679245
9,381,215,7.195348837209302
9,382,220,7.304545454545455
9,383,225,7.404444444444445
9,384,221,7.226244343891403
9,385,217,7.7050691244239635
9,386,216,7.62962962962963
9,387,211,7.592417061611374
9,388,209,7.368421052631579
9,389,205,7.458536585365854
9,390,208,7.288461538461538
9,391,214,7.252336448598131
9,392,224,7.174107142857143
9,393,221,7.380090497737557
9,394,224,7.28125
9,395,223,7.228699551569507
9,396,227,6.907488986784141
9,397,229,6.978165938864628
9,398,226,6.730088495575221
9,399,230,7.160869565217391
9,400,225,7.315555555555555
