iteration,year,population_size,average_age
0,0,20,0.0
0,1,20,1.0
0,2,20,2.0
0,3,20,3.0
0,4,20,4.0
0,5,20,5.0
0,6,20,6.0
0,7,20,7.0
0,8,20,8.0
0,9,24,6.75
0,10,27,6.518518518518518
0,11,35,5.8
0,12,37,6.4324324324324325
0,13,38,6.894736842105263
0,14,40,7.5
0,15,50,6.8
0,16,53,7.056603773584905
0,17,57,7.491228070175438
0,18,62,7.516129032258065
0,19,65,7.8307692307692305
0,20,62,8.5
0,21,66,8.924242424242424
0,22,67,9.26865671641791
0,23,66,9.954545454545455
0,24,66,10.681818181818182
0,25,75,10.066666666666666
0,26,76,9.31578947368421
0,27,76,9.631578947368421
0,28,70,10.228571428571428
0,29,82,7.902439024390244
0,30,82,8.536585365853659
0,31,88,7.784090909090909
0,32,86,7.058139534883721
0,33,89,7.01123595505618
0,34,95,7.221052631578948
0,35,98,7.857142857142857
0,36,103,7.524271844660194
0,37,99,8.242424242424242
0,38,107,7.953271028037383
0,39,118,7.677966101694915
0,40,120,7.766666666666667
0,41,121,8.024793388429751
0,42,121,7.487603305785124
0,43,121,7.074380165289257
0,44,130,6.7384615384615385
0,45,135,6.54074074074074
0,46,134,7.037313432835821
0,47,134,7.0
0,48,141,7.01418439716312
0,49,131,7.312977099236641
0,50,133,7.81203007518797
0,51,134,7.865671641791045
0,52,135,7.881481481481481
0,53,131,7.809160305343512
0,54,131,7.786259541984733
0,55,129,7.790697674418604
0,56,120,7.533333333333333
0,57,119,7.336134453781512
0,58,119,7.579831932773109
0,59,115,7.3652173913043475
0,60,120,6.891666666666667
0,61,119,7.067226890756302
0,62,113,6.8053097345132745
0,63,107,6.588785046728972
0,64,102,6.715686274509804
0,65,98,6.938775510204081
0,66,87,6.9655172413793105
0,67,83,6.9156626506024095
0,68,83,7.132530120481928
0,69,80,7.125
0,70,76,7.171052631578948
0,71,72,7.444444444444445
0,72,78,7.435897435897436
0,73,73,7.534246575342466
0,74,70,7.314285714285714
0,75,65,7.6923076923076925
0,76,60,8.016666666666667
0,77,61,7.114754098360656
0,78,70,6.385714285714286
0,79,74,6.391891891891892
0,80,79,5.987341772151899
0,81,76,5.868421052631579
0,82,73,6.438356164383562
0,83,74,6.581081081081081
0,84,70,6.957142857142857
0,85,69,6.695652173913044
0,86,72,6.291666666666667
0,87,81,6.271604938271605
0,88,81,6.419753086419753
0,89,85,6.552941176470588
0,90,89,6.438202247191011
0,91,88,6.795454545454546
0,92,88,6.931818181818182
0,93,87,7.448275862068965
0,94,86,7.3604651162790695
0,95,85,7.6117647058823525
0,96,79,6.860759493670886
0,97,71,7.394366197183099
0,98,73,7.027397260273973
0,99,73,7.465753424657534
0,100,74,7.3108108108108105
0,101,75,6.973333333333334
0,102,70,7.242857142857143
0,103,69,7.2898550724637685
0,104,68,7.632352941176471
0,105,63,7.904761904761905
0,106,65,7.523076923076923
0,107,66,7.2727272727272725
0,108,71,7.126760563380282
0,109,87,6.333333333333333
0,110,90,6.477777777777778
0,111,83,6.457831325301205
0,112,81,6.049382716049383
0,113,91,5.714285714285714
0,114,92,6.141304347826087
0,115,85,6.047058823529412
0,116,87,6.620689655172414
0,117,92,6.771739130434782
0,118,92,6.836956521739131
0,119,90,6.844444444444444
0,120,87,6.942528735632184
0,121,90,6.8
0,122,90,6.6
0,123,99,6.383838383838384
0,124,104,6.461538461538462
0,125,95,6.526315789473684
0,126,91,6.967032967032967
0,127,95,6.778947368421052
0,128,91,6.736263736263736
0,129,95,7.052631578947368
0,130,90,7.444444444444445
0,131,92,7.858695652173913
0,132,90,8.055555555555555
0,133,102,7.401960784313726
0,134,105,7.523809523809524
0,135,112,7.401785714285714
0,136,113,7.548672566371682
0,137,102,7.862745098039215
0,138,110,7.536363636363636
0,139,108,8.074074074074074
0,140,106,7.764150943396227
0,141,108,7.907407407407407
0,142,99,8.272727272727273
0,143,101,8.267326732673267
0,144,104,8.096153846153847
0,145,104,7.644230769230769
0,146,103,7.339805825242719
0,147,110,6.627272727272727
0,148,113,6.663716814159292
0,149,103,7.097087378640777
0,150,118,6.805084745762712
0,151,127,6.102362204724409
0,152,130,6.623076923076923
0,153,134,6.902985074626866
0,154,144,7.1875
0,155,154,7.1688311688311686
0,156,165,7.163636363636364
0,157,174,6.597701149425287
0,158,177,6.751412429378531
0,159,175,6.811428571428571
0,160,185,6.508108108108108
0,161,192,6.828125
0,162,185,6.686486486486486
0,163,193,6.725388601036269
0,164,185,7.178378378378379
0,165,211,6.85781990521327
0,166,224,6.986607142857143
0,167,232,6.974137931034483
0,168,226,7.31858407079646
0,169,228,7.140350877192983
0,170,238,6.957983193277311
0,171,256,6.5234375
0,172,265,6.486792452830189
0,173,268,6.2835820895522385
0,174,288,5.927083333333333
0,175,291,6.2714776632302405
0,176,297,6.158249158249158
0,177,313,6.23961661341853
0,178,295,6.68135593220339
0,179,303,6.6996699669967
0,180,307,6.521172638436482
0,181,317,6.71608832807571
0,182,317,6.927444794952681
0,183,323,6.900928792569659
0,184,321,6.962616822429907
0,185,319,6.959247648902822
0,186,325,6.84
0,187,325,6.993846153846154
0,188,318,7.009433962264151
0,189,337,6.98813056379822
0,190,327,7.412844036697248
0,191,325,7.529230769230769
0,192,322,7.357142857142857
0,193,322,7.422360248447205
0,194,326,6.929447852760736
0,195,319,6.909090909090909
0,196,320,6.60625
0,197,321,6.4392523364485985
0,198,339,6.241887905604719
0,199,337,6.341246290801187
0,200,329,6.860182370820668
0,201,328,6.817073170731708
0,202,349,6.759312320916905
0,203,375,6.789333333333333
0,204,362,6.795580110497237
0,205,339,6.737463126843658
0,206,337,6.869436201780416
0,207,331,7.0845921450151055
0,208,327,7.07645259938838
0,209,338,7.07396449704142
0,210,344,7.180232558139535
0,211,345,7.211594202898551
0,212,353,7.169971671388102
0,213,356,7.171348314606742
0,214,361,6.781163434903047
0,215,360,6.497222222222222
0,216,353,6.56657223796034
0,217,353,6.708215297450425
0,218,349,6.69054441260745
0,219,334,6.811377245508982
0,220,333,6.984984984984985
0,221,330,7.087878787878788
0,222,337,6.925816023738872
0,223,340,6.958823529411765
0,224,340,6.982352941176471
0,225,337,7.148367952522255
0,226,330,7.278787878787878
0,227,334,7.1017964071856285
0,228,320,7.234375
0,229,324,7.080246913580247
0,230,328,7.012195121951219
0,231,325,6.7323076923076925
0,232,313,6.89776357827476
0,233,319,6.673981191222571
0,234,320,6.7625
0,235,310,6.841935483870968
0,236,313,6.9297124600638975
0,237,304,7.0131578947368425
0,238,319,7.0344827586206895
0,239,324,7.2592592592592595
0,240,315,7.088888888888889
0,241,315,7.152380952380953
0,242,319,7.16614420062696
0,243,311,6.942122186495177
0,244,306,6.8431372549019605
0,245,305,6.783606557377049
0,246,306,6.617647058823529
0,247,309,6.8122977346278315
0,248,316,7.094936708860759
0,249,300,6.993333333333333
0,250,302,7.0
0,251,296,6.773648648648648
0,252,302,6.774834437086093
0,253,309,6.656957928802589
0,254,303,6.963696369636963
0,255,295,7.271186440677966
0,256,307,6.872964169381108
0,257,301,6.74750830564784
0,258,300,6.946666666666666
0,259,297,6.942760942760943
0,260,295,6.959322033898305
0,261,294,6.959183673469388
0,262,308,6.892857142857143
0,263,308,6.753246753246753
0,264,306,6.8431372549019605
0,265,314,6.6050955414012735
0,266,309,6.841423948220065
0,267,319,6.460815047021944
0,268,309,6.844660194174757
0,269,298,6.73489932885906
0,270,298,6.731543624161074
0,271,298,6.926174496644295
0,272,293,7.006825938566553
0,273,301,6.807308970099668
0,274,285,6.775438596491228
0,275,282,7.184397163120567
0,276,278,6.9928057553956835
0,277,284,6.957746478873239
0,278,297,6.814814814814815
0,279,306,6.722222222222222
0,280,305,6.5147540983606556
0,281,292,6.63013698630137
0,282,290,6.837931034482758
0,283,282,6.794326241134752
0,284,277,6.776173285198556
0,285,294,6.612244897959184
0,286,291,6.821305841924398
0,287,279,6.577060931899641
0,288,292,6.773972602739726
0,289,300,6.6866666666666665
0,290,311,6.70096463022508
0,291,299,6.906354515050167
0,292,298,6.667785234899329
0,293,305,6.9049180327868855
0,294,304,6.901315789473684
0,295,311,7.006430868167203
0,296,310,6.690322580645161
0,297,318,6.786163522012578
0,298,315,6.911111111111111
0,299,315,6.86031746031746
0,300,333,6.504504504504505
0,301,331,6.667673716012085
0,302,323,6.557275541795666
0,303,321,6.838006230529595
0,304,331,6.8700906344410875
0,305,330,6.990909090909091
0,306,343,6.950437317784257
0,307,355,6.780281690140845
0,308,367,6.888283378746594
0,309,380,6.455263157894737
0,310,404,6.3638613861386135
0,311,412,6.492718446601942
0,312,414,6.625603864734299
0,313,404,6.725247524752476
0,314,397,6.793450881612091
0,315,396,7.012626262626263
0,316,377,7.177718832891247
0,317,384,6.942708333333333
0,318,383,6.981723237597911
0,319,384,7.0234375
0,320,399,6.726817042606516
0,321,409,6.567237163814181
0,322,403,6.600496277915632
0,323,409,6.32762836185819
0,324,406,6.435960591133005
0,325,423,6.548463356973995
0,326,426,6.436619718309859
0,327,416,6.524038461538462
0,328,420,6.692857142857143
0,329,434,6.78110599078341
0,330,430,7.011627906976744
0,331,415,7.159036144578313
0,332,415,6.903614457831325
0,333,399,6.989974937343359
0,334,405,7.133333333333334
0,335,402,6.970149253731344
0,336,401,6.922693266832917
0,337,399,7.06265664160401
0,338,395,6.992405063291139
0,339,417,6.800959232613909
0,340,395,6.837974683544304
0,341,389,6.928020565552699
0,342,407,6.85012285012285
0,343,417,6.81294964028777
0,344,413,6.7941888619854724
0,345,419,6.801909307875895
0,346,428,6.614485981308412
0,347,445,6.703370786516854
0,348,437,6.9016018306636155
0,349,461,6.533622559652929
0,350,447,6.662192393736018
0,351,437,6.672768878718536
0,352,441,6.72108843537415
0,353,466,6.594420600858369
0,354,468,6.6581196581196584
0,355,463,6.514038876889849
0,356,471,6.645435244161359
0,357,473,6.8900634249471455
0,358,467,6.942184154175589
0,359,478,6.933054393305439
0,360,462,7.132034632034632
0,361,475,6.92
0,362,476,6.890756302521009
0,363,464,6.969827586206897
0,364,468,6.844017094017094
0,365,468,6.792735042735043
0,366,466,6.710300429184549
0,367,489,6.879345603271983
0,368,498,6.724899598393574
0,369,488,6.715163934426229
0,370,474,6.80379746835443
0,371,458,6.897379912663755
0,372,455,6.778021978021978
0,373,454,7.035242290748899
0,374,456,7.0394736842105265
0,375,447,6.973154362416107
0,376,470,6.772340425531915
0,377,473,6.7145877378435515
0,378,485,6.74639175257732
0,379,488,6.610655737704918
0,380,505,6.485148514851486
0,381,536,6.225746268656716
0,382,524,6.3893129770992365
0,383,522,6.781609195402299
0,384,529,6.911153119092628
0,385,526,6.598859315589354
0,386,527,6.55977229601518
0,387,515,6.932038834951456
0,388,507,7.0808678500986195
0,389,511,7.152641878669276
0,390,522,6.950191570881226
0,391,532,6.855263157894737
0,392,544,6.862132352941177
0,393,523,6.84321223709369
0,394,523,6.8470363288718925
0,395,539,6.794063079777366
0,396,530,7.026415094339622
0,397,511,7.107632093933463
0,398,506,7.160079051383399
0,399,505,7.4
0,400,519,7.329479768786127
1,0,20,0.0
1,1,20,1.0
1,2,20,2.0
1,3,20,3.0
1,4,20,4.0
1,5,20,5.0
1,6,20,6.0
1,7,20,7.0
1,8,20,8.0
1,9,23,7.826086956521739
1,10,25,8.12
1,11,29,7.862068965517241
1,12,31,8.290322580645162
1,13,31,9.290322580645162
1,14,33,9.666666666666666
1,15,34,9.911764705882353
1,16,36,10.305555555555555
1,17,46,8.847826086956522
1,18,47,9.25531914893617
1,19,55,8.763636363636364
1,20,60,8.15
1,21,67,7.880597014925373
1,22,76,7.7368421052631575
1,23,77,8.324675324675324
1,24,81,8.592592592592593
1,25,84,8.892857142857142
1,26,86,8.69767441860465
1,27,89,9.258426966292134
1,28,92,9.271739130434783
1,29,94,9.606382978723405
1,30,104,9.586538461538462
1,31,111,9.387387387387387
1,32,112,7.205357142857143
1,33,120,7.15
1,34,120,7.691666666666666
1,35,130,7.723076923076923
1,36,136,8.125
1,37,143,7.503496503496503
1,38,148,7.574324324324325
1,39,148,7.513513513513513
1,40,151,7.410596026490066
1,41,147,7.612244897959184
1,42,155,7.587096774193548
1,43,159,7.7421383647798745
1,44,161,7.683229813664596
1,45,179,7.407821229050279
1,46,189,7.185185185185185
1,47,189,7.052910052910053
1,48,188,7.074468085106383
1,49,191,7.382198952879581
1,50,194,7.520618556701031
1,51,186,7.935483870967742
1,52,194,8.010309278350515
1,53,203,7.852216748768473
1,54,198,7.696969696969697
1,55,199,7.994974874371859
1,56,211,7.748815165876778
1,57,215,7.306976744186047
1,58,217,6.889400921658986
1,59,222,6.846846846846847
1,60,226,6.752212389380531
1,61,217,6.811059907834101
1,62,214,7.182242990654205
1,63,209,7.205741626794258
1,64,215,7.376744186046512
1,65,209,7.2105263157894735
1,66,223,7.098654708520179
1,67,235,7.004255319148936
1,68,241,7.095435684647303
1,69,258,6.422480620155039
1,70,265,6.445283018867925
1,71,279,6.157706093189964
1,72,278,6.428057553956834
1,73,275,6.647272727272727
1,74,272,7.1213235294117645
1,75,274,7.343065693430657
1,76,290,7.096551724137931
1,77,293,7.068259385665529
1,78,295,7.271186440677966
1,79,285,7.2631578947368425
1,80,271,7.472324723247232
1,81,277,7.364620938628159
1,82,275,7.207272727272727
1,83,290,7.089655172413793
1,84,287,7.069686411149826
1,85,294,7.207482993197279
1,86,305,6.678688524590164
1,87,290,7.0344827586206895
1,88,292,6.8561643835616435
1,89,271,7.092250922509225
1,90,281,7.355871886120997
1,91,289,6.889273356401384
1,92,290,7.044827586206897
1,93,300,6.9366666666666665
1,94,306,6.696078431372549
1,95,305,6.79672131147541
1,96,295,7.04406779661017
1,97,283,7.261484098939929
1,98,274,7.616788321167883
1,99,268,7.753731343283582
1,100,274,7.624087591240876
1,101,275,7.138181818181818
1,102,271,6.826568265682657
1,103,282,6.656028368794326
1,104,293,6.525597269624574
1,105,288,6.770833333333333
1,106,288,6.965277777777778
1,107,283,7.060070671378092
1,108,266,7.101503759398496
1,109,249,7.301204819277109
1,110,244,7.413934426229508
1,111,241,7.224066390041494
1,112,246,7.0894308943089435
1,113,249,7.144578313253012
1,114,247,6.817813765182186
1,115,244,6.831967213114754
1,116,239,7.054393305439331
1,117,236,7.220338983050848
1,118,239,6.815899581589958
1,119,253,6.810276679841897
1,120,249,7.164658634538153
1,121,251,7.0717131474103585
1,122,250,6.98
1,123,242,6.909090909090909
1,124,252,6.765873015873016
1,125,243,6.991769547325103
1,126,236,7.13135593220339
1,127,241,7.190871369294606
1,128,224,7.375
1,129,227,7.28193832599119
1,130,236,6.995762711864407
1,131,243,6.8559670781893
1,132,254,6.830708661417323
1,133,252,6.845238095238095
1,134,257,6.828793774319066
1,135,251,6.677290836653387
1,136,257,6.972762645914397
1,137,249,6.811244979919679
1,138,234,6.884615384615385
1,139,234,6.982905982905983
1,140,241,7.327800829875518
1,141,228,7.048245614035087
1,142,223,7.4708520179372195
1,143,231,7.0
1,144,239,6.364016736401673
1,145,257,6.221789883268483
1,146,250,6.22
1,147,246,6.1016260162601625
1,148,247,6.080971659919029
1,149,246,6.317073170731708
1,150,248,6.169354838709677
1,151,244,6.377049180327869
1,152,256,6.46484375
1,153,260,6.619230769230769
1,154,250,6.536
1,155,269,6.4721189591078065
1,156,271,6.634686346863469
1,157,264,6.916666666666667
1,158,265,6.996226415094339
1,159,287,6.428571428571429
1,160,290,6.586206896551724
1,161,303,6.623762376237623
1,162,314,6.6528662420382165
1,163,304,6.598684210526316
1,164,300,6.39
1,165,311,6.758842443729904
1,166,315,6.863492063492063
1,167,306,6.9869281045751634
1,168,311,6.887459807073955
1,169,317,7.037854889589905
1,170,305,7.2655737704918035
1,171,303,7.250825082508251
1,172,301,7.172757475083056
1,173,296,7.246621621621622
1,174,296,7.050675675675675
1,175,288,6.8125
1,176,277,6.675090252707581
1,177,278,6.546762589928058
1,178,274,6.740875912408759
1,179,259,6.895752895752896
1,180,253,6.8142292490118574
1,181,239,6.928870292887029
1,182,247,6.995951417004049
1,183,256,6.98828125
1,184,266,6.954887218045113
1,185,274,6.875912408759124
1,186,284,6.862676056338028
1,187,283,6.681978798586573
1,188,270,6.566666666666666
1,189,269,6.657992565055762
1,190,268,6.753731343283582
1,191,261,7.111111111111111
1,192,271,7.125461254612546
1,193,278,6.899280575539568
1,194,281,6.526690391459074
1,195,276,6.11231884057971
1,196,279,6.050179211469534
1,197,281,6.049822064056939
1,198,287,6.299651567944251
1,199,288,6.333333333333333
1,200,290,6.710344827586207
1,201,290,6.913793103448276
1,202,300,6.8133333333333335
1,203,296,6.891891891891892
1,204,298,6.741610738255034
1,205,303,6.541254125412541
1,206,307,6.302931596091205
1,207,313,6.293929712460064
1,208,313,6.501597444089457
1,209,332,6.451807228915663
1,210,334,6.62874251497006
1,211,321,6.757009345794392
1,212,308,6.785714285714286
1,213,316,6.449367088607595
1,214,312,6.573717948717949
1,215,325,6.510769230769231
1,216,328,6.551829268292683
1,217,339,6.6902654867256635
1,218,337,7.035608308605341
1,219,325,6.895384615384615
1,220,320,7.16875
1,221,333,6.960960960960961
1,222,346,6.994219653179191
1,223,353,6.81586402266289
1,224,344,6.665697674418604
1,225,352,6.8522727272727275
1,226,353,6.609065155807365
1,227,352,6.8835227272727275
1,228,354,6.790960451977401
1,229,345,6.660869565217391
1,230,344,6.636627906976744
1,231,337,6.646884272997033
1,232,346,6.736994219653179
1,233,370,6.551351351351351
1,234,370,6.562162162162162
1,235,367,6.55858310626703
1,236,365,6.69041095890411
1,237,360,6.641666666666667
1,238,359,6.534818941504178
1,239,349,6.670487106017192
1,240,362,6.602209944751381
1,241,344,6.7645348837209305
1,242,346,6.745664739884393
1,243,363,6.639118457300276
1,244,367,6.67574931880109
1,245,371,6.784366576819407
1,246,376,7.01595744680851
1,247,383,6.830287206266319
1,248,381,6.866141732283465
1,249,382,6.832460732984293
1,250,399,6.671679197994988
1,251,392,6.752551020408164
1,252,382,6.806282722513089
1,253,378,6.944444444444445
1,254,378,7.161375661375661
1,255,368,7.040760869565218
1,256,381,7.002624671916011
1,257,380,6.836842105263158
1,258,393,6.7201017811704835
1,259,388,6.958762886597938
1,260,396,7.1767676767676765
1,261,383,6.994778067885117
1,262,377,6.989389920424403
1,263,391,7.099744245524296
1,264,375,7.221333333333333
1,265,378,7.439153439153439
1,266,374,7.32620320855615
1,267,389,7.010282776349614
1,268,394,6.83502538071066
1,269,395,6.7974683544303796
1,270,424,6.377358490566038
1,271,417,6.465227817745803
1,272,410,6.475609756097561
1,273,405,6.409876543209877
1,274,412,6.575242718446602
1,275,407,6.791154791154791
1,276,417,6.721822541966427
1,277,426,6.565727699530516
1,278,438,6.828767123287672
1,279,447,6.800894854586129
1,280,449,6.476614699331849
1,281,451,6.600886917960088
1,282,445,6.5662921348314605
1,283,452,6.68141592920354
1,284,444,6.8108108108108105
1,285,471,6.662420382165605
1,286,453,6.4613686534216335
1,287,448,6.604910714285714
1,288,459,6.620915032679738
1,289,467,6.644539614561028
1,290,463,6.624190064794816
1,291,468,6.707264957264957
1,292,470,6.627659574468085
1,293,464,6.877155172413793
1,294,484,6.675619834710743
1,295,493,6.52738336713996
1,296,485,6.59381443298969
1,297,480,6.622916666666667
1,298,495,6.57979797979798
1,299,486,6.57201646090535
1,300,512,6.478515625
1,301,505,6.641584158415841
1,302,495,6.743434343434344
1,303,506,6.764822134387352
1,304,489,6.640081799591002
1,305,484,6.954545454545454
1,306,481,6.854469854469855
1,307,497,6.915492957746479
1,308,490,6.757142857142857
1,309,500,6.786
1,310,508,6.604330708661418
1,311,508,6.783464566929134
1,312,516,6.751937984496124
1,313,531,6.670433145009416
1,314,538,6.5427509293680295
1,315,513,6.738791423001949
1,316,499,6.783567134268537
1,317,505,6.712871287128713
1,318,492,6.646341463414634
1,319,484,6.818181818181818
1,320,496,6.627016129032258
1,321,498,6.658634538152611
1,322,487,6.593429158110883
1,323,489,6.805725971370143
1,324,484,7.072314049586777
1,325,487,6.878850102669404
1,326,482,7.109958506224066
1,327,484,6.886363636363637
1,328,469,6.67590618336887
1,329,483,6.567287784679089
1,330,484,6.547520661157025
1,331,482,6.526970954356846
1,332,483,6.395445134575569
1,333,472,6.561440677966102
1,334,457,6.63019693654267
1,335,471,6.639065817409766
1,336,477,6.532494758909853
1,337,487,6.708418891170431
1,338,502,6.440239043824701
1,339,515,6.267961165048543
1,340,516,6.50968992248062
1,341,524,6.559160305343512
1,342,505,6.451485148514852
1,343,495,6.438383838383839
1,344,496,6.631048387096774
1,345,495,6.652525252525253
1,346,499,6.651302605210421
1,347,525,6.52
1,348,540,6.398148148148148
1,349,538,6.323420074349443
1,350,539,6.374768089053803
1,351,556,6.402877697841727
1,352,557,6.520646319569121
1,353,541,6.741219963031424
1,354,519,6.840077071290944
1,355,531,6.80225988700565
1,356,550,6.830909090909091
1,357,545,6.864220183486238
1,358,564,6.625886524822695
1,359,563,6.488454706927175
1,360,567,6.791887125220459
1,361,565,6.801769911504425
1,362,564,6.865248226950355
1,363,559,6.8604651162790695
1,364,560,6.8464285714285715
1,365,552,7.018115942028985
1,366,537,6.9143389199255125
1,367,539,6.935064935064935
1,368,553,6.670886075949367
1,369,534,6.6835205992509366
1,370,524,6.872137404580153
1,371,527,6.781783681214422
1,372,522,7.103448275862069
1,373,502,6.930278884462151
1,374,494,6.876518218623482
1,375,471,6.936305732484076
1,376,476,6.907563025210084
1,377,492,6.664634146341464
1,378,499,6.557114228456914
1,379,498,6.524096385542169
1,380,498,6.431726907630522
1,381,501,6.497005988023952
1,382,491,6.694501018329939
1,383,487,6.62217659137577
1,384,474,6.883966244725738
1,385,488,6.727459016393443
1,386,499,6.6312625250501
1,387,511,6.518590998043053
1,388,531,6.574387947269304
1,389,527,6.472485768500949
1,390,522,6.526819923371647
1,391,528,6.604166666666667
1,392,530,6.494339622641509
1,393,519,6.807321772639692
1,394,499,6.939879759519038
1,395,485,7.049484536082474
1,396,485,7.070103092783505
1,397,485,6.808247422680412
1,398,479,6.8162839248434235
1,399,480,6.797916666666667
1,400,485,6.665979381443299
2,0,20,0.0
2,1,20,1.0
2,2,20,2.0
2,3,20,3.0
2,4,20,4.0
2,5,20,5.0
2,6,20,6.0
2,7,20,7.0
2,8,20,8.0
2,9,26,6.923076923076923
2,10,34,6.0588235294117645
2,11,46,5.217391304347826
2,12,50,5.72
2,13,49,6.244897959183674
2,14,52,6.5576923076923075
2,15,56,7.017857142857143
2,16,64,7.015625
2,17,68,7.544117647058823
2,18,70,7.914285714285715
2,19,76,8.210526315789474
2,20,81,8.197530864197532
2,21,86,7.6976744186046515
2,22,99,7.454545454545454
2,23,97,7.701030927835052
2,24,97,8.092783505154639
2,25,98,8.091836734693878
2,26,107,8.08411214953271
2,27,119,8.0
2,28,131,7.2748091603053435
2,29,133,7.864661654135339
2,30,137,7.824817518248175
2,31,146,7.5
2,32,139,7.0215827338129495
2,33,147,6.7687074829931975
2,34,143,7.055944055944056
2,35,141,7.773049645390071
2,36,156,7.230769230769231
2,37,166,7.054216867469879
2,38,175,7.337142857142857
2,39,175,7.354285714285714
2,40,186,7.5
2,41,181,7.734806629834254
2,42,184,7.739130434782608
2,43,191,7.9109947643979055
2,44,200,7.585
2,45,204,7.96078431372549
2,46,220,7.6045454545454545
2,47,221,8.113122171945701
2,48,221,8.06787330316742
2,49,229,7.6244541484716155
2,50,231,7.541125541125541
2,51,234,7.418803418803419
2,52,241,7.410788381742739
2,53,233,7.296137339055794
2,54,240,7.416666666666667
2,55,239,7.552301255230126
2,56,242,7.723140495867769
2,57,250,7.912
2,58,247,7.712550607287449
2,59,257,7.708171206225681
2,60,254,7.429133858267717
2,61,265,7.0452830188679245
2,62,263,6.783269961977187
2,63,266,7.0
2,64,276,6.7898550724637685
2,65,271,7.1512915129151295
2,66,280,7.021428571428571
2,67,293,6.750853242320819
2,68,313,6.5718849840255595
2,69,331,6.613293051359516
2,70,349,6.793696275071634
2,71,354,6.813559322033898
2,72,359,6.841225626740947
2,73,356,7.084269662921348
2,74,345,7.481159420289855
2,75,350,7.611428571428571
2,76,351,7.555555555555555
2,77,365,7.397260273972603
2,78,380,6.934210526315789
2,79,396,6.696969696969697
2,80,400,6.5975
2,81,412,6.640776699029126
2,82,416,6.824519230769231
2,83,431,7.169373549883991
2,84,424,7.191037735849057
2,85,426,7.183098591549296
2,86,429,7.324009324009324
2,87,432,7.277777777777778
2,88,450,7.177777777777778
2,89,452,7.234513274336283
2,90,463,6.94816414686825
2,91,478,6.887029288702929
2,92,489,6.893660531697342
2,93,491,6.843177189409369
2,94,478,6.876569037656904
2,95,467,7.205567451820128
2,96,489,7.012269938650307
2,97,491,7.224032586558045
2,98,487,7.322381930184805
2,99,479,7.1941544885177455
2,100,471,7.140127388535032
2,101,480,7.025
2,102,473,7.236786469344609
2,103,482,7.134854771784233
2,104,499,7.066132264529058
2,105,494,7.062753036437247
2,106,503,7.029821073558648
2,107,492,6.995934959349594
2,108,482,6.939834024896266
2,109,497,7.098591549295775
2,110,503,6.904572564612326
2,111,508,6.966535433070866
2,112,521,6.677543186180422
2,113,531,6.8192090395480225
2,114,538,6.808550185873606
2,115,526,6.870722433460076
2,116,506,6.845849802371541
2,117,515,7.011650485436893
2,118,509,7.094302554027505
2,119,513,7.16374269005848
2,120,520,7.157692307692308
2,121,543,7.020257826887661
2,122,540,7.0018518518518515
2,123,549,7.014571948998179
2,124,567,6.834215167548501
2,125,556,6.956834532374101
2,126,554,7.041516245487364
2,127,583,6.850771869639794
2,128,592,6.947635135135135
2,129,607,6.8270181219110375
2,130,608,6.833881578947368
2,131,608,7.019736842105263
2,132,609,6.891625615763547
2,133,611,6.7495908346972175
2,134,607,6.878088962108731
2,135,621,6.808373590982287
2,136,600,6.753333333333333
2,137,585,7.030769230769231
2,138,595,6.954621848739496
2,139,598,6.9280936454849495
2,140,608,6.935855263157895
2,141,606,7.041254125412541
2,142,618,6.794498381877022
2,143,635,6.811023622047244
2,144,641,6.748829953198128
2,145,631,6.822503961965134
2,146,639,6.857589984350548
2,147,664,6.602409638554217
2,148,690,6.447826086956522
2,149,709,6.486600846262341
2,150,731,6.529411764705882
2,151,749,6.3324432576769025
2,152,745,6.4630872483221475
2,153,747,6.639892904953146
2,154,737,6.728629579375848
2,155,738,6.9742547425474255
2,156,740,7.017567567567568
2,157,770,6.815584415584415
2,158,777,6.906048906048906
2,159,778,6.751928020565552
2,160,772,6.751295336787565
2,161,788,6.927664974619289
2,162,797,6.9134253450439145
2,163,796,6.973618090452261
2,164,807,6.956629491945477
2,165,805,6.961490683229814
2,166,795,6.9044025157232705
2,167,808,7.055693069306931
2,168,816,6.973039215686274
2,169,806,6.933002481389578
2,170,815,6.851533742331289
2,171,822,6.9939172749391725
2,172,817,7.072215422276622
2,173,815,7.008588957055215
2,174,850,6.815294117647059
2,175,867,6.730103806228374
2,176,886,6.787810383747178
2,177,890,6.5775280898876405
2,178,868,6.7050691244239635
2,179,875,6.716571428571428
2,180,876,6.859589041095891
2,181,870,6.832183908045977
2,182,872,7.089449541284404
2,183,886,6.969525959367946
2,184,883,6.9603624009060026
2,185,897,6.989966555183947
2,186,882,6.891156462585034
2,187,877,6.779931584948689
2,188,878,6.924829157175399
2,189,874,7.04462242562929
2,190,858,6.967365967365968
2,191,839,6.99642431466031
2,192,842,7.093824228028503
2,193,849,7.047114252061249
2,194,865,6.927167630057803
2,195,861,6.830429732868757
2,196,849,6.84452296819788
2,197,855,6.7859649122807015
2,198,887,6.577226606538895
2,199,885,6.578531073446328
2,200,909,6.47964796479648
2,201,909,6.462046204620462
2,202,903,6.616832779623477
2,203,893,6.771556550951848
2,204,902,6.821507760532151
2,205,892,6.8441704035874436
2,206,874,7.038901601830664
2,207,881,6.897843359818388
2,208,890,6.78876404494382
2,209,884,6.708144796380091
2,210,884,6.6923076923076925
2,211,883,6.722536806342016
2,212,878,6.7972665148063784
2,213,879,6.761092150170649
2,214,883,6.758776896942242
2,215,876,6.751141552511416
2,216,861,6.879210220673635
2,217,843,7.064056939501779
2,218,815,6.998773006134969
2,219,793,7.200504413619168
2,220,786,7.141221374045801
2,221,786,6.8893129770992365
2,222,811,6.897657213316893
2,223,797,6.713927227101631
2,224,791,6.804045512010114
2,225,791,6.734513274336283
2,226,776,6.899484536082475
2,227,754,6.950928381962865
2,228,750,7.006666666666667
2,229,755,6.780132450331126
2,230,752,6.941489361702128
2,231,753,6.972111553784861
2,232,741,7.026990553306343
2,233,733,6.899045020463848
2,234,741,6.828609986504723
2,235,746,6.997319034852547
2,236,760,6.764473684210526
2,237,739,6.790257104194858
2,238,734,6.831062670299728
2,239,737,6.616010854816825
2,240,741,6.64642375168691
2,241,746,6.646112600536193
2,242,761,6.651773981603154
2,243,760,6.588157894736842
2,244,783,6.532567049808429
2,245,791,6.447534766118837
2,246,816,6.567401960784314
2,247,825,6.716363636363637
2,248,816,6.7536764705882355
2,249,814,6.933660933660934
2,250,819,7.024420024420024
2,251,828,7.038647342995169
2,252,848,6.88561320754717
2,253,838,6.81980906921241
2,254,872,6.822247706422019
2,255,895,6.681564245810056
2,256,909,6.580858085808581
2,257,894,6.66331096196868
2,258,911,6.54774972557629
2,259,938,6.574626865671642
2,260,964,6.395228215767635
2,261,1000,6.409
2,262,999,6.5425425425425425
2,263,998,6.619238476953908
2,264,1018,6.597249508840864
2,265,1025,6.690731707317073
2,266,1025,6.784390243902439
2,267,1041,6.754082612872239
2,268,1047,6.856733524355301
2,269,1060,6.818867924528302
2,270,1078,6.704081632653061
2,271,1102,6.498185117967332
2,272,1122,6.528520499108734
2,273,1139,6.568920105355575
2,274,1126,6.659857904085258
2,275,1126,6.666074600355239
2,276,1131,6.7612732095490715
2,277,1113,6.884995507637017
2,278,1098,6.95264116575592
2,279,1105,6.950226244343892
2,280,1089,7.08356290174472
2,281,1109,7.034265103697025
2,282,1122,6.66934046345811
2,283,1112,6.786870503597123
2,284,1079,6.765523632993513
2,285,1062,6.750470809792843
2,286,1039,6.833493743984601
2,287,1025,6.942439024390244
2,288,996,7.065261044176707
2,289,983,7.188199389623601
2,290,937,7.070437566702241
2,291,962,6.867983367983368
2,292,971,6.805355303810504
2,293,1010,6.517821782178218
2,294,1019,6.548577036310108
2,295,1005,6.712437810945274
2,296,1025,6.672195121951219
2,297,1011,6.835806132542038
2,298,992,6.868951612903226
2,299,965,6.950259067357513
2,300,944,7.117584745762712
2,301,926,7.1879049676025915
2,302,940,7.153191489361702
2,303,943,6.88865323435843
2,304,972,6.848765432098766
2,305,970,6.845360824742268
2,306,974,6.607802874743326
2,307,988,6.575910931174089
2,308,972,6.656378600823046
2,309,955,6.7581151832460735
2,310,959,6.887382690302398
2,311,953,6.906610703043022
2,312,970,6.747422680412371
2,313,976,6.814549180327869
2,314,984,6.821138211382114
2,315,995,6.841206030150754
2,316,1001,6.911088911088911
2,317,977,6.99078812691914
2,318,989,6.93933265925177
2,319,973,6.848920863309353
2,320,960,6.805208333333334
2,321,951,6.5920084121976865
2,322,937,6.718249733191035
2,323,941,6.761955366631243
2,324,931,6.81203007518797
2,325,952,6.796218487394958
2,326,947,6.704329461457234
2,327,939,6.855165069222577
2,328,938,6.925373134328358
2,329,933,7.028938906752412
2,330,935,7.054545454545455
2,331,914,6.88293216630197
2,332,891,6.827160493827161
2,333,883,6.842582106455266
2,334,866,6.706697459584295
2,335,881,6.622020431328036
2,336,889,6.734533183352081
2,337,881,6.858115777525539
2,338,868,6.925115207373272
2,339,887,6.655016910935738
2,340,877,6.827822120866591
2,341,860,6.858139534883721
2,342,862,6.830626450116009
2,343,835,6.822754491017964
2,344,842,6.739904988123516
2,345,816,6.8161764705882355
2,346,798,7.067669172932331
2,347,788,6.967005076142132
2,348,806,6.895781637717121
2,349,779,6.9602053915276
2,350,770,7.081818181818182
2,351,750,6.966666666666667
2,352,741,6.937921727395412
2,353,734,6.712534059945504
2,354,723,6.69432918395574
2,355,710,6.726760563380282
2,356,709,6.7856135401974615
2,357,727,6.909215955983494
2,358,730,6.926027397260274
2,359,724,6.747237569060774
2,360,713,6.869565217391305
2,361,731,6.730506155950752
2,362,722,6.666204986149585
2,363,738,6.508130081300813
2,364,724,6.540055248618785
2,365,730,6.713698630136986
2,366,727,6.826685006877579
2,367,702,7.0256410256410255
2,368,724,6.726519337016574
2,369,729,6.672153635116598
2,370,751,6.55659121171771
2,371,765,6.650980392156863
2,372,737,6.725915875169607
2,373,750,6.737333333333333
2,374,740,6.958108108108108
2,375,722,6.923822714681441
2,376,698,7.01432664756447
2,377,681,7.051395007342144
2,378,683,6.925329428989751
2,379,676,6.890532544378698
2,380,671,6.9538002980625935
2,381,656,6.996951219512195
2,382,636,6.767295597484277
2,383,634,6.87223974763407
2,384,637,6.816326530612245
2,385,633,6.672985781990521
2,386,611,6.756137479541735
2,387,604,6.6407284768211925
2,388,611,6.559738134206219
2,389,595,6.515966386554622
2,390,605,6.418181818181818
2,391,590,6.510169491525423
2,392,607,6.495881383855025
2,393,621,6.42512077294686
2,394,623,6.669341894060995
2,395,603,6.741293532338308
2,396,605,6.841322314049587
2,397,607,6.840197693574959
2,398,615,6.741463414634146
2,399,600,6.826666666666667
2,400,593,6.947723440134907
3,0,20,0.0
3,1,20,1.0
3,2,20,2.0
3,3,20,3.0
3,4,20,4.0
3,5,20,5.0
3,6,20,6.0
3,7,20,7.0
3,8,20,8.0
3,9,24,7.5
3,10,28,7.285714285714286
3,11,36,6.444444444444445
3,12,36,7.444444444444445
3,13,38,8.0
3,14,44,7.7727272727272725
3,15,52,7.423076923076923
3,16,54,8.11111111111111
3,17,58,8.482758620689655
3,18,63,8.444444444444445
3,19,69,8.623188405797102
3,20,70,8.842857142857143
3,21,72,9.291666666666666
3,22,73,9.383561643835616
3,23,73,9.67123287671233
3,24,87,8.67816091954023
3,25,96,8.125
3,26,106,7.943396226415095
3,27,114,7.798245614035087
3,28,129,7.3565891472868215
3,29,141,6.787234042553192
3,30,144,7.270833333333333
3,31,149,7.771812080536913
3,32,147,6.8231292517006805
3,33,155,7.116129032258065
3,34,173,6.9479768786127165
3,35,178,7.258426966292135
3,36,180,7.4
3,37,206,6.912621359223301
3,38,212,7.3584905660377355
3,39,243,7.102880658436214
3,40,246,7.2317073170731705
3,41,262,7.255725190839694
3,42,271,7.236162361623617
3,43,270,7.122222222222222
3,44,280,7.25
3,45,271,7.678966789667896
3,46,282,7.695035460992908
3,47,285,7.5508771929824565
3,48,281,7.569395017793594
3,49,282,7.404255319148936
3,50,285,7.343859649122807
3,51,314,6.917197452229299
3,52,321,6.744548286604362
3,53,331,6.646525679758308
3,54,347,6.651296829971182
3,55,358,6.720670391061453
3,56,355,6.864788732394366
3,57,345,6.910144927536232
3,58,362,6.906077348066298
3,59,376,6.928191489361702
3,60,388,6.680412371134021
3,61,407,6.796068796068796
3,62,413,6.886198547215496
3,63,429,6.836829836829837
3,64,442,7.119909502262443
3,65,430,7.288372093023256
3,66,423,6.971631205673759
3,67,420,6.9904761904761905
3,68,432,7.1782407407407405
3,69,443,7.146726862302483
3,70,441,7.462585034013605
3,71,446,7.437219730941704
3,72,441,7.492063492063492
3,73,433,7.448036951501154
3,74,447,7.445190156599552
3,75,456,7.31359649122807
3,76,459,7.213507625272332
3,77,467,6.974304068522484
3,78,465,6.849462365591398
3,79,471,6.9384288747346075
3,80,476,7.052521008403361
3,81,473,7.304439746300211
3,82,475,7.258947368421053
3,83,471,6.995753715498938
3,84,480,7.114583333333333
3,85,486,7.051440329218107
3,86,465,7.120430107526881
3,87,474,7.4071729957805905
3,88,490,7.1571428571428575
3,89,483,7.202898550724638
3,90,477,7.377358490566038
3,91,465,7.556989247311828
3,92,483,7.080745341614906
3,93,512,6.9453125
3,94,502,6.98605577689243
3,95,493,7.200811359026369
3,96,505,7.031683168316832
3,97,509,7.137524557956778
3,98,513,7.331384015594542
3,99,533,7.208255159474672
3,100,550,7.287272727272727
3,101,591,6.959390862944162
3,102,602,6.988372093023256
3,103,610,7.270491803278689
3,104,619,7.096930533117932
3,105,623,7.028892455858748
3,106,626,7.063897763578275
3,107,632,7.2215189873417724
3,108,634,7.1230283911671926
3,109,635,7.119685039370078
3,110,645,6.973643410852713
3,111,688,6.728197674418604
3,112,686,6.870262390670554
3,113,690,6.943478260869565
3,114,682,6.881231671554252
3,115,673,6.738484398216939
3,116,676,6.952662721893491
3,117,680,6.9411764705882355
3,118,684,7.125730994152047
3,119,674,7.105341246290801
3,120,693,7.0562770562770565
3,121,692,7.079479768786127
3,122,720,7.016666666666667
3,123,733,6.914051841746248
3,124,734,7.128065395095367
3,125,754,7.0795755968169765
3,126,759,7.1646903820816865
3,127,736,7.172554347826087
3,128,758,7.12269129287599
3,129,768,7.010416666666667
3,130,788,6.934010152284264
3,131,776,7.02319587628866
3,132,793,6.894073139974779
3,133,825,6.629090909090909
3,134,820,6.758536585365854
3,135,807,6.8128872366790585
3,136,807,6.934324659231723
3,137,795,6.854088050314465
3,138,836,6.807416267942584
3,139,843,6.7805456702253855
3,140,857,6.980163360560093
3,141,888,6.934684684684685
3,142,880,6.932954545454545
3,143,882,7.100907029478458
3,144,860,7.044186046511628
3,145,880,7.028409090909091
3,146,875,6.869714285714286
3,147,873,6.980526918671249
3,148,880,6.9409090909090905
3,149,875,6.980571428571428
3,150,872,6.871559633027523
3,151,863,6.880648899188876
3,152,870,7.096551724137931
3,153,859,6.934807916181606
3,154,859,6.888242142025611
3,155,845,6.964497041420119
3,156,846,6.788416075650118
3,157,811,6.881627620221948
3,158,823,6.935601458080194
3,159,841,6.944114149821641
3,160,840,6.696428571428571
3,161,846,6.4787234042553195
3,162,867,6.446366782006921
3,163,884,6.630090497737557
3,164,882,6.777777777777778
3,165,887,6.9661781285231115
3,166,890,7.060674157303371
3,167,895,6.944134078212291
3,168,883,6.985277463193658
3,169,866,7.166281755196305
3,170,852,7.193661971830986
3,171,844,7.075829383886256
3,172,859,7.041909196740396
3,173,873,7.018327605956472
3,174,874,6.895881006864989
3,175,884,7.069004524886878
3,176,883,6.962627406568516
3,177,868,7.057603686635945
3,178,865,6.964161849710982
3,179,890,6.979775280898877
3,180,886,7.023702031602709
3,181,898,6.974387527839643
3,182,910,6.794505494505494
3,183,917,6.9280261723009815
3,184,940,6.793617021276596
3,185,949,6.610115911485774
3,186,966,6.644927536231884
3,187,979,6.8018386108273745
3,188,1008,6.819444444444445
3,189,1013,6.907206317867719
3,190,1029,6.78620019436346
3,191,1034,6.913926499032882
3,192,1002,6.999001996007984
3,193,1016,6.983267716535433
3,194,1039,6.92781520692974
3,195,1043,6.977948226270374
3,196,1054,7.038899430740038
3,197,1051,7.0542340627973354
3,198,1080,6.951851851851852
3,199,1105,6.896832579185521
3,200,1115,6.861883408071749
3,201,1127,6.854480922803904
3,202,1113,6.823000898472596
3,203,1113,6.814016172506738
3,204,1137,6.87335092348285
3,205,1128,6.931737588652482
3,206,1125,6.914666666666666
3,207,1139,6.9244951712028096
3,208,1165,6.866952789699571
3,209,1175,6.8434042553191485
3,210,1205,6.698755186721992
3,211,1201,6.680266444629475
3,212,1213,6.5795548227535035
3,213,1270,6.526771653543307
3,214,1289,6.43677269200931
3,215,1322,6.542360060514373
3,216,1311,6.742944317315026
3,217,1310,6.821374045801527
3,218,1304,6.904141104294479
3,219,1322,6.95839636913767
3,220,1310,7.003053435114504
3,221,1316,6.991641337386018
3,222,1313,6.965727341964966
3,223,1330,7.057894736842106
3,224,1309,7.000763941940413
3,225,1279,6.9186864738076626
3,226,1277,7.1339075959279565
3,227,1268,7.083596214511041
3,228,1276,7.235109717868339
3,229,1282,7.218408736349454
3,230,1287,7.1484071484071485
3,231,1278,6.960876369327074
3,232,1290,6.952713178294574
3,233,1271,6.7962234461054285
3,234,1275,6.772549019607843
3,235,1285,6.803891050583657
3,236,1318,6.738239757207891
3,237,1336,6.8196107784431135
3,238,1343,6.822784810126582
3,239,1309,6.94270435446906
3,240,1298,7.014637904468413
3,241,1287,6.942501942501942
3,242,1268,6.948738170347003
3,243,1247,6.957497995188453
3,244,1264,6.942246835443038
3,245,1239,6.78773204196933
3,246,1233,6.824817518248175
3,247,1257,6.824184566428003
3,248,1284,6.767133956386293
3,249,1268,6.739747634069401
3,250,1246,6.925361155698234
3,251,1240,6.858064516129033
3,252,1227,6.998370008149959
3,253,1243,7.043443282381335
3,254,1262,6.821711568938193
3,255,1296,6.780092592592593
3,256,1294,6.683925811437404
3,257,1292,6.78328173374613
3,258,1310,6.789312977099237
3,259,1299,6.909930715935335
3,260,1294,7.008500772797527
3,261,1317,7.003796507213364
3,262,1319,6.9757391963608795
3,263,1336,6.797155688622754
3,264,1341,6.75689783743475
3,265,1335,6.749063670411985
3,266,1335,6.704868913857678
3,267,1344,6.739583333333333
3,268,1349,6.690140845070423
3,269,1340,6.793283582089552
3,270,1334,6.77136431784108
3,271,1340,6.829850746268657
3,272,1356,6.777286135693215
3,273,1405,6.748754448398577
3,274,1414,6.87057991513437
3,275,1444,6.823407202216067
3,276,1437,6.681280445372304
3,277,1448,6.6740331491712706
3,278,1446,6.730982019363762
3,279,1442,6.692094313453537
3,280,1470,6.772108843537415
3,281,1461,6.76249144421629
3,282,1468,6.833106267029973
3,283,1457,6.819492107069321
3,284,1435,6.951219512195122
3,285,1459,6.793008910212475
3,286,1445,6.853287197231834
3,287,1437,6.853166318719555
3,288,1456,6.8592032967032965
3,289,1474,6.847354138398915
3,290,1482,6.782051282051282
3,291,1509,6.656726308813784
3,292,1515,6.679207920792079
3,293,1498,6.762349799732977
3,294,1535,6.658631921824104
3,295,1543,6.635126377187297
3,296,1539,6.650422352176738
3,297,1547,6.702003878474467
3,298,1543,6.712896953985742
3,299,1537,6.86857514638907
3,300,1540,6.892857142857143
3,301,1560,6.898076923076923
3,302,1545,6.987702265372168
3,303,1529,6.863963374754742
3,304,1562,6.891165172855314
3,305,1588,6.720403022670025
3,306,1592,6.681532663316583
3,307,1646,6.487241798298906
3,308,1639,6.547895057962172
3,309,1642,6.521315468940316
3,310,1665,6.58978978978979
3,311,1677,6.627906976744186
3,312,1692,6.66903073286052
3,313,1709,6.63662960795787
3,314,1750,6.617714285714285
3,315,1784,6.589686098654709
3,316,1774,6.7119503945885
3,317,1816,6.69988986784141
3,318,1823,6.759188151398793
3,319,1826,6.909090909090909
3,320,1823,6.888096544157982
3,321,1796,6.929844097995546
3,322,1816,6.963656387665198
3,323,1821,6.847336628226249
3,324,1850,6.844324324324324
3,325,1820,6.751648351648352
3,326,1824,6.81140350877193
3,327,1837,6.833424060968971
3,328,1856,6.810883620689655
3,329,1831,6.939923539049699
3,330,1804,6.937915742793791
3,331,1818,6.7667766776677665
3,332,1820,6.8780219780219785
3,333,1850,6.811351351351352
3,334,1834,6.80370774263904
3,335,1835,6.735694822888283
3,336,1857,6.665589660743134
3,337,1878,6.65122470713525
3,338,1885,6.726259946949602
3,339,1888,6.682203389830509
3,340,1909,6.688318491356731
3,341,1941,6.7001545595054095
3,342,1941,6.636269963936115
3,343,1909,6.73074908328968
3,344,1908,6.809224318658281
3,345,1920,6.760416666666667
3,346,1919,6.8264721208963
3,347,1922,6.753902185223725
3,348,1967,6.667513980681241
3,349,2005,6.610972568578553
3,350,2012,6.607852882703777
3,351,2002,6.588411588411589
3,352,1991,6.5796082370668
3,353,1996,6.630260521042084
3,354,2017,6.62816063460585
3,355,2013,6.733233979135618
3,356,1993,6.739588559959859
3,357,1999,6.655327663831916
3,358,2023,6.719228868017796
3,359,2021,6.782780801583375
3,360,2057,6.772484200291687
3,361,2059,6.756192326372025
3,362,2037,6.771232204221895
3,363,2041,6.775110240078393
3,364,2030,6.761083743842365
3,365,2019,6.726597325408618
3,366,2046,6.602639296187683
3,367,2036,6.626719056974459
3,368,2047,6.595994137762579
3,369,2037,6.577810505645557
3,370,2046,6.586510263929619
3,371,2072,6.539092664092664
3,372,2075,6.541204819277109
3,373,2082,6.618635926993275
3,374,2067,6.686985970004838
3,375,2072,6.735521235521236
3,376,2084,6.752399232245681
3,377,2073,6.7626628075253254
3,378,2062,6.719689621726479
3,379,2072,6.758687258687258
3,380,2058,6.69533527696793
3,381,2076,6.613680154142582
3,382,2082,6.721902017291066
3,383,2021,6.824839188520534
3,384,1990,6.8487437185929645
3,385,1964,6.865580448065173
3,386,1997,6.906359539308964
3,387,2010,6.876119402985075
3,388,2011,6.846842366981601
3,389,2004,6.918163672654691
3,390,2007,6.871449925261585
3,391,1988,6.9220321931589535
3,392,1947,6.953261427837699
3,393,1925,6.936103896103896
3,394,1943,6.958826556870818
3,395,1970,6.956852791878172
3,396,1949,6.840430990251411
3,397,1908,6.844863731656185
3,398,1938,6.825077399380805
3,399,1958,6.845250255362615
3,400,1969,6.837988826815643
4,0,20,0.0
4,1,20,1.0
4,2,20,2.0
4,3,20,3.0
4,4,20,4.0
4,5,20,5.0
4,6,20,6.0
4,7,20,7.0
4,8,20,8.0
4,9,24,7.5
4,10,30,6.8
4,11,36,6.5
4,12,42,6.428571428571429
4,13,47,6.361702127659575
4,14,47,7.361702127659575
4,15,51,7.705882352941177
4,16,57,7.7894736842105265
4,17,61,8.21311475409836
4,18,61,8.80327868852459
4,19,68,8.235294117647058
4,20,71,8.56338028169014
4,21,82,8.207317073170731
4,22,89,8.202247191011235
4,23,89,8.224719101123595
4,24,93,8.741935483870968
4,25,98,8.591836734693878
4,26,106,7.764150943396227
4,27,114,7.631578947368421
4,28,126,7.253968253968254
4,29,129,7.9689922480620154
4,30,137,7.927007299270073
4,31,148,7.70945945945946
4,32,156,6.903846153846154
4,33,155,7.606451612903226
4,34,158,8.164556962025317
4,35,150,8.346666666666666
4,36,156,8.365384615384615
4,37,148,8.216216216216216
4,38,147,8.394557823129253
4,39,146,8.732876712328768
4,40,159,8.251572327044025
4,41,163,7.883435582822086
4,42,166,8.018072289156626
4,43,173,7.676300578034682
4,44,171,7.842105263157895
4,45,176,7.9602272727272725
4,46,179,7.17877094972067
4,47,188,7.026595744680851
4,48,194,6.453608247422681
4,49,197,6.624365482233503
4,50,209,6.822966507177034
4,51,229,6.4104803493449785
4,52,240,6.495833333333334
4,53,252,6.51984126984127
4,54,259,6.7335907335907335
4,55,264,6.734848484848484
4,56,274,6.755474452554744
4,57,275,6.956363636363636
4,58,278,6.658273381294964
4,59,275,7.047272727272727
4,60,280,6.982142857142857
4,61,279,7.057347670250896
4,62,286,7.094405594405594
4,63,294,6.9353741496598635
4,64,300,6.613333333333333
4,65,307,6.625407166123779
4,66,304,6.963815789473684
4,67,311,7.07395498392283
4,68,305,7.252459016393443
4,69,309,7.155339805825243
4,70,314,6.942675159235669
4,71,309,7.148867313915858
4,72,305,7.2918032786885245
4,73,306,6.869281045751634
4,74,305,7.091803278688524
4,75,309,7.171521035598706
4,76,300,7.36
4,77,289,7.498269896193771
4,78,290,7.355172413793103
4,79,302,6.725165562913907
4,80,327,6.5504587155963305
4,81,331,6.561933534743202
4,82,334,6.188622754491018
4,83,335,6.37910447761194
4,84,352,6.426136363636363
4,85,345,6.6869565217391305
4,86,342,6.941520467836257
4,87,344,6.7354651162790695
4,88,341,7.108504398826979
4,89,362,6.975138121546961
4,90,352,7.005681818181818
4,91,344,6.9854651162790695
4,92,357,6.92436974789916
4,93,368,6.9021739130434785
4,94,382,6.900523560209424
4,95,369,7.086720867208672
4,96,381,7.002624671916011
4,97,391,6.971867007672635
4,98,402,6.855721393034826
4,99,412,6.783980582524272
4,100,411,6.800486618004866
4,101,413,6.774818401937046
4,102,412,6.694174757281553
4,103,412,6.75
4,104,409,6.938875305623472
4,105,410,7.075609756097561
4,106,416,7.040865384615385
4,107,433,6.9422632794457275
4,108,435,7.071264367816092
4,109,431,6.886310904872389
4,110,418,7.124401913875598
4,111,414,6.891304347826087
4,112,419,6.782816229116945
4,113,431,6.807424593967517
4,114,446,6.755605381165919
4,115,442,7.020361990950226
4,116,445,7.0539325842696625
4,117,435,6.917241379310345
4,118,425,6.8494117647058825
4,119,439,6.528473804100228
4,120,457,6.413566739606127
4,121,453,6.49448123620309
4,122,442,6.649321266968326
4,123,444,6.637387387387387
4,124,442,6.843891402714932
4,125,457,6.597374179431072
4,126,459,6.729847494553377
4,127,464,6.989224137931035
4,128,466,7.017167381974249
4,129,458,6.9475982532751095
4,130,472,6.86864406779661
4,131,470,6.923404255319149
4,132,450,6.96
4,133,430,7.095348837209302
4,134,411,7.343065693430657
4,135,409,7.420537897310513
4,136,421,7.199524940617577
4,137,422,7.170616113744076
4,138,417,7.052757793764988
4,139,429,6.801864801864802
4,140,441,6.5396825396825395
4,141,445,6.575280898876405
4,142,454,6.557268722466961
4,143,443,6.747178329571106
4,144,460,6.595652173913043
4,145,452,6.517699115044247
4,146,452,6.592920353982301
4,147,445,6.50561797752809
4,148,476,6.527310924369748
4,149,475,6.604210526315789
4,150,478,6.652719665271967
4,151,485,6.742268041237113
4,152,482,6.6037344398340245
4,153,474,6.753164556962025
4,154,472,6.830508474576271
4,155,476,6.985294117647059
4,156,462,6.85064935064935
4,157,475,6.772631578947369
4,158,482,6.941908713692946
4,159,481,6.88981288981289
4,160,494,6.9757085020242915
4,161,490,6.838775510204082
4,162,485,6.830927835051546
4,163,485,6.828865979381443
4,164,479,6.77035490605428
4,165,456,6.9605263157894735
4,166,453,6.867549668874172
4,167,461,6.759219088937093
4,168,469,6.91044776119403
4,169,460,6.85
4,170,463,7.05183585313175
4,171,465,7.094623655913979
4,172,485,6.845360824742268
4,173,483,6.859213250517598
4,174,476,6.5210084033613445
4,175,469,6.660980810234541
4,176,466,6.8111587982832615
4,177,448,7.040178571428571
4,178,458,7.139737991266376
4,179,463,6.94816414686825
4,180,464,6.978448275862069
4,181,471,7.235668789808917
4,182,489,6.997955010224949
4,183,488,6.618852459016393
4,184,487,6.728952772073922
4,185,474,6.89662447257384
4,186,485,6.91958762886598
4,187,465,6.963440860215054
4,188,480,6.764583333333333
4,189,483,6.805383022774327
4,190,474,6.837552742616034
4,191,466,6.901287553648069
4,192,489,6.689161554192229
4,193,496,6.75
4,194,485,6.804123711340206
4,195,492,6.821138211382114
4,196,495,6.947474747474748
4,197,489,6.7975460122699385
4,198,498,7.028112449799197
4,199,480,7.033333333333333
4,200,474,7.261603375527426
4,201,472,7.088983050847458
4,202,470,7.097872340425532
4,203,473,7.167019027484144
4,204,490,6.93265306122449
4,205,496,7.038306451612903
4,206,485,6.997938144329897
4,207,483,6.867494824016563
4,208,477,6.511530398322851
4,209,486,6.518518518518518
4,210,496,6.610887096774194
4,211,495,6.567676767676768
4,212,493,6.679513184584178
4,213,503,6.751491053677932
4,214,511,6.628180039138943
4,215,517,6.804642166344294
4,216,503,6.90258449304175
4,217,490,6.9918367346938775
4,218,480,7.116666666666666
4,219,476,7.09453781512605
4,220,456,7.177631578947368
4,221,465,7.068817204301075
4,222,483,7.070393374741201
4,223,516,6.827519379844961
4,224,515,6.679611650485437
4,225,511,6.710371819960861
4,226,510,6.856862745098039
4,227,518,6.891891891891892
4,228,518,7.1061776061776065
4,229,515,7.112621359223301
4,230,509,6.919449901768173
4,231,518,7.038610038610039
4,232,541,6.911275415896488
4,233,547,6.822669104204754
4,234,555,6.657657657657658
4,235,564,6.851063829787234
4,236,589,6.567062818336163
4,237,584,6.821917808219178
4,238,583,7.008576329331047
4,239,589,7.071307300509337
4,240,592,7.140202702702703
4,241,593,7.139966273187184
4,242,608,7.2368421052631575
4,243,597,6.936348408710217
4,244,596,6.901006711409396
4,245,618,6.8381877022653725
4,246,622,6.620578778135048
4,247,638,6.700626959247649
4,248,617,6.888168557536467
4,249,614,6.835504885993485
4,250,621,6.8969404186795495
4,251,611,7.0212765957446805
4,252,617,7.0
4,253,627,6.926634768740032
4,254,618,6.977346278317152
4,255,638,6.746081504702194
4,256,638,6.523510971786834
4,257,668,6.426646706586826
4,258,681,6.477239353891337
4,259,702,6.596866096866097
4,260,691,6.849493487698987
4,261,690,6.910144927536232
4,262,697,6.81635581061693
4,263,711,6.894514767932489
4,264,730,6.942465753424657
4,265,747,6.828647925033467
4,266,752,6.797872340425532
4,267,768,6.717447916666667
4,268,791,6.673830594184577
4,269,808,6.642326732673268
4,270,800,6.76125
4,271,798,6.964912280701754
4,272,799,7.214017521902378
4,273,811,6.9753390875462395
4,274,820,6.974390243902439
4,275,818,7.052567237163815
4,276,825,7.036363636363636
4,277,836,6.8708133971291865
4,278,841,6.8680142687277055
4,279,874,6.7837528604119
4,280,880,6.85
4,281,899,6.915461624026697
4,282,899,6.8687430478309235
4,283,883,7.031710079275198
4,284,900,6.907777777777778
4,285,901,6.897891231964484
4,286,900,6.9222222222222225
4,287,886,7.012415349887133
4,288,887,6.8782412626832015
4,289,895,6.957541899441341
4,290,933,6.871382636655949
4,291,917,6.893129770992366
4,292,905,6.896132596685083
4,293,909,6.84928492849285
4,294,912,6.7269736842105265
4,295,895,6.701675977653632
4,296,898,6.8162583518930955
4,297,868,6.934331797235023
4,298,884,6.9468325791855206
4,299,879,7.070534698521047
4,300,884,7.159502262443439
4,301,897,7.010033444816053
4,302,916,6.905021834061135
4,303,927,6.8381877022653725
4,304,923,6.728060671722644
4,305,944,6.6684322033898304
4,306,951,6.737118822292324
4,307,945,6.757671957671958
4,308,937,6.773745997865528
4,309,938,7.028784648187633
4,310,957,6.990595611285267
4,311,947,7.072861668426611
4,312,943,7.096500530222693
4,313,943,6.992576882290562
4,314,922,7.093275488069414
4,315,915,6.956284153005464
4,316,903,6.95016611295681
4,317,905,6.9955801104972375
4,318,902,6.863636363636363
4,319,905,6.912707182320442
4,320,926,6.863930885529157
4,321,919,7.040261153427639
4,322,900,7.148888888888889
4,323,900,7.155555555555556
4,324,932,7.148068669527897
4,325,939,6.98615548455804
4,326,971,6.7806385169927905
4,327,1004,6.6782868525896415
4,328,1007,6.593843098311817
4,329,1013,6.568608094768016
4,330,996,6.669678714859438
4,331,978,6.793456032719837
4,332,968,6.916322314049586
4,333,963,6.895119418483905
4,334,985,6.960406091370558
4,335,976,6.973360655737705
4,336,975,6.922051282051282
4,337,1000,6.858
4,338,1016,6.791338582677166
4,339,1020,6.8803921568627455
4,340,1001,6.9130869130869135
4,341,1014,6.842209072978304
4,342,997,6.968906720160481
4,343,988,6.979757085020243
4,344,1000,6.996
4,345,1002,6.932135728542915
4,346,1010,6.9504950495049505
4,347,1009,6.957383548067393
4,348,999,7.081081081081081
4,349,1005,7.007960199004975
4,350,1009,7.0118929633300295
4,351,1021,7.06562193927522
4,352,1036,6.980694980694981
4,353,1074,6.760707635009311
4,354,1058,6.7684310018903595
4,355,1052,6.619771863117871
4,356,1031,6.659553831231814
4,357,1055,6.650236966824645
4,358,1017,6.694198623402163
4,359,984,6.859756097560975
4,360,985,7.122842639593909
4,361,971,7.19773429454171
4,362,963,7.202492211838006
4,363,961,7.148803329864724
4,364,956,7.2238493723849375
4,365,961,7.192507804370448
4,366,977,7.036847492323439
4,367,979,6.8907048008171605
4,368,982,6.84826883910387
4,369,992,6.90625
4,370,987,6.913880445795339
4,371,992,7.001008064516129
4,372,1000,6.747
4,373,961,6.894901144640999
4,374,951,6.909568874868559
4,375,962,6.892931392931393
4,376,991,6.7648839556004035
4,377,996,6.857429718875502
4,378,1024,6.884765625
4,379,1027,6.886075949367089
4,380,1050,6.767619047619047
4,381,1039,6.748796920115495
4,382,1040,6.644230769230769
4,383,1042,6.776391554702495
4,384,1032,6.8313953488372094
4,385,1030,6.898058252427185
4,386,1020,6.9676470588235295
4,387,997,7.0471414242728185
4,388,992,7.117943548387097
4,389,980,6.889795918367347
4,390,984,6.9888211382113825
4,391,996,6.744979919678715
4,392,999,6.771771771771772
4,393,1019,6.663395485770363
4,394,1046,6.579349904397706
4,395,1051,6.64605137963844
4,396,1076,6.7184014869888475
4,397,1074,6.667597765363128
4,398,1050,6.685714285714286
4,399,1068,6.657303370786517
4,400,1073,6.474370922646785
5,0,20,0.0
5,1,20,1.0
5,2,20,2.0
5,3,20,3.0
5,4,20,4.0
5,5,20,5.0
5,6,20,6.0
5,7,20,7.0
5,8,20,8.0
5,9,26,6.923076923076923
5,10,32,6.4375
5,11,36,6.611111111111111
5,12,36,7.611111111111111
5,13,38,8.157894736842104
5,14,44,7.909090909090909
5,15,47,8.212765957446809
5,16,51,8.490196078431373
5,17,53,8.679245283018869
5,18,59,8.23728813559322
5,19,63,8.65079365079365
5,20,70,8.114285714285714
5,21,75,8.16
5,22,84,8.023809523809524
5,23,82,8.731707317073171
5,24,96,8.010416666666666
5,25,107,7.934579439252336
5,26,110,8.072727272727272
5,27,115,8.139130434782608
5,28,120,8.158333333333333
5,29,117,8.393162393162394
5,30,124,8.169354838709678
5,31,139,7.956834532374101
5,32,140,6.964285714285714
5,33,144,7.284722222222222
5,34,147,7.73469387755102
5,35,158,7.367088607594937
5,36,165,7.224242424242425
5,37,164,7.2317073170731705
5,38,169,7.585798816568047
5,39,173,7.566473988439307
5,40,183,7.808743169398907
5,41,181,7.9779005524861875
5,42,197,7.654822335025381
5,43,204,8.196078431372548
5,44,208,8.384615384615385
5,45,204,8.436274509803921
5,46,196,8.801020408163266
5,47,200,8.8
5,48,207,8.579710144927537
5,49,212,8.13679245283019
5,50,215,8.046511627906977
5,51,223,8.125560538116591
5,52,227,8.185022026431717
5,53,242,7.987603305785124
5,54,258,7.651162790697675
5,55,262,7.1679389312977095
5,56,258,7.352713178294573
5,57,269,7.133828996282528
5,58,268,7.145522388059701
5,59,272,7.2463235294117645
5,60,293,7.085324232081911
5,61,297,7.053872053872054
5,62,301,7.099667774086379
5,63,315,7.241269841269841
5,64,325,7.095384615384615
5,65,331,7.027190332326284
5,66,336,6.848214285714286
5,67,334,6.913173652694611
5,68,341,6.818181818181818
5,69,354,6.720338983050848
5,70,356,6.764044943820225
5,71,365,6.652054794520548
5,72,369,6.753387533875339
5,73,377,7.0
5,74,393,6.916030534351145
5,75,388,6.739690721649485
5,76,400,6.65
5,77,412,6.941747572815534
5,78,414,7.171497584541063
5,79,412,6.968446601941747
5,80,408,7.007352941176471
5,81,401,7.0448877805486285
5,82,415,6.927710843373494
5,83,409,7.2200488997555015
5,84,412,7.116504854368932
5,85,406,7.315270935960591
5,86,397,7.498740554156171
5,87,405,7.348148148148148
5,88,400,7.4975
5,89,394,7.4238578680203045
5,90,393,7.435114503816794
5,91,403,7.315136476426799
5,92,398,7.339195979899498
5,93,398,7.188442211055277
5,94,416,6.834134615384615
5,95,416,7.03125
5,96,413,6.854721549636804
5,97,423,6.962174940898345
5,98,427,6.709601873536299
5,99,423,6.84160756501182
5,100,435,6.813793103448276
5,101,442,6.755656108597285
5,102,432,6.675925925925926
5,103,442,6.85972850678733
5,104,458,6.897379912663755
5,105,464,6.9719827586206895
5,106,463,7.015118790496761
5,107,437,7.121281464530893
5,108,447,7.022371364653244
5,109,440,7.093181818181818
5,110,445,7.09438202247191
5,111,439,6.938496583143508
5,112,458,6.8056768558951966
5,113,462,6.876623376623376
5,114,467,6.873661670235546
5,115,482,6.981327800829876
5,116,493,6.849898580121704
5,117,493,6.764705882352941
5,118,498,6.9156626506024095
5,119,515,6.732038834951457
5,120,504,6.890873015873016
5,121,479,6.914405010438413
5,122,485,6.936082474226804
5,123,486,6.903292181069959
5,124,474,7.012658227848101
5,125,490,7.128571428571429
5,126,493,6.813387423935091
5,127,473,6.987315010570825
5,128,472,7.0190677966101696
5,129,484,6.836776859504132
5,130,473,6.835095137420719
5,131,459,7.150326797385621
5,132,458,7.06113537117904
5,133,433,7.124711316397229
5,134,415,7.289156626506024
5,135,433,7.113163972286374
5,136,443,7.187358916478555
5,137,454,7.033039647577093
5,138,472,6.879237288135593
5,139,492,6.662601626016261
5,140,504,6.60515873015873
5,141,511,6.602739726027397
5,142,519,6.732177263969171
5,143,525,6.706666666666667
5,144,550,6.618181818181818
5,145,532,6.859022556390977
5,146,528,7.03219696969697
5,147,541,6.88724584103512
5,148,559,6.799642218246869
5,149,556,6.719424460431655
5,150,552,6.800724637681159
5,151,559,7.017889087656529
5,152,570,7.107017543859649
5,153,579,7.001727115716753
5,154,589,6.955857385398981
5,155,590,6.733898305084746
5,156,599,6.756260434056761
5,157,605,6.535537190082644
5,158,615,6.575609756097561
5,159,622,6.477491961414791
5,160,620,6.562903225806451
5,161,634,6.7933753943217665
5,162,633,6.996840442338073
5,163,648,7.058641975308642
5,164,672,6.892857142857143
5,165,680,6.963235294117647
5,166,701,6.865905848787446
5,167,720,6.669444444444444
5,168,719,6.710709318497914
5,169,730,6.661643835616438
5,170,736,6.71875
5,171,717,6.818688981868898
5,172,729,6.901234567901234
5,173,744,6.818548387096774
5,174,743,6.787348586810229
5,175,749,6.966622162883845
5,176,758,6.879947229551451
5,177,778,6.726221079691516
5,178,792,6.819444444444445
5,179,780,6.817948717948718
5,180,797,6.66624843161857
5,181,805,6.765217391304348
5,182,794,6.889168765743073
5,183,806,6.931761786600497
5,184,829,6.899879372738239
5,185,834,6.86810551558753
5,186,856,6.699766355140187
5,187,854,6.76463700234192
5,188,848,7.0165094339622645
5,189,845,7.048520710059171
5,190,831,6.941034897713598
5,191,832,7.144230769230769
5,192,830,7.059036144578314
5,193,832,7.013221153846154
5,194,830,7.048192771084337
5,195,846,6.956264775413712
5,196,835,6.87185628742515
5,197,835,6.880239520958084
5,198,837,6.931899641577061
5,199,828,7.056763285024155
5,200,833,7.090036014405762
5,201,831,7.062575210589651
5,202,827,7.0024183796856105
5,203,815,6.851533742331289
5,204,834,6.711031175059952
5,205,850,6.697647058823529
5,206,857,6.688448074679113
5,207,860,6.713953488372093
5,208,874,6.802059496567506
5,209,870,6.937931034482759
5,210,846,7.044917257683215
5,211,838,7.002386634844869
5,212,855,6.818713450292398
5,213,865,6.635838150289017
5,214,878,6.5842824601366745
5,215,887,6.650507328072154
5,216,930,6.63010752688172
5,217,921,6.5689467969598265
5,218,924,6.738095238095238
5,219,950,6.6021052631578945
5,220,955,6.643979057591623
5,221,941,6.861849096705632
5,222,951,6.837013669821241
5,223,960,7.019791666666666
5,224,959,6.930135557872784
5,225,966,7.056935817805383
5,226,987,7.018237082066869
5,227,986,6.932048681541582
5,228,972,6.762345679012346
5,229,982,6.741344195519348
5,230,993,6.707955689828801
5,231,982,6.715885947046843
5,232,977,6.610030706243603
5,233,988,6.686234817813765
5,234,968,6.7365702479338845
5,235,952,6.832983193277311
5,236,951,6.794952681388013
5,237,951,7.063091482649842
5,238,975,6.796923076923077
5,239,974,6.73305954825462
5,240,997,6.712136409227683
5,241,1012,6.706521739130435
5,242,1026,6.674463937621832
5,243,1027,6.66601752677702
5,244,1023,6.9071358748778104
5,245,1024,6.9287109375
5,246,1037,6.934426229508197
5,247,1029,6.829931972789115
5,248,1019,6.781157998037291
5,249,986,6.856997971602434
5,250,983,6.846388606307222
5,251,1002,6.754491017964072
5,252,1010,6.736633663366336
5,253,1013,6.829220138203357
5,254,1053,6.8765432098765435
5,255,1047,6.871060171919771
5,256,1068,6.796816479400749
5,257,1076,6.58550185873606
5,258,1075,6.589767441860465
5,259,1056,6.777462121212121
5,260,1059,6.792256846081209
5,261,1062,6.861581920903955
5,262,1052,6.91254752851711
5,263,1044,6.800766283524904
5,264,1075,6.729302325581395
5,265,1060,6.75
5,266,1068,6.838014981273409
5,267,1077,6.8672237697307335
5,268,1081,7.006475485661425
5,269,1093,6.897529734675206
5,270,1089,7.008264462809917
5,271,1090,6.990825688073395
5,272,1100,6.932727272727273
5,273,1112,6.841726618705036
5,274,1120,6.879464285714286
5,275,1140,6.792982456140351
5,276,1171,6.593509820666097
5,277,1151,6.768896611642051
5,278,1163,6.850386930352537
5,279,1155,6.821645021645022
5,280,1153,6.72419774501301
5,281,1132,6.760600706713781
5,282,1146,6.800174520069808
5,283,1153,6.732003469210754
5,284,1194,6.641541038525963
5,285,1213,6.600989282769992
5,286,1219,6.7497949138638225
5,287,1261,6.610626486915146
5,288,1238,6.666397415185783
5,289,1241,6.663980660757454
5,290,1260,6.670634920634921
5,291,1267,6.653512233622731
5,292,1241,6.752618855761483
5,293,1240,6.699193548387097
5,294,1232,6.70698051948052
5,295,1238,6.735864297253635
5,296,1250,6.776
5,297,1244,6.760450160771704
5,298,1227,6.8557457212713935
5,299,1247,6.80112269446672
5,300,1257,6.727923627684964
5,301,1255,6.58406374501992
5,302,1272,6.57311320754717
5,303,1266,6.5545023696682465
5,304,1258,6.5659777424483305
5,305,1256,6.519108280254777
5,306,1263,6.605700712589074
5,307,1261,6.73513084853291
5,308,1279,6.6434714620797495
5,309,1276,6.617554858934169
5,310,1279,6.7122752150117275
5,311,1278,6.708137715179968
5,312,1284,6.8465732087227416
5,313,1277,6.78778386844166
5,314,1260,6.901587301587302
5,315,1263,6.912905779889153
5,316,1245,6.967068273092369
5,317,1207,7.055509527754764
5,318,1246,6.941412520064206
5,319,1258,6.835453100158983
5,320,1286,6.712286158631415
5,321,1302,6.671274961597542
5,322,1326,6.635746606334842
5,323,1331,6.8317054845980465
5,324,1343,6.916604616530156
5,325,1334,6.925787106446776
5,326,1337,6.869857890800299
5,327,1303,6.806600153491941
5,328,1310,6.752671755725191
5,329,1318,6.636570561456753
5,330,1326,6.6523378582202115
5,331,1336,6.80314371257485
5,332,1332,6.864864864864865
5,333,1360,6.823529411764706
5,334,1345,6.933828996282528
5,335,1318,6.8945371775417295
5,336,1320,6.868939393939394
5,337,1347,6.8374164810690425
5,338,1352,6.710798816568047
5,339,1336,6.816616766467066
5,340,1328,6.856927710843373
5,341,1329,6.8487584650112865
5,342,1284,6.873831775700935
5,343,1290,6.810852713178295
5,344,1325,6.59622641509434
5,345,1339,6.671396564600448
5,346,1330,6.654887218045113
5,347,1354,6.635155096011816
5,348,1365,6.752380952380952
5,349,1337,6.94091249065071
5,350,1311,6.907704042715484
5,351,1325,6.790188679245283
5,352,1319,6.7733131159969675
5,353,1337,6.693343305908751
5,354,1320,6.737121212121212
5,355,1293,6.650425367362723
5,356,1276,6.730407523510972
5,357,1276,6.803291536050157
5,358,1284,6.817757009345795
5,359,1269,6.889676910953507
5,360,1260,6.835714285714285
5,361,1249,6.858286629303443
5,362,1240,6.766935483870967
5,363,1216,6.948190789473684
5,364,1221,6.931203931203931
5,365,1231,6.825345247766044
5,366,1194,6.88609715242881
5,367,1201,6.868442964196503
5,368,1198,6.74457429048414
5,369,1236,6.665857605177994
5,370,1218,6.7298850574712645
5,371,1203,6.743973399833749
5,372,1162,6.740963855421687
5,373,1165,6.789699570815451
5,374,1186,6.762225969645868
5,375,1177,6.859813084112149
5,376,1187,6.861836562763269
5,377,1185,6.80253164556962
5,378,1242,6.718196457326892
5,379,1260,6.636507936507937
5,380,1251,6.619504396482814
5,381,1218,6.704433497536946
5,382,1190,6.752941176470588
5,383,1233,6.680454176804542
5,384,1227,6.574572127139365
5,385,1202,6.70216306156406
5,386,1200,6.83
5,387,1178,6.828522920203735
5,388,1175,6.757446808510639
5,389,1189,6.820016820857863
5,390,1226,6.68678629690049
5,391,1214,6.909390444810544
5,392,1206,6.951907131011609
5,393,1212,6.788778877887789
5,394,1238,6.710823909531502
5,395,1215,6.748971193415638
5,396,1225,6.643265306122449
5,397,1222,6.668576104746317
5,398,1184,6.722128378378378
5,399,1193,6.620284995808885
5,400,1185,6.5620253164556965
6,0,20,0.0
6,1,20,1.0
6,2,20,2.0
6,3,20,3.0
6,4,20,4.0
6,5,20,5.0
6,6,20,6.0
6,7,20,7.0
6,8,20,8.0
6,9,28,6.428571428571429
6,10,36,5.777777777777778
6,11,48,5.083333333333333
6,12,50,5.84
6,13,59,5.796610169491525
6,14,61,6.573770491803279
6,15,62,7.370967741935484
6,16,70,7.228571428571429
6,17,82,6.939024390243903
6,18,90,7.233333333333333
6,19,92,7.858695652173913
6,20,95,7.88421052631579
6,21,104,7.711538461538462
6,22,114,7.640350877192983
6,23,115,8.191304347826087
6,24,115,8.365217391304348
6,25,112,8.723214285714286
6,26,112,8.982142857142858
6,27,122,8.549180327868852
6,28,130,8.415384615384616
6,29,137,8.576642335766424
6,30,147,8.156462585034014
6,31,163,7.460122699386503
6,32,162,7.185185185185185
6,33,171,7.368421052631579
6,34,178,7.331460674157303
6,35,193,7.3264248704663215
6,36,204,7.352941176470588
6,37,208,7.235576923076923
6,38,209,7.430622009569378
6,39,211,7.436018957345971
6,40,212,7.3254716981132075
6,41,212,7.745283018867925
6,42,223,7.116591928251121
6,43,233,6.905579399141631
6,44,236,6.978813559322034
6,45,242,7.070247933884297
6,46,243,6.897119341563786
6,47,247,7.048582995951417
6,48,251,7.111553784860558
6,49,246,6.845528455284553
6,50,247,7.089068825910931
6,51,243,7.283950617283951
6,52,248,7.346774193548387
6,53,245,7.583673469387755
6,54,254,7.437007874015748
6,55,269,7.070631970260223
6,56,273,6.761904761904762
6,57,273,6.827838827838828
6,58,277,6.931407942238267
6,59,274,6.981751824817518
6,60,286,7.024475524475524
6,61,279,7.243727598566308
6,62,277,7.393501805054152
6,63,276,6.956521739130435
6,64,276,7.188405797101449
6,65,287,6.70383275261324
6,66,283,6.706713780918728
6,67,288,6.861111111111111
6,68,286,7.083916083916084
6,69,294,7.51360544217687
6,70,299,7.615384615384615
6,71,302,7.28476821192053
6,72,322,6.673913043478261
6,73,321,6.585669781931464
6,74,319,6.764890282131661
6,75,325,6.941538461538461
6,76,321,6.766355140186916
6,77,332,6.674698795180723
6,78,334,6.476047904191617
6,79,351,6.2592592592592595
6,80,351,6.418803418803419
6,81,348,6.706896551724138
6,82,355,6.628169014084507
6,83,349,6.951289398280802
6,84,359,7.103064066852368
6,85,358,7.243016759776537
6,86,357,7.215686274509804
6,87,366,7.256830601092896
6,88,364,7.236263736263736
6,89,382,7.107329842931938
6,90,371,7.1482479784366575
6,91,368,7.059782608695652
6,92,385,7.049350649350649
6,93,393,7.10941475826972
6,94,400,7.225
6,95,397,6.947103274559194
6,96,387,7.0671834625323
6,97,374,7.077540106951871
6,98,369,7.197831978319783
6,99,358,6.988826815642458
6,100,357,6.890756302521009
6,101,356,6.758426966292135
6,102,361,7.0055401662049865
6,103,370,7.213513513513513
6,104,381,7.107611548556431
6,105,373,6.898123324396783
6,106,389,6.843187660668381
6,107,379,7.005277044854881
6,108,372,7.064516129032258
6,109,385,7.119480519480519
6,110,364,7.315934065934066
6,111,369,7.615176151761518
6,112,370,7.372972972972973
6,113,356,7.323033707865169
6,114,350,7.405714285714286
6,115,367,7.29700272479564
6,116,382,6.869109947643979
6,117,373,6.737265415549598
6,118,373,6.806970509383378
6,119,371,6.92722371967655
6,120,373,6.7828418230563
6,121,372,6.962365591397849
6,122,374,6.9866310160427805
6,123,366,6.89344262295082
6,124,375,6.754666666666667
6,125,380,6.58421052631579
6,126,368,6.788043478260869
6,127,366,7.040983606557377
6,128,371,7.018867924528302
6,129,371,6.997304582210242
6,130,376,7.151595744680851
6,131,373,7.297587131367292
6,132,378,6.981481481481482
6,133,379,6.828496042216359
6,134,372,6.631720430107527
6,135,373,6.7158176943699734
6,136,373,6.7399463806970505
6,137,371,6.781671159029649
6,138,358,6.955307262569832
6,139,364,6.9010989010989015
6,140,360,7.105555555555555
6,141,341,7.158357771260997
6,142,332,7.256024096385542
6,143,326,7.447852760736196
6,144,309,7.5210355987055015
6,145,307,7.592833876221499
6,146,280,7.621428571428571
6,147,289,7.131487889273356
6,148,296,7.111486486486487
6,149,307,6.778501628664495
6,150,311,6.842443729903537
6,151,301,6.843853820598007
6,152,317,6.753943217665615
6,153,325,6.92
6,154,331,6.7975830815709966
6,155,335,6.865671641791045
6,156,340,7.061764705882353
6,157,327,7.174311926605505
6,158,343,7.005830903790088
6,159,347,6.893371757925072
6,160,350,7.248571428571428
6,161,347,7.129682997118156
6,162,355,7.0084507042253525
6,163,355,7.092957746478874
6,164,370,7.097297297297297
6,165,366,7.224043715846994
6,166,348,7.221264367816092
6,167,341,7.328445747800586
6,168,359,7.264623955431754
6,169,363,7.633608815426998
6,170,361,7.476454293628809
6,171,366,7.543715846994536
6,172,352,7.6477272727272725
6,173,359,7.264623955431754
6,174,360,6.886111111111111
6,175,364,6.6923076923076925
6,176,383,6.7676240208877285
6,177,382,6.850785340314136
6,178,392,7.010204081632653
6,179,387,6.679586563307494
6,180,388,6.657216494845361
6,181,372,6.81989247311828
6,182,378,6.698412698412699
6,183,396,6.570707070707071
6,184,398,6.78140703517588
6,185,397,6.664987405541562
6,186,398,6.78140703517588
6,187,409,6.613691931540342
6,188,413,6.803874092009686
6,189,434,6.444700460829493
6,190,439,6.65375854214123
6,191,442,6.622171945701357
6,192,432,6.729166666666667
6,193,434,6.813364055299539
6,194,431,6.642691415313225
6,195,433,6.561200923787529
6,196,438,6.360730593607306
6,197,454,6.436123348017621
6,198,439,6.808656036446469
6,199,429,7.0
6,200,453,6.757174392935982
6,201,469,6.938166311300639
6,202,469,6.863539445628998
6,203,486,6.757201646090535
6,204,485,6.905154639175258
6,205,492,6.560975609756097
6,206,494,6.445344129554656
6,207,514,6.418287937743191
6,208,502,6.655378486055777
6,209,501,6.872255489021956
6,210,511,6.909980430528376
6,211,523,6.804971319311663
6,212,538,6.776951672862453
6,213,554,6.889891696750903
6,214,541,6.857670979667283
6,215,531,6.958568738229755
6,216,531,6.951035781544256
6,217,530,6.960377358490566
6,218,523,7.007648183556405
6,219,537,7.068901303538175
6,220,537,7.182495344506518
6,221,541,7.10720887245841
6,222,549,6.892531876138434
6,223,542,7.07380073800738
6,224,534,7.121722846441948
6,225,541,7.072088724584104
6,226,538,7.161710037174721
6,227,542,7.012915129151292
6,228,542,6.795202952029521
6,229,537,6.761638733705773
6,230,544,6.862132352941177
6,231,555,6.756756756756757
6,232,549,7.138433515482696
6,233,527,7.337760910815939
6,234,520,7.501923076923077
6,235,507,7.406311637080868
6,236,506,7.270750988142293
6,237,496,7.229838709677419
6,238,493,7.164300202839756
6,239,517,6.949709864603482
6,240,523,6.736137667304015
6,241,542,6.607011070110701
6,242,551,6.656987295825771
6,243,546,6.604395604395604
6,244,552,6.682971014492754
6,245,543,6.52670349907919
6,246,521,6.696737044145873
6,247,526,6.9581749049429655
6,248,513,7.155945419103314
6,249,515,7.209708737864077
6,250,531,7.216572504708098
6,251,529,7.130434782608695
6,252,539,6.8478664192949905
6,253,527,6.84629981024668
6,254,534,6.719101123595506
6,255,531,6.800376647834275
6,256,521,6.775431861804223
6,257,511,6.653620352250489
6,258,496,6.887096774193548
6,259,487,6.794661190965092
6,260,476,7.0588235294117645
6,261,456,7.010964912280702
6,262,460,6.960869565217391
6,263,469,6.863539445628998
6,264,470,6.68936170212766
6,265,496,6.540322580645161
6,266,495,6.416161616161616
6,267,472,6.444915254237288
6,268,481,6.501039501039501
6,269,478,6.686192468619247
6,270,472,6.858050847457627
6,271,466,6.73175965665236
6,272,473,6.6997885835095135
6,273,461,6.7960954446854664
6,274,466,6.927038626609442
6,275,465,6.625806451612903
6,276,479,6.724425887265136
6,277,477,6.886792452830188
6,278,484,6.789256198347108
6,279,490,6.783673469387755
6,280,491,6.737270875763747
6,281,517,6.435203094777563
6,282,527,6.423149905123339
6,283,519,6.529865125240848
6,284,508,6.52755905511811
6,285,512,6.60546875
6,286,496,6.816532258064516
6,287,474,7.027426160337553
6,288,463,7.088552915766739
6,289,463,7.203023758099352
6,290,465,6.997849462365592
6,291,456,6.881578947368421
6,292,450,7.026666666666666
6,293,445,6.941573033707865
6,294,432,6.833333333333333
6,295,434,6.804147465437788
6,296,409,6.836185819070905
6,297,403,6.92803970223325
6,298,405,7.074074074074074
6,299,398,7.015075376884422
6,300,418,6.904306220095694
6,301,429,6.757575757575758
6,302,418,6.779904306220096
6,303,421,6.954869358669834
6,304,428,6.794392523364486
6,305,418,6.636363636363637
6,306,409,6.518337408312958
6,307,415,6.7542168674698795
6,308,410,6.704878048780488
6,309,417,6.7601918465227815
6,310,425,6.712941176470588
6,311,439,6.71753986332574
6,312,429,6.743589743589744
6,313,437,6.814645308924485
6,314,428,6.901869158878505
6,315,446,6.957399103139013
6,316,457,6.789934354485776
6,317,444,6.671171171171171
6,318,442,6.610859728506787
6,319,455,6.769230769230769
6,320,469,6.773987206823028
6,321,485,6.7690721649484535
6,322,488,7.040983606557377
6,323,474,7.177215189873418
6,324,459,7.2026143790849675
6,325,467,6.946466809421842
6,326,467,6.9764453961456105
6,327,451,7.024390243902439
6,328,458,6.864628820960698
6,329,472,6.7690677966101696
6,330,472,7.055084745762712
6,331,481,6.792099792099792
6,332,482,6.639004149377594
6,333,474,6.569620253164557
6,334,459,6.644880174291939
6,335,472,6.686440677966102
6,336,468,6.773504273504273
6,337,473,6.725158562367865
6,338,465,6.604301075268817
6,339,452,6.6128318584070795
6,340,458,6.718340611353712
6,341,464,6.5625
6,342,460,6.863043478260869
6,343,456,6.725877192982456
6,344,457,6.6652078774617065
6,345,445,7.022471910112359
6,346,449,7.151447661469933
6,347,468,6.976495726495727
6,348,455,6.70989010989011
6,349,453,6.626931567328918
6,350,461,6.620390455531453
6,351,440,6.713636363636364
6,352,442,6.751131221719457
6,353,445,6.680898876404495
6,354,431,6.763341067285383
6,355,418,6.8971291866028706
6,356,420,7.145238095238096
6,357,407,7.0294840294840295
6,358,408,6.965686274509804
6,359,420,6.666666666666667
6,360,402,6.435323383084577
6,361,397,6.488664987405541
6,362,392,6.364795918367347
6,363,401,6.331670822942644
6,364,408,6.198529411764706
6,365,414,6.091787439613527
6,366,401,6.211970074812967
6,367,393,6.287531806615776
6,368,386,6.424870466321243
6,369,385,6.755844155844156
6,370,393,6.4910941475826975
6,371,403,6.548387096774194
6,372,389,6.637532133676093
6,373,407,6.535626535626536
6,374,395,6.473417721518987
6,375,404,6.48019801980198
6,376,404,6.5272277227722775
6,377,400,6.575
6,378,406,6.455665024630542
6,379,420,6.445238095238095
6,380,429,6.724941724941725
6,381,426,6.788732394366197
6,382,426,6.685446009389671
6,383,423,6.839243498817967
6,384,414,6.891304347826087
6,385,404,6.957920792079208
6,386,410,7.068292682926829
6,387,415,6.812048192771084
6,388,430,6.644186046511628
6,389,428,6.598130841121495
6,390,426,6.748826291079812
6,391,429,6.8997668997669
6,392,432,6.877314814814815
6,393,442,6.726244343891403
6,394,441,6.553287981859411
6,395,436,6.779816513761468
6,396,443,6.864559819413093
6,397,428,6.9392523364485985
6,398,416,6.735576923076923
6,399,421,6.726840855106889
6,400,416,6.862980769230769
7,0,20,0.0
7,1,20,1.0
7,2,20,2.0
7,3,20,3.0
7,4,20,4.0
7,5,20,5.0
7,6,20,6.0
7,7,20,7.0
7,8,20,8.0
7,9,24,7.5
7,10,28,7.285714285714286
7,11,28,7.5
7,12,28,8.5
7,13,30,8.866666666666667
7,14,32,9.25
7,15,34,8.764705882352942
7,16,38,8.736842105263158
7,17,40,9.25
7,18,41,9.560975609756097
7,19,43,10.069767441860465
7,20,43,10.674418604651162
7,21,45,10.466666666666667
7,22,47,10.97872340425532
7,23,51,11.03921568627451
7,24,54,10.722222222222221
7,25,59,9.220338983050848
7,26,61,9.885245901639344
7,27,61,10.0
7,28,70,8.528571428571428
7,29,74,8.445945945945946
7,30,74,8.608108108108109
7,31,78,8.705128205128204
7,32,70,7.214285714285714
7,33,73,7.739726027397261
7,34,75,7.826666666666667
7,35,77,8.272727272727273
7,36,73,8.383561643835616
7,37,82,8.24390243902439
7,38,88,8.215909090909092
7,39,92,8.23913043478261
7,40,103,7.339805825242719
7,41,106,7.40566037735849
7,42,116,7.043103448275862
7,43,112,7.401785714285714
7,44,111,7.486486486486487
7,45,116,7.698275862068965
7,46,112,8.205357142857142
7,47,115,8.730434782608695
7,48,121,8.347107438016529
7,49,122,8.87704918032787
7,50,124,8.774193548387096
7,51,131,8.549618320610687
7,52,146,7.691780821917808
7,53,151,7.251655629139073
7,54,149,7.4630872483221475
7,55,149,7.570469798657718
7,56,149,7.885906040268456
7,57,152,7.447368421052632
7,58,158,7.531645569620253
7,59,166,7.421686746987952
7,60,163,7.177914110429448
7,61,166,7.427710843373494
7,62,179,7.290502793296089
7,63,199,7.0201005025125625
7,64,208,6.836538461538462
7,65,207,6.5893719806763285
7,66,213,6.488262910798122
7,67,215,6.7627906976744185
7,68,217,7.235023041474655
7,69,206,7.611650485436893
7,70,205,7.634146341463414
7,71,205,7.775609756097561
7,72,199,7.954773869346734
7,73,202,7.569306930693069
7,74,206,7.762135922330097
7,75,208,7.403846153846154
7,76,217,7.161290322580645
7,77,215,7.209302325581396
7,78,225,7.168888888888889
7,79,231,7.216450216450217
7,80,227,7.3039647577092515
7,81,222,7.36936936936937
7,82,212,7.349056603773585
7,83,207,7.565217391304348
7,84,222,7.373873873873874
7,85,218,7.275229357798165
7,86,221,7.108597285067873
7,87,226,7.1902654867256635
7,88,244,6.983606557377049
7,89,234,7.153846153846154
7,90,231,7.316017316017316
7,91,219,7.1187214611872145
7,92,213,6.943661971830986
7,93,207,7.1352657004830915
7,94,208,7.2451923076923075
7,95,208,7.322115384615385
7,96,208,7.302884615384615
7,97,215,7.502325581395349
7,98,216,7.046296296296297
7,99,220,6.859090909090909
7,100,220,6.6863636363636365
7,101,217,6.691244239631336
7,102,220,6.827272727272727
7,103,219,6.598173515981735
7,104,210,6.6571428571428575
7,105,209,6.287081339712919
7,106,208,6.235576923076923
7,107,217,6.313364055299539
7,108,218,6.5504587155963305
7,109,214,6.626168224299065
7,110,222,6.463963963963964
7,111,217,6.6036866359447
7,112,226,6.557522123893805
7,113,230,6.926086956521739
7,114,227,6.964757709251101
7,115,218,6.995412844036697
7,116,223,7.2152466367713
7,117,218,7.1422018348623855
7,118,222,6.707207207207207
7,119,231,6.83982683982684
7,120,229,7.065502183406114
7,121,231,7.043290043290043
7,122,227,7.18942731277533
7,123,211,7.568720379146919
7,124,206,7.529126213592233
7,125,211,7.113744075829384
7,126,207,6.961352657004831
7,127,213,6.910798122065728
7,128,216,7.087962962962963
7,129,210,7.4714285714285715
7,130,208,7.0
7,131,220,7.318181818181818
7,132,225,6.995555555555556
7,133,226,7.101769911504425
7,134,230,6.856521739130435
7,135,236,6.567796610169491
7,136,236,6.461864406779661
7,137,242,6.231404958677686
7,138,248,6.419354838709677
7,139,255,6.627450980392157
7,140,268,6.735074626865671
7,141,269,6.925650557620818
7,142,287,6.696864111498257
7,143,281,6.754448398576512
7,144,290,6.637931034482759
7,145,292,6.815068493150685
7,146,300,6.803333333333334
7,147,294,6.642857142857143
7,148,309,6.679611650485437
7,149,313,6.5303514376996805
7,150,317,6.451104100946372
7,151,319,6.601880877742946
7,152,326,6.613496932515337
7,153,323,6.625386996904025
7,154,319,6.793103448275862
7,155,323,7.021671826625387
7,156,319,6.946708463949843
7,157,332,6.816265060240964
7,158,338,6.588757396449704
7,159,341,6.67741935483871
7,160,319,6.545454545454546
7,161,326,6.392638036809816
7,162,337,6.3026706231454
7,163,344,6.616279069767442
7,164,351,6.789173789173789
7,165,344,6.741279069767442
7,166,340,6.538235294117647
7,167,324,6.5
7,168,315,6.606349206349206
7,169,319,6.8652037617554855
7,170,309,7.148867313915858
7,171,325,6.686153846153847
7,172,341,6.348973607038123
7,173,353,6.424929178470255
7,174,343,6.688046647230321
7,175,350,6.788571428571428
7,176,371,6.304582210242588
7,177,363,6.479338842975206
7,178,344,6.825581395348837
7,179,355,6.867605633802817
7,180,353,6.719546742209632
7,181,364,6.623626373626373
7,182,346,6.878612716763006
7,183,334,6.9431137724550895
7,184,341,6.69208211143695
7,185,339,6.474926253687316
7,186,329,6.668693009118541
7,187,328,6.740853658536586
7,188,348,6.445402298850575
7,189,361,6.412742382271468
7,190,372,6.56989247311828
7,191,364,6.700549450549451
7,192,373,6.8123324396782845
7,193,370,6.894594594594595
7,194,373,7.091152815013404
7,195,378,7.044973544973545
7,196,372,6.870967741935484
7,197,353,6.912181303116148
7,198,355,6.819718309859155
7,199,345,6.947826086956522
7,200,347,6.962536023054755
7,201,360,7.044444444444444
7,202,359,7.401114206128134
7,203,355,7.188732394366197
7,204,337,6.881305637982196
7,205,340,6.7176470588235295
7,206,326,6.613496932515337
7,207,339,6.587020648967552
7,208,334,6.736526946107785
7,209,323,6.78328173374613
7,210,326,6.803680981595092
7,211,329,6.896656534954407
7,212,333,6.768768768768769
7,213,335,6.844776119402985
7,214,341,6.900293255131965
7,215,354,6.392655367231638
7,216,343,6.376093294460642
7,217,342,6.345029239766082
7,218,343,6.518950437317784
7,219,354,6.570621468926554
7,220,349,6.739255014326647
7,221,342,6.83625730994152
7,222,345,6.921739130434783
7,223,346,7.03757225433526
7,224,349,6.787965616045845
7,225,343,6.816326530612245
7,226,337,6.902077151335312
7,227,346,6.916184971098266
7,228,357,6.857142857142857
7,229,351,6.769230769230769
7,230,354,6.977401129943503
7,231,374,6.652406417112299
7,232,378,6.76984126984127
7,233,366,6.948087431693989
7,234,363,7.016528925619835
7,235,361,6.950138504155125
7,236,362,7.140883977900552
7,237,365,6.978082191780822
7,238,353,6.8215297450424925
7,239,346,6.786127167630058
7,240,342,6.625730994152047
7,241,357,6.7366946778711485
7,242,356,6.73876404494382
7,243,354,6.796610169491525
7,244,345,6.944927536231884
7,245,347,7.1585014409221905
7,246,360,7.038888888888889
7,247,352,6.551136363636363
7,248,336,6.755952380952381
7,249,322,6.891304347826087
7,250,322,7.071428571428571
7,251,324,6.922839506172839
7,252,325,6.686153846153847
7,253,335,6.713432835820895
7,254,344,6.773255813953488
7,255,351,6.552706552706553
7,256,367,6.438692098092643
7,257,376,6.444148936170213
7,258,384,6.216145833333333
7,259,377,6.684350132625995
7,260,369,6.867208672086721
7,261,377,6.864721485411141
7,262,380,6.981578947368421
7,263,368,6.934782608695652
7,264,353,7.002832861189802
7,265,361,6.772853185595568
7,266,362,6.375690607734807
7,267,380,6.434210526315789
7,268,381,6.5380577427821525
7,269,373,6.801608579088472
7,270,368,6.6603260869565215
7,271,374,6.762032085561497
7,272,367,6.724795640326976
7,273,364,6.991758241758242
7,274,363,7.134986225895317
7,275,374,7.112299465240642
7,276,373,7.195710455764075
7,277,376,7.055851063829787
7,278,377,7.23342175066313
7,279,377,7.175066312997347
7,280,364,6.956043956043956
7,281,364,6.813186813186813
7,282,365,6.64931506849315
7,283,367,6.771117166212534
7,284,355,6.83943661971831
7,285,361,6.700831024930748
7,286,378,6.666666666666667
7,287,381,6.687664041994751
7,288,395,6.820253164556962
7,289,403,6.98014888337469
7,290,399,7.035087719298246
7,291,402,7.149253731343284
7,292,394,7.271573604060913
7,293,378,7.145502645502646
7,294,361,7.2354570637119116
7,295,368,6.953804347826087
7,296,392,6.823979591836735
7,297,401,6.446384039900249
7,298,395,6.460759493670886
7,299,399,6.421052631578948
7,300,417,6.577937649880096
7,301,419,6.785202863961814
7,302,424,6.808962264150943
7,303,423,7.0591016548463354
7,304,414,7.188405797101449
7,305,423,7.132387706855792
7,306,429,7.20979020979021
7,307,448,7.118303571428571
7,308,448,6.881696428571429
7,309,459,6.989106753812636
7,310,456,6.758771929824562
7,311,489,6.5030674846625764
7,312,501,6.391217564870259
7,313,509,6.471512770137524
7,314,514,6.453307392996109
7,315,524,6.528625954198473
7,316,513,6.680311890838206
7,317,507,6.806706114398422
7,318,504,6.974206349206349
7,319,515,6.94368932038835
7,320,525,6.864761904761905
7,321,532,7.007518796992481
7,322,527,7.018975332068311
7,323,535,6.874766355140187
7,324,554,6.918772563176895
7,325,575,6.775652173913043
7,326,585,6.781196581196581
7,327,587,6.572402044293015
7,328,583,6.584905660377358
7,329,611,6.438625204582651
7,330,618,6.4207119741100325
7,331,619,6.415185783521809
7,332,623,6.41091492776886
7,333,620,6.5112903225806456
7,334,624,6.6201923076923075
7,335,612,6.643790849673203
7,336,585,6.986324786324786
7,337,570,7.319298245614035
7,338,599,7.227045075125209
7,339,576,7.440972222222222
7,340,565,7.267256637168142
7,341,555,6.920720720720721
7,342,562,6.670818505338079
7,343,575,6.626086956521739
7,344,568,6.774647887323944
7,345,559,6.737030411449016
7,346,568,6.628521126760563
7,347,568,6.846830985915493
7,348,575,6.655652173913044
7,349,567,6.756613756613756
7,350,563,6.905861456483126
7,351,578,6.866782006920415
7,352,564,7.023049645390071
7,353,568,6.980633802816901
7,354,592,6.756756756756757
7,355,589,6.636672325976231
7,356,590,6.777966101694915
7,357,612,6.633986928104576
7,358,620,6.603225806451613
7,359,627,6.653907496012759
7,360,631,6.6513470681458005
7,361,627,6.575757575757576
7,362,626,6.538338658146965
7,363,611,6.613747954173486
7,364,605,6.707438016528926
7,365,612,6.758169934640523
7,366,621,6.79549114331723
7,367,620,6.854838709677419
7,368,625,6.776
7,369,618,6.671521035598706
7,370,613,6.804241435562806
7,371,620,6.77741935483871
7,372,627,6.628389154704944
7,373,624,6.538461538461538
7,374,618,6.809061488673139
7,375,610,6.922950819672131
7,376,611,7.04746317512275
7,377,617,7.13128038897893
7,378,612,7.218954248366013
7,379,631,7.0316957210776545
7,380,629,6.85214626391097
7,381,628,6.888535031847134
7,382,635,6.948031496062992
7,383,614,6.783387622149837
7,384,607,6.934102141680396
7,385,604,6.981788079470198
7,386,612,6.848039215686274
7,387,607,6.963756177924218
7,388,621,6.845410628019324
7,389,630,6.920634920634921
7,390,645,6.857364341085272
7,391,650,6.86
7,392,639,6.577464788732394
7,393,612,6.735294117647059
7,394,623,6.709470304975923
7,395,619,6.678513731825525
7,396,619,6.747980613893376
7,397,617,6.696920583468396
7,398,627,6.926634768740032
7,399,614,6.897394136807818
7,400,635,6.8929133858267715
8,0,20,0.0
8,1,20,1.0
8,2,20,2.0
8,3,20,3.0
8,4,20,4.0
8,5,20,5.0
8,6,20,6.0
8,7,20,7.0
8,8,20,8.0
8,9,22,8.181818181818182
8,10,24,8.416666666666666
8,11,30,7.533333333333333
8,12,40,6.4
8,13,42,7.0476190476190474
8,14,44,7.681818181818182
8,15,44,8.681818181818182
8,16,48,8.875
8,17,54,8.518518518518519
8,18,57,8.87719298245614
8,19,63,8.936507936507937
8,20,67,9.343283582089553
8,21,74,8.945945945945946
8,22,74,9.35135135135135
8,23,79,9.025316455696203
8,24,89,8.898876404494382
8,25,98,8.73469387755102
8,26,111,8.54954954954955
8,27,120,8.175
8,28,120,8.408333333333333
8,29,120,9.075
8,30,129,8.852713178294573
8,31,126,9.103174603174603
8,32,122,7.188524590163935
8,33,131,7.358778625954199
8,34,143,6.804195804195804
8,35,144,7.555555555555555
8,36,152,7.348684210526316
8,37,165,7.2727272727272725
8,38,172,7.476744186046512
8,39,186,7.021505376344086
8,40,190,6.994736842105263
8,41,185,7.318918918918919
8,42,194,7.185567010309279
8,43,197,7.279187817258883
8,44,195,7.538461538461538
8,45,217,7.064516129032258
8,46,221,7.226244343891403
8,47,212,7.443396226415095
8,48,222,7.126126126126126
8,49,221,7.244343891402715
8,50,238,7.197478991596639
8,51,230,7.439130434782609
8,52,227,7.546255506607929
8,53,218,7.573394495412844
8,54,223,7.273542600896861
8,55,225,7.2
8,56,226,7.115044247787611
8,57,236,7.072033898305085
8,58,250,6.952
8,59,259,6.961389961389961
8,60,261,7.168582375478927
8,61,257,7.3229571984435795
8,62,252,7.607142857142857
8,63,269,7.323420074349443
8,64,265,7.577358490566038
8,65,267,7.382022471910112
8,66,271,7.173431734317343
8,67,276,6.884057971014493
8,68,266,6.87593984962406
8,69,275,6.8945454545454545
8,70,274,7.04014598540146
8,71,280,7.1535714285714285
8,72,287,7.052264808362369
8,73,279,7.121863799283154
8,74,267,6.97378277153558
8,75,249,7.522088353413655
8,76,244,7.180327868852459
8,77,246,7.2073170731707314
8,78,253,7.217391304347826
8,79,254,7.480314960629921
8,80,271,7.354243542435424
8,81,265,7.724528301886792
8,82,264,7.5606060606060606
8,83,272,7.363970588235294
8,84,275,7.134545454545455
8,85,259,7.1505791505791505
8,86,265,7.003773584905661
8,87,257,6.980544747081712
8,88,257,7.007782101167315
8,89,285,6.831578947368421
8,90,301,6.561461794019934
8,91,304,6.447368421052632
8,92,324,6.540123456790123
8,93,323,6.3467492260061915
8,94,315,6.431746031746032
8,95,320,6.50625
8,96,323,6.7368421052631575
8,97,320,7.075
8,98,330,6.675757575757576
8,99,330,6.851515151515152
8,100,340,7.0058823529411764
8,101,330,6.996969696969697
8,102,332,7.153614457831325
8,103,329,7.0121580547112465
8,104,331,7.090634441087613
8,105,334,7.017964071856287
8,106,342,7.0701754385964914
8,107,350,7.025714285714286
8,108,330,6.866666666666666
8,109,323,6.8730650154798765
8,110,327,6.91743119266055
8,111,318,7.059748427672956
8,112,325,7.12
8,113,321,7.1713395638629285
8,114,333,7.015015015015015
8,115,334,6.763473053892215
8,116,353,6.807365439093484
8,117,351,6.7094017094017095
8,118,351,6.7094017094017095
8,119,350,6.8342857142857145
8,120,348,6.85632183908046
8,121,341,6.9501466275659824
8,122,348,6.7988505747126435
8,123,354,6.757062146892656
8,124,357,6.8655462184873945
8,125,362,6.828729281767956
8,126,363,6.994490358126722
8,127,354,7.081920903954802
8,128,365,6.756164383561644
8,129,357,6.9943977591036415
8,130,336,6.872023809523809
8,131,330,6.83939393939394
8,132,325,6.793846153846154
8,133,340,6.405882352941177
8,134,341,6.60117302052786
8,135,340,6.576470588235294
8,136,347,6.605187319884727
8,137,373,6.536193029490617
8,138,377,6.437665782493369
8,139,387,6.589147286821706
8,140,399,6.358395989974937
8,141,402,6.3681592039801
8,142,412,6.298543689320389
8,143,411,6.4939172749391725
8,144,401,6.321695760598503
8,145,414,6.415458937198068
8,146,408,6.713235294117647
8,147,418,6.777511961722488
8,148,420,7.019047619047619
8,149,422,7.078199052132701
8,150,415,7.175903614457831
8,151,407,7.2899262899262895
8,152,410,7.090243902439024
8,153,407,6.773955773955774
8,154,407,6.742014742014742
8,155,403,6.71712158808933
8,156,410,6.9609756097560975
8,157,419,6.780429594272077
8,158,392,6.826530612244898
8,159,379,6.854881266490765
8,160,369,6.934959349593496
8,161,373,6.970509383378016
8,162,380,6.9526315789473685
8,163,374,6.858288770053476
8,164,376,7.00531914893617
8,165,374,6.890374331550802
8,166,370,6.832432432432433
8,167,362,6.7292817679558015
8,168,353,6.722379603399434
8,169,358,6.692737430167598
8,170,363,6.564738292011019
8,171,377,6.551724137931035
8,172,376,6.534574468085107
8,173,377,6.76392572944297
8,174,366,6.833333333333333
8,175,372,6.814516129032258
8,176,363,6.3911845730027546
8,177,365,6.402739726027397
8,178,367,6.520435967302452
8,179,361,6.360110803324099
8,180,369,6.387533875338754
8,181,362,6.50828729281768
8,182,368,6.467391304347826
8,183,369,6.512195121951219
8,184,376,6.48936170212766
8,185,393,6.315521628498728
8,186,399,6.406015037593985
8,187,405,6.461728395061728
8,188,392,6.502551020408164
8,189,394,6.525380710659898
8,190,401,6.660847880299252
8,191,396,6.681818181818182
8,192,394,6.779187817258883
8,193,402,6.7288557213930345
8,194,398,7.110552763819095
8,195,385,7.368831168831169
8,196,387,7.219638242894057
8,197,383,7.096605744125326
8,198,385,7.012987012987013
8,199,383,6.892950391644908
8,200,370,6.9
8,201,377,6.795755968169761
8,202,383,6.689295039164491
8,203,383,6.650130548302872
8,204,383,6.550913838120104
8,205,378,6.441798941798941
8,206,375,6.437333333333333
8,207,367,6.686648501362398
8,208,374,6.63903743315508
8,209,385,6.625974025974026
8,210,384,6.802083333333333
8,211,381,7.078740157480315
8,212,393,6.778625954198473
8,213,412,6.597087378640777
8,214,400,6.725
8,215,395,6.812658227848101
8,216,408,6.794117647058823
8,217,414,6.818840579710145
8,218,406,6.677339901477833
8,219,406,6.554187192118227
8,220,402,6.708955223880597
8,221,428,6.633177570093458
8,222,434,6.638248847926267
8,223,440,6.3931818181818185
8,224,427,6.468384074941452
8,225,419,6.6968973747016705
8,226,403,6.669975186104218
8,227,408,6.610294117647059
8,228,407,6.896805896805897
8,229,402,6.997512437810945
8,230,402,6.902985074626866
8,231,396,6.795454545454546
8,232,415,6.831325301204819
8,233,419,6.742243436754177
8,234,415,6.614457831325301
8,235,412,6.512135922330097
8,236,434,6.444700460829493
8,237,437,6.581235697940503
8,238,440,6.5204545454545455
8,239,428,6.485981308411215
8,240,416,6.668269230769231
8,241,425,6.656470588235294
8,242,419,6.832935560859188
8,243,428,6.586448598130841
8,244,442,6.656108597285068
8,245,440,6.5181818181818185
8,246,459,6.294117647058823
8,247,471,6.579617834394904
8,248,473,6.600422832980972
8,249,471,6.687898089171974
8,250,461,6.644251626898048
8,251,444,6.853603603603603
8,252,440,6.802272727272728
8,253,441,6.970521541950113
8,254,444,6.864864864864865
8,255,433,6.521939953810624
8,256,425,6.614117647058824
8,257,422,6.590047393364929
8,258,424,6.797169811320755
8,259,416,6.615384615384615
8,260,435,6.558620689655172
8,261,419,6.6682577565632455
8,262,412,6.70873786407767
8,263,423,6.704491725768322
8,264,436,6.839449541284404
8,265,414,6.8768115942028984
8,266,389,6.89974293059126
8,267,384,7.1015625
8,268,371,7.132075471698113
8,269,386,6.683937823834197
8,270,384,6.625
8,271,387,6.640826873385013
8,272,406,6.399014778325123
8,273,419,6.255369928400954
8,274,432,5.962962962962963
8,275,440,5.954545454545454
8,276,435,5.995402298850575
8,277,441,6.303854875283447
8,278,439,6.432801822323462
8,279,434,6.903225806451613
8,280,425,6.788235294117647
8,281,411,6.970802919708029
8,282,408,7.125
8,283,415,7.132530120481928
8,284,414,7.002415458937198
8,285,408,6.838235294117647
8,286,419,6.515513126491647
8,287,411,6.632603406326034
8,288,392,6.770408163265306
8,289,373,6.873994638069705
8,290,371,6.800539083557951
8,291,371,6.498652291105121
8,292,359,6.495821727019498
8,293,362,6.593922651933702
8,294,354,6.9491525423728815
8,295,349,6.638968481375358
8,296,361,6.401662049861496
8,297,359,6.381615598885793
8,298,365,6.553424657534246
8,299,338,6.591715976331361
8,300,332,6.807228915662651
8,301,339,7.035398230088496
8,302,346,6.904624277456647
8,303,344,6.880813953488372
8,304,348,6.681034482758621
8,305,352,6.744318181818182
8,306,357,6.470588235294118
8,307,347,6.645533141210374
8,308,332,6.617469879518072
8,309,330,6.63939393939394
8,310,326,6.693251533742331
8,311,323,7.120743034055727
8,312,323,7.157894736842105
8,313,323,7.390092879256966
8,314,334,6.910179640718563
8,315,340,6.594117647058823
8,316,330,6.533333333333333
8,317,346,6.390173410404624
8,318,358,6.477653631284916
8,319,361,6.731301939058172
8,320,364,6.983516483516484
8,321,358,6.863128491620111
8,322,370,6.854054054054054
8,323,375,6.768
8,324,371,6.873315363881401
8,325,365,6.772602739726027
8,326,371,6.638814016172507
8,327,374,6.660427807486631
8,328,368,6.551630434782608
8,329,371,6.512129380053908
8,330,372,6.795698924731183
8,331,390,6.558974358974359
8,332,400,6.375
8,333,404,6.3316831683168315
8,334,403,6.409429280397022
8,335,404,6.626237623762377
8,336,397,6.788413098236775
8,337,382,7.0732984293193715
8,338,368,7.190217391304348
8,339,379,6.891820580474934
8,340,393,6.674300254452926
8,341,398,6.63819095477387
8,342,396,6.181818181818182
8,343,393,6.229007633587786
8,344,400,6.3075
8,345,409,6.425427872860635
8,346,395,6.7594936708860756
8,347,393,6.923664122137405
8,348,411,6.965936739659368
8,349,416,6.826923076923077
8,350,410,6.797560975609756
8,351,411,6.7226277372262775
8,352,400,6.855
8,353,393,6.7735368956743
8,354,392,6.839285714285714
8,355,389,6.974293059125964
8,356,388,7.043814432989691
8,357,391,6.58312020460358
8,358,385,6.794805194805194
8,359,381,6.805774278215223
8,360,364,6.739010989010989
8,361,355,6.616901408450704
8,362,348,6.586206896551724
8,363,333,6.711711711711712
8,364,329,6.714285714285714
8,365,309,6.867313915857605
8,366,319,6.912225705329154
8,367,332,6.948795180722891
8,368,339,6.976401179941003
8,369,326,6.975460122699387
8,370,326,6.871165644171779
8,371,334,6.74251497005988
8,372,324,6.756172839506172
8,373,334,6.455089820359281
8,374,334,6.655688622754491
8,375,338,6.792899408284024
8,376,348,6.793103448275862
8,377,340,6.573529411764706
8,378,342,6.821637426900585
8,379,336,6.872023809523809
8,380,347,6.847262247838617
8,381,351,6.811965811965812
8,382,361,6.8975069252077565
8,383,360,6.9944444444444445
8,384,360,6.636111111111111
8,385,370,6.378378378378378
8,386,368,6.519021739130435
8,387,375,6.730666666666667
8,388,349,6.510028653295129
8,389,358,6.539106145251397
8,390,366,6.472677595628415
8,391,379,6.62532981530343
8,392,371,6.714285714285714
8,393,368,6.695652173913044
8,394,366,6.445355191256831
8,395,368,6.567934782608695
8,396,359,6.587743732590529
8,397,362,6.56353591160221
8,398,356,6.817415730337078
8,399,368,6.711956521739131
8,400,347,6.651296829971182
9,0,20,0.0
9,1,20,1.0
9,2,20,2.0
9,3,20,3.0
9,4,20,4.0
9,5,20,5.0
9,6,20,6.0
9,7,20,7.0
9,8,20,8.0
9,9,26,6.923076923076923
9,10,39,5.282051282051282
9,11,49,5.0
9,12,49,6.0
9,13,54,6.111111111111111
9,14,60,6.4
9,15,68,6.529411764705882
9,16,74,6.702702702702703
9,17,78,7.3076923076923075
9,18,83,7.710843373493976
9,19,86,8.104651162790697
9,20,97,7.969072164948454
9,21,101,8.613861386138614
9,22,106,8.622641509433961
9,23,114,8.350877192982455
9,24,125,8.064
9,25,133,8.165413533834586
9,26,155,7.8
9,27,173,7.364161849710983
9,28,190,7.463157894736842
9,29,206,7.08252427184466
9,30,219,7.1187214611872145
9,31,222,7.427927927927928
9,32,222,6.716216216216216
9,33,234,6.97008547008547
9,34,235,7.417021276595745
9,35,234,7.688034188034188
9,36,251,7.741035856573705
9,37,254,7.968503937007874
9,38,267,7.97378277153558
9,39,275,7.887272727272728
9,40,272,7.889705882352941
9,41,283,7.491166077738516
9,42,291,7.501718213058419
9,43,286,7.814685314685315
9,44,291,8.034364261168385
9,45,298,7.620805369127517
9,46,308,7.373376623376624
9,47,305,7.465573770491804
9,48,307,7.221498371335505
9,49,321,7.2274143302180685
9,50,318,7.088050314465409
9,51,317,7.173501577287066
9,52,320,7.371875
9,53,315,7.66984126984127
9,54,329,7.574468085106383
9,55,348,7.425287356321839
9,56,349,7.349570200573066
9,57,356,7.146067415730337
9,58,379,6.7071240105540895
9,59,386,6.738341968911917
9,60,374,6.802139037433155
9,61,366,7.049180327868853
9,62,361,7.094182825484765
9,63,370,7.162162162162162
9,64,372,7.494623655913978
9,65,372,7.634408602150538
9,66,363,7.545454545454546
9,67,370,7.381081081081081
9,68,387,7.351421188630491
9,69,388,7.164948453608248
9,70,390,7.107692307692307
9,71,390,7.32051282051282
9,72,400,7.1325
9,73,409,7.039119804400978
9,74,415,7.151807228915662
9,75,411,7.0608272506082725
9,76,414,6.997584541062802
9,77,427,6.9882903981264635
9,78,428,7.037383177570093
9,79,440,6.884090909090909
9,80,437,6.990846681922196
9,81,429,7.275058275058275
9,82,435,6.9816091954022985
9,83,432,7.106481481481482
9,84,439,7.261958997722096
9,85,432,7.199074074074074
9,86,447,7.033557046979865
9,87,444,7.218468468468468
9,88,459,7.045751633986928
9,89,462,6.961038961038961
9,90,446,6.84304932735426
9,91,447,7.058165548098434
9,92,441,7.3061224489795915
9,93,426,7.410798122065728
9,94,438,7.328767123287672
9,95,431,7.593967517401392
9,96,446,7.2847533632287
9,97,448,7.252232142857143
9,98,449,7.133630289532294
9,99,469,6.980810234541578
9,100,467,7.012847965738758
9,101,472,7.127118644067797
9,102,471,6.936305732484076
9,103,467,7.027837259100642
9,104,481,7.014553014553014
9,105,475,7.050526315789473
9,106,492,6.727642276422764
9,107,497,6.601609657947686
9,108,497,6.78672032193159
9,109,510,6.943137254901961
9,110,503,6.8747514910536776
9,111,498,6.913654618473895
9,112,488,6.790983606557377
9,113,464,6.75
9,114,476,6.878151260504202
9,115,481,6.571725571725572
9,116,503,6.612326043737575
9,117,507,6.785009861932939
9,118,526,6.64638783269962
9,119,540,6.777777777777778
9,120,541,6.720887245841035
9,121,523,6.9732313575525815
9,122,508,7.03740157480315
9,123,495,6.955555555555556
9,124,492,6.638211382113822
9,125,504,6.496031746031746
9,126,526,6.520912547528517
9,127,517,6.564796905222437
9,128,520,6.723076923076923
9,129,529,6.589792060491494
9,130,540,6.864814814814815
9,131,526,6.916349809885932
9,132,510,7.219607843137255
9,133,505,7.2732673267326735
9,134,506,7.3478260869565215
9,135,502,7.292828685258964
9,136,486,7.390946502057613
9,137,503,6.9840954274353875
9,138,485,6.888659793814433
9,139,504,6.809523809523809
9,140,510,6.705882352941177
9,141,517,6.764023210831722
9,142,514,6.898832684824903
9,143,523,6.640535372848948
9,144,519,6.680154142581888
9,145,519,6.8169556840077075
9,146,525,6.809523809523809
9,147,530,6.962264150943396
9,148,515,7.040776699029126
9,149,513,6.964912280701754
9,150,517,6.794970986460348
9,151,521,6.666026871401152
9,152,503,6.78727634194831
9,153,508,6.958661417322834
9,154,499,7.094188376753507
9,155,489,7.319018404907975
9,156,497,7.169014084507042
9,157,502,7.059760956175299
9,158,521,6.516314779270633
9,159,515,6.497087378640777
9,160,520,6.394230769230769
9,161,506,6.612648221343873
9,162,527,6.7362428842504745
9,163,520,6.7615384615384615
9,164,514,6.912451361867705
9,165,503,7.043737574552684
9,166,507,7.092702169625246
9,167,501,7.299401197604791
9,168,504,6.946428571428571
9,169,500,7.108
9,170,510,7.219607843137255
9,171,482,7.3153526970954355
9,172,479,7.223382045929019
9,173,481,7.216216216216216
9,174,476,7.023109243697479
9,175,476,6.8844537815126055
9,176,460,6.791304347826087
9,177,461,7.006507592190889
9,178,462,6.891774891774892
9,179,458,6.879912663755459
9,180,465,6.810752688172043
9,181,449,6.697104677060134
9,182,449,6.717149220489977
9,183,461,6.774403470715835
9,184,447,6.693512304250559
9,185,439,7.061503416856492
9,186,438,7.292237442922374
9,187,437,7.324942791762013
9,188,424,7.372641509433962
9,189,412,7.08252427184466
9,190,422,7.137440758293839
9,191,418,7.062200956937799
9,192,421,6.997624703087886
9,193,427,7.014051522248243
9,194,445,6.995505617977528
9,195,432,7.027777777777778
9,196,427,7.124121779859485
9,197,445,6.91685393258427
9,198,441,7.1315192743764175
9,199,438,7.082191780821918
9,200,438,6.837899543378995
9,201,442,6.8099547511312215
9,202,443,6.455981941309255
9,203,442,6.570135746606335
9,204,433,6.771362586605081
9,205,434,6.8663594470046085
9,206,446,6.9192825112107625
9,207,465,7.066666666666666
9,208,469,7.157782515991471
9,209,481,6.912681912681912
9,210,472,6.947033898305085
9,211,482,6.9937759336099585
9,212,490,6.944897959183673
9,213,501,6.93812375249501
9,214,514,6.747081712062257
9,215,502,6.7848605577689245
9,216,493,6.975659229208925
9,217,484,7.121900826446281
9,218,508,6.893700787401575
9,219,515,6.990291262135922
9,220,504,7.065476190476191
9,221,512,6.900390625
9,222,513,6.976608187134503
9,223,535,6.829906542056075
9,224,541,6.8743068391866915
9,225,544,6.873161764705882
9,226,546,6.9743589743589745
9,227,560,6.825
9,228,557,6.770197486535009
9,229,555,6.8234234234234235
9,230,556,6.76978417266187
9,231,559,6.824686940966011
9,232,559,6.783542039355993
9,233,568,6.797535211267606
9,234,561,7.053475935828877
9,235,582,6.835051546391752
9,236,595,6.568067226890756
9,237,594,6.52020202020202
9,238,603,6.5240464344941955
9,239,615,6.582113821138211
9,240,623,6.654895666131621
9,241,612,6.80718954248366
9,242,628,6.726114649681529
9,243,623,6.85553772070626
9,244,612,6.991830065359477
9,245,620,7.120967741935484
9,246,615,6.772357723577236
9,247,623,6.914927768860353
9,248,630,6.953968253968254
9,249,658,6.9832826747720365
9,250,669,6.871449925261585
9,251,674,6.939169139465875
9,252,683,6.828696925329429
9,253,680,6.752941176470588
9,254,689,6.753265602322206
9,255,706,6.757790368271955
9,256,717,6.793584379358438
9,257,729,6.965706447187928
9,258,703,6.849217638691323
9,259,690,6.998550724637681
9,260,679,7.17820324005891
9,261,670,7.095522388059702
9,262,700,6.871428571428571
9,263,706,6.729461756373937
9,264,700,6.617142857142857
9,265,690,6.811594202898551
9,266,660,6.912121212121212
9,267,663,6.926093514328809
9,268,646,7.037151702786378
9,269,648,6.935185185185185
9,270,668,7.013473053892215
9,271,648,6.813271604938271
9,272,645,6.607751937984496
9,273,649,6.6810477657935285
9,274,638,6.663009404388715
9,275,613,6.569331158238173
9,276,598,6.7207357859531776
9,277,597,6.814070351758794
9,278,583,6.974271012006861
9,279,586,6.721843003412969
9,280,602,6.426910299003322
9,281,581,6.497418244406196
9,282,564,6.74822695035461
9,283,579,6.521588946459413
9,284,554,6.810469314079422
9,285,555,6.848648648648648
9,286,573,6.5951134380453755
9,287,571,6.621716287215412
9,288,570,6.47719298245614
9,289,577,6.714038128249567
9,290,580,6.563793103448276
9,291,593,6.785834738617201
9,292,578,6.750865051903114
9,293,573,7.005235602094241
9,294,579,6.903281519861831
9,295,586,6.982935153583618
9,296,595,6.715966386554622
9,297,595,6.729411764705882
9,298,586,6.8174061433447095
9,299,588,6.761904761904762
9,300,576,6.918402777777778
9,301,574,7.033101045296167
9,302,558,7.245519713261649
9,303,564,7.065602836879433
9,304,586,6.887372013651877
9,305,605,6.621487603305785
9,306,615,6.7073170731707314
9,307,595,6.784873949579832
9,308,595,6.752941176470588
9,309,578,6.953287197231834
9,310,568,7.084507042253521
9,311,558,7.077060931899641
9,312,572,7.1625874125874125
9,313,566,7.190812720848056
9,314,590,6.922033898305084
9,315,597,6.824120603015075
9,316,592,6.702702702702703
9,317,590,6.696610169491525
9,318,593,6.704890387858347
9,319,573,6.815008726003491
9,320,579,6.639032815198618
9,321,566,6.77208480565371
9,322,574,6.912891986062718
9,323,594,6.877104377104377
9,324,592,6.900337837837838
9,325,587,6.909710391822828
9,326,575,6.780869565217391
9,327,574,6.815331010452962
9,328,600,6.8
9,329,610,6.657377049180328
9,330,607,6.914332784184514
9,331,619,7.004846526655896
9,332,618,7.213592233009709
9,333,640,6.678125
9,334,631,6.873217115689382
9,335,622,6.948553054662379
9,336,605,6.8264462809917354
9,337,612,6.743464052287582
9,338,626,6.63258785942492
9,339,634,6.539432176656152
9,340,621,6.7423510466988725
9,341,628,6.756369426751593
9,342,629,6.799682034976152
9,343,618,6.834951456310679
9,344,616,6.9269480519480515
9,345,605,6.996694214876033
9,346,628,6.877388535031847
9,347,631,6.976228209191759
9,348,625,6.9184
9,349,613,7.1190864600326265
9,350,608,7.1167763157894735
9,351,608,7.199013157894737
9,352,613,7.159869494290375
9,353,602,7.106312292358804
9,354,593,6.989881956155143
9,355,597,6.690117252931323
9,356,612,6.565359477124183
9,357,592,6.587837837837838
9,358,608,6.541118421052632
9,359,621,6.758454106280193
9,360,622,6.795819935691318
9,361,583,6.9451114922813035
9,362,584,6.902397260273973
9,363,591,6.800338409475465
9,364,600,6.788333333333333
9,365,607,6.774299835255354
9,366,619,6.872374798061389
9,367,630,6.907936507936508
9,368,626,6.813099041533547
9,369,607,6.823723228995058
9,370,604,6.912251655629139
9,371,602,7.023255813953488
9,372,630,6.858730158730158
9,373,614,6.855048859934853
9,374,624,6.969551282051282
9,375,642,6.82398753894081
9,376,622,6.752411575562701
9,377,608,6.684210526315789
9,378,577,6.84055459272097
9,379,589,6.823429541595925
9,380,583,6.950257289879931
9,381,614,6.850162866449511
9,382,615,6.852032520325203
9,383,601,6.876871880199667
9,384,593,6.7318718381112985
9,385,595,6.836974789915966
9,386,603,6.787728026533997
9,387,617,6.6742301458670985
9,388,614,6.509771986970684
9,389,596,6.672818791946309
9,390,606,6.744224422442244
9,391,577,6.826689774696707
9,392,572,6.95979020979021
9,393,562,6.98932384341637
9,394,551,7.270417422867514
9,395,552,7.2644927536231885
9,396,546,6.882783882783883
9,397,559,6.65474060822898
9,398,557,6.737881508078995
9,399,558,6.774193548387097
9,400,554,6.875451263537906
