iteration,year,population_size,average_age
0,0,30,0.0
0,1,30,1.0
0,2,30,2.0
0,3,30,3.0
0,4,30,4.0
0,5,30,5.0
0,6,30,6.0
0,7,30,7.0
0,8,30,8.0
0,9,37,7.297297297297297
0,10,40,7.425
0,11,43,7.837209302325581
0,12,50,7.6
0,13,54,7.962962962962963
0,14,59,8.203389830508474
0,15,61,8.655737704918034
0,16,68,8.426470588235293
0,17,74,8.662162162162161
0,18,76,9.302631578947368
0,19,78,9.448717948717949
0,20,83,9.734939759036145
0,21,86,10.220930232558139
0,22,95,9.694736842105263
0,23,100,9.92
0,24,111,9.621621621621621
0,25,126,9.357142857142858
0,26,128,9.6640625
0,27,131,10.297709923664122
0,28,135,9.57037037037037
0,29,144,8.8125
0,30,151,8.927152317880795
0,31,155,9.025806451612903
0,32,150,7.773333333333333
0,33,159,7.8930817610062896
0,34,160,8.45
0,35,165,8.50909090909091
0,36,178,8.55056179775281
0,37,183,8.841530054644808
0,38,183,8.688524590163935
0,39,183,8.852459016393443
0,40,194,8.582474226804123
0,41,199,8.527638190954773
0,42,211,8.492890995260664
0,43,218,8.564220183486238
0,44,233,8.261802575107296
0,45,240,8.3
0,46,243,8.37037037037037
0,47,247,8.368421052631579
0,48,255,8.133333333333333
0,49,256,8.2109375
0,50,264,8.231060606060606
0,51,264,8.276515151515152
0,52,262,8.507633587786259
0,53,282,8.312056737588652
0,54,283,7.763250883392226
0,55,280,7.7
0,56,291,7.625429553264605
0,57,306,7.565359477124183
0,58,314,7.595541401273885
0,59,326,7.619631901840491
0,60,334,7.3562874251497
0,61,339,7.566371681415929
0,62,348,7.905172413793103
0,63,349,8.074498567335244
0,64,337,8.382789317507418
0,65,339,8.32448377581121
0,66,335,8.289552238805971
0,67,326,8.368098159509202
0,68,326,8.11963190184049
0,69,337,7.943620178041543
0,70,345,7.788405797101449
0,71,352,7.613636363636363
0,72,352,7.3210227272727275
0,73,346,7.367052023121388
0,74,336,7.383928571428571
0,75,337,7.735905044510385
0,76,332,7.617469879518072
0,77,336,7.526785714285714
0,78,332,7.445783132530121
0,79,340,7.432352941176471
0,80,339,7.572271386430678
0,81,345,7.478260869565218
0,82,338,7.5
0,83,343,7.3236151603498545
0,84,339,7.56047197640118
0,85,339,7.660766961651918
0,86,320,7.659375
0,87,325,7.427692307692308
0,88,329,7.623100303951368
0,89,332,7.617469879518072
0,90,326,7.631901840490798
0,91,318,7.726415094339623
0,92,324,7.799382716049383
0,93,329,7.656534954407295
0,94,332,7.590361445783133
0,95,340,7.247058823529412
0,96,338,7.372781065088757
0,97,332,7.304216867469879
0,98,341,7.313782991202346
0,99,340,7.158823529411765
0,100,346,7.329479768786127
0,101,341,7.243401759530792
0,102,337,7.510385756676558
0,103,327,7.535168195718654
0,104,322,7.531055900621118
0,105,326,7.662576687116564
0,106,339,7.371681415929204
0,107,354,7.2740112994350286
0,108,352,7.1164772727272725
0,109,340,7.1382352941176475
0,110,342,7.222222222222222
0,111,342,7.4298245614035086
0,112,347,7.066282420749279
0,113,356,7.216292134831461
0,114,376,7.220744680851064
0,115,382,7.146596858638744
0,116,387,7.111111111111111
0,117,388,7.335051546391752
0,118,388,7.224226804123711
0,119,386,7.5
0,120,411,7.343065693430657
0,121,415,7.339759036144578
0,122,403,7.200992555831266
0,123,395,7.248101265822785
0,124,400,7.1375
0,125,409,7.273838630806846
0,126,413,7.394673123486683
0,127,418,7.287081339712919
0,128,418,7.497607655502392
0,129,420,7.276190476190476
0,130,426,7.26056338028169
0,131,415,7.240963855421687
0,132,428,7.313084112149533
0,133,443,7.121896162528217
0,134,443,7.3521444695259595
0,135,444,7.513513513513513
0,136,438,7.710045662100456
0,137,430,7.662790697674419
0,138,423,7.73758865248227
0,139,431,7.744779582366589
0,140,423,7.796690307328605
0,141,427,7.653395784543325
0,142,427,7.283372365339578
0,143,425,7.1129411764705885
0,144,419,7.255369928400954
0,145,403,7.550868486352357
0,146,384,7.575520833333333
0,147,390,7.697435897435898
0,148,387,7.423772609819121
0,149,390,7.276923076923077
0,150,398,7.2537688442211055
0,151,396,7.159090909090909
0,152,390,7.041025641025641
0,153,387,6.917312661498708
0,154,385,7.038961038961039
0,155,371,7.3126684636118595
0,156,359,7.225626740947075
0,157,363,7.465564738292011
0,158,353,7.620396600566572
0,159,341,7.668621700879766
0,160,329,7.525835866261398
0,161,326,7.5184049079754605
0,162,329,7.7477203647416415
0,163,333,7.54954954954955
0,164,329,7.446808510638298
0,165,327,7.388379204892966
0,166,312,7.112179487179487
0,167,307,6.986970684039088
0,168,302,7.066225165562914
0,169,308,7.159090909090909
0,170,290,7.017241379310345
0,171,295,6.996610169491525
0,172,298,7.231543624161074
0,173,295,7.437288135593221
0,174,293,7.341296928327645
0,175,291,7.237113402061856
0,176,295,7.098305084745762
0,177,292,6.986301369863014
0,178,277,6.963898916967509
0,179,258,7.127906976744186
0,180,256,7.25390625
0,181,256,7.484375
0,182,243,7.666666666666667
0,183,246,7.467479674796748
0,184,251,7.378486055776892
0,185,245,7.36734693877551
0,186,222,7.531531531531532
0,187,225,7.151111111111111
0,188,224,7.267857142857143
0,189,216,7.236111111111111
0,190,215,7.567441860465117
0,191,213,7.535211267605634
0,192,207,7.521739130434782
0,193,205,7.663414634146341
0,194,216,7.2407407407407405
0,195,217,7.47926267281106
0,196,213,7.178403755868545
0,197,213,7.300469483568075
0,198,209,7.291866028708134
0,199,197,7.527918781725888
0,200,197,7.4213197969543145
0,201,198,7.217171717171717
0,202,195,7.128205128205129
0,203,197,7.060913705583756
0,204,191,7.272251308900524
0,205,186,7.424731182795699
0,206,193,7.476683937823834
0,207,192,7.390625
0,208,186,7.709677419354839
0,209,188,8.042553191489361
0,210,183,8.043715846994536
0,211,187,8.262032085561497
0,212,190,8.273684210526316
0,213,193,7.994818652849741
0,214,199,7.698492462311558
0,215,206,7.315533980582524
0,216,219,7.041095890410959
0,217,211,6.649289099526066
0,218,215,6.906976744186046
0,219,205,6.921951219512195
0,220,197,7.025380710659898
0,221,202,7.089108910891089
0,222,213,7.178403755868545
0,223,213,7.328638497652582
0,224,204,7.5245098039215685
0,225,205,7.565853658536585
0,226,211,7.18957345971564
0,227,212,7.363207547169812
0,228,218,7.302752293577981
0,229,229,7.253275109170306
0,230,223,7.417040358744394
0,231,227,7.299559471365638
0,232,232,7.228448275862069
0,233,230,7.356521739130435
0,234,224,7.709821428571429
0,235,229,7.703056768558952
0,236,227,7.704845814977974
0,237,225,7.591111111111111
0,238,231,7.376623376623376
0,239,236,7.254237288135593
0,240,234,7.136752136752137
0,241,238,7.11344537815126
0,242,249,7.020080321285141
0,243,239,7.02928870292887
0,244,239,6.870292887029288
0,245,237,6.987341772151899
0,246,237,7.037974683544304
0,247,240,7.1625
0,248,252,7.099206349206349
0,249,246,7.260162601626016
0,250,239,7.468619246861925
0,251,233,7.579399141630901
0,252,231,7.6017316017316015
0,253,230,7.734782608695652
0,254,231,7.675324675324675
0,255,238,7.815126050420168
0,256,241,7.564315352697095
0,257,246,7.747967479674797
0,258,256,7.34375
0,259,248,7.157258064516129
0,260,253,7.138339920948616
0,261,254,7.161417322834645
0,262,255,7.286274509803921
0,263,250,7.264
0,264,245,7.424489795918367
0,265,256,7.05078125
0,266,258,7.275193798449612
0,267,265,7.233962264150944
0,268,274,7.45985401459854
0,269,294,7.156462585034014
0,270,294,7.289115646258503
0,271,290,7.2172413793103445
0,272,284,6.971830985915493
0,273,289,7.0657439446366785
0,274,287,7.2160278745644595
0,275,292,7.160958904109589
0,276,297,7.424242424242424
0,277,297,7.484848484848484
0,278,312,7.458333333333333
0,279,305,7.4852459016393444
0,280,306,7.6797385620915035
0,281,312,7.419871794871795
0,282,306,7.526143790849673
0,283,304,7.480263157894737
0,284,302,7.443708609271523
0,285,306,7.709150326797386
0,286,305,7.744262295081967
0,287,298,7.634228187919463
0,288,290,7.793103448275862
0,289,295,7.708474576271186
0,290,291,7.776632302405498
0,291,292,7.7020547945205475
0,292,293,7.57679180887372
0,293,298,7.506711409395973
0,294,293,7.474402730375426
0,295,279,7.691756272401434
0,296,282,7.574468085106383
0,297,278,7.68705035971223
0,298,276,7.829710144927536
0,299,260,7.961538461538462
0,300,267,7.801498127340824
0,301,274,7.762773722627737
0,302,277,7.494584837545126
0,303,264,7.378787878787879
0,304,254,7.2952755905511815
0,305,268,7.2611940298507465
0,306,269,7.003717472118959
0,307,278,6.733812949640288
0,308,270,6.933333333333334
0,309,277,7.353790613718411
0,310,277,7.584837545126354
0,311,272,7.613970588235294
0,312,283,7.3568904593639575
0,313,277,7.2671480144404335
0,314,283,7.360424028268551
0,315,287,7.407665505226481
0,316,288,7.09375
0,317,287,7.083623693379791
0,318,285,7.045614035087719
0,319,278,7.0503597122302155
0,320,279,7.157706093189964
0,321,280,7.317857142857143
0,322,272,7.511029411764706
0,323,285,7.4491228070175435
0,324,285,7.32280701754386
0,325,287,7.334494773519164
0,326,278,7.323741007194244
0,327,282,7.2695035460992905
0,328,273,7.402930402930403
0,329,283,7.236749116607774
0,330,273,7.355311355311355
0,331,266,7.631578947368421
0,332,259,7.575289575289576
0,333,261,7.409961685823755
0,334,260,7.5
0,335,249,7.586345381526105
0,336,262,7.312977099236641
0,337,251,7.322709163346613
0,338,240,7.429166666666666
0,339,241,6.954356846473029
0,340,240,6.7875
0,341,235,6.787234042553192
0,342,228,7.171052631578948
0,343,229,7.270742358078603
0,344,227,7.061674008810573
0,345,228,7.3201754385964914
0,346,226,7.29646017699115
0,347,219,7.465753424657534
0,348,216,7.361111111111111
0,349,219,7.337899543378995
0,350,207,7.449275362318841
0,351,206,7.456310679611651
0,352,210,7.3428571428571425
0,353,205,7.463414634146342
0,354,203,7.5763546798029555
0,355,209,7.421052631578948
0,356,205,7.658536585365853
0,357,195,7.605128205128205
0,358,194,7.201030927835052
0,359,192,7.489583333333333
0,360,193,7.601036269430052
0,361,204,7.127450980392157
0,362,196,7.321428571428571
0,363,195,7.0717948717948715
0,364,190,7.247368421052632
0,365,184,7.315217391304348
0,366,176,7.4772727272727275
0,367,179,7.41340782122905
0,368,176,7.448863636363637
0,369,171,7.684210526315789
0,370,169,7.34319526627219
0,371,164,7.469512195121951
0,372,174,7.166666666666667
0,373,172,7.145348837209302
0,374,167,7.263473053892215
0,375,165,7.127272727272727
0,376,163,7.282208588957055
0,377,162,7.469135802469136
0,378,160,7.7625
0,379,155,7.380645161290323
0,380,148,7.5675675675675675
0,381,148,7.162162162162162
0,382,157,6.707006369426751
0,383,159,6.886792452830188
0,384,162,6.790123456790123
0,385,169,6.668639053254438
0,386,168,6.803571428571429
0,387,171,6.906432748538012
0,388,169,7.094674556213017
0,389,162,7.179012345679013
0,390,159,7.289308176100629
0,391,162,7.345679012345679
0,392,167,7.37125748502994
0,393,167,7.455089820359281
0,394,172,7.122093023255814
0,395,172,7.27906976744186
0,396,166,7.204819277108434
0,397,163,7.564417177914111
0,398,162,7.3580246913580245
0,399,156,7.891025641025641
0,400,152,7.855263157894737
1,0,30,0.0
1,1,30,1.0
1,2,30,2.0
1,3,30,3.0
1,4,30,4.0
1,5,30,5.0
1,6,30,6.0
1,7,30,7.0
1,8,30,8.0
1,9,36,7.5
1,10,40,7.65
1,11,42,8.238095238095237
1,12,47,8.25531914893617
1,13,53,8.20754716981132
1,14,58,8.413793103448276
1,15,63,8.666666666666666
1,16,66,9.227272727272727
1,17,71,9.507042253521126
1,18,80,9.325
1,19,89,9.168539325842696
1,20,92,9.619565217391305
1,21,107,9.05607476635514
1,22,112,9.294642857142858
1,23,119,9.6890756302521
1,24,136,9.073529411764707
1,25,152,8.914473684210526
1,26,160,9.26875
1,27,170,8.994117647058824
1,28,179,9.078212290502794
1,29,188,9.26595744680851
1,30,191,9.534031413612565
1,31,201,9.572139303482587
1,32,188,7.590425531914893
1,33,194,7.860824742268041
1,34,198,7.96969696969697
1,35,203,8.201970443349754
1,36,205,8.448780487804878
1,37,221,8.42081447963801
1,38,245,7.96734693877551
1,39,249,8.44578313253012
1,40,253,8.58498023715415
1,41,254,8.88976377952756
1,42,267,8.50561797752809
1,43,271,8.675276752767529
1,44,288,8.38888888888889
1,45,296,8.358108108108109
1,46,309,8.572815533980583
1,47,327,8.330275229357799
1,48,334,8.410179640718562
1,49,321,8.69158878504673
1,50,337,8.700296735905045
1,51,336,8.892857142857142
1,52,344,8.912790697674419
1,53,334,8.703592814371257
1,54,353,8.3342776203966
1,55,359,8.459610027855152
1,56,359,8.401114206128133
1,57,362,8.414364640883978
1,58,366,8.42896174863388
1,59,395,8.081012658227849
1,60,402,8.002487562189055
1,61,407,8.085995085995085
1,62,410,7.982926829268293
1,63,415,8.081927710843374
1,64,416,8.134615384615385
1,65,431,7.997679814385151
1,66,437,8.03203661327231
1,67,440,8.293181818181818
1,68,463,8.241900647948164
1,69,479,8.179540709812109
1,70,492,8.044715447154472
1,71,504,8.103174603174603
1,72,509,8.06090373280943
1,73,516,8.118217054263566
1,74,533,7.840525328330206
1,75,534,7.925093632958801
1,76,533,7.9643527204502815
1,77,533,7.911819887429644
1,78,546,7.972527472527473
1,79,545,8.08440366972477
1,80,547,8.09689213893967
1,81,566,8.031802120141343
1,82,579,8.075993091537134
1,83,584,8.131849315068493
1,84,575,8.05391304347826
1,85,594,7.808080808080808
1,86,592,7.820945945945946
1,87,601,7.675540765391015
1,88,606,7.816831683168317
1,89,605,7.821487603305785
1,90,628,7.585987261146497
1,91,649,7.536209553158706
1,92,657,7.595129375951294
1,93,666,7.774774774774775
1,94,648,7.807098765432099
1,95,672,7.607142857142857
1,96,679,7.74079528718704
1,97,704,7.613636363636363
1,98,691,7.680173661360348
1,99,704,7.609375
1,100,718,7.628133704735376
1,101,724,7.649171270718232
1,102,742,7.731805929919138
1,103,746,7.7922252010723865
1,104,750,7.816
1,105,762,7.863517060367454
1,106,782,7.71227621483376
1,107,780,7.644871794871795
1,108,793,7.5561160151324085
1,109,810,7.651851851851852
1,110,814,7.637592137592137
1,111,831,7.676293622141998
1,112,840,7.504761904761905
1,113,855,7.55906432748538
1,114,852,7.731220657276995
1,115,849,7.916372202591284
1,116,860,7.877906976744186
1,117,849,7.726737338044758
1,118,859,7.832363213038417
1,119,870,7.919540229885057
1,120,880,7.826136363636364
1,121,907,7.835722160970231
1,122,922,7.68763557483731
1,123,940,7.852127659574468
1,124,924,7.89935064935065
1,125,915,8.093989071038251
1,126,922,8.085683297180044
1,127,934,8.201284796573876
1,128,948,8.197257383966244
1,129,942,8.184713375796179
1,130,928,7.9342672413793105
1,131,928,7.947198275862069
1,132,943,7.786850477200424
1,133,942,7.7717622080679405
1,134,927,7.7820927723840345
1,135,934,7.960385438972163
1,136,940,7.891489361702128
1,137,941,7.766206163655686
1,138,941,7.805526036131774
1,139,959,7.75495307612096
1,140,961,7.730489073881373
1,141,988,7.673076923076923
1,142,991,7.650857719475278
1,143,993,7.871097683786505
1,144,996,7.954819277108434
1,145,992,7.870967741935484
1,146,979,7.700715015321757
1,147,983,7.822990844354019
1,148,973,7.681397738951696
1,149,963,7.826583592938733
1,150,970,7.788659793814433
1,151,983,7.634791454730417
1,152,989,7.556117290192113
1,153,996,7.657630522088353
1,154,1002,7.622754491017964
1,155,1024,7.6083984375
1,156,1042,7.629558541266794
1,157,1057,7.639545884578997
1,158,1056,7.632575757575758
1,159,1074,7.797020484171322
1,160,1089,7.733700642791552
1,161,1071,7.773109243697479
1,162,1086,7.723756906077348
1,163,1076,7.8262081784386615
1,164,1080,7.7787037037037035
1,165,1089,7.661157024793388
1,166,1101,7.53133514986376
1,167,1105,7.461538461538462
1,168,1114,7.446140035906643
1,169,1119,7.5933869526362825
1,170,1138,7.533391915641476
1,171,1146,7.543630017452007
1,172,1156,7.576124567474048
1,173,1154,7.7079722703639515
1,174,1141,7.656441717791411
1,175,1148,7.671602787456446
1,176,1132,7.6431095406360425
1,177,1136,7.602992957746479
1,178,1136,7.647007042253521
1,179,1155,7.599134199134199
1,180,1170,7.552136752136752
1,181,1171,7.552519214346712
1,182,1143,7.660542432195975
1,183,1152,7.591145833333333
1,184,1136,7.606514084507042
1,185,1146,7.5828970331588135
1,186,1137,7.523306948109059
1,187,1120,7.515178571428572
1,188,1110,7.472072072072072
1,189,1124,7.434163701067615
1,190,1141,7.35056967572305
1,191,1143,7.349081364829396
1,192,1126,7.481349911190053
1,193,1130,7.416814159292035
1,194,1102,7.300362976406533
1,195,1118,7.511627906976744
1,196,1117,7.498657117278424
1,197,1112,7.525179856115108
1,198,1102,7.562613430127041
1,199,1079,7.528266913809082
1,200,1070,7.485046728971962
1,201,1059,7.531633616619453
1,202,1060,7.5754716981132075
1,203,1055,7.5772511848341235
1,204,1057,7.586565752128666
1,205,1057,7.578051087984862
1,206,1044,7.590996168582375
1,207,1056,7.474431818181818
1,208,1048,7.361641221374046
1,209,1061,7.393967954759661
1,210,1075,7.373953488372093
1,211,1077,7.357474466109563
1,212,1089,7.2102846648301195
1,213,1057,7.279091769157994
1,214,1064,7.375
1,215,1045,7.381818181818182
1,216,1082,7.378927911275416
1,217,1069,7.500467726847521
1,218,1061,7.473138548539114
1,219,1063,7.4637817497648165
1,220,1062,7.4209039548022595
1,221,1064,7.415413533834586
1,222,1073,7.37371854613234
1,223,1082,7.439001848428836
1,224,1073,7.460391425908667
1,225,1074,7.450651769087523
1,226,1088,7.428308823529412
1,227,1082,7.551756007393715
1,228,1074,7.435754189944134
1,229,1085,7.374193548387097
1,230,1076,7.508364312267658
1,231,1084,7.521217712177122
1,232,1086,7.5211786372007365
1,233,1090,7.58348623853211
1,234,1090,7.69908256880734
1,235,1107,7.614272809394761
1,236,1107,7.524841915085817
1,237,1087,7.367985280588776
1,238,1076,7.443308550185874
1,239,1066,7.50562851782364
1,240,1073,7.576887232059645
1,241,1085,7.525345622119816
1,242,1085,7.507834101382488
1,243,1083,7.583564173591874
1,244,1081,7.452358926919519
1,245,1088,7.404411764705882
1,246,1103,7.381686310063463
1,247,1113,7.3674752920035935
1,248,1111,7.459045904590459
1,249,1099,7.441310282074613
1,250,1094,7.416819012797075
1,251,1121,7.354148082069581
1,252,1130,7.35929203539823
1,253,1122,7.410873440285205
1,254,1128,7.468085106382978
1,255,1120,7.398214285714285
1,256,1132,7.321554770318021
1,257,1136,7.251760563380282
1,258,1132,7.373674911660777
1,259,1135,7.395594713656387
1,260,1129,7.474756421612046
1,261,1123,7.584149599287622
1,262,1125,7.650666666666667
1,263,1130,7.469911504424779
1,264,1117,7.64816472694718
1,265,1097,7.63901549680948
1,266,1084,7.663284132841328
1,267,1087,7.582336706531739
1,268,1102,7.450090744101633
1,269,1108,7.438628158844765
1,270,1139,7.354697102721686
1,271,1109,7.371505861136159
1,272,1101,7.394187102633969
1,273,1123,7.272484416740872
1,274,1103,7.2565729827742524
1,275,1099,7.244767970882621
1,276,1072,7.305037313432836
1,277,1057,7.3509933774834435
1,278,1073,7.420316868592731
1,279,1082,7.357670979667283
1,280,1074,7.273743016759776
1,281,1077,7.381615598885793
1,282,1072,7.433768656716418
1,283,1077,7.3918291550603525
1,284,1073,7.487418452935694
1,285,1085,7.363133640552995
1,286,1094,7.3939670932358315
1,287,1114,7.371633752244165
1,288,1136,7.285211267605634
1,289,1092,7.259157509157509
1,290,1093,7.387923147301007
1,291,1066,7.483114446529081
1,292,1052,7.474334600760456
1,293,1041,7.555235350624399
1,294,1028,7.569066147859922
1,295,1046,7.4340344168260035
1,296,1042,7.365642994241843
1,297,1026,7.368421052631579
1,298,1037,7.3085824493731915
1,299,1017,7.265486725663717
1,300,1027,7.377799415774099
1,301,1018,7.234774066797643
1,302,993,7.198388721047332
1,303,977,7.219037871033777
1,304,980,7.326530612244898
1,305,982,7.25050916496945
1,306,982,7.332993890020367
1,307,989,7.325581395348837
1,308,987,7.3637284701114485
1,309,980,7.374489795918367
1,310,993,7.501510574018127
1,311,1005,7.519402985074627
1,312,1020,7.382352941176471
1,313,1019,7.259077526987243
1,314,1018,7.229862475442043
1,315,1026,7.207602339181286
1,316,1034,7.121856866537717
1,317,1070,7.121495327102804
1,318,1059,7.1322001888574125
1,319,1041,7.289145052833813
1,320,1044,7.340996168582375
1,321,1041,7.4293948126801155
1,322,1070,7.2682242990654204
1,323,1049,7.350810295519542
1,324,1078,7.112244897959184
1,325,1081,7.181313598519889
1,326,1082,7.282809611829944
1,327,1074,7.4748603351955305
1,328,1081,7.493987049028677
1,329,1073,7.559179869524697
1,330,1069,7.58933582787652
1,331,1057,7.586565752128666
1,332,1047,7.663801337153773
1,333,1043,7.412272291466922
1,334,1023,7.33822091886608
1,335,1031,7.223084384093114
1,336,1022,7.3101761252446185
1,337,1011,7.354104846686449
1,338,1013,7.408687068114511
1,339,988,7.52327935222672
1,340,987,7.635258358662614
1,341,982,7.716904276985743
1,342,975,7.601025641025641
1,343,980,7.4459183673469385
1,344,972,7.303497942386831
1,345,957,7.29153605015674
1,346,965,7.261139896373057
1,347,963,7.157840083073728
1,348,967,7.266804550155119
1,349,956,7.372384937238493
1,350,957,7.41901776384535
1,351,962,7.403326403326403
1,352,977,7.3234390992835205
1,353,959,7.2867570385818565
1,354,952,7.253151260504202
1,355,966,7.374741200828157
1,356,952,7.42436974789916
1,357,953,7.474291710388248
1,358,948,7.44198312236287
1,359,937,7.353255069370331
1,360,929,7.278794402583423
1,361,928,7.421336206896552
1,362,929,7.4294940796555435
1,363,938,7.481876332622601
1,364,907,7.4608599779492835
1,365,897,7.6231884057971016
1,366,888,7.601351351351352
1,367,876,7.52054794520548
1,368,878,7.482915717539863
1,369,878,7.546697038724374
1,370,883,7.433748584371461
1,371,884,7.388009049773756
1,372,875,7.466285714285714
1,373,843,7.504151838671412
1,374,860,7.482558139534884
1,375,857,7.362893815635939
1,376,865,7.232369942196532
1,377,859,6.987194412107101
1,378,875,6.990857142857143
1,379,862,6.952436194895592
1,380,867,7.033448673587082
1,381,854,7.192037470725995
1,382,839,7.3253873659118
1,383,859,7.366705471478463
1,384,835,7.610778443113772
1,385,830,7.8
1,386,850,7.609411764705882
1,387,865,7.38728323699422
1,388,879,7.349260523321957
1,389,911,7.181119648737651
1,390,900,7.196666666666666
1,391,908,7.069383259911894
1,392,899,7.136818687430479
1,393,884,7.266968325791855
1,394,879,7.397042093287827
1,395,877,7.330672748004561
1,396,871,7.30195177956372
1,397,871,7.392652123995408
1,398,861,7.441347270615563
1,399,851,7.340775558166863
1,400,843,7.3214709371293
2,0,30,0.0
2,1,30,1.0
2,2,30,2.0
2,3,30,3.0
2,4,30,4.0
2,5,30,5.0
2,6,30,6.0
2,7,30,7.0
2,8,30,8.0
2,9,39,6.923076923076923
2,10,45,6.866666666666666
2,11,49,7.224489795918367
2,12,55,7.327272727272727
2,13,62,7.17741935483871
2,14,68,7.455882352941177
2,15,76,7.368421052631579
2,16,82,7.7560975609756095
2,17,88,7.988636363636363
2,18,96,8.052083333333334
2,19,103,8.339805825242719
2,20,105,8.704761904761904
2,21,106,9.18867924528302
2,22,115,9.391304347826088
2,23,124,9.508064516129032
2,24,135,9.651851851851852
2,25,139,10.014388489208633
2,26,153,9.019607843137255
2,27,165,8.757575757575758
2,28,171,9.023391812865498
2,29,180,9.283333333333333
2,30,178,9.640449438202246
2,31,181,9.74585635359116
2,32,170,7.982352941176471
2,33,168,8.166666666666666
2,34,182,8.065934065934066
2,35,191,7.973821989528796
2,36,199,8.040201005025125
2,37,202,8.153465346534654
2,38,212,7.85377358490566
2,39,216,8.11574074074074
2,40,214,8.485981308411215
2,41,210,8.371428571428572
2,42,222,8.18918918918919
2,43,231,8.233766233766234
2,44,239,8.179916317991632
2,45,247,8.186234817813766
2,46,259,7.7915057915057915
2,47,264,8.053030303030303
2,48,267,8.385767790262172
2,49,270,8.325925925925926
2,50,275,8.294545454545455
2,51,281,8.526690391459075
2,52,284,8.376760563380282
2,53,286,8.335664335664335
2,54,288,8.26388888888889
2,55,301,7.883720930232558
2,56,319,7.579937304075235
2,57,326,7.595092024539877
2,58,335,7.411940298507463
2,59,327,7.5015290519877675
2,60,329,7.644376899696049
2,61,339,7.699115044247788
2,62,341,7.592375366568915
2,63,337,7.649851632047477
2,64,341,7.821114369501466
2,65,350,7.88
2,66,351,7.8575498575498575
2,67,369,7.6802168021680215
2,68,368,7.809782608695652
2,69,375,7.866666666666666
2,70,370,7.694594594594594
2,71,367,7.795640326975477
2,72,363,7.807162534435261
2,73,368,7.692934782608695
2,74,352,7.420454545454546
2,75,359,7.701949860724234
2,76,364,7.728021978021978
2,77,365,7.772602739726027
2,78,366,7.666666666666667
2,79,368,7.570652173913044
2,80,371,7.584905660377358
2,81,363,7.801652892561983
2,82,370,7.918918918918919
2,83,374,7.89572192513369
2,84,380,7.760526315789473
2,85,373,7.914209115281501
2,86,374,7.94385026737968
2,87,369,7.663956639566396
2,88,369,7.7831978319783195
2,89,372,7.801075268817204
2,90,377,7.76392572944297
2,91,376,7.821808510638298
2,92,363,7.754820936639119
2,93,365,7.635616438356164
2,94,369,7.639566395663957
2,95,361,7.415512465373961
2,96,355,7.704225352112676
2,97,350,7.937142857142857
2,98,347,7.8645533141210375
2,99,364,7.6291208791208796
2,100,396,7.505050505050505
2,101,400,7.715
2,102,394,7.5761421319796955
2,103,414,7.5
2,104,420,7.169047619047619
2,105,412,7.065533980582524
2,106,413,7.324455205811138
2,107,396,7.601010101010101
2,108,401,7.456359102244389
2,109,414,7.2270531400966185
2,110,420,7.330952380952381
2,111,413,7.566585956416465
2,112,402,7.656716417910448
2,113,409,7.30562347188264
2,114,414,7.195652173913044
2,115,406,7.4507389162561575
2,116,405,7.6
2,117,412,7.871359223300971
2,118,413,8.00726392251816
2,119,422,7.741706161137441
2,120,420,7.552380952380952
2,121,408,7.512254901960785
2,122,397,7.337531486146096
2,123,391,7.391304347826087
2,124,383,7.483028720626632
2,125,383,7.511749347258486
2,126,390,7.297435897435897
2,127,383,7.360313315926893
2,128,387,7.37984496124031
2,129,389,7.4987146529562985
2,130,391,7.539641943734015
2,131,391,7.554987212276215
2,132,381,7.451443569553806
2,133,383,7.391644908616188
2,134,369,7.341463414634147
2,135,370,7.4
2,136,391,7.143222506393862
2,137,392,7.066326530612245
2,138,390,7.092307692307692
2,139,399,7.112781954887218
2,140,400,7.2625
2,141,393,7.424936386768448
2,142,394,7.3908629441624365
2,143,403,7.550868486352357
2,144,389,7.596401028277635
2,145,399,7.551378446115288
2,146,386,7.577720207253886
2,147,395,7.848101265822785
2,148,400,7.46
2,149,391,7.647058823529412
2,150,387,7.645994832041343
2,151,383,7.83289817232376
2,152,378,7.595238095238095
2,153,381,7.601049868766404
2,154,380,7.573684210526316
2,155,393,7.21882951653944
2,156,390,7.341025641025641
2,157,390,7.515384615384615
2,158,390,7.4743589743589745
2,159,402,7.507462686567164
2,160,409,7.748166259168704
2,161,410,7.8951219512195125
2,162,409,7.858190709046455
2,163,408,7.595588235294118
2,164,401,7.728179551122195
2,165,410,7.724390243902439
2,166,408,7.862745098039215
2,167,391,7.9258312020460355
2,168,380,7.942105263157894
2,169,383,7.83289817232376
2,170,367,7.705722070844686
2,171,366,7.918032786885246
2,172,366,7.612021857923497
2,173,374,7.740641711229946
2,174,376,7.662234042553192
2,175,394,7.3908629441624365
2,176,374,7.401069518716578
2,177,376,7.5
2,178,376,7.5611702127659575
2,179,385,7.5532467532467535
2,180,370,7.397297297297297
2,181,378,7.314814814814815
2,182,371,7.404312668463612
2,183,357,7.571428571428571
2,184,365,7.523287671232877
2,185,355,7.453521126760563
2,186,343,7.376093294460642
2,187,361,7.301939058171745
2,188,362,7.616022099447513
2,189,360,7.733333333333333
2,190,357,7.840336134453781
2,191,370,7.7
2,192,356,7.455056179775281
2,193,348,7.436781609195402
2,194,342,7.2368421052631575
2,195,333,7.171171171171171
2,196,314,7.2165605095541405
2,197,318,7.216981132075472
2,198,326,7.404907975460123
2,199,320,7.4
2,200,330,7.63030303030303
2,201,316,7.579113924050633
2,202,304,7.496710526315789
2,203,297,7.6127946127946124
2,204,281,7.604982206405694
2,205,287,7.515679442508711
2,206,287,7.616724738675958
2,207,282,7.358156028368795
2,208,279,7.594982078853047
2,209,295,7.284745762711864
2,210,278,7.197841726618705
2,211,269,7.323420074349443
2,212,266,6.992481203007519
2,213,254,7.062992125984252
2,214,249,7.248995983935743
2,215,243,7.349794238683128
2,216,237,7.409282700421941
2,217,236,7.47457627118644
2,218,233,7.351931330472103
2,219,239,7.602510460251046
2,220,235,7.68936170212766
2,221,240,7.558333333333334
2,222,245,7.53469387755102
2,223,237,7.628691983122363
2,224,238,7.239495798319328
2,225,243,7.362139917695473
2,226,240,7.020833333333333
2,227,235,7.085106382978723
2,228,231,7.367965367965368
2,229,235,7.340425531914893
2,230,236,7.491525423728813
2,231,235,7.327659574468085
2,232,234,7.346153846153846
2,233,230,7.421739130434783
2,234,236,7.3940677966101696
2,235,241,7.348547717842323
2,236,229,7.414847161572053
2,237,228,7.333333333333333
2,238,233,7.484978540772532
2,239,229,7.2663755458515285
2,240,227,7.3215859030837
2,241,236,7.1059322033898304
2,242,233,7.257510729613734
2,243,230,7.113043478260869
2,244,229,6.85589519650655
2,245,229,6.943231441048035
2,246,235,6.889361702127659
2,247,238,7.046218487394958
2,248,232,7.107758620689655
2,249,233,7.167381974248927
2,250,231,7.3896103896103895
2,251,237,7.185654008438819
2,252,241,7.5103734439834025
2,253,234,7.538461538461538
2,254,228,7.43859649122807
2,255,228,7.7105263157894735
2,256,237,7.624472573839663
2,257,233,7.918454935622318
2,258,240,7.708333333333333
2,259,231,7.761904761904762
2,260,220,7.590909090909091
2,261,228,7.43859649122807
2,262,224,7.482142857142857
2,263,224,7.40625
2,264,216,7.435185185185185
2,265,216,7.375
2,266,202,7.6683168316831685
2,267,193,8.041450777202073
2,268,200,8.24
2,269,194,8.015463917525773
2,270,188,7.5
2,271,184,7.559782608695652
2,272,177,7.344632768361582
2,273,183,7.218579234972678
2,274,177,7.163841807909605
2,275,164,7.469512195121951
2,276,159,7.616352201257862
2,277,153,7.124183006535947
2,278,155,7.148387096774194
2,279,150,7.02
2,280,148,7.04054054054054
2,281,142,7.070422535211268
2,282,137,7.240875912408759
2,283,147,6.829931972789115
2,284,147,6.714285714285714
2,285,150,6.72
2,286,147,6.925170068027211
2,287,140,7.264285714285714
2,288,143,7.258741258741258
2,289,142,7.380281690140845
2,290,141,7.50354609929078
2,291,140,7.564285714285714
2,292,133,7.330827067669173
2,293,134,7.58955223880597
2,294,135,7.533333333333333
2,295,130,7.4
2,296,131,7.679389312977099
2,297,129,7.263565891472868
2,298,131,7.320610687022901
2,299,120,7.283333333333333
2,300,122,7.459016393442623
2,301,121,7.669421487603306
2,302,112,7.616071428571429
2,303,110,7.327272727272727
2,304,112,7.375
2,305,114,7.552631578947368
2,306,116,7.2155172413793105
2,307,111,7.405405405405405
2,308,109,7.08256880733945
2,309,106,7.622641509433962
2,310,105,7.533333333333333
2,311,103,8.271844660194175
2,312,95,7.368421052631579
2,313,91,7.428571428571429
2,314,88,7.420454545454546
2,315,88,7.636363636363637
2,316,87,8.229885057471265
2,317,86,7.9186046511627906
2,318,87,7.666666666666667
2,319,85,7.376470588235295
2,320,79,6.8734177215189876
2,321,80,6.5625
2,322,79,6.734177215189874
2,323,76,7.026315789473684
2,324,75,6.613333333333333
2,325,77,6.6103896103896105
2,326,81,6.864197530864198
2,327,83,6.975903614457831
2,328,82,7.109756097560975
2,329,85,7.023529411764706
2,330,75,6.533333333333333
2,331,74,7.175675675675675
2,332,72,7.236111111111111
2,333,74,7.108108108108108
2,334,78,6.82051282051282
2,335,73,7.0
2,336,74,7.243243243243243
2,337,70,7.585714285714285
2,338,63,7.936507936507937
2,339,64,8.28125
2,340,66,7.878787878787879
2,341,62,8.096774193548388
2,342,53,7.943396226415095
2,343,48,7.666666666666667
2,344,44,7.795454545454546
2,345,46,7.0
2,346,48,7.020833333333333
2,347,44,6.431818181818182
2,348,47,6.25531914893617
2,349,47,6.723404255319149
2,350,45,7.2
2,351,46,7.043478260869565
2,352,44,7.431818181818182
2,353,48,7.395833333333333
2,354,45,8.377777777777778
2,355,43,8.627906976744185
2,356,45,8.666666666666666
2,357,43,7.953488372093023
2,358,43,7.232558139534884
2,359,42,7.476190476190476
2,360,41,7.658536585365853
2,361,41,7.2439024390243905
2,362,41,6.2439024390243905
2,363,42,6.690476190476191
2,364,40,6.5
2,365,36,7.333333333333333
2,366,35,8.057142857142857
2,367,37,7.162162162162162
2,368,35,7.742857142857143
2,369,35,8.228571428571428
2,370,35,7.628571428571429
2,371,36,7.638888888888889
2,372,35,7.171428571428572
2,373,33,7.878787878787879
2,374,29,7.689655172413793
2,375,28,8.357142857142858
2,376,29,8.586206896551724
2,377,27,8.851851851851851
2,378,31,7.612903225806452
2,379,36,6.805555555555555
2,380,39,7.205128205128205
2,381,38,6.842105263157895
2,382,34,7.0
2,383,32,6.28125
2,384,32,6.21875
2,385,33,7.0
2,386,35,7.085714285714285
2,387,33,7.242424242424242
2,388,36,6.555555555555555
2,389,37,6.297297297297297
2,390,38,6.5
2,391,40,6.85
2,392,41,6.926829268292683
2,393,41,7.560975609756097
2,394,41,7.170731707317073
2,395,40,7.025
2,396,45,6.555555555555555
2,397,46,6.5
2,398,44,6.840909090909091
2,399,43,6.813953488372093
2,400,42,7.571428571428571
3,0,30,0.0
3,1,30,1.0
3,2,30,2.0
3,3,30,3.0
3,4,30,4.0
3,5,30,5.0
3,6,30,6.0
3,7,30,7.0
3,8,30,8.0
3,9,37,7.297297297297297
3,10,44,6.9772727272727275
3,11,45,7.8
3,12,46,8.608695652173912
3,13,51,8.666666666666666
3,14,54,9.12962962962963
3,15,58,9.431034482758621
3,16,68,8.897058823529411
3,17,72,9.01388888888889
3,18,75,9.373333333333333
3,19,80,9.725
3,20,80,10.2125
3,21,81,10.555555555555555
3,22,85,10.51764705882353
3,23,95,10.210526315789474
3,24,103,10.233009708737864
3,25,114,9.93859649122807
3,26,125,9.976
3,27,131,10.16030534351145
3,28,142,9.725352112676056
3,29,149,9.78523489932886
3,30,158,9.70253164556962
3,31,167,9.964071856287426
3,32,142,7.802816901408451
3,33,147,8.204081632653061
3,34,145,8.827586206896552
3,35,150,8.9
3,36,158,8.822784810126583
3,37,163,8.92638036809816
3,38,169,8.982248520710058
3,39,175,8.725714285714286
3,40,185,9.027027027027026
3,41,197,8.644670050761421
3,42,208,8.64423076923077
3,43,216,8.703703703703704
3,44,227,8.991189427312776
3,45,236,8.614406779661017
3,46,245,8.448979591836734
3,47,258,8.44186046511628
3,48,259,8.281853281853282
3,49,257,8.365758754863814
3,50,264,8.378787878787879
3,51,272,8.628676470588236
3,52,278,8.517985611510792
3,53,286,8.55944055944056
3,54,273,8.322344322344323
3,55,276,8.231884057971014
3,56,277,8.433212996389893
3,57,291,8.161512027491408
3,58,303,8.069306930693068
3,59,314,8.14968152866242
3,60,319,7.8119122257053295
3,61,322,7.75776397515528
3,62,320,7.653125
3,63,319,7.774294670846395
3,64,324,7.722222222222222
3,65,324,7.919753086419753
3,66,329,8.085106382978724
3,67,326,8.358895705521473
3,68,337,8.059347181008903
3,69,348,8.293103448275861
3,70,362,8.212707182320441
3,71,370,8.583783783783783
3,72,374,8.6524064171123
3,73,384,8.455729166666666
3,74,380,8.171052631578947
3,75,374,8.39572192513369
3,76,366,8.199453551912569
3,77,381,8.10498687664042
3,78,408,7.7818627450980395
3,79,411,7.953771289537713
3,80,416,8.189903846153847
3,81,419,8.24821002386635
3,82,424,8.28066037735849
3,83,435,8.282758620689656
3,84,436,8.174311926605505
3,85,443,8.115124153498872
3,86,436,8.064220183486238
3,87,444,8.047297297297296
3,88,447,7.821029082774049
3,89,457,7.6958424507658645
3,90,454,7.786343612334802
3,91,484,7.6570247933884295
3,92,489,7.519427402862986
3,93,494,7.8117408906882595
3,94,498,7.841365461847389
3,95,501,7.686626746506986
3,96,505,7.671287128712871
3,97,528,7.568181818181818
3,98,525,7.588571428571429
3,99,537,7.532588454376164
3,100,538,7.455390334572491
3,101,541,7.207024029574861
3,102,554,7.415162454873646
3,103,555,7.646846846846847
3,104,572,7.548951048951049
3,105,575,7.629565217391304
3,106,581,7.592082616179002
3,107,582,7.685567010309279
3,108,605,7.596694214876033
3,109,609,7.666666666666667
3,110,626,7.421725239616613
3,111,618,7.616504854368932
3,112,633,7.37914691943128
3,113,640,7.553125
3,114,632,7.636075949367089
3,115,624,7.472756410256411
3,116,634,7.490536277602524
3,117,632,7.484177215189874
3,118,646,7.459752321981425
3,119,665,7.560902255639098
3,120,663,7.570135746606335
3,121,672,7.5625
3,122,690,7.392753623188406
3,123,685,7.49051094890511
3,124,673,7.445765230312036
3,125,697,7.4289813486370155
3,126,715,7.40979020979021
3,127,733,7.377899045020464
3,128,748,7.540106951871658
3,129,761,7.567674113009199
3,130,756,7.599206349206349
3,131,788,7.554568527918781
3,132,792,7.443181818181818
3,133,781,7.394366197183099
3,134,778,7.443444730077121
3,135,783,7.339719029374201
3,136,779,7.302952503209243
3,137,785,7.294267515923567
3,138,802,7.168329177057356
3,139,810,7.098765432098766
3,140,835,7.158083832335329
3,141,842,7.281472684085511
3,142,837,7.378733572281959
3,143,821,7.332521315468941
3,144,815,7.347239263803681
3,145,820,7.3463414634146345
3,146,817,7.411260709914321
3,147,818,7.446210268948655
3,148,828,7.508454106280193
3,149,848,7.477594339622642
3,150,853,7.495896834701055
3,151,834,7.411270983213429
3,152,836,7.516746411483253
3,153,827,7.564691656590084
3,154,848,7.503537735849057
3,155,851,7.330199764982374
3,156,857,7.295215869311552
3,157,831,7.401925391095066
3,158,824,7.481796116504855
3,159,831,7.401925391095066
3,160,847,7.370720188902007
3,161,836,7.427033492822966
3,162,827,7.298669891172914
3,163,819,7.318681318681318
3,164,825,7.305454545454546
3,165,820,7.279268292682927
3,166,824,7.313106796116505
3,167,824,7.422330097087379
3,168,819,7.509157509157509
3,169,826,7.553268765133172
3,170,834,7.5
3,171,835,7.423952095808383
3,172,812,7.336206896551724
3,173,824,7.389563106796117
3,174,843,7.304863582443653
3,175,842,7.39311163895487
3,176,844,7.359004739336493
3,177,842,7.368171021377672
3,178,856,7.456775700934579
3,179,864,7.440972222222222
3,180,871,7.437428243398393
3,181,882,7.433106575963719
3,182,877,7.491448118586089
3,183,899,7.442714126807564
3,184,891,7.347923681257015
3,185,879,7.465301478953356
3,186,876,7.574200913242009
3,187,866,7.752886836027714
3,188,862,7.723897911832947
3,189,867,7.64475201845444
3,190,886,7.645598194130925
3,191,897,7.6231884057971016
3,192,905,7.52817679558011
3,193,913,7.387732749178532
3,194,933,7.334405144694534
3,195,955,7.4115183246073295
3,196,967,7.463288521199586
3,197,969,7.591331269349845
3,198,968,7.536157024793388
3,199,978,7.340490797546012
3,200,970,7.4515463917525775
3,201,954,7.39517819706499
3,202,948,7.526371308016878
3,203,965,7.527461139896373
3,204,994,7.56841046277666
3,205,1003,7.529411764705882
3,206,1011,7.6162215628091
3,207,1051,7.633682207421503
3,208,1037,7.610414657666345
3,209,1031,7.738118331716779
3,210,1027,7.656280428432328
3,211,1033,7.605033881897386
3,212,1010,7.676237623762376
3,213,991,7.682139253279516
3,214,998,7.695390781563126
3,215,992,7.657258064516129
3,216,996,7.75
3,217,1014,7.658777120315582
3,218,1015,7.611822660098523
3,219,1028,7.585603112840467
3,220,1031,7.551891367604267
3,221,1008,7.5396825396825395
3,222,990,7.619191919191919
3,223,1007,7.440913604766633
3,224,1001,7.497502497502498
3,225,985,7.473096446700508
3,226,981,7.440366972477064
3,227,1012,7.476284584980237
3,228,1012,7.523715415019763
3,229,1026,7.584795321637427
3,230,1018,7.610019646365423
3,231,1032,7.541666666666667
3,232,1035,7.63671497584541
3,233,1013,7.501480750246792
3,234,999,7.571571571571572
3,235,1007,7.494538232373387
3,236,995,7.393969849246231
3,237,983,7.441505595116989
3,238,1007,7.491559086395234
3,239,1016,7.455708661417323
3,240,1014,7.425049309664694
3,241,1024,7.4609375
3,242,1003,7.567298105682951
3,243,1002,7.478043912175648
3,244,998,7.595190380761523
3,245,997,7.6218655967903715
3,246,1008,7.54265873015873
3,247,994,7.564386317907445
3,248,994,7.469818913480886
3,249,988,7.376518218623482
3,250,988,7.426113360323886
3,251,981,7.503567787971457
3,252,1001,7.472527472527473
3,253,999,7.41041041041041
3,254,1018,7.399803536345776
3,255,1009,7.353815659068385
3,256,998,7.222444889779559
3,257,992,7.412298387096774
3,258,975,7.489230769230769
3,259,974,7.528747433264887
3,260,1005,7.433830845771144
3,261,998,7.440881763527054
3,262,998,7.410821643286573
3,263,994,7.351106639839034
3,264,998,7.427855711422846
3,265,995,7.330653266331658
3,266,1004,7.25398406374502
3,267,1021,7.281096963761018
3,268,1045,7.286124401913876
3,269,1044,7.370689655172414
3,270,1037,7.375120540019286
3,271,1050,7.3723809523809525
3,272,1056,7.339015151515151
3,273,1059,7.457979225684608
3,274,1057,7.5042573320719015
3,275,1072,7.532649253731344
3,276,1049,7.469971401334605
3,277,1057,7.3339640491958376
3,278,1070,7.419626168224299
3,279,1059,7.534466477809254
3,280,1057,7.465468306527909
3,281,1068,7.48314606741573
3,282,1074,7.521415270018622
3,283,1060,7.447169811320754
3,284,1070,7.516822429906542
3,285,1056,7.53030303030303
3,286,1079,7.465245597775718
3,287,1072,7.478544776119403
3,288,1069,7.511693171188027
3,289,1085,7.490322580645161
3,290,1072,7.6408582089552235
3,291,1086,7.568139963167588
3,292,1096,7.577554744525547
3,293,1088,7.432904411764706
3,294,1114,7.478456014362657
3,295,1100,7.382727272727273
3,296,1107,7.599819331526649
3,297,1090,7.620183486238532
3,298,1094,7.448811700182816
3,299,1112,7.321942446043166
3,300,1125,7.351111111111111
3,301,1140,7.364035087719298
3,302,1135,7.358590308370044
3,303,1157,7.446845289541919
3,304,1167,7.435304198800343
3,305,1168,7.290239726027397
3,306,1188,7.228956228956229
3,307,1181,7.307366638441998
3,308,1182,7.279187817258883
3,309,1216,7.364309210526316
3,310,1196,7.503344481605351
3,311,1189,7.582842724978974
3,312,1213,7.4773289365210225
3,313,1201,7.467943380516236
3,314,1207,7.43827671913836
3,315,1212,7.402640264026402
3,316,1236,7.343042071197411
3,317,1268,7.405362776025236
3,318,1281,7.498829039812646
3,319,1300,7.473846153846154
3,320,1302,7.391705069124424
3,321,1307,7.2739097169089515
3,322,1296,7.422839506172839
3,323,1311,7.471395881006865
3,324,1350,7.496296296296296
3,325,1317,7.486712224753227
3,326,1295,7.411583011583011
3,327,1316,7.453647416413374
3,328,1307,7.5592960979342
3,329,1324,7.654833836858006
3,330,1340,7.566417910447761
3,331,1330,7.442105263157894
3,332,1332,7.48948948948949
3,333,1339,7.474234503360717
3,334,1319,7.391205458680819
3,335,1321,7.431491294473884
3,336,1325,7.510188679245283
3,337,1318,7.51896813353566
3,338,1335,7.461423220973783
3,339,1356,7.342182890855457
3,340,1347,7.346696362286563
3,341,1332,7.195195195195195
3,342,1342,7.184053651266766
3,343,1344,7.382440476190476
3,344,1337,7.364996260284219
3,345,1329,7.388261851015802
3,346,1333,7.338334583645912
3,347,1340,7.302238805970149
3,348,1344,7.404017857142857
3,349,1374,7.403202328966521
3,350,1385,7.414440433212996
3,351,1402,7.3965763195435095
3,352,1363,7.443873807776963
3,353,1334,7.574212893553224
3,354,1300,7.578461538461538
3,355,1302,7.5691244239631335
3,356,1300,7.510769230769231
3,357,1294,7.544822256568779
3,358,1320,7.428787878787879
3,359,1303,7.426707597851113
3,360,1340,7.275373134328358
3,361,1336,7.244760479041916
3,362,1344,7.270089285714286
3,363,1347,7.247216035634744
3,364,1361,7.199853049228508
3,365,1341,7.230425055928412
3,366,1340,7.2791044776119405
3,367,1336,7.233532934131737
3,368,1322,7.299546142208775
3,369,1342,7.434426229508197
3,370,1343,7.515264333581534
3,371,1351,7.454478164322724
3,372,1373,7.428259286234523
3,373,1384,7.367052023121388
3,374,1393,7.323043790380474
3,375,1392,7.466954022988506
3,376,1400,7.371428571428571
3,377,1399,7.374553252323088
3,378,1422,7.412095639943741
3,379,1416,7.5091807909604515
3,380,1391,7.537742631200575
3,381,1378,7.5
3,382,1391,7.444284687275341
3,383,1385,7.341516245487365
3,384,1383,7.361532899493854
3,385,1350,7.440740740740741
3,386,1338,7.441704035874439
3,387,1341,7.381058911260253
3,388,1373,7.349599417334304
3,389,1371,7.275711159737418
3,390,1360,7.359558823529412
3,391,1349,7.395848776871757
3,392,1352,7.409763313609467
3,393,1356,7.365044247787611
3,394,1349,7.475166790214974
3,395,1343,7.5599404318689505
3,396,1299,7.595073133179369
3,397,1307,7.648814078041316
3,398,1323,7.420256991685563
3,399,1330,7.364661654135339
3,400,1343,7.344750558451229
4,0,30,0.0
4,1,30,1.0
4,2,30,2.0
4,3,30,3.0
4,4,30,4.0
4,5,30,5.0
4,6,30,6.0
4,7,30,7.0
4,8,29,8.0
4,9,39,6.6923076923076925
4,10,44,6.818181818181818
4,11,46,7.478260869565218
4,12,49,7.959183673469388
4,13,48,8.333333333333334
4,14,52,8.615384615384615
4,15,55,9.090909090909092
4,16,58,9.293103448275861
4,17,62,9.548387096774194
4,18,69,9.304347826086957
4,19,71,9.661971830985916
4,20,79,9.582278481012658
4,21,87,9.229885057471265
4,22,93,9.56989247311828
4,23,98,9.714285714285714
4,24,109,9.275229357798166
4,25,111,9.252252252252251
4,26,120,9.35
4,27,125,9.576
4,28,124,10.274193548387096
4,29,134,9.962686567164178
4,30,149,9.677852348993289
4,31,152,9.736842105263158
4,32,144,7.736111111111111
4,33,158,7.689873417721519
4,34,160,7.775
4,35,172,7.941860465116279
4,36,184,7.809782608695652
4,37,191,8.319371727748692
4,38,201,8.402985074626866
4,39,209,8.751196172248804
4,40,213,9.291079812206572
4,41,219,9.173515981735159
4,42,223,8.878923766816143
4,43,228,9.030701754385966
4,44,244,8.62704918032787
4,45,266,8.661654135338345
4,46,279,8.526881720430108
4,47,285,8.519298245614035
4,48,291,8.597938144329897
4,49,284,8.742957746478874
4,50,296,8.516891891891891
4,51,301,8.710963455149502
4,52,297,8.764309764309765
4,53,298,8.848993288590604
4,54,310,8.8
4,55,316,9.275316455696203
4,56,328,9.234756097560975
4,57,333,8.762762762762764
4,58,343,8.591836734693878
4,59,358,8.170391061452515
4,60,361,8.246537396121884
4,61,376,8.273936170212766
4,62,394,8.51522842639594
4,63,396,8.340909090909092
4,64,394,8.236040609137056
4,65,392,8.142857142857142
4,66,403,8.096774193548388
4,67,418,7.9330143540669855
4,68,422,8.063981042654028
4,69,442,7.932126696832579
4,70,453,8.050772626931566
4,71,456,8.089912280701755
4,72,463,7.954643628509719
4,73,460,8.004347826086956
4,74,460,7.971739130434782
4,75,480,7.83125
4,76,506,7.717391304347826
4,77,499,7.74749498997996
4,78,510,7.805882352941176
4,79,526,7.6216730038022815
4,80,536,7.565298507462686
4,81,535,7.699065420560748
4,82,548,7.881386861313868
4,83,563,8.181172291296626
4,84,563,8.035523978685612
4,85,564,8.124113475177305
4,86,568,8.272887323943662
4,87,575,7.930434782608696
4,88,588,7.70578231292517
4,89,598,7.891304347826087
4,90,623,7.780096308186196
4,91,644,7.732919254658385
4,92,633,7.669826224328594
4,93,635,7.6299212598425195
4,94,630,7.7746031746031745
4,95,638,7.909090909090909
4,96,635,7.788976377952756
4,97,633,7.826224328593997
4,98,642,7.802180685358255
4,99,667,7.740629685157422
4,100,672,7.755952380952381
4,101,670,7.785074626865671
4,102,675,7.804444444444444
4,103,678,7.896755162241888
4,104,684,7.785087719298246
4,105,675,7.622222222222222
4,106,689,7.597968069666183
4,107,694,7.70028818443804
4,108,712,7.606741573033708
4,109,707,7.625176803394625
4,110,726,7.787878787878788
4,111,739,7.7780784844384305
4,112,751,7.790945406125166
4,113,754,7.720159151193634
4,114,788,7.493654822335025
4,115,802,7.438902743142145
4,116,803,7.361145703611457
4,117,808,7.350247524752476
4,118,809,7.526576019777503
4,119,811,7.665844636251541
4,120,828,7.609903381642512
4,121,831,7.649819494584838
4,122,845,7.64378698224852
4,123,870,7.674712643678161
4,124,887,7.535512965050732
4,125,881,7.584562996594778
4,126,879,7.6734926052332195
4,127,878,7.603644646924829
4,128,865,7.682080924855492
4,129,853,7.754982415005862
4,130,873,7.6815578465063
4,131,888,7.661036036036036
4,132,905,7.653038674033149
4,133,898,7.597995545657016
4,134,923,7.594799566630552
4,135,934,7.463597430406852
4,136,942,7.29723991507431
4,137,935,7.412834224598931
4,138,944,7.495762711864407
4,139,961,7.518210197710718
4,140,968,7.457644628099174
4,141,973,7.430626927029805
4,142,991,7.30978809283552
4,143,1007,7.323733862959285
4,144,1015,7.37832512315271
4,145,1036,7.399613899613899
4,146,1036,7.575289575289576
4,147,1034,7.574468085106383
4,148,1023,7.591397849462366
4,149,1009,7.614469772051536
4,150,1018,7.456777996070727
4,151,997,7.399197592778335
4,152,1005,7.484577114427861
4,153,1001,7.666333666333666
4,154,1002,7.727544910179641
4,155,990,7.677777777777778
4,156,1001,7.767232767232767
4,157,1001,7.852147852147852
4,158,1003,7.599202392821535
4,159,1005,7.449751243781095
4,160,996,7.5582329317269075
4,161,993,7.620342396777442
4,162,1003,7.594217347956132
4,163,1021,7.629774730656219
4,164,1029,7.593780369290573
4,165,1006,7.491053677932405
4,166,1006,7.474155069582505
4,167,1003,7.540378863409771
4,168,1008,7.443452380952381
4,169,994,7.627766599597585
4,170,1012,7.470355731225297
4,171,1000,7.539
4,172,1021,7.461312438785504
4,173,1046,7.366156787762907
4,174,1062,7.387005649717514
4,175,1092,7.373626373626373
4,176,1070,7.332710280373832
4,177,1055,7.3137440758293835
4,178,1065,7.331455399061033
4,179,1045,7.389473684210526
4,180,1057,7.525070955534532
4,181,1057,7.51371807000946
4,182,1077,7.416898792943361
4,183,1051,7.550903901046622
4,184,1047,7.593123209169055
4,185,1061,7.519321394910462
4,186,1060,7.469811320754717
4,187,1050,7.485714285714286
4,188,1028,7.404669260700389
4,189,1025,7.409756097560976
4,190,1013,7.46791707798618
4,191,1022,7.437377690802348
4,192,1000,7.493
4,193,1005,7.4189054726368155
4,194,1029,7.462585034013605
4,195,1035,7.379710144927536
4,196,1046,7.447418738049713
4,197,1023,7.52394916911046
4,198,1013,7.477788746298124
4,199,988,7.494939271255061
4,200,988,7.386639676113361
4,201,985,7.440609137055837
4,202,980,7.5561224489795915
4,203,968,7.621900826446281
4,204,965,7.738860103626943
4,205,984,7.545731707317073
4,206,979,7.576098059244127
4,207,999,7.501501501501502
4,208,995,7.452261306532663
4,209,982,7.544806517311609
4,210,995,7.508542713567839
4,211,994,7.390342052313883
4,212,1003,7.342971086739781
4,213,979,7.5526046986721145
4,214,981,7.464831804281346
4,215,978,7.516359918200409
4,216,975,7.409230769230769
4,217,980,7.538775510204082
4,218,991,7.5267406659939455
4,219,997,7.544633901705115
4,220,1017,7.3952802359882
4,221,1021,7.457394711067581
4,222,1033,7.5324298160697
4,223,1027,7.541382667964946
4,224,1030,7.471844660194175
4,225,1026,7.508771929824562
4,226,1010,7.584158415841584
4,227,1025,7.587317073170731
4,228,1061,7.54382657869934
4,229,1086,7.453959484346225
4,230,1083,7.447830101569714
4,231,1090,7.414678899082569
4,232,1087,7.3965041398344065
4,233,1080,7.348148148148148
4,234,1100,7.3145454545454545
4,235,1080,7.433333333333334
4,236,1082,7.3955637707948245
4,237,1098,7.218579234972678
4,238,1097,7.318140382862352
4,239,1070,7.4570093457943925
4,240,1064,7.3007518796992485
4,241,1048,7.3893129770992365
4,242,1034,7.551257253384913
4,243,1017,7.647984267453294
4,244,1010,7.650495049504951
4,245,1042,7.554702495201536
4,246,1039,7.410972088546679
4,247,1066,7.341463414634147
4,248,1078,7.399814471243043
4,249,1083,7.275161588180978
4,250,1062,7.166666666666667
4,251,1080,7.094444444444444
4,252,1058,7.0879017013232515
4,253,1041,7.152737752161383
4,254,1059,7.135033050047214
4,255,1059,7.151085930122758
4,256,1063,7.1853245531514585
4,257,1091,7.065994500458295
4,258,1075,7.36
4,259,1079,7.426320667284522
4,260,1082,7.500924214417745
4,261,1086,7.5497237569060776
4,262,1091,7.4949587534372135
4,263,1078,7.353432282003711
4,264,1070,7.316822429906542
4,265,1056,7.271780303030303
4,266,1071,7.342670401493931
4,267,1066,7.521575984990619
4,268,1058,7.527410207939509
4,269,1033,7.461761858664085
4,270,1046,7.577437858508604
4,271,1053,7.545109211775879
4,272,1032,7.4815891472868215
4,273,1027,7.367088607594937
4,274,1043,7.540747842761266
4,275,1028,7.499027237354086
4,276,1026,7.516569200779727
4,277,1024,7.34375
4,278,1027,7.33398247322298
4,279,1017,7.277286135693215
4,280,1039,7.275264677574591
4,281,1038,7.331406551059731
4,282,1020,7.355882352941176
4,283,1005,7.391044776119403
4,284,1003,7.4576271186440675
4,285,965,7.300518134715026
4,286,967,7.427094105480869
4,287,979,7.356486210418795
4,288,980,7.330612244897959
4,289,960,7.455208333333333
4,290,969,7.458204334365325
4,291,953,7.456453305351522
4,292,962,7.453222453222454
4,293,956,7.5198744769874475
4,294,960,7.501041666666667
4,295,947,7.497360084477297
4,296,951,7.513144058885384
4,297,967,7.540847983453982
4,298,973,7.552929085303186
4,299,962,7.507276507276507
4,300,959,7.371220020855057
4,301,977,7.376663254861822
4,302,964,7.401452282157677
4,303,953,7.4176285414480585
4,304,930,7.467741935483871
4,305,908,7.494493392070485
4,306,889,7.5140607424071995
4,307,900,7.536666666666667
4,308,904,7.558628318584071
4,309,891,7.489337822671156
4,310,883,7.527746319365798
4,311,903,7.44296788482835
4,312,900,7.345555555555555
4,313,908,7.383259911894273
4,314,896,7.404017857142857
4,315,897,7.26644370122631
4,316,886,7.378103837471783
4,317,889,7.449943757030371
4,318,865,7.393063583815029
4,319,865,7.505202312138728
4,320,863,7.405561993047509
4,321,861,7.449477351916376
4,322,862,7.450116009280743
4,323,876,7.424657534246576
4,324,884,7.4377828054298645
4,325,890,7.4348314606741575
4,326,884,7.358597285067873
4,327,881,7.556186152099887
4,328,893,7.599104143337066
4,329,900,7.697777777777778
4,330,897,7.649944258639911
4,331,900,7.463333333333333
4,332,893,7.666293393057111
4,333,904,7.5165929203539825
4,334,895,7.5094972067039105
4,335,908,7.378854625550661
4,336,914,7.342450765864332
4,337,907,7.42116868798236
4,338,898,7.346325167037862
4,339,900,7.395555555555555
4,340,902,7.26940133037694
4,341,883,7.420158550396376
4,342,882,7.283446712018141
4,343,868,7.514976958525345
4,344,863,7.575898030127463
4,345,865,7.497109826589595
4,346,885,7.464406779661017
4,347,891,7.317620650953985
4,348,864,7.4594907407407405
4,349,884,7.388009049773756
4,350,875,7.442285714285714
4,351,863,7.421784472769409
4,352,868,7.4631336405529956
4,353,863,7.250289687137891
4,354,851,7.359576968272621
4,355,864,7.458333333333333
4,356,857,7.3745624270711785
4,357,846,7.369976359338062
4,358,828,7.344202898550725
4,359,833,7.420168067226891
4,360,835,7.405988023952096
4,361,823,7.266099635479951
4,362,826,7.231234866828087
4,363,817,7.3059975520195835
4,364,801,7.372034956304619
4,365,818,7.420537897310513
4,366,801,7.599250936329588
4,367,788,7.527918781725888
4,368,811,7.535141800246609
4,369,812,7.535714285714286
4,370,826,7.501210653753026
4,371,828,7.467391304347826
4,372,805,7.470807453416149
4,373,808,7.497524752475248
4,374,803,7.372353673723537
4,375,807,7.477075588599752
4,376,805,7.481987577639751
4,377,807,7.612143742255267
4,378,784,7.548469387755102
4,379,779,7.546854942233633
4,380,779,7.360718870346598
4,381,784,7.334183673469388
4,382,787,7.433290978398984
4,383,777,7.32046332046332
4,384,786,7.349872773536895
4,385,785,7.570700636942675
4,386,763,7.450851900393185
4,387,756,7.521164021164021
4,388,753,7.5471447543160695
4,389,747,7.56760374832664
4,390,734,7.5572207084468666
4,391,745,7.612080536912751
4,392,750,7.474666666666667
4,393,763,7.520314547837484
4,394,763,7.564875491480996
4,395,749,7.287049399198932
4,396,743,7.397039030955585
4,397,738,7.451219512195122
4,398,779,7.455712451861361
4,399,774,7.540051679586563
4,400,780,7.551282051282051
5,0,30,0.0
5,1,30,1.0
5,2,30,2.0
5,3,30,3.0
5,4,30,4.0
5,5,30,5.0
5,6,30,6.0
5,7,30,7.0
5,8,30,8.0
5,9,35,7.714285714285714
5,10,42,7.261904761904762
5,11,53,6.547169811320755
5,12,56,7.142857142857143
5,13,61,7.475409836065574
5,14,66,7.833333333333333
5,15,74,7.675675675675675
5,16,77,8.337662337662337
5,17,77,8.805194805194805
5,18,81,9.320987654320987
5,19,91,9.186813186813186
5,20,97,9.556701030927835
5,21,106,9.660377358490566
5,22,117,9.393162393162394
5,23,123,9.634146341463415
5,24,135,9.592592592592593
5,25,136,9.455882352941176
5,26,141,9.74468085106383
5,27,151,9.748344370860927
5,28,156,9.929487179487179
5,29,169,9.692307692307692
5,30,172,9.837209302325581
5,31,187,9.807486631016042
5,32,164,8.317073170731707
5,33,169,8.692307692307692
5,34,179,8.832402234636872
5,35,186,9.075268817204302
5,36,183,9.453551912568306
5,37,185,9.389189189189189
5,38,206,8.95631067961165
5,39,208,9.235576923076923
5,40,222,8.932432432432432
5,41,239,8.774058577405858
5,42,246,8.682926829268293
5,43,259,8.428571428571429
5,44,265,8.777358490566037
5,45,276,8.902173913043478
5,46,289,8.941176470588236
5,47,290,8.948275862068966
5,48,298,8.95973154362416
5,49,303,8.768976897689768
5,50,308,9.032467532467532
5,51,316,9.085443037974683
5,52,325,9.006153846153847
5,53,326,8.742331288343559
5,54,345,8.457971014492754
5,55,359,8.18941504178273
5,56,366,8.084699453551913
5,57,360,8.130555555555556
5,58,374,8.213903743315509
5,59,390,8.23076923076923
5,60,407,8.071253071253071
5,61,420,8.033333333333333
5,62,438,8.070776255707763
5,63,452,7.774336283185841
5,64,453,7.7947019867549665
5,65,453,7.916114790286976
5,66,458,8.213973799126638
5,67,470,8.261702127659575
5,68,480,8.214583333333334
5,69,477,8.333333333333334
5,70,483,8.438923395445135
5,71,497,7.9738430583501
5,72,520,7.8173076923076925
5,73,536,7.686567164179104
5,74,537,7.694599627560521
5,75,551,7.758620689655173
5,76,560,7.8
5,77,560,8.051785714285714
5,78,569,8.135325131810193
5,79,560,8.35892857142857
5,80,595,8.003361344537815
5,81,591,8.023688663282572
5,82,602,7.961794019933555
5,83,606,7.688118811881188
5,84,617,7.690437601296597
5,85,617,7.893030794165316
5,86,630,7.874603174603174
5,87,645,7.7736434108527135
5,88,649,7.533127889060093
5,89,661,7.668683812405447
5,90,656,7.905487804878049
5,91,638,8.010971786833856
5,92,646,7.9907120743034055
5,93,657,8.079147640791476
5,94,660,8.11969696969697
5,95,666,7.930930930930931
5,96,688,7.763081395348837
5,97,704,7.7116477272727275
5,98,731,7.578659370725034
5,99,730,7.561643835616438
5,100,734,7.600817438692098
5,101,731,7.578659370725034
5,102,731,7.678522571819426
5,103,726,7.753443526170799
5,104,714,7.705882352941177
5,105,708,7.8375706214689265
5,106,743,7.597577388963661
5,107,740,7.835135135135135
5,108,750,7.8453333333333335
5,109,758,7.753298153034301
5,110,763,7.798165137614679
5,111,787,7.754764930114359
5,112,793,7.6380832282471625
5,113,806,7.568238213399503
5,114,800,7.61875
5,115,799,7.679599499374218
5,116,786,7.6106870229007635
5,117,800,7.77125
5,118,794,7.613350125944584
5,119,805,7.6124223602484475
5,120,797,7.872020075282308
5,121,799,7.76595744680851
5,122,794,7.72544080604534
5,123,794,7.704030226700252
5,124,809,7.637824474660074
5,125,845,7.4863905325443785
5,126,850,7.496470588235294
5,127,844,7.688388625592417
5,128,830,7.563855421686747
5,129,820,7.4487804878048784
5,130,812,7.475369458128079
5,131,823,7.540704738760632
5,132,840,7.478571428571429
5,133,853,7.41852286049238
5,134,854,7.5503512880562065
5,135,854,7.518735362997658
5,136,872,7.6077981651376145
5,137,901,7.62819089900111
5,138,923,7.52762730227519
5,139,936,7.647435897435898
5,140,920,7.678260869565217
5,141,943,7.717921527041358
5,142,932,7.546137339055794
5,143,928,7.615301724137931
5,144,934,7.640256959314775
5,145,945,7.821164021164021
5,146,954,7.69392033542977
5,147,970,7.578350515463917
5,148,977,7.41453428863869
5,149,981,7.525993883792049
5,150,976,7.676229508196721
5,151,982,7.680244399185336
5,152,987,7.531914893617022
5,153,997,7.563691073219659
5,154,1012,7.66699604743083
5,155,1010,7.763366336633664
5,156,1005,7.811940298507463
5,157,1002,7.9031936127744515
5,158,1023,7.826979472140763
5,159,1034,7.752417794970986
5,160,1031,7.740058195926285
5,161,1034,7.528046421663443
5,162,1053,7.432098765432099
5,163,1058,7.4593572778827975
5,164,1063,7.54656632173095
5,165,1071,7.429505135387489
5,166,1040,7.565384615384615
5,167,1083,7.569713758079409
5,168,1083,7.519852262234534
5,169,1078,7.529684601113172
5,170,1085,7.482027649769585
5,171,1078,7.606679035250464
5,172,1100,7.576363636363636
5,173,1117,7.334825425246195
5,174,1123,7.254674977738201
5,175,1111,7.326732673267327
5,176,1105,7.435294117647059
5,177,1103,7.356300997280145
5,178,1115,7.289686098654709
5,179,1114,7.261220825852782
5,180,1109,7.39404869251578
5,181,1112,7.443345323741007
5,182,1134,7.402116402116402
5,183,1139,7.33099209833187
5,184,1138,7.365553602811951
5,185,1121,7.5013380909901874
5,186,1134,7.450617283950617
5,187,1172,7.377133105802048
5,188,1163,7.537403267411866
5,189,1160,7.557758620689655
5,190,1170,7.544444444444444
5,191,1170,7.527350427350427
5,192,1182,7.4450084602368864
5,193,1159,7.574633304572908
5,194,1130,7.53716814159292
5,195,1139,7.5873573309920985
5,196,1140,7.597368421052631
5,197,1133,7.626654898499559
5,198,1119,7.584450402144772
5,199,1123,7.617097061442564
5,200,1111,7.454545454545454
5,201,1110,7.405405405405405
5,202,1074,7.402234636871508
5,203,1073,7.50232991612302
5,204,1072,7.580223880597015
5,205,1069,7.554724041159963
5,206,1091,7.517873510540788
5,207,1085,7.534562211981567
5,208,1068,7.402621722846442
5,209,1075,7.493953488372093
5,210,1074,7.398510242085661
5,211,1082,7.383548983364141
5,212,1073,7.482758620689655
5,213,1068,7.3745318352059925
5,214,1084,7.454797047970479
5,215,1127,7.340727595385981
5,216,1126,7.396092362344582
5,217,1118,7.45169946332737
5,218,1104,7.454710144927536
5,219,1096,7.5200729927007295
5,220,1067,7.7310215557638235
5,221,1081,7.661424606845514
5,222,1070,7.542056074766355
5,223,1095,7.37716894977169
5,224,1085,7.380645161290323
5,225,1117,7.265890778871978
5,226,1126,7.141207815275311
5,227,1131,7.107869142351901
5,228,1140,7.139473684210526
5,229,1126,7.253996447602131
5,230,1130,7.3353982300884955
5,231,1122,7.4402852049910875
5,232,1137,7.473175021987687
5,233,1144,7.505244755244755
5,234,1141,7.498685363716039
5,235,1150,7.3417391304347825
5,236,1153,7.325238508239376
5,237,1160,7.4560344827586205
5,238,1141,7.314636283961438
5,239,1135,7.179735682819383
5,240,1128,7.184397163120567
5,241,1109,7.376014427412083
5,242,1096,7.507299270072993
5,243,1067,7.456419868791003
5,244,1094,7.285191956124314
5,245,1115,7.297757847533632
5,246,1114,7.306104129263914
5,247,1118,7.304114490161002
5,248,1125,7.184
5,249,1131,7.129973474801061
5,250,1105,7.137556561085973
5,251,1097,7.20510483135825
5,252,1094,7.275137111517368
5,253,1070,7.294392523364486
5,254,1066,7.357410881801126
5,255,1061,7.431668237511781
5,256,1084,7.367158671586716
5,257,1085,7.27557603686636
5,258,1101,7.217983651226158
5,259,1098,7.143897996357013
5,260,1087,7.158233670653174
5,261,1069,7.159027128157156
5,262,1052,7.334600760456274
5,263,1029,7.391642371234208
5,264,1001,7.479520479520479
5,265,993,7.516616314199395
5,266,977,7.447287615148413
5,267,978,7.4815950920245395
5,268,997,7.341023069207623
5,269,978,7.313905930470348
5,270,967,7.292657704239917
5,271,979,7.294177732379979
5,272,946,7.446088794926005
5,273,954,7.40041928721174
5,274,948,7.364978902953586
5,275,897,7.2842809364548495
5,276,884,7.317873303167421
5,277,892,7.352017937219731
5,278,884,7.294117647058823
5,279,866,7.3013856812933025
5,280,883,7.323895809739525
5,281,870,7.3229885057471265
5,282,884,7.3122171945701355
5,283,883,7.2831257078142695
5,284,880,7.325
5,285,879,7.391353811149033
5,286,875,7.249142857142857
5,287,877,7.2075256556442415
5,288,887,7.232243517474633
5,289,886,7.339729119638826
5,290,886,7.227990970654628
5,291,875,7.190857142857143
5,292,859,7.176949941792782
5,293,870,7.136781609195403
5,294,867,7.034602076124568
5,295,872,6.955275229357798
5,296,854,7.23536299765808
5,297,842,7.226840855106889
5,298,835,7.232335329341318
5,299,840,7.326190476190476
5,300,819,7.4212454212454215
5,301,814,7.511056511056511
5,302,831,7.474127557160048
5,303,825,7.466666666666667
5,304,832,7.3858173076923075
5,305,849,7.286219081272085
5,306,853,7.268464243845252
5,307,829,7.135102533172497
5,308,821,7.151035322777101
5,309,810,7.265432098765432
5,310,788,7.427664974619289
5,311,752,7.417553191489362
5,312,720,7.544444444444444
5,313,696,7.612068965517241
5,314,688,7.616279069767442
5,315,684,7.470760233918129
5,316,693,7.408369408369408
5,317,687,7.369723435225619
5,318,693,7.415584415584416
5,319,705,7.394326241134752
5,320,690,7.343478260869565
5,321,678,7.386430678466077
5,322,685,7.34014598540146
5,323,664,7.368975903614458
5,324,677,7.389955686853766
5,325,679,7.394698085419735
5,326,682,7.197947214076247
5,327,674,7.20919881305638
5,328,679,7.197349042709868
5,329,699,7.125894134477825
5,330,699,7.379113018597997
5,331,700,7.394285714285714
5,332,677,7.493353028064993
5,333,678,7.569321533923304
5,334,682,7.359237536656892
5,335,673,7.410104011887073
5,336,680,7.466176470588235
5,337,693,7.243867243867244
5,338,704,7.1022727272727275
5,339,697,7.12338593974175
5,340,711,7.09985935302391
5,341,711,6.9789029535864975
5,342,702,7.094017094017094
5,343,692,7.374277456647399
5,344,674,7.402077151335312
5,345,669,7.345291479820628
5,346,664,7.343373493975903
5,347,672,7.340773809523809
5,348,661,7.449319213313162
5,349,669,7.433482810164424
5,350,678,7.469026548672566
5,351,683,7.338213762811128
5,352,667,7.2833583208395805
5,353,675,7.278518518518519
5,354,664,7.4593373493975905
5,355,657,7.433789954337899
5,356,657,7.4520547945205475
5,357,660,7.351515151515152
5,358,651,7.356374807987711
5,359,642,7.5046728971962615
5,360,623,7.521669341894061
5,361,622,7.453376205787781
5,362,633,7.372827804107425
5,363,631,7.215530903328051
5,364,637,7.205651491365777
5,365,646,7.089783281733746
5,366,641,7.226209048361935
5,367,641,6.993759750390016
5,368,642,7.082554517133956
5,369,627,7.057416267942584
5,370,630,7.050793650793651
5,371,638,7.081504702194358
5,372,628,7.036624203821656
5,373,643,7.062208398133748
5,374,651,7.096774193548387
5,375,648,7.3919753086419755
5,376,639,7.539906103286385
5,377,632,7.330696202531645
5,378,611,7.315875613747954
5,379,616,7.386363636363637
5,380,615,7.279674796747967
5,381,602,7.355481727574751
5,382,588,7.2517006802721085
5,383,582,7.329896907216495
5,384,578,7.29757785467128
5,385,576,7.397569444444445
5,386,597,7.268006700167504
5,387,585,7.384615384615385
5,388,567,7.3844797178130515
5,389,562,7.608540925266904
5,390,543,7.528545119705341
5,391,517,7.584139264990329
5,392,505,7.572277227722772
5,393,497,7.4044265593561365
5,394,499,7.484969939879759
5,395,514,7.453307392996109
5,396,513,7.461988304093567
5,397,509,7.451866404715128
5,398,501,7.562874251497006
5,399,519,7.360308285163777
5,400,518,7.173745173745174
6,0,30,0.0
6,1,30,1.0
6,2,30,2.0
6,3,30,3.0
6,4,30,4.0
6,5,30,5.0
6,6,30,6.0
6,7,30,7.0
6,8,30,8.0
6,9,35,7.714285714285714
6,10,44,6.931818181818182
6,11,52,6.711538461538462
6,12,59,6.796610169491525
6,13,61,7.540983606557377
6,14,62,8.17741935483871
6,15,66,8.393939393939394
6,16,71,8.732394366197184
6,17,70,9.385714285714286
6,18,77,9.207792207792208
6,19,79,9.468354430379748
6,20,82,9.841463414634147
6,21,88,9.75
6,22,91,10.197802197802197
6,23,98,10.16326530612245
6,24,106,9.81132075471698
6,25,113,10.017699115044248
6,26,124,9.741935483870968
6,27,128,10.0078125
6,28,129,10.046511627906977
6,29,126,10.595238095238095
6,30,131,10.580152671755725
6,31,138,10.623188405797102
6,32,121,8.140495867768594
6,33,125,8.376
6,34,129,8.689922480620154
6,35,146,8.013698630136986
6,36,158,7.943037974683544
6,37,168,8.273809523809524
6,38,170,8.1
6,39,178,7.893258426966292
6,40,175,8.137142857142857
6,41,182,8.175824175824175
6,42,191,8.104712041884817
6,43,194,8.381443298969073
6,44,197,8.279187817258883
6,45,206,8.271844660194175
6,46,218,8.027522935779816
6,47,226,7.924778761061947
6,48,244,7.614754098360656
6,49,250,8.004
6,50,255,8.062745098039215
6,51,258,8.0968992248062
6,52,256,8.12890625
6,53,259,8.528957528957529
6,54,267,8.700374531835205
6,55,260,8.746153846153845
6,56,277,8.407942238267148
6,57,281,8.08540925266904
6,58,285,7.778947368421052
6,59,298,7.738255033557047
6,60,308,7.733766233766234
6,61,314,8.066878980891719
6,62,319,7.940438871473354
6,63,323,7.730650154798762
6,64,320,8.0375
6,65,318,8.28930817610063
6,66,321,8.102803738317757
6,67,330,7.9393939393939394
6,68,338,7.928994082840236
6,69,345,8.089855072463768
6,70,352,7.832386363636363
6,71,346,8.277456647398845
6,72,355,8.090140845070422
6,73,367,8.076294277929156
6,74,374,7.925133689839572
6,75,382,7.979057591623037
6,76,383,8.005221932114882
6,77,396,7.828282828282828
6,78,396,7.98989898989899
6,79,388,7.97680412371134
6,80,394,7.789340101522843
6,81,409,7.60880195599022
6,82,398,7.580402010050252
6,83,404,7.477722772277228
6,84,412,7.276699029126213
6,85,427,7.5362997658079625
6,86,438,7.6438356164383565
6,87,444,7.70945945945946
6,88,455,7.49010989010989
6,89,439,7.519362186788155
6,90,446,7.618834080717488
6,91,447,7.557046979865772
6,92,447,7.5950782997762865
6,93,453,7.7947019867549665
6,94,467,7.785867237687366
6,95,481,7.571725571725572
6,96,497,7.6237424547283705
6,97,510,7.423529411764706
6,98,507,7.1420118343195265
6,99,494,7.2368421052631575
6,100,486,7.366255144032922
6,101,497,7.311871227364185
6,102,495,7.361616161616162
6,103,500,7.616
6,104,506,7.703557312252965
6,105,508,7.661417322834645
6,106,511,7.62426614481409
6,107,531,7.527306967984934
6,108,548,7.450729927007299
6,109,550,7.616363636363636
6,110,548,7.748175182481752
6,111,554,7.832129963898917
6,112,575,7.7669565217391305
6,113,569,7.669595782073814
6,114,575,7.756521739130434
6,115,582,7.5326460481099655
6,116,578,7.653979238754325
6,117,576,7.772569444444445
6,118,584,7.739726027397261
6,119,595,7.8655462184873945
6,120,602,7.9186046511627906
6,121,619,7.859450726978999
6,122,633,7.837282780410742
6,123,637,7.808477237048666
6,124,639,7.672926447574335
6,125,669,7.7040358744394615
6,126,678,7.492625368731564
6,127,696,7.472701149425287
6,128,694,7.363112391930835
6,129,669,7.484304932735426
6,130,671,7.5931445603576755
6,131,695,7.566906474820144
6,132,680,7.7441176470588236
6,133,690,7.65072463768116
6,134,698,7.607449856733524
6,135,673,7.705794947994057
6,136,690,7.6753623188405795
6,137,697,7.618364418938307
6,138,703,7.7524893314367
6,139,685,7.813138686131387
6,140,690,7.778260869565218
6,141,673,8.00297176820208
6,142,673,7.927191679049034
6,143,664,7.908132530120482
6,144,671,7.648286140089419
6,145,665,7.643609022556391
6,146,674,7.385756676557864
6,147,671,7.363636363636363
6,148,664,7.34789156626506
6,149,677,7.562776957163958
6,150,692,7.736994219653179
6,151,691,7.785817655571635
6,152,671,7.889716840536512
6,153,661,7.757942511346445
6,154,643,7.687402799377916
6,155,629,7.65818759936407
6,156,635,7.834645669291339
6,157,633,7.928909952606635
6,158,638,7.786833855799373
6,159,640,7.8234375
6,160,653,7.702909647779479
6,161,666,7.857357357357357
6,162,673,7.630014858841011
6,163,686,7.47667638483965
6,164,691,7.400868306801737
6,165,681,7.411160058737151
6,166,683,7.393850658857979
6,167,685,7.51970802919708
6,168,676,7.690828402366864
6,169,687,7.790393013100437
6,170,686,7.903790087463557
6,171,703,7.844950213371266
6,172,709,7.722143864598025
6,173,716,7.861731843575419
6,174,711,7.814345991561181
6,175,714,7.795518207282913
6,176,713,7.639551192145863
6,177,701,7.526390870185449
6,178,705,7.608510638297872
6,179,699,7.572246065808297
6,180,694,7.512968299711815
6,181,695,7.512230215827338
6,182,674,7.510385756676558
6,183,689,7.497822931785196
6,184,677,7.502215657311669
6,185,685,7.487591240875912
6,186,668,7.544910179640719
6,187,667,7.571214392803598
6,188,683,7.382137628111273
6,189,689,7.44267053701016
6,190,692,7.205202312138728
6,191,692,7.382947976878612
6,192,701,7.366619115549216
6,193,679,7.393225331369662
6,194,674,7.580118694362018
6,195,687,7.572052401746725
6,196,662,7.638972809667674
6,197,669,7.517189835575485
6,198,673,7.439821693907875
6,199,677,7.431314623338257
6,200,666,7.427927927927928
6,201,675,7.500740740740741
6,202,674,7.446587537091988
6,203,673,7.399702823179792
6,204,678,7.408554572271386
6,205,685,7.515328467153284
6,206,669,7.559043348281016
6,207,660,7.4818181818181815
6,208,664,7.3343373493975905
6,209,667,7.284857571214393
6,210,687,7.307132459970888
6,211,677,7.310192023633678
6,212,663,7.499245852187029
6,213,659,7.500758725341426
6,214,666,7.42942942942943
6,215,662,7.36404833836858
6,216,663,7.390648567119156
6,217,652,7.455521472392638
6,218,645,7.564341085271318
6,219,642,7.644859813084112
6,220,635,7.653543307086614
6,221,656,7.638719512195122
6,222,648,7.529320987654321
6,223,638,7.609717868338558
6,224,648,7.430555555555555
6,225,637,7.3861852433281
6,226,621,7.533011272141707
6,227,612,7.509803921568627
6,228,606,7.597359735973598
6,229,610,7.629508196721312
6,230,622,7.572347266881029
6,231,606,7.597359735973598
6,232,609,7.594417077175698
6,233,636,7.468553459119497
6,234,650,7.436923076923077
6,235,639,7.449139280125196
6,236,607,7.2520593080724876
6,237,607,7.27841845140033
6,238,593,7.038785834738618
6,239,593,7.080944350758854
6,240,586,7.36518771331058
6,241,589,7.483870967741935
6,242,599,7.515859766277129
6,243,591,7.270727580372251
6,244,601,7.331114808652246
6,245,620,7.209677419354839
6,246,630,7.226984126984127
6,247,635,7.310236220472441
6,248,629,7.205087440381558
6,249,633,7.195892575039495
6,250,636,7.286163522012578
6,251,642,7.197819314641745
6,252,652,7.335889570552148
6,253,649,7.375963020030817
6,254,663,7.340874811463046
6,255,657,7.464231354642314
6,256,658,7.452887537993921
6,257,676,7.505917159763314
6,258,662,7.518126888217522
6,259,662,7.468277945619335
6,260,653,7.439509954058193
6,261,667,7.458770614692654
6,262,674,7.402077151335312
6,263,663,7.398190045248869
6,264,656,7.239329268292683
6,265,657,7.470319634703197
6,266,671,7.456035767511177
6,267,662,7.237160120845921
6,268,664,7.356927710843373
6,269,665,7.419548872180451
6,270,670,7.323880597014925
6,271,679,7.338733431516936
6,272,680,7.358823529411764
6,273,676,7.497041420118343
6,274,691,7.464544138929088
6,275,689,7.4078374455732945
6,276,687,7.487627365356623
6,277,690,7.2956521739130435
6,278,675,7.33925925925926
6,279,672,7.34375
6,280,677,7.392909896602659
6,281,670,7.623880597014925
6,282,672,7.565476190476191
6,283,669,7.683109118086697
6,284,682,7.737536656891495
6,285,672,7.596726190476191
6,286,671,7.394932935916542
6,287,675,7.388148148148148
6,288,689,7.329462989840349
6,289,709,7.235543018335684
6,290,714,7.1834733893557425
6,291,707,7.108910891089109
6,292,720,7.218055555555556
6,293,719,7.35326842837274
6,294,731,7.343365253077975
6,295,730,7.332876712328767
6,296,739,7.483085250338295
6,297,757,7.264200792602378
6,298,766,7.210182767624021
6,299,779,7.2169448010269575
6,300,774,7.179586563307494
6,301,791,7.265486725663717
6,302,788,7.321065989847716
6,303,806,7.4342431761786605
6,304,810,7.562962962962963
6,305,825,7.543030303030303
6,306,814,7.6339066339066335
6,307,814,7.377149877149877
6,308,827,7.360338573155985
6,309,831,7.3393501805054155
6,310,815,7.379141104294479
6,311,795,7.347169811320755
6,312,788,7.378172588832487
6,313,781,7.5441741357234315
6,314,783,7.639846743295019
6,315,794,7.584382871536524
6,316,799,7.5732165206508135
6,317,808,7.626237623762377
6,318,825,7.631515151515152
6,319,819,7.525030525030525
6,320,809,7.357231149567367
6,321,797,7.27603513174404
6,322,813,7.340713407134071
6,323,813,7.43050430504305
6,324,800,7.505
6,325,815,7.3496932515337425
6,326,813,7.5104551045510455
6,327,828,7.502415458937198
6,328,837,7.382317801672641
6,329,858,7.336829836829837
6,330,868,7.210829493087558
6,331,888,7.138513513513513
6,332,884,7.1843891402714934
6,333,907,7.189636163175304
6,334,900,7.2444444444444445
6,335,902,7.23059866962306
6,336,888,7.323198198198198
6,337,881,7.272417707150965
6,338,887,7.313416009019166
6,339,906,7.38962472406181
6,340,919,7.589771490750816
6,341,922,7.490238611713666
6,342,934,7.67558886509636
6,343,940,7.656382978723404
6,344,920,7.506521739130434
6,345,901,7.58046614872364
6,346,915,7.5420765027322405
6,347,918,7.4880174291939
6,348,901,7.459489456159822
6,349,905,7.486187845303867
6,350,907,7.395810363836825
6,351,895,7.397765363128491
6,352,890,7.48876404494382
6,353,900,7.5488888888888885
6,354,903,7.465116279069767
6,355,898,7.2461024498886415
6,356,914,7.240700218818381
6,357,911,7.20417124039517
6,358,921,7.280130293159609
6,359,952,7.2216386554621845
6,360,941,7.082890541976621
6,361,953,7.1689401888772295
6,362,953,7.226652675760755
6,363,951,7.40273396424816
6,364,950,7.296842105263158
6,365,950,7.343157894736842
6,366,947,7.412882787750792
6,367,942,7.573248407643312
6,368,948,7.5094936708860756
6,369,953,7.493179433368311
6,370,950,7.361052631578947
6,371,951,7.400630914826499
6,372,960,7.407291666666667
6,373,955,7.33717277486911
6,374,956,7.453974895397489
6,375,933,7.45016077170418
6,376,958,7.487473903966597
6,377,986,7.496957403651115
6,378,1009,7.429137760158572
6,379,1007,7.219463753723932
6,380,1014,7.3609467455621305
6,381,1024,7.517578125
6,382,1018,7.419449901768173
6,383,1004,7.432270916334661
6,384,1000,7.473
6,385,1019,7.480863591756624
6,386,1010,7.712871287128713
6,387,1017,7.696165191740413
6,388,997,7.714142427281845
6,389,1001,7.693306693306694
6,390,1015,7.560591133004926
6,391,1015,7.45320197044335
6,392,1021,7.5014691478942215
6,393,1043,7.353787152444871
6,394,1036,7.374517374517374
6,395,1050,7.3152380952380955
6,396,1057,7.210028382213813
6,397,1035,7.339130434782609
6,398,1035,7.43768115942029
6,399,1051,7.382492863939105
6,400,1028,7.551556420233463
7,0,30,0.0
7,1,30,1.0
7,2,30,2.0
7,3,30,3.0
7,4,30,4.0
7,5,30,5.0
7,6,30,6.0
7,7,30,7.0
7,8,30,8.0
7,9,35,7.714285714285714
7,10,44,6.931818181818182
7,11,52,6.711538461538462
7,12,56,6.946428571428571
7,13,62,7.17741935483871
7,14,68,7.455882352941177
7,15,71,7.887323943661972
7,16,81,7.790123456790123
7,17,84,8.107142857142858
7,18,87,8.586206896551724
7,19,93,8.96774193548387
7,20,99,9.252525252525253
7,21,105,9.476190476190476
7,22,109,10.091743119266056
7,23,122,9.729508196721312
7,24,134,9.664179104477611
7,25,138,9.91304347826087
7,26,153,9.313725490196079
7,27,162,9.271604938271604
7,28,167,9.263473053892216
7,29,173,9.658959537572255
7,30,177,9.76271186440678
7,31,186,9.629032258064516
7,32,175,7.64
7,33,179,7.681564245810056
7,34,180,8.261111111111111
7,35,187,8.51336898395722
7,36,199,8.603015075376884
7,37,211,8.630331753554502
7,38,213,8.704225352112676
7,39,213,8.95774647887324
7,40,227,8.814977973568283
7,41,234,8.598290598290598
7,42,234,8.235042735042734
7,43,243,8.366255144032921
7,44,250,8.376
7,45,253,8.430830039525691
7,46,256,8.65625
7,47,267,8.662921348314606
7,48,278,8.37410071942446
7,49,293,8.395904436860068
7,50,304,8.355263157894736
7,51,323,8.371517027863778
7,52,318,8.471698113207546
7,53,332,8.093373493975903
7,54,346,8.179190751445086
7,55,360,8.238888888888889
7,56,377,8.371352785145888
7,57,376,8.449468085106384
7,58,380,8.221052631578948
7,59,395,8.139240506329115
7,60,400,7.965
7,61,405,8.148148148148149
7,62,409,8.308068459657703
7,63,416,8.28125
7,64,426,8.429577464788732
7,65,439,8.33257403189066
7,66,446,8.410313901345292
7,67,449,8.260579064587974
7,68,454,8.429515418502202
7,69,466,8.315450643776824
7,70,487,8.158110882956878
7,71,476,8.100840336134453
7,72,485,8.263917525773197
7,73,503,8.23061630218688
7,74,513,7.992202729044834
7,75,529,8.06616257088847
7,76,548,7.833941605839416
7,77,567,7.776014109347443
7,78,545,7.770642201834862
7,79,538,7.801115241635688
7,80,544,7.897058823529412
7,81,550,8.125454545454545
7,82,557,7.929982046678636
7,83,567,7.970017636684303
7,84,587,7.950596252129472
7,85,608,7.873355263157895
7,86,617,7.833063209076175
7,87,627,7.840510366826156
7,88,652,7.888036809815951
7,89,656,7.934451219512195
7,90,655,7.9511450381679385
7,91,670,7.880597014925373
7,92,682,7.843108504398827
7,93,690,7.826086956521739
7,94,718,7.896935933147632
7,95,717,7.892608089260809
7,96,736,7.790760869565218
7,97,750,7.624
7,98,758,7.608179419525066
7,99,763,7.655307994757536
7,100,778,7.697943444730077
7,101,799,7.5869837296620775
7,102,800,7.59875
7,103,805,7.683229813664596
7,104,812,7.905172413793103
7,105,822,7.850364963503649
7,106,798,7.659147869674185
7,107,791,7.790139064475348
7,108,810,7.735802469135803
7,109,823,7.845686512758202
7,110,830,8.044578313253012
7,111,831,7.913357400722021
7,112,850,7.8870588235294115
7,113,832,7.907451923076923
7,114,827,7.7835550181378474
7,115,828,7.792270531400966
7,116,843,7.691577698695136
7,117,846,7.501182033096927
7,118,856,7.55607476635514
7,119,847,7.6139315230224325
7,120,843,7.8054567022538555
7,121,866,7.859122401847575
7,122,885,7.8474576271186445
7,123,875,7.909714285714286
7,124,867,7.891580161476355
7,125,878,7.642369020501139
7,126,870,7.517241379310345
7,127,869,7.492520138089758
7,128,866,7.572748267898383
7,129,879,7.6416382252559725
7,130,875,7.68
7,131,884,7.600678733031674
7,132,907,7.5766262403528115
7,133,921,7.483170466883822
7,134,944,7.3400423728813555
7,135,940,7.573404255319149
7,136,944,7.665254237288136
7,137,954,7.589098532494759
7,138,951,7.646687697160884
7,139,951,7.634069400630914
7,140,970,7.56701030927835
7,141,976,7.484631147540983
7,142,973,7.568345323741007
7,143,1001,7.5754245754245755
7,144,999,7.51051051051051
7,145,1003,7.673978065802592
7,146,1003,7.631106679960119
7,147,1009,7.774033696729435
7,148,1006,7.717693836978131
7,149,1015,7.761576354679803
7,150,1033,7.805421103581801
7,151,1061,7.644674835061263
7,152,1074,7.535381750465549
7,153,1093,7.638609332113449
7,154,1092,7.721611721611722
7,155,1107,7.813008130081301
7,156,1129,7.615589016829052
7,157,1126,7.587921847246892
7,158,1109,7.6889089269612265
7,159,1101,7.671207992733878
7,160,1097,7.727438468550592
7,161,1081,7.669750231267345
7,162,1105,7.616289592760181
7,163,1134,7.614638447971782
7,164,1145,7.594759825327511
7,165,1157,7.509075194468453
7,166,1180,7.478813559322034
7,167,1184,7.430743243243243
7,168,1188,7.422558922558922
7,169,1211,7.402146985962015
7,170,1228,7.425081433224756
7,171,1246,7.501605136436597
7,172,1238,7.575928917609047
7,173,1214,7.567545304777595
7,174,1226,7.624796084828711
7,175,1215,7.670781893004115
7,176,1240,7.691129032258065
7,177,1242,7.655394524959743
7,178,1265,7.6909090909090905
7,179,1286,7.713841368584759
7,180,1282,7.607644305772231
7,181,1256,7.661624203821656
7,182,1256,7.536624203821656
7,183,1282,7.467238689547582
7,184,1275,7.396078431372549
7,185,1284,7.3107476635514015
7,186,1256,7.470541401273885
7,187,1258,7.365659777424483
7,188,1245,7.5204819277108435
7,189,1254,7.5996810207336525
7,190,1253,7.579409417398244
7,191,1258,7.583465818759937
7,192,1261,7.5685963521015065
7,193,1259,7.396346306592534
7,194,1291,7.191324554608831
7,195,1297,7.228218966846569
7,196,1307,7.147666411629686
7,197,1297,7.0956052428681575
7,198,1321,7.118092354277063
7,199,1340,7.247014925373135
7,200,1348,7.274480712166172
7,201,1335,7.285393258426966
7,202,1351,7.297557364914878
7,203,1338,7.414798206278027
7,204,1339,7.487677371172516
7,205,1341,7.550335570469799
7,206,1360,7.463235294117647
7,207,1348,7.534124629080119
7,208,1338,7.470104633781764
7,209,1336,7.446107784431137
7,210,1329,7.489841986455982
7,211,1331,7.549211119459053
7,212,1344,7.398065476190476
7,213,1340,7.251492537313433
7,214,1330,7.279699248120301
7,215,1317,7.323462414578588
7,216,1330,7.478947368421053
7,217,1333,7.4426106526631655
7,218,1319,7.445034116755117
7,219,1329,7.54627539503386
7,220,1326,7.55052790346908
7,221,1321,7.580620741862226
7,222,1331,7.49060856498873
7,223,1350,7.433333333333334
7,224,1342,7.316691505216095
7,225,1331,7.3809166040570995
7,226,1315,7.380228136882129
7,227,1304,7.272239263803681
7,228,1282,7.33619344773791
7,229,1294,7.360896445131376
7,230,1308,7.390672782874618
7,231,1311,7.398932112890923
7,232,1309,7.308632543926661
7,233,1297,7.322282189668465
7,234,1292,7.321207430340557
7,235,1326,7.33182503770739
7,236,1304,7.351993865030675
7,237,1302,7.47926267281106
7,238,1311,7.311975591151793
7,239,1313,7.351104341203351
7,240,1306,7.358346094946401
7,241,1270,7.331496062992126
7,242,1247,7.396952686447474
7,243,1244,7.471061093247588
7,244,1239,7.418079096045198
7,245,1238,7.479806138933764
7,246,1227,7.448247758761206
7,247,1226,7.407014681892333
7,248,1220,7.398360655737705
7,249,1213,7.433635614179719
7,250,1208,7.357615894039735
7,251,1191,7.357682619647355
7,252,1205,7.380082987551868
7,253,1203,7.367414796342477
7,254,1171,7.54397950469684
7,255,1170,7.405982905982906
7,256,1164,7.491408934707904
7,257,1156,7.517301038062284
7,258,1160,7.478448275862069
7,259,1146,7.4205933682373475
7,260,1136,7.453345070422535
7,261,1131,7.420866489832007
7,262,1160,7.35948275862069
7,263,1136,7.347711267605634
7,264,1141,7.328659070990359
7,265,1126,7.359680284191829
7,266,1116,7.380824372759856
7,267,1105,7.481447963800905
7,268,1096,7.427007299270073
7,269,1106,7.353526220614828
7,270,1100,7.4827272727272724
7,271,1110,7.481081081081081
7,272,1080,7.537962962962963
7,273,1104,7.476449275362318
7,274,1111,7.556255625562557
7,275,1081,7.5938945420906565
7,276,1064,7.718984962406015
7,277,1072,7.6539179104477615
7,278,1079,7.558850787766451
7,279,1075,7.4511627906976745
7,280,1091,7.461961503208066
7,281,1105,7.551131221719457
7,282,1121,7.6351471900089205
7,283,1133,7.578111209179171
7,284,1159,7.591889559965487
7,285,1185,7.449789029535865
7,286,1159,7.2528041415012945
7,287,1158,7.40846286701209
7,288,1176,7.303571428571429
7,289,1186,7.4325463743676226
7,290,1164,7.437285223367698
7,291,1158,7.582037996545768
7,292,1159,7.56427955133736
7,293,1142,7.810858143607706
7,294,1152,7.777777777777778
7,295,1172,7.639931740614334
7,296,1174,7.617546848381601
7,297,1187,7.6975568660488625
7,298,1184,7.736486486486487
7,299,1198,7.658597662771285
7,300,1199,7.758965804837365
7,301,1167,7.683804627249358
7,302,1181,7.6867061812023705
7,303,1163,7.695614789337919
7,304,1146,7.5785340314136125
7,305,1148,7.514808362369338
7,306,1142,7.60507880910683
7,307,1144,7.558566433566433
7,308,1160,7.475
7,309,1161,7.503875968992248
7,310,1171,7.363791631084543
7,311,1161,7.391042204995693
7,312,1181,7.397967823878069
7,313,1176,7.458333333333333
7,314,1180,7.505084745762712
7,315,1174,7.6354344122657585
7,316,1201,7.541215653621982
7,317,1201,7.565362198168193
7,318,1178,7.531409168081494
7,319,1164,7.487972508591065
7,320,1166,7.540308747855918
7,321,1176,7.61139455782313
7,322,1186,7.6112984822934235
7,323,1190,7.594957983193277
7,324,1190,7.511764705882353
7,325,1202,7.490016638935108
7,326,1189,7.526492851135408
7,327,1213,7.509480626545755
7,328,1213,7.414674361088211
7,329,1208,7.377483443708609
7,330,1222,7.3919803600654665
7,331,1242,7.427536231884058
7,332,1272,7.494496855345912
7,333,1275,7.385098039215686
7,334,1260,7.362698412698412
7,335,1264,7.370253164556962
7,336,1266,7.511058451816746
7,337,1284,7.423676012461059
7,338,1303,7.42056792018419
7,339,1298,7.395993836671803
7,340,1315,7.336121673003802
7,341,1317,7.396355353075171
7,342,1341,7.331096196868009
7,343,1348,7.355341246290801
7,344,1360,7.4051470588235295
7,345,1371,7.388767323121809
7,346,1378,7.503628447024673
7,347,1353,7.628972653362897
7,348,1359,7.622516556291391
7,349,1361,7.652461425422484
7,350,1373,7.634377276037873
7,351,1382,7.591172214182344
7,352,1390,7.510071942446043
7,353,1381,7.495293265749457
7,354,1389,7.51979841612671
7,355,1381,7.43157132512672
7,356,1388,7.296109510086455
7,357,1415,7.281272084805654
7,358,1434,7.318688981868898
7,359,1435,7.358188153310104
7,360,1448,7.4654696132596685
7,361,1472,7.3947010869565215
7,362,1486,7.4185733512786
7,363,1501,7.4923384410393075
7,364,1475,7.44271186440678
7,365,1474,7.414518317503392
7,366,1495,7.538461538461538
7,367,1484,7.6482479784366575
7,368,1476,7.553523035230352
7,369,1476,7.632113821138211
7,370,1472,7.599864130434782
7,371,1490,7.5087248322147655
7,372,1499,7.408272181454302
7,373,1496,7.448529411764706
7,374,1512,7.357804232804233
7,375,1527,7.423051735428945
7,376,1514,7.544914134742404
7,377,1523,7.568614576493762
7,378,1538,7.511703511053316
7,379,1537,7.52309694209499
7,380,1532,7.491514360313316
7,381,1548,7.566537467700258
7,382,1568,7.327168367346939
7,383,1562,7.458386683738796
7,384,1583,7.408085912823752
7,385,1575,7.509206349206349
7,386,1589,7.517306482064192
7,387,1597,7.531621790857859
7,388,1587,7.668557025834908
7,389,1607,7.578718108276291
7,390,1609,7.635798632691112
7,391,1609,7.558732131758856
7,392,1603,7.568933250155958
7,393,1602,7.592384519350811
7,394,1620,7.538271604938272
7,395,1635,7.546177370030581
7,396,1625,7.515076923076923
7,397,1638,7.545177045177045
7,398,1610,7.60807453416149
7,399,1603,7.641921397379913
7,400,1584,7.630050505050505
8,0,30,0.0
8,1,30,1.0
8,2,30,2.0
8,3,30,3.0
8,4,30,4.0
8,5,30,5.0
8,6,30,6.0
8,7,30,7.0
8,8,30,8.0
8,9,35,7.457142857142857
8,10,45,6.5777777777777775
8,11,50,6.82
8,12,55,7.109090909090909
8,13,65,6.861538461538461
8,14,69,7.405797101449275
8,15,78,7.384615384615385
8,16,79,8.278481012658228
8,17,83,8.831325301204819
8,18,86,9.488372093023257
8,19,91,9.912087912087912
8,20,95,10.452631578947368
8,21,104,10.35576923076923
8,22,117,9.52991452991453
8,23,125,9.312
8,24,135,9.0
8,25,137,9.02919708029197
8,26,140,8.57857142857143
8,27,144,8.76388888888889
8,28,151,9.099337748344372
8,29,160,9.05625
8,30,158,9.60759493670886
8,31,160,10.15625
8,32,152,8.361842105263158
8,33,161,8.142857142857142
8,34,171,8.239766081871345
8,35,174,8.385057471264368
8,36,183,8.26775956284153
8,37,194,7.948453608247423
8,38,193,8.2279792746114
8,39,197,8.52284263959391
8,40,194,8.536082474226804
8,41,202,8.826732673267326
8,42,211,8.791469194312796
8,43,230,8.530434782608696
8,44,237,8.70464135021097
8,45,234,8.444444444444445
8,46,240,8.304166666666667
8,47,244,8.110655737704919
8,48,245,8.097959183673469
8,49,247,8.20242914979757
8,50,258,8.24031007751938
8,51,265,8.19245283018868
8,52,277,7.949458483754513
8,53,289,8.065743944636678
8,54,295,7.850847457627118
8,55,307,7.90228013029316
8,56,310,8.012903225806452
8,57,316,8.180379746835444
8,58,312,8.403846153846153
8,59,318,8.4874213836478
8,60,319,8.341692789968652
8,61,331,8.078549848942599
8,62,344,8.002906976744185
8,63,369,7.850948509485095
8,64,392,7.64030612244898
8,65,403,7.702233250620347
8,66,410,7.829268292682927
8,67,421,7.862232779097387
8,68,426,7.835680751173709
8,69,432,7.912037037037037
8,70,426,8.07981220657277
8,71,416,8.153846153846153
8,72,414,8.06280193236715
8,73,427,8.112412177985949
8,74,450,8.0
8,75,451,8.221729490022174
8,76,456,8.195175438596491
8,77,449,8.077951002227172
8,78,447,8.06711409395973
8,79,458,7.943231441048035
8,80,458,7.927947598253275
8,81,465,7.849462365591398
8,82,459,8.028322440087146
8,83,475,7.88
8,84,492,7.662601626016261
8,85,498,7.570281124497992
8,86,498,7.552208835341365
8,87,508,7.6299212598425195
8,88,515,7.757281553398058
8,89,530,7.809433962264151
8,90,526,7.885931558935361
8,91,532,7.917293233082707
8,92,524,7.961832061068702
8,93,525,8.167619047619048
8,94,522,8.021072796934867
8,95,525,7.8342857142857145
8,96,545,7.506422018348624
8,97,552,7.715579710144928
8,98,554,7.971119133574007
8,99,566,7.892226148409894
8,100,568,7.941901408450704
8,101,571,7.912434325744308
8,102,589,7.66723259762309
8,103,591,7.692047377326565
8,104,596,7.783557046979865
8,105,603,7.689883913764511
8,106,610,7.673770491803278
8,107,617,7.59967585089141
8,108,604,7.862582781456954
8,109,607,7.881383855024712
8,110,620,7.817741935483871
8,111,636,7.803459119496855
8,112,637,7.841444270015699
8,113,645,7.85891472868217
8,114,645,7.778294573643411
8,115,653,7.788667687595712
8,116,656,7.657012195121951
8,117,680,7.701470588235294
8,118,674,7.841246290801187
8,119,671,7.8807749627421755
8,120,662,7.705438066465256
8,121,659,7.4658573596358115
8,122,652,7.513803680981595
8,123,656,7.679878048780488
8,124,657,7.821917808219178
8,125,680,7.814705882352941
8,126,694,7.838616714697406
8,127,691,7.616497829232996
8,128,708,7.545197740112994
8,129,703,7.398293029871978
8,130,700,7.467142857142857
8,131,701,7.5691868758915835
8,132,719,7.446453407510431
8,133,725,7.428965517241379
8,134,734,7.275204359673024
8,135,737,7.5386702849389415
8,136,744,7.645161290322581
8,137,746,7.640750670241287
8,138,750,7.525333333333333
8,139,758,7.4736147757255935
8,140,752,7.537234042553192
8,141,731,7.668946648426813
8,142,717,7.7447698744769875
8,143,725,7.499310344827586
8,144,727,7.620357634112792
8,145,762,7.6286089238845145
8,146,772,7.572538860103627
8,147,790,7.534177215189874
8,148,795,7.464150943396226
8,149,801,7.419475655430712
8,150,811,7.340320591861899
8,151,812,7.426108374384237
8,152,796,7.342964824120603
8,153,792,7.3977272727272725
8,154,782,7.505115089514066
8,155,803,7.444582814445828
8,156,811,7.4808877928483355
8,157,835,7.2598802395209585
8,158,851,7.329024676850763
8,159,842,7.451306413301663
8,160,848,7.571933962264151
8,161,847,7.318772136953955
8,162,831,7.380264741275572
8,163,828,7.524154589371981
8,164,818,7.700488997555012
8,165,825,7.715151515151515
8,166,837,7.5041816009557945
8,167,843,7.465005931198102
8,168,855,7.43859649122807
8,169,872,7.322247706422019
8,170,896,7.0546875
8,171,888,7.126126126126126
8,172,886,7.18058690744921
8,173,888,7.283783783783784
8,174,877,7.431014823261117
8,175,886,7.471783295711061
8,176,865,7.542196531791907
8,177,866,7.3983833718244805
8,178,868,7.5046082949308754
8,179,869,7.40391254315305
8,180,872,7.373853211009174
8,181,890,7.298876404494382
8,182,894,7.366890380313199
8,183,889,7.467941507311586
8,184,890,7.498876404494382
8,185,871,7.498277841561424
8,186,852,7.580985915492958
8,187,861,7.663182346109175
8,188,853,7.624853458382181
8,189,841,7.565992865636147
8,190,838,7.5536992840095465
8,191,849,7.3992932862190814
8,192,845,7.286390532544378
8,193,840,7.298809523809524
8,194,825,7.254545454545455
8,195,819,7.365079365079365
8,196,803,7.590286425902864
8,197,803,7.510585305105853
8,198,811,7.556103575832306
8,199,804,7.490049751243781
8,200,788,7.637055837563452
8,201,803,7.480697384806974
8,202,808,7.405940594059406
8,203,813,7.2410824108241085
8,204,824,7.233009708737864
8,205,796,7.207286432160804
8,206,781,7.256081946222792
8,207,787,7.504447268106734
8,208,790,7.488607594936709
8,209,784,7.531887755102041
8,210,793,7.475409836065574
8,211,800,7.57
8,212,785,7.643312101910828
8,213,769,7.459037711313394
8,214,760,7.463157894736842
8,215,773,7.332470892626132
8,216,769,7.235370611183355
8,217,755,7.287417218543046
8,218,757,7.277410832232497
8,219,759,7.318840579710145
8,220,759,7.404479578392622
8,221,751,7.492676431424767
8,222,768,7.399739583333333
8,223,769,7.420026007802341
8,224,771,7.317769130998703
8,225,773,7.338939197930142
8,226,779,7.341463414634147
8,227,785,7.375796178343949
8,228,770,7.37922077922078
8,229,766,7.439947780678851
8,230,753,7.447543160690571
8,231,756,7.556878306878307
8,232,756,7.579365079365079
8,233,758,7.503957783641161
8,234,781,7.526248399487836
8,235,774,7.465116279069767
8,236,767,7.482398956975228
8,237,750,7.510666666666666
8,238,760,7.511842105263158
8,239,759,7.503293807641634
8,240,760,7.626315789473685
8,241,755,7.701986754966887
8,242,750,7.706666666666667
8,243,757,7.731836195508587
8,244,765,7.572549019607843
8,245,778,7.455012853470437
8,246,786,7.323155216284987
8,247,792,7.438131313131313
8,248,797,7.4366373902133
8,249,801,7.463171036204744
8,250,799,7.531914893617022
8,251,776,7.676546391752577
8,252,762,7.71259842519685
8,253,736,7.775815217391305
8,254,727,7.678129298486932
8,255,716,7.7639664804469275
8,256,703,7.860597439544808
8,257,712,7.939606741573034
8,258,714,7.757703081232493
8,259,738,7.7073170731707314
8,260,736,7.657608695652174
8,261,721,7.470180305131762
8,262,700,7.59
8,263,706,7.539660056657223
8,264,693,7.316017316017316
8,265,693,7.336219336219337
8,266,691,7.455861070911722
8,267,696,7.482758620689655
8,268,696,7.431034482758621
8,269,696,7.475574712643678
8,270,705,7.602836879432624
8,271,712,7.536516853932584
8,272,701,7.522111269614836
8,273,693,7.629148629148629
8,274,680,7.885294117647059
8,275,696,7.780172413793103
8,276,689,7.793904208998549
8,277,703,7.624466571834993
8,278,700,7.81
8,279,704,7.744318181818182
8,280,689,7.88388969521045
8,281,696,7.653735632183908
8,282,695,7.670503597122302
8,283,684,7.456140350877193
8,284,667,7.5967016491754125
8,285,657,7.401826484018265
8,286,652,7.476993865030675
8,287,636,7.716981132075472
8,288,655,7.616793893129771
8,289,667,7.646176911544228
8,290,657,7.592085235920853
8,291,661,7.521936459909228
8,292,642,7.626168224299065
8,293,645,7.610852713178295
8,294,657,7.5996955859969555
8,295,636,7.55503144654088
8,296,637,7.5039246467817895
8,297,628,7.578025477707007
8,298,618,7.567961165048544
8,299,644,7.486024844720497
8,300,647,7.613601236476043
8,301,636,7.479559748427673
8,302,648,7.441358024691358
8,303,671,7.418777943368108
8,304,675,7.174814814814815
8,305,659,7.2336874051593325
8,306,650,7.236923076923077
8,307,660,7.206060606060606
8,308,646,7.342105263157895
8,309,641,7.443057722308892
8,310,636,7.39622641509434
8,311,653,7.591117917304747
8,312,644,7.703416149068323
8,313,648,7.510802469135802
8,314,657,7.704718417047184
8,315,662,7.596676737160121
8,316,651,7.41321044546851
8,317,642,7.490654205607477
8,318,657,7.359208523592085
8,319,626,7.281150159744409
8,320,624,7.097756410256411
8,321,626,7.223642172523961
8,322,624,7.448717948717949
8,323,633,7.61611374407583
8,324,622,7.432475884244373
8,325,629,7.322734499205088
8,326,637,7.461538461538462
8,327,644,7.624223602484472
8,328,649,7.665639445300462
8,329,639,7.649452269170579
8,330,646,7.696594427244582
8,331,635,7.579527559055118
8,332,646,7.46749226006192
8,333,641,7.5241809672386895
8,334,634,7.402208201892744
8,335,632,7.568037974683544
8,336,641,7.59594383775351
8,337,650,7.6061538461538465
8,338,652,7.596625766871166
8,339,668,7.326347305389222
8,340,672,7.392857142857143
8,341,664,7.510542168674699
8,342,661,7.511346444780635
8,343,665,7.4300751879699245
8,344,682,7.693548387096774
8,345,671,7.7168405365126675
8,346,670,7.670149253731343
8,347,663,7.7254901960784315
8,348,684,7.58625730994152
8,349,684,7.483918128654971
8,350,681,7.558002936857562
8,351,679,7.597938144329897
8,352,690,7.488405797101449
8,353,705,7.490780141843971
8,354,706,7.470254957507082
8,355,724,7.263812154696133
8,356,724,7.2707182320441985
8,357,717,7.256624825662483
8,358,712,7.393258426966292
8,359,699,7.457796852646638
8,360,704,7.501420454545454
8,361,695,7.5338129496402875
8,362,697,7.553802008608321
8,363,712,7.393258426966292
8,364,699,7.424892703862661
8,365,705,7.3120567375886525
8,366,687,7.503639010189229
8,367,679,7.443298969072165
8,368,678,7.449852507374631
8,369,669,7.493273542600897
8,370,672,7.708333333333333
8,371,662,7.6299093655589125
8,372,656,7.525914634146342
8,373,638,7.664576802507837
8,374,650,7.466153846153846
8,375,649,7.503852080123266
8,376,651,7.403993855606759
8,377,647,7.357032457496136
8,378,645,7.288372093023256
8,379,636,7.30503144654088
8,380,645,7.443410852713178
8,381,642,7.73208722741433
8,382,632,7.593354430379747
8,383,630,7.534920634920635
8,384,630,7.598412698412698
8,385,635,7.431496062992126
8,386,618,7.524271844660194
8,387,631,7.347068145800317
8,388,650,7.212307692307692
8,389,643,7.231726283048212
8,390,653,7.373660030627871
8,391,660,7.428787878787879
8,392,669,7.272047832585949
8,393,656,7.364329268292683
8,394,653,7.1868300153139355
8,395,658,7.340425531914893
8,396,656,7.452743902439025
8,397,652,7.438650306748467
8,398,657,7.375951293759513
8,399,646,7.304953560371517
8,400,649,7.271186440677966
9,0,30,0.0
9,1,30,1.0
9,2,30,2.0
9,3,30,3.0
9,4,30,4.0
9,5,30,5.0
9,6,30,6.0
9,7,30,7.0
9,8,30,8.0
9,9,36,7.5
9,10,48,6.166666666666667
9,11,55,6.254545454545455
9,12,61,6.540983606557377
9,13,67,6.865671641791045
9,14,71,7.422535211267606
9,15,78,7.666666666666667
9,16,84,8.047619047619047
9,17,86,8.63953488372093
9,18,88,9.215909090909092
9,19,98,9.173469387755102
9,20,105,9.209523809523809
9,21,109,9.44954128440367
9,22,123,8.91869918699187
9,23,133,9.172932330827068
9,24,145,9.068965517241379
9,25,148,9.81081081081081
9,26,153,10.071895424836601
9,27,167,9.724550898203592
9,28,170,10.294117647058824
9,29,179,10.35195530726257
9,30,189,10.238095238095237
9,31,198,10.16161616161616
9,32,185,8.427027027027027
9,33,195,8.712820512820512
9,34,207,8.61352657004831
9,35,212,8.787735849056604
9,36,228,8.364035087719298
9,37,234,8.542735042735043
9,38,248,8.491935483870968
9,39,252,8.857142857142858
9,40,259,8.606177606177607
9,41,261,8.50191570881226
9,42,272,8.235294117647058
9,43,286,7.8776223776223775
9,44,294,8.244897959183673
9,45,299,8.42809364548495
9,46,311,8.446945337620578
9,47,323,8.38390092879257
9,48,336,8.37202380952381
9,49,345,8.52463768115942
9,50,353,8.733711048158641
9,51,359,8.562674094707521
9,52,371,8.584905660377359
9,53,392,8.26530612244898
9,54,395,8.111392405063292
9,55,398,8.301507537688442
9,56,404,8.101485148514852
9,57,411,8.386861313868613
9,58,419,8.260143198090692
9,59,429,8.3006993006993
9,60,431,8.257540603248259
9,61,449,8.305122494432071
9,62,463,8.319654427645789
9,63,465,8.432258064516128
9,64,472,8.103813559322035
9,65,476,7.899159663865547
9,66,482,7.9896265560165975
9,67,504,7.871031746031746
9,68,518,7.9324324324324325
9,69,525,7.906666666666666
9,70,541,7.861367837338262
9,71,556,7.881294964028777
9,72,564,7.824468085106383
9,73,564,7.925531914893617
9,74,580,7.8310344827586205
9,75,563,7.8845470692717585
9,76,566,7.876325088339223
9,77,574,7.841463414634147
9,78,588,7.807823129251701
9,79,587,8.02725724020443
9,80,592,8.02027027027027
9,81,600,7.961666666666667
9,82,604,7.958609271523179
9,83,623,7.643659711075442
9,84,608,7.560855263157895
9,85,606,7.5627062706270625
9,86,609,7.415435139573071
9,87,619,7.541195476575121
9,88,616,7.4480519480519485
9,89,622,7.612540192926045
9,90,630,7.506349206349206
9,91,633,7.734597156398104
9,92,626,7.840255591054313
9,93,647,7.559505409582689
9,94,643,7.547433903576983
9,95,653,7.5895865237366005
9,96,658,7.668693009118541
9,97,647,7.82225656877898
9,98,639,7.843505477308295
9,99,654,7.67737003058104
9,100,646,7.459752321981425
9,101,650,7.667692307692308
9,102,645,7.789147286821706
9,103,647,7.938176197836167
9,104,665,7.830075187969925
9,105,671,7.776453055141579
9,106,694,7.566282420749279
9,107,688,7.454941860465116
9,108,684,7.247076023391813
9,109,700,7.287142857142857
9,110,698,7.4426934097421205
9,111,711,7.409282700421941
9,112,703,7.5718349928876245
9,113,712,7.629213483146067
9,114,718,7.66991643454039
9,115,720,7.927777777777778
9,116,732,8.042349726775956
9,117,749,7.814419225634179
9,118,748,7.834224598930481
9,119,736,7.858695652173913
9,120,746,7.6474530831099194
9,121,722,7.78393351800554
9,122,694,7.890489913544669
9,123,711,7.680731364275668
9,124,722,7.7229916897506925
9,125,743,7.757738896366083
9,126,745,7.716778523489933
9,127,746,7.654155495978553
9,128,753,7.567065073041169
9,129,759,7.615283267457181
9,130,748,7.568181818181818
9,131,770,7.612987012987013
9,132,787,7.489199491740788
9,133,786,7.541984732824427
9,134,799,7.58322903629537
9,135,798,7.587719298245614
9,136,802,7.895261845386534
9,137,820,7.754878048780488
9,138,802,7.62219451371571
9,139,819,7.551892551892552
9,140,829,7.711700844390832
9,141,833,7.582232893157263
9,142,831,7.595667870036101
9,143,838,7.483293556085919
9,144,855,7.697076023391813
9,145,868,7.811059907834101
9,146,855,7.776608187134503
9,147,858,7.707459207459207
9,148,856,7.554906542056075
9,149,854,7.721311475409836
9,150,861,7.78281068524971
9,151,882,7.590702947845805
9,152,900,7.6066666666666665
9,153,928,7.625
9,154,925,7.705945945945946
9,155,951,7.584647739221872
9,156,951,7.44794952681388
9,157,951,7.379600420609885
9,158,951,7.389064143007361
9,159,980,7.296938775510204
9,160,972,7.388888888888889
9,161,957,7.333333333333333
9,162,965,7.42279792746114
9,163,972,7.57201646090535
9,164,990,7.66060606060606
9,165,996,7.663654618473895
9,166,1022,7.677103718199609
9,167,1026,7.782651072124756
9,168,1020,7.586274509803921
9,169,1036,7.511583011583012
9,170,1053,7.255460588793922
9,171,1038,7.331406551059731
9,172,1033,7.269119070667958
9,173,1044,7.407088122605364
9,174,1042,7.514395393474088
9,175,1022,7.539138943248532
9,176,990,7.416161616161616
9,177,1002,7.528942115768463
9,178,1002,7.593812375249501
9,179,1006,7.563618290258449
9,180,1003,7.386839481555334
9,181,1018,7.5068762278978385
9,182,1037,7.426229508196721
9,183,1048,7.363549618320611
9,184,1036,7.306949806949807
9,185,1006,7.325049701789265
9,186,992,7.375
9,187,982,7.44704684317719
9,188,971,7.472708547888774
9,189,946,7.5961945031712474
9,190,935,7.649197860962567
9,191,916,7.600436681222708
9,192,937,7.55923159018143
9,193,942,7.506369426751593
9,194,950,7.529473684210526
9,195,957,7.541274817136886
9,196,948,7.520042194092827
9,197,948,7.539029535864979
9,198,940,7.55531914893617
9,199,917,7.470010905125409
9,200,908,7.680616740088106
9,201,913,7.590361445783133
9,202,926,7.5766738660907125
9,203,938,7.58315565031983
9,204,945,7.507936507936508
9,205,956,7.2217573221757325
9,206,959,7.32429614181439
9,207,979,7.175689479060265
9,208,964,7.223029045643154
9,209,959,7.2867570385818565
9,210,932,7.361587982832618
9,211,940,7.50531914893617
9,212,938,7.433901918976546
9,213,933,7.418006430868167
9,214,945,7.336507936507936
9,215,953,7.332633788037776
9,216,958,7.495824634655532
9,217,973,7.311408016443988
9,218,967,7.372285418821096
9,219,958,7.34133611691023
9,220,955,7.312041884816754
9,221,964,7.316390041493776
9,222,973,7.264131551901336
9,223,970,7.360824742268041
9,224,993,7.292044310171199
9,225,983,7.353001017293998
9,226,970,7.4154639175257735
9,227,977,7.262026612077789
9,228,963,7.303219106957425
9,229,942,7.345010615711253
9,230,948,7.421940928270042
9,231,950,7.436842105263158
9,232,955,7.389528795811518
9,233,938,7.4658848614072495
9,234,959,7.358706986444212
9,235,964,7.418049792531121
9,236,966,7.471014492753623
9,237,947,7.457233368532207
9,238,921,7.383279044516829
9,239,936,7.402777777777778
9,240,934,7.338329764453961
9,241,918,7.25599128540305
9,242,921,7.315960912052117
9,243,927,7.367853290183387
9,244,936,7.308760683760684
9,245,945,7.368253968253968
9,246,908,7.272026431718062
9,247,894,7.384787472035794
9,248,884,7.341628959276018
9,249,899,7.341490545050056
9,250,903,7.470653377630121
9,251,902,7.389135254988913
9,252,905,7.247513812154696
9,253,904,7.344026548672566
9,254,915,7.4557377049180324
9,255,904,7.4347345132743365
9,256,889,7.274465691788526
9,257,856,7.322429906542056
9,258,846,7.291962174940898
9,259,856,7.363317757009346
9,260,847,7.421487603305785
9,261,854,7.540983606557377
9,262,869,7.491369390103567
9,263,856,7.632009345794392
9,264,842,7.555819477434679
9,265,848,7.4209905660377355
9,266,862,7.335266821345708
9,267,844,7.377962085308057
9,268,845,7.392899408284023
9,269,862,7.439675174013921
9,270,864,7.453703703703703
9,271,860,7.569767441860465
9,272,838,7.56563245823389
9,273,814,7.7063882063882065
9,274,832,7.626201923076923
9,275,826,7.547215496368039
9,276,803,7.417185554171856
9,277,804,7.475124378109452
9,278,806,7.4342431761786605
9,279,813,7.217712177121771
9,280,806,7.232009925558312
9,281,800,7.2125
9,282,800,7.39
9,283,811,7.3674475955610355
9,284,782,7.365728900255754
9,285,773,7.380336351875808
9,286,763,7.440366972477064
9,287,766,7.532637075718016
9,288,753,7.375830013280212
9,289,773,7.333764553686934
9,290,791,7.302149178255373
9,291,779,7.309370988446727
9,292,784,7.248724489795919
9,293,782,7.265984654731458
9,294,761,7.390275952693824
9,295,750,7.372
9,296,757,7.28005284015852
9,297,756,7.273809523809524
9,298,746,7.270777479892762
9,299,749,7.37516688918558
9,300,761,7.421813403416557
9,301,757,7.281373844121532
9,302,755,7.483443708609271
9,303,761,7.448094612352168
9,304,776,7.333762886597938
9,305,762,7.284776902887139
9,306,778,7.374035989717224
9,307,773,7.342820181112549
9,308,778,7.203084832904884
9,309,773,7.2677878395860285
9,310,795,7.183647798742139
9,311,810,7.237037037037037
9,312,798,7.225563909774436
9,313,793,7.388398486759143
9,314,792,7.412878787878788
9,315,803,7.418430884184309
9,316,787,7.420584498094028
9,317,780,7.22948717948718
9,318,773,7.371280724450194
9,319,772,7.283678756476684
9,320,752,7.402925531914893
9,321,744,7.615591397849462
9,322,732,7.532786885245901
9,323,745,7.697986577181208
9,324,757,7.5904887714663145
9,325,750,7.602666666666667
9,326,751,7.505992010652464
9,327,739,7.545331529093369
9,328,749,7.264352469959946
9,329,766,7.174934725848564
9,330,770,7.271428571428571
9,331,775,7.126451612903225
9,332,776,7.277061855670103
9,333,790,7.282278481012658
9,334,772,7.433937823834197
9,335,776,7.449742268041237
9,336,785,7.301910828025478
9,337,772,7.379533678756476
9,338,761,7.316688567674113
9,339,758,7.336411609498681
9,340,778,7.443444730077121
9,341,787,7.435832274459974
9,342,802,7.498753117206983
9,343,803,7.500622665006227
9,344,804,7.516169154228856
9,345,793,7.615384615384615
9,346,801,7.570536828963795
9,347,789,7.333333333333333
9,348,766,7.490861618798956
9,349,772,7.577720207253886
9,350,757,7.647291941875825
9,351,758,7.5237467018469655
9,352,745,7.5449664429530205
9,353,764,7.414921465968586
9,354,771,7.276264591439689
9,355,779,7.360718870346598
9,356,782,7.40153452685422
9,357,785,7.513375796178344
9,358,785,7.4636942675159235
9,359,771,7.618677042801556
9,360,756,7.674603174603175
9,361,761,7.708278580814717
9,362,748,7.7994652406417115
9,363,723,7.712309820193638
9,364,715,7.723076923076923
9,365,701,7.651925820256776
9,366,693,7.531024531024531
9,367,694,7.6685878962536025
9,368,685,7.538686131386862
9,369,681,7.377386196769456
9,370,700,7.408571428571428
9,371,703,7.38122332859175
9,372,705,7.326241134751773
9,373,708,7.2076271186440675
9,374,712,7.26685393258427
9,375,691,7.410998552821997
9,376,674,7.37240356083086
9,377,659,7.2473444613050075
9,378,642,7.5046728971962615
9,379,623,7.531300160513644
9,380,631,7.4659270998415215
9,381,627,7.4035087719298245
9,382,615,7.416260162601626
9,383,640,7.446875
9,384,665,7.302255639097744
9,385,674,7.210682492581602
9,386,670,7.398507462686567
9,387,678,7.433628318584071
9,388,681,7.55359765051395
9,389,663,7.589743589743589
9,390,670,7.643283582089552
9,391,663,7.589743589743589
9,392,655,7.584732824427481
9,393,653,7.6493108728943335
9,394,658,7.490881458966565
9,395,660,7.41969696969697
9,396,659,7.389984825493172
9,397,652,7.127300613496932
9,398,645,7.229457364341085
9,399,627,7.330143540669856
9,400,628,7.1528662420382165
