iteration,year,population_size,average_age
0,0,30,0.0
0,1,30,1.0
0,2,30,2.0
0,3,30,3.0
0,4,30,4.0
0,5,30,5.0
0,6,30,6.0
0,7,30,7.0
0,8,36,6.666666666666667
0,9,43,6.4186046511627906
0,10,46,6.934782608695652
0,11,51,7.1568627450980395
0,12,56,7.428571428571429
0,13,62,7.532258064516129
0,14,63,8.301587301587302
0,15,70,8.371428571428572
0,16,72,9.11111111111111
0,17,79,9.113924050632912
0,18,82,9.524390243902438
0,19,92,9.380434782608695
0,20,100,9.35
0,21,106,9.566037735849056
0,22,111,9.792792792792794
0,23,123,9.308943089430894
0,24,128,9.453125
0,25,127,10.015748031496063
0,26,134,10.253731343283581
0,27,150,9.566666666666666
0,28,160,9.61875
0,29,161,9.453416149068323
0,30,159,9.446540880503145
0,31,162,9.38888888888889
0,32,154,7.435064935064935
0,33,157,7.904458598726115
0,34,168,7.869047619047619
0,35,185,7.643243243243243
0,36,199,7.57286432160804
0,37,206,7.592233009708738
0,38,219,7.808219178082192
0,39,237,7.675105485232067
0,40,248,7.524193548387097
0,41,254,7.897637795275591
0,42,260,8.057692307692308
0,43,258,8.244186046511627
0,44,272,8.128676470588236
0,45,271,7.845018450184502
0,46,282,7.819148936170213
0,47,289,7.685121107266436
0,48,312,7.589743589743589
0,49,323,7.808049535603715
0,50,324,7.898148148148148
0,51,320,8.046875
0,52,329,7.9361702127659575
0,53,339,7.884955752212389
0,54,334,8.05688622754491
0,55,345,7.930434782608696
0,56,355,7.895774647887324
0,57,372,7.564516129032258
0,58,366,7.53551912568306
0,59,363,7.418732782369146
0,60,374,7.518716577540107
0,61,385,7.576623376623377
0,62,386,7.580310880829016
0,63,396,7.69949494949495
0,64,400,7.86
0,65,416,7.925480769230769
0,66,413,7.823244552058111
0,67,400,8.02
0,68,392,7.724489795918367
0,69,402,7.9054726368159205
0,70,410,7.853658536585366
0,71,402,7.838308457711443
0,72,410,8.002439024390243
0,73,434,7.605990783410138
0,74,437,7.329519450800915
0,75,435,7.381609195402299
0,76,439,7.478359908883827
0,77,453,7.225165562913907
0,78,465,7.511827956989247
0,79,458,7.56113537117904
0,80,464,7.558189655172414
0,81,458,7.349344978165939
0,82,468,7.3568376068376065
0,83,448,7.430803571428571
0,84,447,7.559284116331096
0,85,460,7.578260869565217
0,86,469,7.368869936034115
0,87,480,7.333333333333333
0,88,494,7.467611336032388
0,89,486,7.6646090534979425
0,90,483,7.695652173913044
0,91,483,7.6645962732919255
0,92,484,7.493801652892562
0,93,473,7.386892177589852
0,94,480,7.170833333333333
0,95,475,7.313684210526316
0,96,488,7.418032786885246
0,97,496,7.532258064516129
0,98,493,7.271805273833672
0,99,509,7.166994106090374
0,100,517,7.352030947775629
0,101,531,7.370998116760829
0,102,534,7.181647940074907
0,103,526,7.009505703422053
0,104,528,7.125
0,105,535,7.370093457943925
0,106,544,7.314338235294118
0,107,547,7.409506398537477
0,108,551,7.362976406533575
0,109,535,7.357009345794393
0,110,532,7.193609022556391
0,111,538,7.04089219330855
0,112,549,6.939890710382514
0,113,542,6.915129151291513
0,114,549,7.081967213114754
0,115,529,7.0926275992438566
0,116,533,7.009380863039399
0,117,520,7.05
0,118,532,7.332706766917293
0,119,537,7.41340782122905
0,120,544,7.408088235294118
0,121,546,7.324175824175824
0,122,551,7.284936479128857
0,123,562,7.2188612099644125
0,124,542,7.2988929889298895
0,125,535,7.183177570093458
0,126,521,7.27447216890595
0,127,517,7.268858800773694
0,128,504,7.509920634920635
0,129,497,7.436619718309859
0,130,500,7.38
0,131,504,7.273809523809524
0,132,526,7.349809885931559
0,133,528,7.490530303030303
0,134,537,7.441340782122905
0,135,547,7.46617915904936
0,136,552,7.342391304347826
0,137,541,7.22735674676525
0,138,541,7.247689463955638
0,139,545,7.3082568807339445
0,140,554,7.287003610108303
0,141,551,7.357531760435572
0,142,549,7.307832422586521
0,143,550,7.316363636363636
0,144,558,7.059139784946237
0,145,562,6.898576512455516
0,146,580,7.003448275862069
0,147,585,6.839316239316239
0,148,574,6.871080139372823
0,149,570,7.012280701754386
0,150,576,6.916666666666667
0,151,592,6.923986486486487
0,152,596,6.906040268456376
0,153,599,6.993322203672788
0,154,609,7.0623973727422005
0,155,616,7.089285714285714
0,156,619,7.1260096930533114
0,157,622,7.056270096463023
0,158,615,7.134959349593496
0,159,616,7.154220779220779
0,160,619,7.260096930533118
0,161,609,7.369458128078818
0,162,608,7.34375
0,163,598,7.234113712374582
0,164,604,7.016556291390729
0,165,599,7.035058430717863
0,166,589,7.190152801358234
0,167,593,7.185497470489039
0,168,595,7.178151260504202
0,169,609,7.106732348111659
0,170,609,7.35303776683087
0,171,609,7.532019704433497
0,172,601,7.628951747088187
0,173,584,7.64554794520548
0,174,572,7.554195804195804
0,175,587,7.424190800681431
0,176,590,7.255932203389831
0,177,587,7.327086882453152
0,178,604,7.326158940397351
0,179,600,7.236666666666666
0,180,597,7.1708542713567835
0,181,591,7.182741116751269
0,182,600,6.996666666666667
0,183,612,7.112745098039215
0,184,596,7.041946308724833
0,185,601,7.086522462562396
0,186,603,7.155887230514097
0,187,606,7.003300330033003
0,188,602,6.9485049833887045
0,189,617,6.86709886547812
0,190,612,7.008169934640523
0,191,607,7.011532125205931
0,192,600,7.01
0,193,619,6.864297253634895
0,194,619,6.909531502423263
0,195,617,7.043760129659644
0,196,616,7.160714285714286
0,197,625,7.1888
0,198,637,7.153846153846154
0,199,649,7.1617873651771955
0,200,636,7.099056603773585
0,201,637,7.135007849293563
0,202,620,7.237096774193549
0,203,616,7.14448051948052
0,204,607,7.059308072487644
0,205,588,7.413265306122449
0,206,578,7.3633217993079585
0,207,578,7.423875432525952
0,208,597,7.1708542713567835
0,209,599,7.285475792988314
0,210,598,7.105351170568562
0,211,585,7.417094017094017
0,212,573,7.345549738219895
0,213,553,7.4466546112115735
0,214,549,7.302367941712204
0,215,548,7.552919708029197
0,216,548,7.436131386861314
0,217,542,7.291512915129151
0,218,533,7.219512195121951
0,219,548,7.0346715328467155
0,220,553,7.094032549728753
0,221,543,7.114180478821363
0,222,542,7.1900369003690034
0,223,540,7.17962962962963
0,224,541,7.295748613678374
0,225,547,7.159049360146252
0,226,546,7.133699633699634
0,227,561,7.183600713012478
0,228,559,7.286225402504472
0,229,549,7.209471766848816
0,230,550,7.350909090909091
0,231,551,7.270417422867514
0,232,550,7.432727272727273
0,233,556,7.131294964028777
0,234,549,7.098360655737705
0,235,547,7.1170018281535645
0,236,537,7.1638733705772815
0,237,562,7.201067615658363
0,238,559,7.255813953488372
0,239,562,7.090747330960854
0,240,569,7.080843585237258
0,241,571,6.952714535901927
0,242,575,6.92
0,243,592,6.83277027027027
0,244,579,6.898100172711572
0,245,595,7.040336134453781
0,246,593,7.133220910623946
0,247,597,7.288107202680067
0,248,615,7.260162601626016
0,249,608,7.225328947368421
0,250,616,7.282467532467533
0,251,592,7.341216216216216
0,252,598,7.3193979933110365
0,253,600,7.026666666666666
0,254,600,6.97
0,255,598,7.080267558528428
0,256,609,7.036124794745485
0,257,618,7.18284789644013
0,258,604,7.375827814569536
0,259,608,7.430921052631579
0,260,603,7.232172470978441
0,261,607,7.115321252059308
0,262,587,6.936967632027257
0,263,589,7.130730050933786
0,264,597,7.02177554438861
0,265,606,7.103960396039604
0,266,582,7.0395189003436425
0,267,576,7.053819444444445
0,268,576,7.081597222222222
0,269,566,7.067137809187279
0,270,579,6.975820379965458
0,271,573,7.0802792321116925
0,272,559,7.166368515205725
0,273,557,7.080789946140036
0,274,544,7.189338235294118
0,275,546,6.996336996336996
0,276,542,7.2250922509225095
0,277,556,7.039568345323741
0,278,574,6.871080139372823
0,279,566,6.982332155477032
0,280,560,6.814285714285714
0,281,542,6.769372693726937
0,282,540,6.968518518518518
0,283,538,7.200743494423792
0,284,531,7.47457627118644
0,285,541,7.133086876155268
0,286,535,7.110280373831776
0,287,537,7.1024208566108005
0,288,537,7.1359404096834265
0,289,522,7.132183908045977
0,290,514,7.171206225680934
0,291,530,7.149056603773585
0,292,511,7.111545988258317
0,293,499,7.110220440881764
0,294,481,7.141372141372141
0,295,487,7.057494866529774
0,296,478,7.163179916317992
0,297,475,7.149473684210526
0,298,489,7.0184049079754605
0,299,486,6.851851851851852
0,300,485,6.878350515463918
0,301,480,6.935416666666667
0,302,472,6.99364406779661
0,303,479,6.949895615866389
0,304,474,7.09704641350211
0,305,466,7.221030042918455
0,306,475,7.092631578947368
0,307,469,7.174840085287847
0,308,482,7.186721991701245
0,309,479,7.175365344467641
0,310,471,6.980891719745223
0,311,472,6.817796610169491
0,312,466,6.873390557939914
0,313,467,7.1413276231263385
0,314,467,7.019271948608137
0,315,462,6.878787878787879
0,316,472,6.987288135593221
0,317,471,6.966029723991507
0,318,478,6.864016736401673
0,319,476,6.798319327731092
0,320,471,6.626326963906582
0,321,483,6.75983436853002
0,322,499,6.739478957915832
0,323,499,6.7434869739478955
0,324,517,6.843326885880077
0,325,508,7.0078740157480315
0,326,489,6.85480572597137
0,327,479,7.041753653444676
0,328,468,7.155982905982906
0,329,468,7.151709401709402
0,330,474,7.225738396624473
0,331,465,7.081720430107527
0,332,469,7.017057569296376
0,333,468,7.079059829059829
0,334,470,7.06595744680851
0,335,458,7.067685589519651
0,336,451,7.181818181818182
0,337,448,6.96875
0,338,440,7.1022727272727275
0,339,434,7.211981566820277
0,340,424,6.990566037735849
0,341,434,7.0046082949308754
0,342,439,6.890660592255125
0,343,429,6.96969696969697
0,344,433,6.979214780600462
0,345,430,7.148837209302326
0,346,413,7.246973365617434
0,347,394,7.449238578680203
0,348,400,7.3025
0,349,402,7.298507462686567
0,350,400,7.2125
0,351,394,6.9847715736040605
0,352,408,6.823529411764706
0,353,413,6.753026634382566
0,354,415,6.9228915662650605
0,355,418,7.002392344497608
0,356,406,7.071428571428571
0,357,395,6.883544303797469
0,358,405,6.898765432098766
0,359,396,6.904040404040404
0,360,412,6.900485436893204
0,361,410,7.234146341463415
0,362,411,7.236009732360097
0,363,414,7.053140096618358
0,364,425,6.988235294117647
0,365,410,7.197560975609756
0,366,423,7.203309692671395
0,367,432,7.155092592592593
0,368,436,7.043577981651376
0,369,447,7.078299776286354
0,370,470,6.953191489361702
0,371,474,6.905063291139241
0,372,466,6.952789699570816
0,373,473,7.023255813953488
0,374,464,7.004310344827586
0,375,470,7.178723404255319
0,376,471,7.195329087048832
0,377,459,7.287581699346405
0,378,450,7.228888888888889
0,379,454,7.174008810572687
0,380,473,7.251585623678647
0,381,452,7.466814159292035
0,382,465,7.449462365591398
0,383,464,7.327586206896552
0,384,476,7.05672268907563
0,385,467,7.055674518201285
0,386,469,7.1236673773987205
0,387,463,7.380129589632829
0,388,475,7.1284210526315785
0,389,467,7.1713062098501075
0,390,477,7.1069182389937104
0,391,460,7.095652173913043
0,392,461,6.906724511930586
0,393,474,7.031645569620253
0,394,471,7.067940552016985
0,395,489,6.885480572597137
0,396,498,6.893574297188755
0,397,494,7.07085020242915
0,398,499,6.903807615230461
0,399,493,6.874239350912779
0,400,488,7.014344262295082
0,401,492,6.963414634146342
0,402,490,7.053061224489796
0,403,502,6.908366533864542
0,404,510,6.805882352941176
0,405,514,7.003891050583658
0,406,507,7.01577909270217
0,407,519,7.109826589595376
0,408,525,7.102857142857143
0,409,531,7.022598870056497
0,410,522,7.074712643678161
0,411,519,7.08092485549133
0,412,526,7.165399239543726
0,413,550,6.867272727272727
0,414,545,7.1174311926605505
0,415,554,7.101083032490974
0,416,561,7.023172905525847
0,417,542,7.009225092250922
0,418,539,6.860853432282004
0,419,539,6.788497217068645
0,420,541,6.584103512014788
0,421,551,6.637023593466425
0,422,551,6.715063520871143
0,423,552,6.8894927536231885
0,424,557,6.949730700179534
0,425,542,7.046125461254612
0,426,541,7.197781885397412
0,427,530,7.216981132075472
0,428,525,7.173333333333333
0,429,511,6.747553816046967
0,430,506,6.729249011857707
0,431,516,6.916666666666667
0,432,528,7.003787878787879
0,433,530,6.975471698113208
0,434,530,7.056603773584905
0,435,540,7.024074074074074
0,436,531,7.0508474576271185
0,437,540,7.1648148148148145
0,438,551,6.883847549909256
0,439,552,6.918478260869565
0,440,552,6.98731884057971
0,441,536,6.960820895522388
0,442,540,6.992592592592593
0,443,533,7.022514071294559
0,444,535,7.022429906542056
0,445,545,7.121100917431193
0,446,552,7.0978260869565215
0,447,560,7.05
0,448,544,7.022058823529412
0,449,538,6.992565055762082
0,450,532,6.966165413533835
0,451,541,6.955637707948244
0,452,530,7.2018867924528305
0,453,520,7.209615384615384
0,454,515,7.2407766990291265
0,455,527,7.2314990512333965
0,456,523,7.131931166347992
0,457,530,7.109433962264151
0,458,523,6.986615678776291
0,459,530,6.916981132075471
0,460,524,6.998091603053435
0,461,532,7.06015037593985
0,462,547,7.009140767824498
0,463,563,6.980461811722913
0,464,563,7.0088809946714035
0,465,574,6.940766550522648
0,466,585,6.65982905982906
0,467,597,6.654941373534339
0,468,601,6.853577371048253
0,469,590,6.898305084745763
0,470,588,7.127551020408164
0,471,591,6.9966159052453465
0,472,597,6.7872696817420435
0,473,593,6.7942664418212475
0,474,614,6.695439739413681
0,475,599,6.754590984974958
0,476,617,6.7358184764991895
0,477,619,6.870759289176091
0,478,629,6.880763116057234
0,479,613,6.965742251223491
0,480,608,6.912828947368421
0,481,628,6.851910828025478
0,482,635,6.938582677165354
0,483,632,7.004746835443038
0,484,644,7.093167701863354
0,485,654,7.172782874617737
0,486,636,7.020440251572327
0,487,631,7.093502377179081
0,488,620,7.012903225806451
0,489,628,7.079617834394904
0,490,627,6.987240829346092
0,491,619,6.915993537964459
0,492,618,7.116504854368932
0,493,623,7.18298555377207
0,494,606,7.135313531353136
0,495,584,7.152397260273973
0,496,575,7.2208695652173915
0,497,552,7.065217391304348
0,498,558,6.792114695340501
0,499,562,6.798932384341637
0,500,568,6.887323943661972
0,501,562,6.784697508896797
0,502,563,6.7779751332149205
0,503,578,6.806228373702422
0,504,570,6.891228070175439
0,505,571,7.057793345008757
0,506,563,7.014209591474245
0,507,560,7.075
0,508,555,7.2144144144144144
0,509,556,7.188848920863309
0,510,553,7.010849909584087
0,511,545,6.834862385321101
0,512,530,7.064150943396227
0,513,513,7.165692007797271
0,514,523,7.095602294455067
0,515,528,7.113636363636363
0,516,515,7.058252427184466
0,517,500,7.186
0,518,492,6.943089430894309
0,519,489,6.822085889570552
0,520,486,6.98559670781893
0,521,480,7.1125
0,522,480,7.060416666666667
0,523,466,6.937768240343348
0,524,469,7.0106609808102345
0,525,460,7.028260869565218
0,526,456,6.93640350877193
0,527,466,7.0965665236051505
0,528,460,7.284782608695652
0,529,454,7.138766519823789
0,530,452,7.050884955752212
0,531,454,6.964757709251101
0,532,445,6.752808988764045
0,533,449,6.819599109131403
0,534,450,6.8933333333333335
0,535,461,6.637744034707159
0,536,466,6.74892703862661
0,537,464,6.931034482758621
0,538,444,7.031531531531532
0,539,433,6.87066974595843
0,540,432,7.00462962962963
0,541,420,7.09047619047619
0,542,398,7.261306532663316
0,543,411,6.992700729927007
0,544,411,6.686131386861314
0,545,419,6.81145584725537
0,546,418,6.7631578947368425
0,547,419,6.832935560859188
0,548,411,6.854014598540146
0,549,412,6.822815533980583
0,550,413,6.85956416464891
0,551,401,6.670822942643391
0,552,408,6.470588235294118
0,553,414,6.478260869565218
0,554,412,6.75
0,555,422,6.713270142180095
0,556,416,6.615384615384615
0,557,412,6.733009708737864
0,558,404,7.121287128712871
0,559,405,7.261728395061728
0,560,392,7.392857142857143
0,561,390,7.415384615384616
0,562,369,7.523035230352304
0,563,370,7.4
0,564,366,7.224043715846994
0,565,374,6.954545454545454
0,566,364,6.854395604395604
0,567,353,7.005665722379604
0,568,353,7.118980169971671
0,569,342,7.143274853801169
0,570,334,7.1706586826347305
0,571,336,7.122023809523809
0,572,336,6.988095238095238
0,573,335,6.7701492537313435
0,574,335,6.507462686567164
0,575,326,6.595092024539877
0,576,325,6.510769230769231
0,577,317,6.533123028391167
0,578,314,6.751592356687898
0,579,317,6.769716088328075
0,580,319,6.736677115987461
0,581,318,6.80188679245283
0,582,308,6.782467532467533
0,583,298,6.8355704697986575
0,584,303,6.907590759075908
0,585,301,6.760797342192691
0,586,310,6.787096774193548
0,587,295,6.7898305084745765
0,588,291,6.945017182130584
0,589,286,7.153846153846154
0,590,289,7.221453287197232
0,591,285,7.298245614035087
0,592,278,7.460431654676259
0,593,284,7.471830985915493
0,594,275,7.367272727272727
0,595,269,7.230483271375465
0,596,260,7.165384615384616
0,597,246,6.902439024390244
0,598,241,6.7012448132780085
0,599,246,6.9105691056910565
0,600,240,6.575
1,0,30,0.0
1,1,30,1.0
1,2,30,2.0
1,3,30,3.0
1,4,30,4.0
1,5,29,5.0
1,6,29,6.0
1,7,29,7.0
1,8,33,7.03030303030303
1,9,37,7.162162162162162
1,10,44,6.863636363636363
1,11,47,7.361702127659575
1,12,52,7.326923076923077
1,13,54,7.925925925925926
1,14,55,8.763636363636364
1,15,55,9.4
1,16,58,9.586206896551724
1,17,70,8.771428571428572
1,18,75,8.986666666666666
1,19,84,8.69047619047619
1,20,85,9.48235294117647
1,21,96,9.0625
1,22,99,9.535353535353535
1,23,105,9.714285714285714
1,24,111,9.486486486486486
1,25,117,9.777777777777779
1,26,128,9.3671875
1,27,138,8.920289855072463
1,28,145,9.124137931034483
1,29,152,9.18421052631579
1,30,162,9.339506172839506
1,31,163,9.478527607361963
1,32,148,8.027027027027026
1,33,152,8.157894736842104
1,34,157,8.305732484076433
1,35,167,8.389221556886227
1,36,177,8.485875706214689
1,37,178,8.47191011235955
1,38,188,8.382978723404255
1,39,205,8.214634146341464
1,40,200,8.49
1,41,202,8.094059405940595
1,42,205,7.95609756097561
1,43,205,8.13170731707317
1,44,215,7.883720930232558
1,45,222,7.54954954954955
1,46,224,7.723214285714286
1,47,233,7.489270386266094
1,48,243,7.62962962962963
1,49,255,7.556862745098039
1,50,252,7.670634920634921
1,51,266,7.552631578947368
1,52,265,7.550943396226415
1,53,269,7.765799256505576
1,54,279,7.903225806451613
1,55,290,7.855172413793103
1,56,292,7.811643835616438
1,57,286,7.730769230769231
1,58,284,7.507042253521127
1,59,292,7.5
1,60,295,7.827118644067797
1,61,301,7.780730897009967
1,62,300,8.003333333333334
1,63,303,7.818481848184819
1,64,316,7.715189873417722
1,65,325,7.886153846153846
1,66,326,7.840490797546012
1,67,326,7.512269938650307
1,68,323,7.538699690402477
1,69,316,7.275316455696203
1,70,332,7.219879518072289
1,71,340,7.16764705882353
1,72,341,7.413489736070381
1,73,349,7.532951289398281
1,74,358,7.349162011173185
1,75,351,7.296296296296297
1,76,361,6.983379501385041
1,77,360,7.155555555555556
1,78,366,6.983606557377049
1,79,375,6.965333333333334
1,80,391,6.869565217391305
1,81,397,7.085642317380352
1,82,402,7.062189054726368
1,83,419,6.933174224343675
1,84,421,6.945368171021378
1,85,415,7.091566265060241
1,86,406,7.071428571428571
1,87,399,7.303258145363409
1,88,413,7.2227602905569
1,89,416,7.230769230769231
1,90,416,7.300480769230769
1,91,424,7.365566037735849
1,92,418,7.45933014354067
1,93,414,7.504830917874396
1,94,404,7.477722772277228
1,95,404,7.106435643564357
1,96,413,7.108958837772397
1,97,423,7.0591016548463354
1,98,421,6.98812351543943
1,99,416,7.072115384615385
1,100,421,7.232779097387174
1,101,428,6.962616822429907
1,102,426,6.964788732394366
1,103,412,7.072815533980583
1,104,407,7.076167076167076
1,105,417,7.107913669064748
1,106,412,7.344660194174757
1,107,420,7.326190476190476
1,108,418,7.08133971291866
1,109,438,6.974885844748859
1,110,443,7.024830699774267
1,111,435,7.144827586206897
1,112,438,7.011415525114155
1,113,444,7.135135135135135
1,114,444,7.2274774774774775
1,115,436,7.344036697247707
1,116,445,7.112359550561798
1,117,455,6.969230769230769
1,118,456,6.918859649122807
1,119,460,6.834782608695652
1,120,459,7.0
1,121,467,6.907922912205567
1,122,469,7.061833688699361
1,123,471,7.284501061571126
1,124,480,7.152083333333334
1,125,493,6.8681541582150105
1,126,474,6.877637130801688
1,127,480,7.027083333333334
1,128,484,7.115702479338843
1,129,483,6.921325051759834
1,130,475,7.111578947368421
1,131,460,6.921739130434783
1,132,479,6.920668058455115
1,133,495,6.983838383838384
1,134,488,6.868852459016393
1,135,476,6.951680672268908
1,136,479,6.968684759916493
1,137,487,7.13347022587269
1,138,475,7.28
1,139,484,7.163223140495868
1,140,498,7.0843373493975905
1,141,500,6.97
1,142,492,7.097560975609756
1,143,482,6.964730290456432
1,144,488,6.961065573770492
1,145,480,6.96875
1,146,475,6.962105263157895
1,147,457,7.024070021881838
1,148,456,7.190789473684211
1,149,464,7.336206896551724
1,150,474,7.3354430379746836
1,151,468,7.207264957264957
1,152,476,7.348739495798319
1,153,457,7.164113785557987
1,154,447,7.27069351230425
1,155,457,7.072210065645514
1,156,439,7.186788154897494
1,157,433,7.1362586605080836
1,158,424,7.113207547169812
1,159,433,7.200923787528868
1,160,422,7.305687203791469
1,161,426,7.34037558685446
1,162,424,7.089622641509434
1,163,431,7.004640371229699
1,164,432,6.805555555555555
1,165,441,6.780045351473923
1,166,443,6.866817155756208
1,167,453,6.695364238410596
1,168,437,6.919908466819222
1,169,426,6.953051643192488
1,170,414,6.990338164251208
1,171,421,7.109263657957245
1,172,433,7.115473441108545
1,173,433,7.069284064665127
1,174,428,6.771028037383178
1,175,413,6.985472154963681
1,176,411,6.985401459854015
1,177,406,6.958128078817734
1,178,421,7.0831353919239906
1,179,410,7.073170731707317
1,180,416,7.139423076923077
1,181,411,6.987834549878346
1,182,407,7.14987714987715
1,183,395,7.19493670886076
1,184,397,7.342569269521411
1,185,393,7.1679389312977095
1,186,410,7.14390243902439
1,187,410,7.34390243902439
1,188,405,7.274074074074074
1,189,414,7.140096618357488
1,190,408,7.299019607843137
1,191,410,7.397560975609756
1,192,405,7.518518518518518
1,193,402,7.691542288557214
1,194,401,7.314214463840399
1,195,405,7.22716049382716
1,196,404,7.071782178217822
1,197,405,7.083950617283951
1,198,410,7.139024390243902
1,199,419,6.854415274463007
1,200,421,6.978622327790974
1,201,433,7.020785219399538
1,202,440,7.093181818181818
1,203,437,7.022883295194508
1,204,424,7.061320754716981
1,205,423,7.073286052009457
1,206,439,7.159453302961276
1,207,453,6.997792494481236
1,208,445,7.0179775280898875
1,209,450,7.164444444444444
1,210,447,7.190156599552573
1,211,452,7.0265486725663715
1,212,459,7.143790849673203
1,213,472,6.921610169491525
1,214,479,6.9624217118997915
1,215,479,6.989561586638831
1,216,497,6.837022132796781
1,217,492,6.949186991869919
1,218,499,7.074148296593187
1,219,511,7.252446183953033
1,220,501,7.277445109780439
1,221,504,7.277777777777778
1,222,505,7.299009900990099
1,223,510,7.319607843137255
1,224,525,7.318095238095238
1,225,535,7.054205607476636
1,226,524,7.064885496183206
1,227,516,7.0271317829457365
1,228,505,6.924752475247525
1,229,504,7.121031746031746
1,230,504,7.257936507936508
1,231,502,7.392430278884462
1,232,502,7.49203187250996
1,233,499,7.438877755511022
1,234,500,7.568
1,235,487,7.219712525667351
1,236,483,7.097308488612836
1,237,494,7.255060728744939
1,238,492,7.41869918699187
1,239,499,7.31062124248497
1,240,489,7.468302658486707
1,241,499,7.442885771543086
1,242,486,7.446502057613169
1,243,477,7.469601677148847
1,244,476,7.336134453781512
1,245,479,7.365344467640918
1,246,466,7.246781115879829
1,247,486,7.096707818930041
1,248,488,7.102459016393443
1,249,486,6.967078189300412
1,250,485,7.111340206185567
1,251,499,6.971943887775551
1,252,499,6.8216432865731464
1,253,506,6.887351778656127
1,254,501,7.053892215568863
1,255,510,7.041176470588235
1,256,503,7.174950298210735
1,257,500,6.958
1,258,504,6.990079365079365
1,259,502,6.99203187250996
1,260,498,7.22289156626506
1,261,503,7.226640159045726
1,262,493,7.0547667342799185
1,263,496,7.116935483870968
1,264,494,6.894736842105263
1,265,498,7.056224899598393
1,266,489,7.21881390593047
1,267,489,7.2781186094069525
1,268,483,7.267080745341615
1,269,476,6.951680672268908
1,270,473,6.797040169133193
1,271,478,6.7489539748953975
1,272,490,6.738775510204082
1,273,496,6.820564516129032
1,274,506,7.094861660079052
1,275,504,7.166666666666667
1,276,494,7.301619433198381
1,277,485,7.156701030927835
1,278,483,7.134575569358178
1,279,468,7.202991452991453
1,280,464,7.079741379310345
1,281,463,7.107991360691145
1,282,457,7.12691466083151
1,283,455,6.896703296703297
1,284,465,7.01505376344086
1,285,447,7.158836689038031
1,286,442,6.952488687782806
1,287,416,7.002403846153846
1,288,414,7.169082125603865
1,289,424,7.143867924528302
1,290,414,7.108695652173913
1,291,416,7.007211538461538
1,292,413,7.176755447941889
1,293,417,7.199040767386091
1,294,423,7.274231678486998
1,295,427,7.292740046838407
1,296,429,7.076923076923077
1,297,414,7.084541062801932
1,298,408,6.9411764705882355
1,299,409,6.69682151589242
1,300,407,6.71990171990172
1,301,408,6.627450980392157
1,302,416,6.632211538461538
1,303,404,6.7549504950495045
1,304,411,6.868613138686132
1,305,417,6.96642685851319
1,306,418,6.966507177033493
1,307,432,6.972222222222222
1,308,430,6.825581395348837
1,309,427,6.92271662763466
1,310,420,7.076190476190476
1,311,416,7.045673076923077
1,312,407,7.2063882063882065
1,313,407,7.12039312039312
1,314,397,6.904282115869018
1,315,394,6.908629441624366
1,316,395,7.055696202531646
1,317,383,6.945169712793733
1,318,379,6.83377308707124
1,319,381,6.960629921259843
1,320,382,6.994764397905759
1,321,363,7.0633608815427
1,322,359,7.325905292479109
1,323,347,7.046109510086455
1,324,343,6.889212827988338
1,325,342,7.125730994152047
1,326,338,7.284023668639053
1,327,339,7.448377581120944
1,328,339,7.091445427728614
1,329,333,7.081081081081081
1,330,336,6.964285714285714
1,331,337,6.786350148367952
1,332,343,6.836734693877551
1,333,337,7.01186943620178
1,334,331,6.876132930513595
1,335,339,6.699115044247788
1,336,326,6.889570552147239
1,337,331,6.80060422960725
1,338,335,6.740298507462686
1,339,347,6.769452449567724
1,340,330,6.721212121212122
1,341,332,6.671686746987952
1,342,327,6.850152905198777
1,343,331,6.879154078549849
1,344,334,7.134730538922156
1,345,329,6.948328267477204
1,346,330,7.16969696969697
1,347,339,6.887905604719764
1,348,336,6.720238095238095
1,349,329,6.890577507598784
1,350,302,6.827814569536423
1,351,300,6.98
1,352,301,7.086378737541528
1,353,288,7.09375
1,354,285,7.1649122807017545
1,355,297,7.185185185185185
1,356,299,7.043478260869565
1,357,296,6.804054054054054
1,358,301,6.541528239202658
1,359,286,6.755244755244755
1,360,292,6.801369863013699
1,361,282,6.797872340425532
1,362,274,7.014598540145985
1,363,267,7.033707865168539
1,364,261,7.011494252873563
1,365,257,7.073929961089494
1,366,248,7.149193548387097
1,367,241,7.323651452282157
1,368,242,7.066115702479339
1,369,237,7.236286919831223
1,370,227,7.400881057268722
1,371,229,6.903930131004367
1,372,237,6.843881856540085
1,373,234,6.794871794871795
1,374,238,6.764705882352941
1,375,229,6.746724890829694
1,376,228,6.93859649122807
1,377,229,6.650655021834061
1,378,221,6.574660633484163
1,379,215,6.776744186046511
1,380,215,6.93953488372093
1,381,219,6.981735159817352
1,382,230,6.71304347826087
1,383,234,6.747863247863248
1,384,234,6.730769230769231
1,385,241,6.605809128630705
1,386,235,6.753191489361702
1,387,230,6.934782608695652
1,388,232,7.181034482758621
1,389,230,7.221739130434782
1,390,225,7.0311111111111115
1,391,230,7.021739130434782
1,392,247,6.57085020242915
1,393,238,6.470588235294118
1,394,243,6.617283950617284
1,395,242,6.801652892561983
1,396,249,6.674698795180723
1,397,247,6.5910931174089065
1,398,243,6.584362139917696
1,399,231,6.6103896103896105
1,400,230,6.534782608695652
1,401,231,6.510822510822511
1,402,224,6.709821428571429
1,403,227,6.854625550660793
1,404,232,6.775862068965517
1,405,233,6.944206008583691
1,406,230,6.8304347826086955
1,407,233,6.832618025751073
1,408,226,6.628318584070796
1,409,219,6.506849315068493
1,410,221,6.610859728506787
1,411,217,6.728110599078341
1,412,222,6.90990990990991
1,413,220,7.077272727272727
1,414,225,7.231111111111111
1,415,221,6.746606334841629
1,416,212,6.863207547169812
1,417,220,6.718181818181818
1,418,219,6.995433789954338
1,419,210,6.723809523809524
1,420,215,6.818604651162791
1,421,207,6.917874396135265
1,422,202,6.702970297029703
1,423,195,6.774358974358974
1,424,189,6.608465608465608
1,425,196,6.285714285714286
1,426,192,6.338541666666667
1,427,191,6.507853403141361
1,428,187,6.764705882352941
1,429,182,6.670329670329671
1,430,180,6.855555555555555
1,431,180,7.0777777777777775
1,432,182,6.873626373626373
1,433,169,6.650887573964497
1,434,178,7.044943820224719
1,435,168,7.208333333333333
1,436,165,7.315151515151515
1,437,159,7.339622641509434
1,438,156,7.205128205128205
1,439,153,6.640522875816994
1,440,148,6.75
1,441,152,6.677631578947368
1,442,152,6.684210526315789
1,443,147,6.462585034013605
1,444,150,6.493333333333333
1,445,159,6.528301886792453
1,446,161,6.453416149068323
1,447,157,6.624203821656051
1,448,153,6.686274509803922
1,449,156,6.705128205128205
1,450,142,6.563380281690141
1,451,138,6.942028985507246
1,452,133,7.203007518796992
1,453,132,7.537878787878788
1,454,136,7.0588235294117645
1,455,134,7.2164179104477615
1,456,129,7.2015503875969
1,457,131,7.267175572519084
1,458,126,7.214285714285714
1,459,120,6.858333333333333
1,460,114,6.456140350877193
1,461,113,6.238938053097345
1,462,116,6.172413793103448
1,463,114,6.43859649122807
1,464,116,6.129310344827586
1,465,117,6.3931623931623935
1,466,123,6.382113821138211
1,467,121,6.917355371900826
1,468,114,7.140350877192983
1,469,113,7.053097345132743
1,470,107,7.205607476635514
1,471,105,7.238095238095238
1,472,98,7.1020408163265305
1,473,94,7.351063829787234
1,474,99,6.96969696969697
1,475,102,7.205882352941177
1,476,98,6.887755102040816
1,477,101,6.485148514851486
1,478,99,6.484848484848484
1,479,94,6.404255319148936
1,480,90,6.355555555555555
1,481,87,6.735632183908046
1,482,89,6.853932584269663
1,483,90,6.9
1,484,89,6.808988764044944
1,485,83,6.698795180722891
1,486,80,6.725
1,487,87,6.885057471264368
1,488,88,6.340909090909091
1,489,84,6.523809523809524
1,490,77,6.818181818181818
1,491,77,6.792207792207792
1,492,77,6.9480519480519485
1,493,76,7.2368421052631575
1,494,69,7.217391304347826
1,495,74,6.5675675675675675
1,496,74,6.72972972972973
1,497,74,7.108108108108108
1,498,69,7.246376811594203
1,499,65,7.538461538461538
1,500,62,7.516129032258065
1,501,63,7.523809523809524
1,502,61,7.459016393442623
1,503,52,7.326923076923077
1,504,51,7.529411764705882
1,505,55,7.054545454545455
1,506,52,7.423076923076923
1,507,46,8.065217391304348
1,508,44,8.613636363636363
1,509,48,8.270833333333334
1,510,49,7.653061224489796
1,511,52,7.5
1,512,49,7.510204081632653
1,513,49,7.142857142857143
1,514,49,6.73469387755102
1,515,45,6.5777777777777775
1,516,41,6.390243902439025
1,517,41,6.560975609756097
1,518,44,6.409090909090909
1,519,43,6.372093023255814
1,520,42,7.166666666666667
1,521,40,7.25
1,522,45,7.133333333333334
1,523,45,7.4
1,524,43,6.953488372093023
1,525,43,6.744186046511628
1,526,49,6.489795918367347
1,527,51,6.0
1,528,50,6.24
1,529,52,6.673076923076923
1,530,53,7.132075471698113
1,531,51,7.117647058823529
1,532,54,6.833333333333333
1,533,52,6.788461538461538
1,534,53,7.452830188679245
1,535,50,7.32
1,536,54,7.277777777777778
1,537,52,7.615384615384615
1,538,50,7.3
1,539,49,7.142857142857143
1,540,48,6.9375
1,541,43,6.744186046511628
1,542,41,7.536585365853658
1,543,41,7.365853658536586
1,544,44,7.159090909090909
1,545,42,7.190476190476191
1,546,42,7.428571428571429
1,547,42,7.476190476190476
1,548,44,7.340909090909091
1,549,50,5.82
1,550,47,5.638297872340425
1,551,45,6.044444444444444
1,552,41,6.365853658536586
1,553,40,6.025
1,554,41,6.658536585365853
1,555,40,6.825
1,556,37,7.243243243243243
1,557,41,7.439024390243903
1,558,44,7.090909090909091
1,559,46,7.239130434782608
1,560,42,7.357142857142857
1,561,41,6.951219512195122
1,562,43,6.953488372093023
1,563,43,6.976744186046512
1,564,44,6.318181818181818
1,565,44,6.7727272727272725
1,566,48,6.583333333333333
1,567,47,6.808510638297872
1,568,49,6.836734693877551
1,569,48,6.979166666666667
1,570,47,7.170212765957447
1,571,53,6.962264150943396
1,572,53,6.830188679245283
1,573,57,6.43859649122807
1,574,60,6.6
1,575,59,7.067796610169491
1,576,59,7.254237288135593
1,577,63,6.984126984126984
1,578,64,6.671875
1,579,71,6.422535211267606
1,580,67,6.044776119402985
1,581,64,6.34375
1,582,65,6.630769230769231
1,583,68,6.4411764705882355
1,584,68,6.676470588235294
1,585,65,6.461538461538462
1,586,65,6.707692307692308
1,587,65,7.061538461538461
1,588,71,6.52112676056338
1,589,74,6.364864864864865
1,590,77,6.922077922077922
1,591,86,6.686046511627907
1,592,88,6.6022727272727275
1,593,85,6.8
1,594,88,6.681818181818182
1,595,84,6.714285714285714
1,596,83,7.108433734939759
1,597,78,7.153846153846154
1,598,74,7.513513513513513
1,599,78,7.653846153846154
1,600,86,6.941860465116279
2,0,30,0.0
2,1,30,1.0
2,2,30,2.0
2,3,30,3.0
2,4,30,4.0
2,5,30,5.0
2,6,30,6.0
2,7,30,7.0
2,8,39,6.153846153846154
2,9,44,6.340909090909091
2,10,48,6.729166666666667
2,11,52,7.134615384615385
2,12,57,7.421052631578948
2,13,65,7.3076923076923075
2,14,71,7.408450704225352
2,15,75,7.96
2,16,88,7.636363636363637
2,17,96,7.5625
2,18,101,7.762376237623762
2,19,109,7.944954128440367
2,20,113,8.176991150442477
2,21,123,8.34959349593496
2,22,128,8.515625
2,23,136,8.772058823529411
2,24,138,9.210144927536232
2,25,151,9.092715231788079
2,26,162,9.339506172839506
2,27,177,9.107344632768362
2,28,187,8.957219251336898
2,29,196,8.989795918367347
2,30,196,9.35204081632653
2,31,202,9.648514851485148
2,32,197,7.928934010152284
2,33,211,7.947867298578199
2,34,217,8.004608294930875
2,35,223,8.09865470852018
2,36,231,8.333333333333334
2,37,239,7.916317991631799
2,38,249,8.056224899598394
2,39,248,7.995967741935484
2,40,258,7.937984496124031
2,41,259,7.841698841698841
2,42,264,7.96969696969697
2,43,280,7.867857142857143
2,44,279,7.992831541218638
2,45,284,7.922535211267606
2,46,292,8.01027397260274
2,47,320,7.61875
2,48,335,7.632835820895522
2,49,332,7.774096385542169
2,50,349,8.077363896848137
2,51,348,7.910919540229885
2,52,345,8.017391304347827
2,53,350,7.897142857142857
2,54,362,7.643646408839779
2,55,373,7.359249329758713
2,56,392,7.25765306122449
2,57,400,7.1925
2,58,411,7.097323600973236
2,59,417,7.148681055155875
2,60,442,7.17420814479638
2,61,430,7.206976744186046
2,62,425,7.315294117647059
2,63,427,7.437939110070258
2,64,435,7.4
2,65,442,7.680995475113122
2,66,460,7.771739130434782
2,67,451,7.576496674057649
2,68,458,7.61353711790393
2,69,466,7.609442060085837
2,70,473,7.4334038054968286
2,71,484,7.357438016528926
2,72,482,7.479253112033195
2,73,476,7.663865546218488
2,74,460,7.806521739130435
2,75,465,7.866666666666666
2,76,462,7.6645021645021645
2,77,479,7.551148225469729
2,78,493,7.332657200811359
2,79,499,7.274549098196393
2,80,519,7.3140655105973025
2,81,534,7.320224719101123
2,82,553,7.417721518987341
2,83,555,7.178378378378379
2,84,545,7.192660550458716
2,85,569,7.312829525483304
2,86,578,7.20242214532872
2,87,598,7.302675585284281
2,88,605,7.365289256198347
2,89,613,7.257748776508972
2,90,608,7.2055921052631575
2,91,591,7.368866328257191
2,92,599,7.390651085141903
2,93,616,7.378246753246753
2,94,636,7.388364779874214
2,95,645,7.477519379844961
2,96,671,7.4992548435171384
2,97,689,7.3410740203193035
2,98,721,7.116504854368932
2,99,734,7.29291553133515
2,100,742,7.388140161725067
2,101,739,7.285520974289581
2,102,748,7.410427807486631
2,103,773,7.305304010349288
2,104,770,7.249350649350649
2,105,791,7.185840707964601
2,106,790,7.10632911392405
2,107,776,7.016752577319588
2,108,783,7.022988505747127
2,109,799,7.075093867334168
2,110,800,7.12125
2,111,820,7.1451219512195125
2,112,814,7.061425061425061
2,113,818,7.112469437652812
2,114,825,7.0593939393939396
2,115,837,7.154121863799283
2,116,857,7.128354725787632
2,117,867,7.190311418685121
2,118,870,7.211494252873563
2,119,875,7.190857142857143
2,120,849,7.227326266195524
2,121,853,7.344665885111372
2,122,846,7.445626477541371
2,123,847,7.603305785123967
2,124,844,7.463270142180095
2,125,849,7.302709069493522
2,126,869,7.279631760644419
2,127,877,7.034207525655645
2,128,889,7.080989876265467
2,129,903,6.96234772978959
2,130,899,6.898776418242492
2,131,909,6.8283828382838285
2,132,902,6.885809312638581
2,133,903,6.8416389811738645
2,134,906,6.892935982339956
2,135,922,7.019522776572668
2,136,917,7.151581243184297
2,137,924,7.0995670995671
2,138,929,6.989235737351992
2,139,931,7.022556390977444
2,140,934,7.029978586723769
2,141,926,6.836933045356371
2,142,907,6.867695700110254
2,143,897,6.821627647714604
2,144,885,6.849717514124293
2,145,893,7.006718924972004
2,146,887,7.082299887260429
2,147,878,7.005694760820045
2,148,895,6.935195530726257
2,149,914,6.850109409190372
2,150,920,6.978260869565218
2,151,936,6.905982905982906
2,152,920,6.793478260869565
2,153,943,6.749734888653235
2,154,955,6.722513089005235
2,155,945,6.887830687830688
2,156,936,7.0331196581196584
2,157,948,6.9831223628691985
2,158,956,6.939330543933054
2,159,948,6.975738396624473
2,160,951,7.001051524710831
2,161,953,6.9569779643231895
2,162,965,7.04559585492228
2,163,978,7.042944785276074
2,164,965,7.157512953367876
2,165,960,7.202083333333333
2,166,957,7.086729362591432
2,167,951,6.982124079915878
2,168,939,6.824281150159744
2,169,937,6.901814300960512
2,170,946,6.931289640591967
2,171,938,6.868869936034115
2,172,932,6.878755364806867
2,173,936,7.044871794871795
2,174,925,7.037837837837838
2,175,916,7.091703056768559
2,176,935,6.966844919786096
2,177,925,6.984864864864865
2,178,925,6.932972972972973
2,179,921,6.7795874049945715
2,180,925,6.886486486486486
2,181,935,6.915508021390374
2,182,938,6.977611940298507
2,183,932,6.9742489270386265
2,184,925,6.987027027027027
2,185,924,6.9480519480519485
2,186,918,6.930283224400871
2,187,906,6.82560706401766
2,188,902,6.934589800443459
2,189,880,6.894318181818182
2,190,878,6.887243735763098
2,191,864,7.043981481481482
2,192,850,7.091764705882353
2,193,843,7.094899169632265
2,194,830,7.151807228915662
2,195,832,7.117788461538462
2,196,840,6.994047619047619
2,197,842,7.002375296912114
2,198,846,7.030732860520095
2,199,823,6.931956257594168
2,200,793,6.969735182849937
2,201,787,6.980940279542566
2,202,794,7.006297229219143
2,203,774,7.093023255813954
2,204,766,7.080939947780679
2,205,763,6.992136304062909
2,206,749,7.006675567423231
2,207,752,7.049202127659575
2,208,713,6.991584852734923
2,209,693,6.966810966810967
2,210,668,6.869760479041916
2,211,670,6.858208955223881
2,212,680,6.8882352941176475
2,213,680,6.920588235294118
2,214,700,6.97
2,215,687,7.109170305676856
2,216,674,7.068249258160237
2,217,665,7.091729323308271
2,218,661,6.9742813918305595
2,219,654,7.059633027522936
2,220,662,6.990936555891238
2,221,658,6.9832826747720365
2,222,657,7.077625570776256
2,223,659,7.065250379362671
2,224,660,7.166666666666667
2,225,683,7.021961932650073
2,226,675,7.127407407407407
2,227,697,6.97274031563845
2,228,695,7.0071942446043165
2,229,706,7.055240793201133
2,230,698,7.260744985673353
2,231,681,7.101321585903084
2,232,674,6.946587537091988
2,233,673,7.074294205052006
2,234,661,7.225416036308624
2,235,673,7.182763744427935
2,236,682,7.161290322580645
2,237,687,7.07132459970888
2,238,689,6.910014513788099
2,239,691,6.986975397973951
2,240,671,6.938897168405365
2,241,675,6.811851851851852
2,242,650,6.8476923076923075
2,243,646,7.0170278637770895
2,244,644,7.083850931677019
2,245,650,7.193846153846154
2,246,655,7.112977099236641
2,247,657,7.048706240487062
2,248,666,6.951951951951952
2,249,661,6.922844175491679
2,250,644,7.041925465838509
2,251,622,7.02572347266881
2,252,615,7.173983739837398
2,253,614,6.964169381107492
2,254,599,7.091819699499165
2,255,593,7.308600337268128
2,256,579,7.316062176165803
2,257,581,7.180722891566265
2,258,578,7.024221453287197
2,259,582,7.094501718213058
2,260,558,7.100358422939068
2,261,555,7.052252252252252
2,262,536,7.08955223880597
2,263,526,7.0456273764258555
2,264,530,7.0150943396226415
2,265,526,7.110266159695818
2,266,522,6.994252873563219
2,267,518,6.982625482625482
2,268,514,7.101167315175097
2,269,510,7.2
2,270,509,7.259332023575639
2,271,500,7.122
2,272,494,7.275303643724697
2,273,498,7.004016064257028
2,274,500,7.082
2,275,520,6.9653846153846155
2,276,522,6.998084291187739
2,277,528,7.134469696969697
2,278,523,7.095602294455067
2,279,526,7.2072243346007605
2,280,525,7.28952380952381
2,281,529,7.281663516068053
2,282,537,7.256983240223463
2,283,528,7.259469696969697
2,284,530,7.030188679245283
2,285,516,7.0523255813953485
2,286,508,6.913385826771654
2,287,500,6.876
2,288,495,6.97979797979798
2,289,498,7.066265060240964
2,290,500,7.03
2,291,513,7.10916179337232
2,292,506,7.043478260869565
2,293,506,7.025691699604743
2,294,509,6.964636542239686
2,295,532,7.041353383458647
2,296,554,6.965703971119134
2,297,558,6.92831541218638
2,298,562,6.898576512455516
2,299,559,6.996422182468694
2,300,569,7.0913884007029875
2,301,574,7.104529616724738
2,302,566,7.042402826855124
2,303,584,6.839041095890411
2,304,594,7.104377104377105
2,305,609,6.957307060755337
2,306,611,6.841243862520458
2,307,608,6.8930921052631575
2,308,614,6.864820846905538
2,309,609,6.781609195402299
2,310,604,6.935430463576159
2,311,612,6.841503267973856
2,312,627,7.0414673046252
2,313,634,6.992113564668769
2,314,642,7.066978193146418
2,315,630,7.195238095238095
2,316,630,7.09047619047619
2,317,622,7.163987138263666
2,318,619,7.1518578352180935
2,319,632,6.9984177215189876
2,320,637,7.150706436420722
2,321,627,7.025518341307815
2,322,636,6.99685534591195
2,323,621,7.064412238325282
2,324,637,6.918367346938775
2,325,636,6.960691823899371
2,326,641,7.053042121684867
2,327,633,6.981042654028436
2,328,642,6.91588785046729
2,329,643,6.950233281493001
2,330,651,6.9416282642089095
2,331,634,6.899053627760252
2,332,628,6.896496815286624
2,333,631,6.93026941362916
2,334,632,6.8955696202531644
2,335,632,6.993670886075949
2,336,632,6.927215189873418
2,337,621,6.882447665056361
2,338,603,6.970149253731344
2,339,607,6.886326194398682
2,340,622,6.892282958199357
2,341,625,6.9408
2,342,624,6.9951923076923075
2,343,628,7.132165605095541
2,344,625,7.192
2,345,627,7.089314194577352
2,346,615,7.014634146341463
2,347,604,7.259933774834437
2,348,591,7.307952622673435
2,349,587,7.391822827938671
2,350,591,7.282571912013537
2,351,594,7.079124579124579
2,352,598,6.790969899665551
2,353,598,6.6923076923076925
2,354,597,6.69179229480737
2,355,600,6.766666666666667
2,356,592,6.8141891891891895
2,357,585,6.947008547008547
2,358,567,7.008818342151676
2,359,567,6.91358024691358
2,360,562,7.0
2,361,575,7.04
2,362,570,7.126315789473685
2,363,583,7.111492281303602
2,364,604,6.945364238410596
2,365,599,7.048414023372287
2,366,591,7.069373942470389
2,367,602,6.938538205980066
2,368,600,6.845
2,369,597,6.683417085427136
2,370,605,6.717355371900826
2,371,625,6.7712
2,372,642,6.786604361370716
2,373,651,6.807987711213518
2,374,655,6.8335877862595416
2,375,670,6.780597014925373
2,376,670,6.661194029850746
2,377,678,6.699115044247788
2,378,680,6.79264705882353
2,379,673,7.065378900445765
2,380,664,6.975903614457831
2,381,667,6.991004497751124
2,382,688,6.792151162790698
2,383,684,6.77046783625731
2,384,712,6.834269662921348
2,385,731,6.813953488372093
2,386,723,6.767634854771784
2,387,709,6.782792665726375
2,388,694,6.9077809798270895
2,389,698,6.957020057306591
2,390,710,6.759154929577464
2,391,713,6.842917251051893
2,392,722,6.774238227146815
2,393,736,6.853260869565218
2,394,724,7.040055248618785
2,395,718,7.004178272980502
2,396,726,7.099173553719008
2,397,733,6.892223738062756
2,398,733,6.949522510231923
2,399,724,6.914364640883978
2,400,714,7.060224089635854
2,401,710,6.954929577464789
2,402,697,6.9167862266857965
2,403,688,6.998546511627907
2,404,683,7.060029282576867
2,405,692,7.208092485549133
2,406,675,7.037037037037037
2,407,658,6.972644376899696
2,408,658,6.816109422492401
2,409,661,6.906202723146747
2,410,662,6.960725075528701
2,411,667,6.8500749625187405
2,412,681,6.822320117474303
2,413,673,6.815750371471025
2,414,677,7.00738552437223
2,415,658,7.003039513677812
2,416,650,6.98
2,417,644,7.031055900621118
2,418,656,6.9939024390243905
2,419,652,6.995398773006135
2,420,648,7.112654320987654
2,421,642,6.88006230529595
2,422,644,6.90527950310559
2,423,637,6.979591836734694
2,424,652,6.920245398773006
2,425,659,6.907435508345979
2,426,660,6.965151515151515
2,427,658,6.875379939209727
2,428,638,6.871473354231975
2,429,641,6.848673946957878
2,430,628,6.813694267515924
2,431,623,6.977528089887641
2,432,642,6.989096573208723
2,433,645,6.973643410852713
2,434,637,7.034536891679749
2,435,650,6.944615384615385
2,436,655,6.795419847328244
2,437,666,6.870870870870871
2,438,667,7.031484257871065
2,439,665,6.97593984962406
2,440,641,6.978159126365054
2,441,625,7.0352
2,442,633,7.1864139020537126
2,443,622,7.12540192926045
2,444,612,7.073529411764706
2,445,599,7.031719532554257
2,446,600,6.9816666666666665
2,447,596,6.926174496644295
2,448,578,6.93598615916955
2,449,567,7.037037037037037
2,450,563,7.113676731793961
2,451,562,7.037366548042705
2,452,565,7.07787610619469
2,453,542,7.143911439114391
2,454,537,7.042830540037244
2,455,546,7.056776556776557
2,456,544,7.086397058823529
2,457,527,7.0910815939278935
2,458,528,7.113636363636363
2,459,532,7.201127819548872
2,460,530,7.264150943396227
2,461,526,7.285171102661597
2,462,535,7.310280373831776
2,463,536,6.923507462686567
2,464,543,6.749539594843462
2,465,544,6.740808823529412
2,466,539,6.808905380333952
2,467,547,6.855575868372943
2,468,547,6.884826325411335
2,469,548,6.762773722627737
2,470,543,6.963167587476979
2,471,550,6.974545454545455
2,472,549,7.020036429872495
2,473,549,7.205828779599272
2,474,549,7.089253187613843
2,475,553,7.066907775768535
2,476,553,7.146473779385172
2,477,552,7.036231884057971
2,478,555,7.0864864864864865
2,479,554,7.200361010830325
2,480,561,7.092691622103387
2,481,555,7.135135135135135
2,482,554,7.254512635379061
2,483,545,7.190825688073394
2,484,539,7.267161410018553
2,485,557,6.953321364452424
2,486,557,6.953321364452424
2,487,549,6.927140255009108
2,488,550,6.885454545454546
2,489,559,6.932021466905188
2,490,555,6.886486486486486
2,491,540,6.801851851851852
2,492,536,7.08955223880597
2,493,530,7.175471698113207
2,494,515,7.1825242718446605
2,495,502,7.282868525896414
2,496,500,7.394
2,497,497,7.20523138832998
2,498,496,7.308467741935484
2,499,495,7.228282828282828
2,500,496,7.199596774193548
2,501,492,7.0060975609756095
2,502,480,7.05625
2,503,474,7.075949367088608
2,504,472,7.203389830508475
2,505,458,7.152838427947598
2,506,456,7.1644736842105265
2,507,456,7.357456140350878
2,508,445,7.224719101123595
2,509,435,7.1080459770114945
2,510,436,7.0963302752293576
2,511,452,6.964601769911504
2,512,438,6.853881278538813
2,513,429,6.801864801864802
2,514,435,6.862068965517241
2,515,435,6.894252873563218
2,516,440,6.877272727272727
2,517,430,7.0
2,518,436,6.841743119266055
2,519,434,6.847926267281106
2,520,452,6.811946902654867
2,521,460,6.952173913043478
2,522,452,7.084070796460177
2,523,438,7.19406392694064
2,524,429,7.181818181818182
2,525,415,7.284337349397591
2,526,410,7.439024390243903
2,527,422,7.414691943127962
2,528,413,7.3607748184019375
2,529,411,6.970802919708029
2,530,412,7.128640776699029
2,531,404,6.985148514851486
2,532,401,7.0099750623441395
2,533,395,6.9291139240506325
2,534,386,7.041450777202073
2,535,391,6.979539641943734
2,536,407,6.958230958230958
2,537,406,6.847290640394089
2,538,413,6.581113801452784
2,539,411,6.661800486618005
2,540,412,6.740291262135922
2,541,400,6.77
2,542,394,6.934010152284264
2,543,368,7.103260869565218
2,544,374,7.2994652406417115
2,545,376,7.148936170212766
2,546,369,7.0379403794037945
2,547,361,7.110803324099723
2,548,362,6.986187845303867
2,549,352,7.269886363636363
2,550,360,7.125
2,551,347,7.1902017291066285
2,552,350,7.174285714285714
2,553,346,7.219653179190751
2,554,346,7.170520231213873
2,555,331,7.329305135951661
2,556,330,7.303030303030303
2,557,333,7.036036036036036
2,558,334,7.0359281437125745
2,559,320,6.86875
2,560,309,7.022653721682848
2,561,312,6.948717948717949
2,562,312,6.939102564102564
2,563,311,6.765273311897106
2,564,309,6.964401294498382
2,565,302,6.814569536423841
2,566,300,7.19
2,567,302,7.208609271523179
2,568,289,7.179930795847751
2,569,286,7.003496503496503
2,570,277,6.64259927797834
2,571,279,6.587813620071684
2,572,294,6.789115646258503
2,573,312,6.794871794871795
2,574,318,6.8081761006289305
2,575,318,6.8584905660377355
2,576,317,6.848580441640379
2,577,329,6.650455927051672
2,578,335,6.883582089552239
2,579,333,6.945945945945946
2,580,323,6.58204334365325
2,581,319,6.699059561128527
2,582,318,6.811320754716981
2,583,320,6.8375
2,584,316,7.069620253164557
2,585,315,7.136507936507937
2,586,316,7.072784810126582
2,587,313,7.0702875399361025
2,588,304,7.1118421052631575
2,589,308,6.85064935064935
2,590,304,7.0493421052631575
2,591,295,6.959322033898305
2,592,290,6.931034482758621
2,593,294,6.976190476190476
2,594,289,7.041522491349481
2,595,299,6.739130434782608
2,596,299,6.7792642140468224
2,597,293,6.979522184300341
2,598,295,6.972881355932204
2,599,301,7.225913621262459
2,600,304,6.990131578947368
3,0,30,0.0
3,1,30,1.0
3,2,30,2.0
3,3,30,3.0
3,4,29,4.0
3,5,29,5.0
3,6,29,6.0
3,7,29,7.0
3,8,37,6.27027027027027
3,9,45,5.977777777777778
3,10,49,6.408163265306122
3,11,54,6.722222222222222
3,12,59,7.067796610169491
3,13,62,7.67741935483871
3,14,63,8.444444444444445
3,15,67,8.880597014925373
3,16,73,9.068493150684931
3,17,79,9.08860759493671
3,18,80,9.5125
3,19,89,9.393258426966293
3,20,96,9.458333333333334
3,21,111,9.045045045045045
3,22,122,8.975409836065573
3,23,131,8.885496183206106
3,24,136,9.242647058823529
3,25,138,9.528985507246377
3,26,147,9.54421768707483
3,27,149,9.812080536912752
3,28,154,10.0
3,29,154,10.214285714285714
3,30,158,10.613924050632912
3,31,168,10.095238095238095
3,32,158,8.170886075949367
3,33,166,8.536144578313253
3,34,173,8.77456647398844
3,35,186,8.46236559139785
3,36,194,8.448453608247423
3,37,207,8.657004830917874
3,38,213,8.826291079812206
3,39,219,8.506849315068493
3,40,218,8.380733944954128
3,41,215,8.776744186046512
3,42,218,8.738532110091743
3,43,229,8.51528384279476
3,44,238,8.436974789915967
3,45,242,8.611570247933884
3,46,258,8.492248062015504
3,47,264,8.492424242424242
3,48,258,8.267441860465116
3,49,256,8.13671875
3,50,263,8.02661596958175
3,51,271,7.900369003690037
3,52,263,8.05703422053232
3,53,280,8.028571428571428
3,54,282,7.960992907801418
3,55,282,7.960992907801418
3,56,287,7.7630662020905925
3,57,293,7.897610921501706
3,58,282,7.872340425531915
3,59,280,7.739285714285714
3,60,270,8.122222222222222
3,61,264,7.84469696969697
3,62,269,7.888475836431227
3,63,283,7.713780918727915
3,64,282,7.684397163120567
3,65,286,7.479020979020979
3,66,290,7.36896551724138
3,67,295,7.5288135593220336
3,68,309,7.614886731391586
3,69,312,7.711538461538462
3,70,313,7.801916932907348
3,71,311,7.633440514469453
3,72,305,7.629508196721312
3,73,319,7.0344827586206895
3,74,341,6.941348973607038
3,75,351,7.074074074074074
3,76,337,7.074183976261128
3,77,339,7.200589970501475
3,78,353,7.101983002832861
3,79,355,7.273239436619718
3,80,352,7.454545454545454
3,81,350,7.2628571428571425
3,82,350,7.222857142857142
3,83,363,7.236914600550964
3,84,375,7.128
3,85,384,7.236979166666667
3,86,385,7.241558441558442
3,87,390,7.31025641025641
3,88,385,7.542857142857143
3,89,390,7.635897435897436
3,90,391,7.539641943734015
3,91,399,7.456140350877193
3,92,409,7.484107579462103
3,93,409,7.6601466992665035
3,94,418,7.559808612440191
3,95,427,7.234192037470726
3,96,429,7.27972027972028
3,97,448,7.229910714285714
3,98,447,7.402684563758389
3,99,440,7.363636363636363
3,100,448,7.301339285714286
3,101,449,7.33184855233853
3,102,455,7.197802197802198
3,103,438,7.308219178082192
3,104,443,7.203160270880361
3,105,447,7.3355704697986575
3,106,439,7.451025056947608
3,107,435,7.528735632183908
3,108,435,7.540229885057471
3,109,422,7.469194312796208
3,110,413,7.36319612590799
3,111,417,7.39568345323741
3,112,410,7.3951219512195125
3,113,425,7.348235294117647
3,114,430,7.372093023255814
3,115,426,7.267605633802817
3,116,435,7.179310344827586
3,117,418,7.208133971291866
3,118,429,7.123543123543124
3,119,426,7.230046948356808
3,120,430,7.232558139534884
3,121,421,7.394299287410926
3,122,425,7.421176470588235
3,123,424,7.40566037735849
3,124,422,7.291469194312796
3,125,421,7.315914489311164
3,126,434,7.417050691244239
3,127,442,7.54524886877828
3,128,445,7.559550561797753
3,129,438,7.570776255707763
3,130,453,7.52317880794702
3,131,436,7.651376146788991
3,132,426,7.572769953051643
3,133,442,7.364253393665158
3,134,448,7.1875
3,135,460,7.310869565217391
3,136,455,7.263736263736264
3,137,458,7.0152838427947595
3,138,471,6.86624203821656
3,139,481,6.923076923076923
3,140,470,7.2042553191489365
3,141,473,7.114164904862579
3,142,478,7.140167364016737
3,143,478,7.311715481171548
3,144,492,7.510162601626016
3,145,492,7.111788617886178
3,146,499,7.046092184368738
3,147,498,7.096385542168675
3,148,522,7.0727969348659006
3,149,504,7.317460317460317
3,150,507,7.323471400394477
3,151,518,7.239382239382239
3,152,493,7.093306288032454
3,153,496,7.19758064516129
3,154,508,7.283464566929134
3,155,500,7.49
3,156,515,7.429126213592233
3,157,517,7.2727272727272725
3,158,530,7.2320754716981135
3,159,527,7.326375711574952
3,160,521,7.2168905950095965
3,161,526,7.461977186311787
3,162,522,7.591954022988506
3,163,528,7.543560606060606
3,164,540,7.42037037037037
3,165,545,7.234862385321101
3,166,543,7.267034990791897
3,167,557,7.157989228007182
3,168,556,7.032374100719425
3,169,557,7.078994614003591
3,170,568,7.125
3,171,566,7.206713780918728
3,172,567,7.403880070546737
3,173,553,7.424954792043399
3,174,558,7.514336917562724
3,175,569,7.372583479789104
3,176,579,7.452504317789292
3,177,578,7.382352941176471
3,178,584,7.460616438356165
3,179,585,7.5316239316239315
3,180,588,7.425170068027211
3,181,591,7.4636209813874785
3,182,566,7.328621908127208
3,183,560,7.228571428571429
3,184,556,6.960431654676259
3,185,564,6.98404255319149
3,186,579,6.941278065630398
3,187,572,6.9020979020979025
3,188,569,6.947275922671353
3,189,559,7.085867620751341
3,190,567,7.278659611992945
3,191,569,7.293497363796134
3,192,581,7.335628227194492
3,193,587,7.07495741056218
3,194,586,6.935153583617748
3,195,576,6.960069444444445
3,196,585,7.157264957264958
3,197,594,7.018518518518518
3,198,611,6.710310965630114
3,199,627,6.67304625199362
3,200,627,6.657097288676236
3,201,632,6.674050632911392
3,202,631,6.706814580031696
3,203,628,6.692675159235669
3,204,622,6.776527331189711
3,205,612,7.101307189542483
3,206,623,7.154093097913322
3,207,636,7.05503144654088
3,208,628,7.187898089171974
3,209,637,7.2888540031397175
3,210,624,7.208333333333333
3,211,632,7.166139240506329
3,212,621,7.207729468599034
3,213,594,7.264309764309765
3,214,588,7.3146258503401365
3,215,605,7.246280991735537
3,216,610,7.109836065573771
3,217,601,7.101497504159734
3,218,603,7.08955223880597
3,219,598,6.923076923076923
3,220,599,6.976627712854758
3,221,597,7.04857621440536
3,222,615,7.03089430894309
3,223,616,6.996753246753247
3,224,616,7.0227272727272725
3,225,608,7.098684210526316
3,226,612,7.158496732026144
3,227,636,7.072327044025157
3,228,647,6.9536321483771255
3,229,645,7.206201550387597
3,230,652,7.116564417177914
3,231,661,7.1059001512859306
3,232,653,7.162327718223583
3,233,644,7.14751552795031
3,234,621,7.152979066022544
3,235,615,7.226016260162601
3,236,600,7.321666666666666
3,237,580,7.3982758620689655
3,238,581,7.530120481927711
3,239,594,7.222222222222222
3,240,583,7.029159519725558
3,241,572,7.073426573426573
3,242,559,7.071556350626118
3,243,570,6.97719298245614
3,244,564,6.8546099290780145
3,245,561,7.117647058823529
3,246,547,7.321755027422303
3,247,546,7.241758241758242
3,248,548,7.273722627737226
3,249,560,7.076785714285714
3,250,557,7.0323159784560145
3,251,552,6.882246376811594
3,252,559,7.001788908765653
3,253,548,7.166058394160584
3,254,556,7.098920863309353
3,255,568,6.876760563380282
3,256,554,6.992779783393502
3,257,546,7.170329670329671
3,258,538,7.156133828996283
3,259,522,7.339080459770115
3,260,536,7.343283582089552
3,261,519,7.373795761078998
3,262,515,7.3145631067961165
3,263,524,7.2461832061068705
3,264,510,7.219607843137255
3,265,504,6.964285714285714
3,266,497,7.2152917505030185
3,267,494,7.495951417004049
3,268,492,7.402439024390244
3,269,470,7.374468085106383
3,270,471,7.214437367303609
3,271,460,7.163043478260869
3,272,469,7.20682302771855
3,273,463,7.285097192224622
3,274,476,6.920168067226891
3,275,469,6.8976545842217485
3,276,472,6.6991525423728815
3,277,461,6.921908893709327
3,278,465,7.008602150537635
3,279,468,6.844017094017094
3,280,464,6.918103448275862
3,281,472,6.927966101694915
3,282,466,7.0965665236051505
3,283,471,7.063694267515924
3,284,471,6.849256900212314
3,285,473,6.7272727272727275
3,286,474,6.936708860759493
3,287,488,6.862704918032787
3,288,484,6.828512396694215
3,289,474,6.8881856540084385
3,290,472,6.860169491525424
3,291,439,6.924829157175399
3,292,438,6.892694063926941
3,293,438,7.127853881278539
3,294,435,7.114942528735632
3,295,433,7.046189376443418
3,296,448,7.113839285714286
3,297,452,7.134955752212389
3,298,451,6.796008869179601
3,299,446,6.908071748878924
3,300,434,6.753456221198157
3,301,438,6.901826484018265
3,302,423,6.983451536643026
3,303,423,7.1725768321513
3,304,411,7.206812652068127
3,305,409,7.244498777506112
3,306,404,7.02970297029703
3,307,406,7.039408866995074
3,308,415,6.983132530120482
3,309,414,7.0144927536231885
3,310,414,7.205314009661835
3,311,418,7.114832535885167
3,312,417,6.930455635491607
3,313,430,6.948837209302326
3,314,434,6.986175115207374
3,315,423,7.016548463356974
3,316,423,7.1040189125295505
3,317,424,7.17688679245283
3,318,422,7.390995260663507
3,319,424,7.10377358490566
3,320,428,7.091121495327103
3,321,429,6.9207459207459205
3,322,434,7.085253456221198
3,323,419,7.033412887828162
3,324,419,7.159904534606206
3,325,420,7.2595238095238095
3,326,430,7.26046511627907
3,327,420,7.15952380952381
3,328,417,7.242206235011991
3,329,440,7.068181818181818
3,330,442,6.975113122171946
3,331,437,6.812356979405035
3,332,442,6.726244343891403
3,333,443,6.781038374717833
3,334,438,6.835616438356165
3,335,435,6.974712643678161
3,336,426,7.089201877934272
3,337,426,7.124413145539906
3,338,433,7.348729792147806
3,339,425,7.3364705882352945
3,340,421,7.021377672209026
3,341,430,6.974418604651163
3,342,437,6.663615560640732
3,343,447,6.691275167785235
3,344,441,6.755102040816326
3,345,429,7.002331002331002
3,346,431,7.090487238979119
3,347,432,7.164351851851852
3,348,427,7.283372365339578
3,349,427,7.1756440281030445
3,350,417,7.167865707434053
3,351,419,7.157517899761337
3,352,421,7.199524940617577
3,353,419,7.2959427207637235
3,354,419,7.298329355608592
3,355,411,7.172749391727494
3,356,406,6.825123152709359
3,357,412,6.677184466019417
3,358,421,6.919239904988124
3,359,421,6.736342042755345
3,360,420,6.75
3,361,406,6.876847290640394
3,362,397,6.8639798488664985
3,363,385,6.846753246753247
3,364,394,6.771573604060913
3,365,396,6.883838383838384
3,366,414,6.871980676328502
3,367,417,6.707434052757794
3,368,421,6.693586698337292
3,369,431,6.907192575406032
3,370,427,6.8103044496487115
3,371,424,6.6674528301886795
3,372,411,6.666666666666667
3,373,421,6.72209026128266
3,374,422,7.021327014218009
3,375,425,7.0988235294117645
3,376,425,7.183529411764706
3,377,420,7.069047619047619
3,378,421,7.068883610451306
3,379,407,7.152334152334152
3,380,410,6.975609756097561
3,381,408,6.794117647058823
3,382,395,6.868354430379747
3,383,404,6.849009900990099
3,384,390,6.902564102564103
3,385,397,6.916876574307305
3,386,394,6.875634517766497
3,387,394,7.0152284263959395
3,388,393,7.005089058524173
3,389,392,7.107142857142857
3,390,386,7.0932642487046635
3,391,398,6.826633165829146
3,392,406,6.928571428571429
3,393,402,6.930348258706467
3,394,401,6.86284289276808
3,395,403,7.054590570719603
3,396,419,6.940334128878281
3,397,412,6.834951456310679
3,398,414,6.628019323671498
3,399,433,6.778290993071593
3,400,430,6.972093023255814
3,401,433,6.891454965357967
3,402,424,7.02122641509434
3,403,404,6.96039603960396
3,404,404,6.841584158415841
3,405,392,6.9311224489795915
3,406,391,6.826086956521739
3,407,399,7.0927318295739346
3,408,399,7.167919799498747
3,409,398,7.0
3,410,408,6.928921568627451
3,411,419,6.761336515513126
3,412,411,6.688564476885645
3,413,399,6.764411027568922
3,414,398,6.78140703517588
3,415,392,6.683673469387755
3,416,397,6.914357682619648
3,417,398,6.954773869346734
3,418,403,6.923076923076923
3,419,413,6.799031476997579
3,420,411,6.897810218978102
3,421,403,6.858560794044665
3,422,413,6.714285714285714
3,423,407,6.948402948402949
3,424,403,6.903225806451613
3,425,401,6.907730673316708
3,426,394,6.885786802030457
3,427,409,6.669926650366748
3,428,401,6.907730673316708
3,429,408,6.752450980392157
3,430,405,6.851851851851852
3,431,398,6.907035175879397
3,432,398,7.055276381909548
3,433,400,7.245
3,434,400,7.0725
3,435,404,6.967821782178218
3,436,426,6.889671361502347
3,437,418,6.935406698564593
3,438,421,6.890736342042755
3,439,431,6.837587006960557
3,440,417,6.86810551558753
3,441,410,6.943902439024391
3,442,415,7.053012048192771
3,443,406,7.233990147783251
3,444,406,7.246305418719212
3,445,411,7.2895377128953776
3,446,409,7.330073349633252
3,447,414,7.369565217391305
3,448,420,7.371428571428571
3,449,407,7.176904176904177
3,450,408,7.200980392156863
3,451,396,7.388888888888889
3,452,405,7.061728395061729
3,453,396,7.083333333333333
3,454,398,6.821608040201005
3,455,387,7.077519379844961
3,456,394,7.030456852791878
3,457,404,6.992574257425742
3,458,391,7.005115089514066
3,459,374,6.93048128342246
3,460,378,6.978835978835979
3,461,374,7.090909090909091
3,462,362,7.395027624309392
3,463,373,7.372654155495979
3,464,372,7.35752688172043
3,465,363,7.220385674931129
3,466,364,7.142857142857143
3,467,364,7.291208791208791
3,468,359,7.2534818941504176
3,469,358,6.902234636871508
3,470,353,6.88385269121813
3,471,353,6.968838526912181
3,472,356,6.727528089887641
3,473,356,6.699438202247191
3,474,340,6.932352941176471
3,475,325,6.836923076923077
3,476,313,6.693290734824281
3,477,304,6.947368421052632
3,478,315,6.8317460317460315
3,479,302,7.0
3,480,300,7.06
3,481,301,7.205980066445183
3,482,305,7.022950819672131
3,483,301,6.897009966777409
3,484,295,7.027118644067796
3,485,289,6.820069204152249
3,486,287,6.7421602787456445
3,487,294,6.846938775510204
3,488,302,6.880794701986755
3,489,299,7.120401337792642
3,490,298,7.275167785234899
3,491,294,7.510204081632653
3,492,296,7.422297297297297
3,493,299,7.160535117056856
3,494,285,6.76140350877193
3,495,286,6.489510489510489
3,496,285,6.607017543859649
3,497,281,6.98932384341637
3,498,277,6.956678700361011
3,499,271,7.029520295202952
3,500,274,7.021897810218978
3,501,269,7.026022304832714
3,502,270,6.981481481481482
3,503,265,7.037735849056604
3,504,258,7.034883720930233
3,505,244,7.028688524590164
3,506,234,7.042735042735043
3,507,231,7.238095238095238
3,508,232,7.344827586206897
3,509,232,7.271551724137931
3,510,228,7.052631578947368
3,511,236,6.966101694915254
3,512,224,6.933035714285714
3,513,219,6.616438356164384
3,514,218,6.729357798165138
3,515,210,6.6761904761904765
3,516,204,6.931372549019608
3,517,204,6.882352941176471
3,518,202,6.787128712871287
3,519,206,7.058252427184466
3,520,210,7.119047619047619
3,521,215,7.134883720930232
3,522,211,6.786729857819905
3,523,209,7.114832535885167
3,524,216,7.138888888888889
3,525,206,6.859223300970874
3,526,189,7.222222222222222
3,527,186,6.827956989247312
3,528,186,6.795698924731183
3,529,187,6.572192513368984
3,530,191,6.602094240837697
3,531,191,6.445026178010472
3,532,196,6.301020408163265
3,533,201,6.661691542288557
3,534,193,6.896373056994818
3,535,189,6.931216931216931
3,536,186,6.913978494623656
3,537,186,6.908602150537634
3,538,183,7.147540983606557
3,539,194,7.304123711340206
3,540,194,7.175257731958763
3,541,199,7.261306532663316
3,542,196,7.173469387755102
3,543,190,7.3
3,544,187,7.374331550802139
3,545,184,7.195652173913044
3,546,176,6.875
3,547,169,6.680473372781065
3,548,170,6.876470588235295
3,549,167,6.958083832335329
3,550,170,6.894117647058824
3,551,167,6.880239520958084
3,552,173,7.034682080924855
3,553,165,6.915151515151515
3,554,178,6.657303370786517
3,555,173,6.884393063583815
3,556,173,6.982658959537572
3,557,180,7.0777777777777775
3,558,173,7.063583815028902
3,559,172,6.848837209302325
3,560,179,6.748603351955308
3,561,187,6.898395721925134
3,562,191,6.617801047120419
3,563,184,6.711956521739131
3,564,179,6.731843575418995
3,565,180,6.7555555555555555
3,566,181,6.933701657458563
3,567,182,7.131868131868132
3,568,179,7.23463687150838
3,569,174,7.091954022988506
3,570,174,7.063218390804598
3,571,179,6.709497206703911
3,572,176,6.715909090909091
3,573,175,6.988571428571428
3,574,174,6.632183908045977
3,575,176,6.926136363636363
3,576,168,6.809523809523809
3,577,162,6.9753086419753085
3,578,157,7.101910828025478
3,579,157,6.796178343949045
3,580,159,6.8930817610062896
3,581,160,7.1375
3,582,172,7.1395348837209305
3,583,169,7.017751479289941
3,584,169,7.094674556213017
3,585,168,7.184523809523809
3,586,165,7.175757575757576
3,587,159,6.8427672955974845
3,588,159,6.849056603773585
3,589,157,7.305732484076433
3,590,156,7.42948717948718
3,591,164,7.432926829268292
3,592,157,7.2165605095541405
3,593,159,6.911949685534591
3,594,160,6.74375
3,595,152,6.9144736842105265
3,596,149,7.308724832214765
3,597,150,7.386666666666667
3,598,156,7.352564102564102
3,599,156,7.006410256410256
3,600,161,6.875776397515528
4,0,30,0.0
4,1,30,1.0
4,2,30,2.0
4,3,30,3.0
4,4,30,4.0
4,5,30,5.0
4,6,30,6.0
4,7,30,7.0
4,8,36,6.666666666666667
4,9,42,6.571428571428571
4,10,48,6.625
4,11,52,6.826923076923077
4,12,59,6.898305084745763
4,13,65,7.1692307692307695
4,14,72,7.375
4,15,75,8.04
4,16,80,8.075
4,17,83,8.686746987951807
4,18,97,8.288659793814434
4,19,104,8.567307692307692
4,20,117,8.341880341880342
4,21,124,8.588709677419354
4,22,132,8.840909090909092
4,23,138,9.289855072463768
4,24,147,9.45578231292517
4,25,160,9.31875
4,26,170,9.352941176470589
4,27,197,8.629441624365482
4,28,212,8.476415094339623
4,29,215,8.688372093023256
4,30,225,8.755555555555556
4,31,236,9.26271186440678
4,32,239,7.849372384937238
4,33,254,8.173228346456693
4,34,262,8.225190839694656
4,35,270,8.455555555555556
4,36,276,8.692028985507246
4,37,279,8.602150537634408
4,38,299,8.76923076923077
4,39,314,8.52547770700637
4,40,317,8.047318611987382
4,41,321,8.161993769470405
4,42,325,8.24
4,43,339,8.002949852507374
4,44,342,7.964912280701754
4,45,347,8.193083573487032
4,46,360,8.175
4,47,374,8.181818181818182
4,48,387,8.180878552971576
4,49,388,8.162371134020619
4,50,400,8.0775
4,51,410,8.24390243902439
4,52,410,8.304878048780488
4,53,420,8.426190476190476
4,54,438,8.285388127853881
4,55,439,8.177676537585421
4,56,448,8.140625
4,57,459,7.860566448801743
4,58,469,7.899786780383796
4,59,488,7.545081967213115
4,60,492,7.717479674796748
4,61,505,7.641584158415841
4,62,516,7.494186046511628
4,63,527,7.430740037950664
4,64,535,7.519626168224299
4,65,558,7.580645161290323
4,66,550,7.805454545454546
4,67,544,8.034926470588236
4,68,555,7.998198198198198
4,69,574,7.888501742160279
4,70,590,7.879661016949153
4,71,590,7.95593220338983
4,72,594,7.954545454545454
4,73,593,7.978077571669477
4,74,596,8.021812080536913
4,75,596,7.9614093959731544
4,76,604,7.758278145695364
4,77,620,7.764516129032258
4,78,615,7.8065040650406505
4,79,611,7.5924713584288055
4,80,615,7.59349593495935
4,81,615,7.700813008130082
4,82,624,7.490384615384615
4,83,625,7.6512
4,84,639,7.370892018779343
4,85,643,7.38258164852255
4,86,656,7.359756097560975
4,87,664,7.614457831325301
4,88,675,7.6103703703703705
4,89,693,7.441558441558442
4,90,689,7.477503628447025
4,91,706,7.429178470254958
4,92,707,7.483734087694484
4,93,705,7.548936170212766
4,94,729,7.471879286694102
4,95,752,7.287234042553192
4,96,746,7.289544235924933
4,97,749,7.317757009345795
4,98,742,7.188679245283019
4,99,752,7.17686170212766
4,100,764,7.24738219895288
4,101,772,7.071243523316062
4,102,786,7.076335877862595
4,103,812,7.08128078817734
4,104,815,7.169325153374233
4,105,856,7.114485981308412
4,106,863,7.09154113557358
4,107,858,7.068764568764569
4,108,876,7.126712328767123
4,109,882,7.087301587301587
4,110,880,7.2056818181818185
4,111,874,7.465675057208238
4,112,888,7.5957207207207205
4,113,908,7.506607929515418
4,114,881,7.3359818388195235
4,115,896,7.392857142857143
4,116,910,7.412087912087912
4,117,914,7.327133479212254
4,118,920,7.322826086956522
4,119,921,7.3474484256243215
4,120,926,7.396328293736501
4,121,922,7.29175704989154
4,122,923,7.319609967497292
4,123,913,7.380065717415115
4,124,901,7.433962264150943
4,125,871,7.350172215843858
4,126,881,7.300794551645857
4,127,896,7.203125
4,128,917,7.145038167938932
4,129,937,7.144076840981857
4,130,953,6.9517313746065055
4,131,949,7.041095890410959
4,132,957,7.111807732497388
4,133,960,7.094791666666667
4,134,956,7.180962343096234
4,135,944,7.114406779661017
4,136,961,7.0894901144641
4,137,961,6.944849115504683
4,138,962,6.971933471933472
4,139,960,6.952083333333333
4,140,963,6.953271028037383
4,141,966,7.092132505175983
4,142,966,7.013457556935818
4,143,954,6.961215932914046
4,144,958,7.020876826722338
4,145,980,6.96734693877551
4,146,996,6.924698795180723
4,147,984,6.897357723577236
4,148,1002,6.857285429141717
4,149,1011,6.986152324431256
4,150,1005,6.944278606965174
4,151,1002,6.95309381237525
4,152,999,6.995995995995996
4,153,1009,6.961347869177404
4,154,1017,6.95771878072763
4,155,1010,7.005940594059406
4,156,1010,7.141584158415841
4,157,1023,7.207233626588465
4,158,1040,7.092307692307692
4,159,1020,7.095098039215686
4,160,1017,7.144542772861357
4,161,1014,7.031558185404339
4,162,1002,7.141716566866267
4,163,978,7.183026584867076
4,164,973,7.379239465570401
4,165,985,7.248730964467005
4,166,971,7.245108135942328
4,167,979,7.106230847803881
4,168,988,7.016194331983805
4,169,973,6.982528263103803
4,170,939,7.001064962726304
4,171,948,6.953586497890296
4,172,975,7.017435897435897
4,173,963,6.940809968847352
4,174,965,6.862176165803109
4,175,970,6.878350515463918
4,176,974,6.894250513347022
4,177,984,6.899390243902439
4,178,981,6.834862385321101
4,179,982,6.832993890020367
4,180,985,7.019289340101523
4,181,980,6.956122448979592
4,182,990,7.051515151515152
4,183,1003,7.166500498504487
4,184,1011,7.142433234421365
4,185,1005,7.142288557213931
4,186,1005,7.0039800995024875
4,187,1008,6.949404761904762
4,188,1012,6.940711462450593
4,189,1007,7.045680238331678
4,190,1006,6.942345924453281
4,191,985,7.001015228426396
4,192,964,6.983402489626556
4,193,957,7.0501567398119125
4,194,950,7.16421052631579
4,195,963,7.299065420560748
4,196,973,7.265159301130524
4,197,960,7.229166666666667
4,198,967,7.161323681489142
4,199,972,7.082304526748971
4,200,974,7.041067761806982
4,201,972,6.991769547325103
4,202,983,7.111902339776195
4,203,979,7.026557711950971
4,204,995,7.109547738693467
4,205,1000,7.043
4,206,999,7.094094094094094
4,207,1021,7.092066601371204
4,208,1009,7.190287413280476
4,209,996,7.141566265060241
4,210,1007,7.144985104270109
4,211,988,7.041497975708502
4,212,990,7.104040404040404
4,213,1002,6.966067864271457
4,214,1000,6.846
4,215,1010,6.838613861386139
4,216,1019,6.8606476938174685
4,217,998,6.914829659318637
4,218,1019,6.872423945044161
4,219,1033,6.895450145208132
4,220,1044,6.917624521072797
4,221,1045,7.016267942583732
4,222,1054,7.0588235294117645
4,223,1026,7.0360623781676415
4,224,1016,7.093503937007874
4,225,1011,7.022749752720079
4,226,1003,7.13160518444666
4,227,998,7.039078156312625
4,228,1003,7.115653040877368
4,229,982,7.04989816700611
4,230,989,7.120323559150657
4,231,994,7.099597585513078
4,232,991,7.088799192734611
4,233,989,7.138523761375127
4,234,996,7.055220883534137
4,235,996,7.150602409638554
4,236,1009,7.080277502477701
4,237,999,6.962962962962963
4,238,986,7.077079107505071
4,239,976,7.097336065573771
4,240,972,7.265432098765432
4,241,952,7.303571428571429
4,242,927,7.262135922330097
4,243,915,7.14535519125683
4,244,914,7.105032822757112
4,245,936,7.079059829059829
4,246,948,7.011603375527426
4,247,944,6.938559322033898
4,248,951,7.056782334384858
4,249,968,7.070247933884297
4,250,950,6.936842105263158
4,251,935,6.867379679144385
4,252,928,6.96875
4,253,938,7.026652452025586
4,254,929,7.064585575888052
4,255,930,7.088172043010752
4,256,939,7.115015974440895
4,257,934,7.078158458244111
4,258,898,7.141425389755011
4,259,913,7.064622124863089
4,260,921,7.10314875135722
4,261,924,7.079004329004329
4,262,925,7.078918918918919
4,263,931,7.062298603651987
4,264,924,7.064935064935065
4,265,932,6.842274678111588
4,266,914,6.9179431072210065
4,267,931,7.139634801288937
4,268,946,7.152219873150106
4,269,936,7.261752136752137
4,270,943,7.244962884411453
4,271,901,7.300776914539401
4,272,905,7.229834254143646
4,273,906,7.293598233995585
4,274,933,7.144694533762058
4,275,914,7.198030634573304
4,276,899,7.266963292547275
4,277,884,7.3110859728506785
4,278,893,7.1847704367301235
4,279,878,7.195899772209567
4,280,878,7.099088838268793
4,281,881,6.962542565266743
4,282,885,6.901694915254238
4,283,907,6.979051819184123
4,284,906,7.050772626931567
4,285,898,6.997772828507795
4,286,917,7.037077426390404
4,287,910,6.956043956043956
4,288,914,6.927789934354486
4,289,906,6.93598233995585
4,290,907,6.899669239250276
4,291,893,6.834266517357223
4,292,894,6.863534675615212
4,293,897,6.997770345596432
4,294,888,7.143018018018018
4,295,900,7.003333333333333
4,296,903,7.089700996677741
4,297,903,7.106312292358804
4,298,898,6.984409799554566
4,299,887,7.037204058624577
4,300,882,7.175736961451247
4,301,867,7.070357554786621
4,302,849,7.193168433451119
4,303,823,6.993924665856622
4,304,844,6.919431279620853
4,305,837,6.769414575866189
4,306,831,6.759326113116727
4,307,834,6.803357314148681
4,308,815,6.851533742331289
4,309,801,6.897627965043696
4,310,791,6.859671302149178
4,311,793,6.800756620428752
4,312,789,6.718631178707224
4,313,785,6.868789808917198
4,314,783,6.932311621966794
4,315,772,7.05440414507772
4,316,760,7.044736842105263
4,317,757,7.0105680317040955
4,318,752,7.007978723404255
4,319,751,7.157123834886818
4,320,745,7.0
4,321,743,6.930013458950202
4,322,742,6.884097035040432
4,323,751,6.858854860186418
4,324,753,6.9282868525896415
4,325,750,7.086666666666667
4,326,742,6.995956873315364
4,327,728,7.0041208791208796
4,328,708,7.0875706214689265
4,329,699,7.150214592274678
4,330,686,7.058309037900875
4,331,678,7.097345132743363
4,332,689,7.119013062409289
4,333,686,7.053935860058309
4,334,667,6.922038980509745
4,335,664,7.030120481927711
4,336,652,7.127300613496932
4,337,631,7.128367670364501
4,338,636,7.073899371069182
4,339,634,7.0362776025236595
4,340,628,7.017515923566879
4,341,611,6.875613747954174
4,342,602,6.973421926910299
4,343,607,6.9752883031301485
4,344,585,6.9914529914529915
4,345,582,7.11340206185567
4,346,584,7.234589041095891
4,347,591,7.109983079526227
4,348,582,7.106529209621993
4,349,592,7.045608108108108
4,350,583,7.020583190394511
4,351,573,7.047120418848167
4,352,556,7.129496402877698
4,353,543,7.191528545119706
4,354,535,7.218691588785047
4,355,521,7.1919385796545106
4,356,531,7.235404896421845
4,357,539,7.064935064935065
4,358,530,7.132075471698113
4,359,518,7.081081081081081
4,360,514,6.976653696498055
4,361,515,6.9495145631067965
4,362,503,7.143141153081511
4,363,489,7.026584867075664
4,364,477,7.039832285115304
4,365,483,7.13871635610766
4,366,476,7.180672268907563
4,367,494,7.0242914979757085
4,368,492,6.967479674796748
4,369,492,6.900406504065041
4,370,491,6.773930753564155
4,371,488,6.864754098360656
4,372,482,6.8921161825726145
4,373,467,7.062098501070664
4,374,470,7.061702127659575
4,375,462,6.902597402597403
4,376,460,6.9
4,377,455,6.912087912087912
4,378,455,6.806593406593406
4,379,463,6.842332613390929
4,380,452,6.769911504424779
4,381,449,6.948775055679287
4,382,446,7.165919282511211
4,383,452,7.119469026548672
4,384,446,6.977578475336323
4,385,454,7.077092511013216
4,386,462,7.084415584415584
4,387,464,7.204741379310345
4,388,456,7.050438596491228
4,389,460,7.163043478260869
4,390,446,7.109865470852018
4,391,444,7.2657657657657655
4,392,439,7.246013667425968
4,393,445,7.110112359550562
4,394,448,7.0625
4,395,447,7.111856823266219
4,396,448,7.044642857142857
4,397,437,6.782608695652174
4,398,444,6.808558558558558
4,399,448,6.962053571428571
4,400,453,6.955849889624724
4,401,451,6.911308203991131
4,402,439,6.847380410022779
4,403,429,6.941724941724941
4,404,435,7.0
4,405,429,7.074592074592075
4,406,441,6.888888888888889
4,407,440,6.8090909090909095
4,408,456,6.758771929824562
4,409,443,6.686230248306997
4,410,437,6.913043478260869
4,411,452,6.971238938053097
4,412,443,7.203160270880361
4,413,457,7.111597374179431
4,414,459,6.947712418300654
4,415,454,6.997797356828194
4,416,455,6.903296703296704
4,417,469,7.014925373134329
4,418,470,6.959574468085107
4,419,457,6.938730853391685
4,420,444,6.740990990990991
4,421,441,6.875283446712018
4,422,440,7.097727272727273
4,423,438,7.399543378995434
4,424,422,7.2156398104265405
4,425,450,7.111111111111111
4,426,449,7.1002227171492205
4,427,431,6.979118329466357
4,428,429,7.1328671328671325
4,429,421,7.137767220902613
4,430,411,7.182481751824818
4,431,402,7.092039800995025
4,432,397,7.143576826196473
4,433,399,6.949874686716792
4,434,406,7.258620689655173
4,435,397,7.090680100755668
4,436,410,7.185365853658537
4,437,411,6.819951338199513
4,438,418,6.863636363636363
4,439,440,6.786363636363636
4,440,432,6.715277777777778
4,441,421,6.75771971496437
4,442,423,6.709219858156028
4,443,417,6.9352517985611515
4,444,420,6.988095238095238
4,445,426,7.110328638497653
4,446,437,7.02974828375286
4,447,440,6.963636363636364
4,448,454,6.883259911894273
4,449,464,6.931034482758621
4,450,455,6.762637362637363
4,451,463,6.611231101511879
4,452,460,6.728260869565218
4,453,463,6.684665226781857
4,454,479,6.751565762004176
4,455,482,6.755186721991701
4,456,488,6.956967213114754
4,457,493,6.878296146044625
4,458,499,6.845691382765531
4,459,500,6.904
4,460,514,6.945525291828794
4,461,521,6.975047984644914
4,462,519,6.951830443159923
4,463,523,6.862332695984704
4,464,527,7.201138519924099
4,465,522,7.130268199233717
4,466,540,7.216666666666667
4,467,551,7.274047186932849
4,468,546,7.21978021978022
4,469,545,7.122935779816514
4,470,556,7.107913669064748
4,471,571,7.050788091068301
4,472,559,7.207513416815742
4,473,560,7.160714285714286
4,474,566,7.040636042402827
4,475,572,7.113636363636363
4,476,561,7.233511586452763
4,477,554,7.164259927797834
4,478,540,7.025925925925926
4,479,537,7.171322160148976
4,480,544,7.266544117647059
4,481,542,7.166051660516605
4,482,535,7.226168224299065
4,483,534,7.368913857677903
4,484,537,7.4860335195530725
4,485,540,7.544444444444444
4,486,537,7.368715083798882
4,487,544,7.224264705882353
4,488,534,7.340823970037453
4,489,525,7.211428571428572
4,490,517,7.413926499032882
4,491,518,7.318532818532819
4,492,508,7.110236220472441
4,493,510,7.090196078431372
4,494,514,7.215953307392996
4,495,518,7.113899613899614
4,496,513,7.115009746588694
4,497,495,7.161616161616162
4,498,496,7.159274193548387
4,499,479,7.3215031315240084
4,500,491,7.187372708757637
4,501,498,6.907630522088353
4,502,500,7.21
4,503,491,7.112016293279022
4,504,487,7.057494866529774
4,505,481,6.958419958419959
4,506,482,6.9979253112033195
4,507,481,7.097713097713098
4,508,489,7.2781186094069525
4,509,488,7.252049180327869
4,510,488,7.311475409836065
4,511,495,7.290909090909091
4,512,502,7.300796812749004
4,513,511,7.371819960861057
4,514,516,7.215116279069767
4,515,516,7.151162790697675
4,516,521,7.142034548944338
4,517,517,7.326885880077369
4,518,510,7.203921568627451
4,519,513,7.060428849902534
4,520,515,7.27378640776699
4,521,526,7.100760456273764
4,522,521,7.038387715930902
4,523,527,7.0910815939278935
4,524,523,7.128107074569789
4,525,510,7.26078431372549
4,526,518,7.222007722007722
4,527,522,7.275862068965517
4,528,528,7.25
4,529,526,7.309885931558935
4,530,530,7.330188679245283
4,531,546,7.225274725274725
4,532,534,7.228464419475656
4,533,533,7.409005628517824
4,534,521,7.5105566218809985
4,535,510,7.486274509803922
4,536,519,7.136801541425819
4,537,509,7.235756385068762
4,538,509,7.235756385068762
4,539,506,7.241106719367589
4,540,514,7.206225680933852
4,541,498,7.076305220883534
4,542,480,7.3
4,543,483,7.291925465838509
4,544,489,7.402862985685071
4,545,479,7.15866388308977
4,546,475,7.3052631578947365
4,547,463,7.470842332613391
4,548,473,7.202959830866807
4,549,465,7.146236559139785
4,550,477,7.159329140461216
4,551,473,7.308668076109937
4,552,454,7.0506607929515415
4,553,448,6.933035714285714
4,554,453,7.189845474613686
4,555,441,7.129251700680272
4,556,438,7.299086757990867
4,557,425,7.228235294117647
4,558,440,6.975
4,559,434,7.085253456221198
4,560,424,7.21933962264151
4,561,439,7.14123006833713
4,562,441,7.179138321995465
4,563,446,7.154708520179372
4,564,441,7.113378684807256
4,565,412,7.097087378640777
4,566,409,7.21760391198044
4,567,399,6.974937343358396
4,568,407,7.061425061425061
4,569,404,6.992574257425742
4,570,406,7.044334975369458
4,571,407,7.164619164619165
4,572,393,7.157760814249364
4,573,398,7.165829145728643
4,574,397,7.234256926952141
4,575,396,7.295454545454546
4,576,396,7.196969696969697
4,577,406,6.874384236453202
4,578,407,6.8697788697788695
4,579,406,6.985221674876847
4,580,415,6.698795180722891
4,581,399,6.807017543859649
4,582,398,6.778894472361809
4,583,404,6.888613861386139
4,584,396,7.083333333333333
4,585,386,7.199481865284974
4,586,397,6.992443324937028
4,587,398,6.78643216080402
4,588,396,6.914141414141414
4,589,396,7.005050505050505
4,590,389,7.12853470437018
4,591,392,7.005102040816326
4,592,379,7.118733509234828
4,593,382,7.219895287958115
4,594,386,7.170984455958549
4,595,387,7.012919896640827
4,596,386,7.028497409326425
4,597,388,7.038659793814433
4,598,392,6.869897959183674
4,599,390,7.11025641025641
4,600,388,7.079896907216495
5,0,30,0.0
5,1,30,1.0
5,2,30,2.0
5,3,30,3.0
5,4,30,4.0
5,5,30,5.0
5,6,30,6.0
5,7,30,7.0
5,8,33,7.2727272727272725
5,9,38,7.184210526315789
5,10,41,7.585365853658536
5,11,44,8.0
5,12,49,8.081632653061224
5,13,58,7.672413793103448
5,14,64,7.859375
5,15,67,8.149253731343284
5,16,69,8.420289855072463
5,17,73,8.794520547945206
5,18,76,8.93421052631579
5,19,78,9.333333333333334
5,20,79,9.531645569620252
5,21,84,9.369047619047619
5,22,87,9.758620689655173
5,23,99,9.454545454545455
5,24,103,9.504854368932039
5,25,114,9.421052631578947
5,26,120,8.95
5,27,126,9.198412698412698
5,28,130,9.069230769230769
5,29,137,9.452554744525548
5,30,139,9.827338129496402
5,31,145,9.172413793103448
5,32,144,7.520833333333333
5,33,153,7.490196078431373
5,34,160,7.39375
5,35,164,7.567073170731708
5,36,168,7.8273809523809526
5,37,176,7.926136363636363
5,38,180,8.133333333333333
5,39,184,8.347826086956522
5,40,186,8.39247311827957
5,41,200,8.125
5,42,196,8.556122448979592
5,43,196,8.923469387755102
5,44,204,8.862745098039216
5,45,198,8.474747474747474
5,46,198,8.06060606060606
5,47,202,8.222772277227723
5,48,209,7.722488038277512
5,49,211,7.786729857819905
5,50,215,7.846511627906977
5,51,220,7.904545454545454
5,52,221,7.800904977375565
5,53,218,7.972477064220183
5,54,225,7.946666666666666
5,55,229,8.12227074235808
5,56,231,7.779220779220779
5,57,242,7.731404958677686
5,58,244,7.684426229508197
5,59,243,7.823045267489712
5,60,251,7.669322709163347
5,61,254,7.834645669291339
5,62,254,7.566929133858268
5,63,256,7.78515625
5,64,266,7.6992481203007515
5,65,270,7.5
5,66,279,7.50179211469534
5,67,280,7.582142857142857
5,68,281,7.476868327402135
5,69,288,7.291666666666667
5,70,302,7.354304635761589
5,71,304,7.411184210526316
5,72,321,7.320872274143302
5,73,318,7.276729559748428
5,74,332,7.204819277108434
5,75,337,7.317507418397626
5,76,335,7.441791044776119
5,77,339,7.471976401179941
5,78,350,7.562857142857143
5,79,363,7.526170798898072
5,80,360,7.413888888888889
5,81,357,7.439775910364146
5,82,370,7.589189189189189
5,83,373,7.587131367292225
5,84,385,7.677922077922078
5,85,377,7.5782493368700266
5,86,368,7.605978260869565
5,87,373,7.571045576407506
5,88,375,7.437333333333333
5,89,382,7.31413612565445
5,90,376,7.348404255319149
5,91,375,7.338666666666667
5,92,376,7.0611702127659575
5,93,369,7.1924119241192415
5,94,373,7.083109919571045
5,95,360,7.252777777777778
5,96,358,7.430167597765363
5,97,358,7.312849162011173
5,98,366,7.1775956284153
5,99,357,7.445378151260504
5,100,351,7.621082621082621
5,101,347,7.605187319884727
5,102,365,7.416438356164384
5,103,355,7.56056338028169
5,104,355,7.4
5,105,349,7.484240687679083
5,106,335,7.477611940298507
5,107,334,7.3532934131736525
5,108,328,7.637195121951219
5,109,320,7.659375
5,110,304,7.684210526315789
5,111,300,7.55
5,112,296,7.581081081081081
5,113,304,7.453947368421052
5,114,315,7.425396825396826
5,115,318,7.289308176100629
5,116,325,7.304615384615385
5,117,332,7.174698795180723
5,118,326,7.432515337423313
5,119,324,7.438271604938271
5,120,314,7.3630573248407645
5,121,307,7.133550488599348
5,122,312,7.096153846153846
5,123,324,6.8580246913580245
5,124,323,7.03405572755418
5,125,324,7.083333333333333
5,126,333,6.837837837837838
5,127,314,7.117834394904459
5,128,307,7.156351791530945
5,129,312,7.342948717948718
5,130,328,7.3689024390243905
5,131,330,7.366666666666666
5,132,334,6.850299401197605
5,133,333,7.021021021021021
5,134,324,6.910493827160494
5,135,313,7.159744408945687
5,136,304,7.3355263157894735
5,137,299,7.260869565217392
5,138,303,7.343234323432343
5,139,320,7.3
5,140,321,7.246105919003115
5,141,328,6.935975609756097
5,142,321,7.015576323987539
5,143,310,7.02258064516129
5,144,309,6.750809061488673
5,145,309,6.783171521035599
5,146,317,7.003154574132492
5,147,314,7.044585987261146
5,148,316,7.0664556962025316
5,149,328,7.054878048780488
5,150,331,6.897280966767371
5,151,332,6.798192771084337
5,152,335,6.701492537313433
5,153,341,6.765395894428153
5,154,337,6.9347181008902075
5,155,345,7.072463768115942
5,156,357,7.117647058823529
5,157,360,7.030555555555556
5,158,359,6.844011142061281
5,159,361,6.82825484764543
5,160,360,6.780555555555556
5,161,377,6.599469496021221
5,162,372,6.615591397849462
5,163,364,6.40934065934066
5,164,375,6.634666666666667
5,165,374,6.810160427807487
5,166,363,6.972451790633609
5,167,369,7.181571815718157
5,168,363,7.181818181818182
5,169,358,7.111731843575419
5,170,370,6.910810810810811
5,171,367,6.994550408719346
5,172,372,6.956989247311828
5,173,366,7.060109289617486
5,174,363,6.837465564738292
5,175,379,6.8179419525065965
5,176,368,6.771739130434782
5,177,367,6.754768392370572
5,178,363,6.851239669421488
5,179,371,6.873315363881401
5,180,385,6.841558441558441
5,181,377,6.901856763925729
5,182,375,7.077333333333334
5,183,357,7.120448179271708
5,184,363,7.192837465564739
5,185,368,6.869565217391305
5,186,358,6.899441340782123
5,187,355,6.873239436619718
5,188,349,6.957020057306591
5,189,359,6.9665738161559885
5,190,362,7.151933701657459
5,191,355,7.3154929577464785
5,192,350,7.12
5,193,364,7.052197802197802
5,194,361,7.2105263157894735
5,195,358,7.108938547486034
5,196,349,6.893982808022923
5,197,347,6.994236311239193
5,198,347,6.968299711815562
5,199,354,6.954802259887006
5,200,350,7.014285714285714
5,201,354,6.9124293785310735
5,202,360,7.105555555555555
5,203,345,7.243478260869566
5,204,343,7.21865889212828
5,205,344,7.433139534883721
5,206,348,7.287356321839081
5,207,346,7.286127167630058
5,208,338,7.517751479289941
5,209,323,7.510835913312693
5,210,322,7.394409937888199
5,211,332,7.033132530120482
5,212,320,7.096875
5,213,331,6.628398791540786
5,214,333,6.882882882882883
5,215,323,6.842105263157895
5,216,309,6.666666666666667
5,217,305,6.655737704918033
5,218,305,6.7639344262295085
5,219,304,6.875
5,220,306,7.03921568627451
5,221,308,7.061688311688312
5,222,300,7.11
5,223,303,7.092409240924092
5,224,292,6.804794520547945
5,225,302,6.622516556291391
5,226,299,6.668896321070235
5,227,299,6.752508361204013
5,228,312,6.647435897435898
5,229,310,6.870967741935484
5,230,308,6.892857142857143
5,231,290,6.93448275862069
5,232,293,6.778156996587031
5,233,295,6.559322033898305
5,234,287,6.668989547038327
5,235,283,6.911660777385159
5,236,282,6.950354609929078
5,237,286,7.13986013986014
5,238,300,7.173333333333333
5,239,306,7.111111111111111
5,240,306,7.147058823529412
5,241,299,7.013377926421405
5,242,288,7.225694444444445
5,243,293,7.126279863481229
5,244,292,7.075342465753424
5,245,279,7.189964157706093
5,246,267,7.258426966292135
5,247,265,7.366037735849057
5,248,256,7.36328125
5,249,254,7.452755905511811
5,250,250,7.24
5,251,244,7.10655737704918
5,252,255,7.090196078431372
5,253,256,7.10546875
5,254,255,6.909803921568628
5,255,261,6.888888888888889
5,256,259,7.077220077220077
5,257,254,7.15748031496063
5,258,250,7.044
5,259,253,7.134387351778656
5,260,269,7.118959107806692
5,261,262,6.950381679389313
5,262,261,6.954022988505747
5,263,256,6.9140625
5,264,264,6.893939393939394
5,265,271,6.907749077490775
5,266,279,7.017921146953405
5,267,279,6.960573476702509
5,268,272,6.904411764705882
5,269,265,6.830188679245283
5,270,261,6.57088122605364
5,271,257,6.7587548638132295
5,272,245,7.0285714285714285
5,273,248,6.943548387096774
5,274,244,7.168032786885246
5,275,241,7.078838174273859
5,276,248,7.217741935483871
5,277,242,7.243801652892562
5,278,238,6.936974789915967
5,279,226,7.123893805309734
5,280,233,7.227467811158799
5,281,232,7.060344827586207
5,282,239,6.928870292887029
5,283,239,7.112970711297071
5,284,239,6.958158995815899
5,285,229,7.170305676855895
5,286,235,6.846808510638298
5,287,230,7.165217391304348
5,288,228,6.890350877192983
5,289,233,7.201716738197425
5,290,231,7.0519480519480515
5,291,232,7.0
5,292,237,6.924050632911392
5,293,226,6.8097345132743365
5,294,224,6.607142857142857
5,295,220,6.6454545454545455
5,296,217,6.534562211981567
5,297,214,6.808411214953271
5,298,211,6.834123222748815
5,299,209,6.952153110047847
5,300,204,6.745098039215686
5,301,203,7.266009852216749
5,302,201,7.263681592039801
5,303,206,7.29126213592233
5,304,198,7.141414141414141
5,305,197,7.477157360406092
5,306,191,7.0785340314136125
5,307,188,7.154255319148936
5,308,182,7.318681318681318
5,309,190,7.026315789473684
5,310,181,6.834254143646409
5,311,180,6.988888888888889
5,312,171,7.046783625730995
5,313,172,7.209302325581396
5,314,174,6.804597701149425
5,315,179,6.860335195530726
5,316,175,6.914285714285715
5,317,164,6.878048780487805
5,318,156,7.2243589743589745
5,319,152,6.9605263157894735
5,320,152,7.098684210526316
5,321,145,6.758620689655173
5,322,152,6.881578947368421
5,323,150,6.82
5,324,146,7.034246575342466
5,325,148,7.398648648648648
5,326,149,7.295302013422819
5,327,139,6.892086330935252
5,328,137,6.817518248175182
5,329,129,6.573643410852713
5,330,134,6.597014925373134
5,331,136,6.536764705882353
5,332,131,6.709923664122138
5,333,117,6.64957264957265
5,334,119,7.0
5,335,122,6.483606557377049
5,336,114,6.701754385964913
5,337,106,6.471698113207547
5,338,112,6.723214285714286
5,339,113,7.221238938053097
5,340,105,7.133333333333334
5,341,105,7.142857142857143
5,342,105,7.161904761904762
5,343,106,7.122641509433962
5,344,99,7.181818181818182
5,345,100,6.87
5,346,103,6.563106796116505
5,347,102,6.617647058823529
5,348,98,6.5
5,349,95,6.6
5,350,99,6.555555555555555
5,351,100,6.87
5,352,106,6.669811320754717
5,353,99,7.161616161616162
5,354,99,7.6767676767676765
5,355,96,7.28125
5,356,98,7.622448979591836
5,357,98,7.816326530612245
5,358,103,7.446601941747573
5,359,98,7.418367346938775
5,360,103,6.951456310679611
5,361,108,6.935185185185185
5,362,112,7.142857142857143
5,363,111,7.441441441441442
5,364,110,7.627272727272727
5,365,107,7.364485981308412
5,366,102,7.392156862745098
5,367,100,7.34
5,368,96,7.552083333333333
5,369,96,7.34375
5,370,99,7.383838383838384
5,371,100,8.0
5,372,100,7.69
5,373,107,7.710280373831775
5,374,109,8.009174311926605
5,375,115,7.452173913043478
5,376,122,7.459016393442623
5,377,126,7.396825396825397
5,378,122,6.819672131147541
5,379,115,7.121739130434783
5,380,119,6.764705882352941
5,381,117,6.632478632478633
5,382,115,6.913043478260869
5,383,114,7.0701754385964914
5,384,118,7.338983050847458
5,385,127,7.094488188976378
5,386,131,7.3816793893129775
5,387,139,7.18705035971223
5,388,135,7.118518518518519
5,389,147,6.904761904761905
5,390,149,7.10738255033557
5,391,154,6.6688311688311686
5,392,158,6.487341772151899
5,393,159,6.880503144654088
5,394,150,6.953333333333333
5,395,155,7.04516129032258
5,396,159,7.050314465408805
5,397,164,6.701219512195122
5,398,163,6.717791411042945
5,399,165,6.648484848484848
5,400,171,6.701754385964913
5,401,171,6.719298245614035
5,402,172,7.0
5,403,173,6.867052023121388
5,404,176,6.528409090909091
5,405,166,6.192771084337349
5,406,170,6.511764705882353
5,407,164,6.890243902439025
5,408,158,6.620253164556962
5,409,153,6.562091503267974
5,410,153,6.777777777777778
5,411,152,7.118421052631579
5,412,152,6.776315789473684
5,413,153,6.856209150326797
5,414,156,6.75
5,415,155,6.690322580645161
5,416,156,6.814102564102564
5,417,153,6.771241830065359
5,418,156,7.089743589743589
5,419,149,7.10738255033557
5,420,149,7.275167785234899
5,421,141,6.98581560283688
5,422,130,7.015384615384615
5,423,132,7.325757575757576
5,424,132,7.143939393939394
5,425,134,7.3283582089552235
5,426,131,7.305343511450381
5,427,125,7.296
5,428,114,7.298245614035087
5,429,115,7.113043478260869
5,430,114,7.035087719298246
5,431,119,7.067226890756302
5,432,113,6.716814159292035
5,433,119,6.319327731092437
5,434,117,6.3418803418803416
5,435,121,6.1735537190082646
5,436,120,6.108333333333333
5,437,121,6.520661157024794
5,438,122,6.5
5,439,126,6.142857142857143
5,440,125,6.328
5,441,130,6.384615384615385
5,442,121,6.446280991735537
5,443,127,6.330708661417323
5,444,131,6.473282442748092
5,445,129,6.813953488372093
5,446,133,6.796992481203008
5,447,135,6.437037037037037
5,448,132,6.75
5,449,134,6.373134328358209
5,450,128,6.28125
5,451,130,6.461538461538462
5,452,121,6.446280991735537
5,453,115,6.791304347826087
5,454,121,6.661157024793388
5,455,127,6.456692913385827
5,456,123,6.617886178861789
5,457,125,6.744
5,458,127,6.952755905511811
5,459,122,7.237704918032787
5,460,122,7.426229508196721
5,461,112,6.821428571428571
5,462,115,6.6347826086956525
5,463,106,6.7075471698113205
5,464,107,6.869158878504673
5,465,98,6.591836734693878
5,466,96,7.104166666666667
5,467,97,7.092783505154639
5,468,98,6.704081632653061
5,469,96,6.6875
5,470,97,6.65979381443299
5,471,96,7.09375
5,472,89,6.640449438202247
5,473,82,6.475609756097561
5,474,82,6.682926829268292
5,475,81,6.716049382716049
5,476,81,7.074074074074074
5,477,79,7.1645569620253164
5,478,83,7.180722891566265
5,479,81,7.407407407407407
5,480,72,6.958333333333333
5,481,65,6.953846153846154
5,482,55,6.490909090909091
5,483,57,6.614035087719298
5,484,59,6.661016949152542
5,485,60,6.35
5,486,62,6.548387096774194
5,487,61,6.704918032786885
5,488,62,6.887096774193548
5,489,58,7.327586206896552
5,490,48,6.833333333333333
5,491,51,7.176470588235294
5,492,50,7.52
5,493,50,6.98
5,494,46,7.456521739130435
5,495,45,7.666666666666667
5,496,43,7.8604651162790695
5,497,45,7.866666666666666
5,498,40,8.025
5,499,40,7.975
5,500,39,7.871794871794871
5,501,37,7.594594594594595
5,502,36,7.277777777777778
5,503,38,7.157894736842105
5,504,36,7.861111111111111
5,505,37,7.72972972972973
5,506,38,7.7105263157894735
5,507,40,7.925
5,508,42,7.357142857142857
5,509,44,6.681818181818182
5,510,42,6.071428571428571
5,511,40,6.6
5,512,37,6.675675675675675
5,513,37,7.324324324324325
5,514,37,7.486486486486487
5,515,38,7.157894736842105
5,516,42,7.071428571428571
5,517,41,6.658536585365853
5,518,49,6.408163265306122
5,519,44,5.7272727272727275
5,520,45,5.511111111111111
5,521,44,6.0
5,522,43,5.953488372093023
5,523,43,6.837209302325581
5,524,47,6.404255319148936
5,525,49,6.73469387755102
5,526,50,7.22
5,527,47,7.808510638297872
5,528,49,7.489795918367347
5,529,56,7.428571428571429
5,530,56,7.910714285714286
5,531,54,8.166666666666666
5,532,51,7.7254901960784315
5,533,50,7.98
5,534,52,7.269230769230769
5,535,50,7.5
5,536,52,7.3076923076923075
5,537,52,6.75
5,538,57,6.719298245614035
5,539,58,6.0344827586206895
5,540,64,5.578125
5,541,71,5.76056338028169
5,542,75,5.946666666666666
5,543,73,6.191780821917808
5,544,74,5.945945945945946
5,545,76,6.5131578947368425
5,546,72,6.833333333333333
5,547,74,7.27027027027027
5,548,79,6.886075949367089
5,549,81,6.728395061728395
5,550,85,6.91764705882353
5,551,86,6.534883720930233
5,552,84,6.309523809523809
5,553,85,6.482352941176471
5,554,86,6.558139534883721
5,555,79,6.949367088607595
5,556,78,7.358974358974359
5,557,78,7.564102564102564
5,558,75,8.186666666666667
5,559,76,7.671052631578948
5,560,73,7.136986301369863
5,561,73,7.068493150684931
5,562,71,6.774647887323944
5,563,74,6.905405405405405
5,564,77,6.597402597402597
5,565,75,6.466666666666667
5,566,77,6.688311688311688
5,567,75,6.866666666666666
5,568,73,7.136986301369863
5,569,67,7.029850746268656
5,570,67,6.970149253731344
5,571,69,6.594202898550725
5,572,66,6.787878787878788
5,573,65,6.3538461538461535
5,574,62,6.387096774193548
5,575,64,6.859375
5,576,59,7.11864406779661
5,577,63,7.031746031746032
5,578,68,6.735294117647059
5,579,64,7.25
5,580,58,6.844827586206897
5,581,54,7.222222222222222
5,582,57,6.614035087719298
5,583,53,6.566037735849057
5,584,52,6.519230769230769
5,585,54,6.703703703703703
5,586,55,6.781818181818182
5,587,60,6.7
5,588,63,6.523809523809524
5,589,63,6.380952380952381
5,590,66,6.287878787878788
5,591,66,5.757575757575758
5,592,71,6.140845070422535
5,593,75,6.373333333333333
5,594,79,6.6835443037974684
5,595,75,6.093333333333334
5,596,75,6.693333333333333
5,597,72,7.375
5,598,70,7.414285714285715
5,599,71,7.056338028169014
5,600,70,7.0285714285714285
6,0,30,0.0
6,1,30,1.0
6,2,30,2.0
6,3,30,3.0
6,4,30,4.0
6,5,30,5.0
6,6,30,6.0
6,7,30,7.0
6,8,32,7.5
6,9,42,6.476190476190476
6,10,48,6.541666666666667
6,11,51,7.098039215686274
6,12,54,7.425925925925926
6,13,56,7.892857142857143
6,14,59,8.203389830508474
6,15,64,8.484375
6,16,68,8.691176470588236
6,17,76,8.56578947368421
6,18,82,8.865853658536585
6,19,92,8.793478260869565
6,20,99,8.8989898989899
6,21,105,9.209523809523809
6,22,114,8.885964912280702
6,23,120,9.041666666666666
6,24,129,9.186046511627907
6,25,137,9.364963503649635
6,26,144,9.76388888888889
6,27,154,9.590909090909092
6,28,168,9.297619047619047
6,29,173,9.578034682080926
6,30,182,9.467032967032967
6,31,189,9.465608465608465
6,32,178,7.775280898876405
6,33,182,8.164835164835164
6,34,191,8.256544502617801
6,35,200,8.36
6,36,211,8.156398104265403
6,37,222,8.13963963963964
6,38,233,8.266094420600858
6,39,248,8.096774193548388
6,40,263,8.155893536121672
6,41,274,8.25912408759124
6,42,282,8.361702127659575
6,43,292,8.301369863013699
6,44,309,7.967637540453074
6,45,317,7.858044164037855
6,46,318,8.229559748427674
6,47,316,8.291139240506329
6,48,341,7.838709677419355
6,49,356,7.792134831460674
6,50,379,7.5488126649076515
6,51,402,7.701492537313433
6,52,424,7.525943396226415
6,53,440,7.545454545454546
6,54,441,7.54875283446712
6,55,444,7.7342342342342345
6,56,456,7.875
6,57,473,7.974630021141649
6,58,487,7.882956878850103
6,59,495,7.963636363636364
6,60,523,7.753346080305928
6,61,519,7.959537572254336
6,62,528,7.850378787878788
6,63,546,7.727106227106227
6,64,568,7.758802816901408
6,65,560,7.701785714285714
6,66,580,7.6706896551724135
6,67,577,7.691507798960139
6,68,597,7.623115577889447
6,69,596,7.645973154362416
6,70,591,7.905245346869712
6,71,607,7.649093904448105
6,72,612,7.477124183006536
6,73,650,7.343076923076923
6,74,669,7.34678624813154
6,75,676,7.242603550295858
6,76,693,7.194805194805195
6,77,713,7.061711079943899
6,78,723,7.128630705394191
6,79,727,7.2627235213204955
6,80,730,7.398630136986301
6,81,728,7.3901098901098905
6,82,727,7.3452544704264096
6,83,713,7.502103786816269
6,84,720,7.386111111111111
6,85,720,7.298611111111111
6,86,725,7.402758620689655
6,87,733,7.526603001364257
6,88,745,7.485906040268456
6,89,749,7.5554072096128175
6,90,742,7.6482479784366575
6,91,741,7.623481781376518
6,92,745,7.538255033557047
6,93,739,7.441136671177267
6,94,742,7.451482479784366
6,95,754,7.278514588859417
6,96,785,7.177070063694267
6,97,801,7.300873907615481
6,98,808,7.362623762376238
6,99,806,7.227047146401985
6,100,784,7.301020408163265
6,101,788,7.368020304568528
6,102,785,7.4726114649681525
6,103,780,7.482051282051282
6,104,774,7.425064599483204
6,105,779,7.318356867779204
6,106,798,7.166666666666667
6,107,831,7.061371841155235
6,108,836,7.001196172248804
6,109,827,7.101571946795647
6,110,825,7.216969696969697
6,111,832,7.300480769230769
6,112,808,7.410891089108911
6,113,810,7.288888888888889
6,114,812,7.258620689655173
6,115,820,7.212195121951219
6,116,847,7.433293978748524
6,117,863,7.334878331402086
6,118,873,7.357388316151202
6,119,873,7.306987399770905
6,120,875,7.32
6,121,872,7.269495412844036
6,122,857,7.350058343057176
6,123,853,7.189917936694021
6,124,883,7.157417893544734
6,125,888,7.07545045045045
6,126,886,6.926636568848759
6,127,891,6.930415263748597
6,128,890,6.833707865168539
6,129,904,6.827433628318584
6,130,920,6.864130434782608
6,131,919,6.936887921653971
6,132,918,6.901960784313726
6,133,923,6.99783315276273
6,134,934,7.0406852248394
6,135,939,6.979765708200213
6,136,942,7.011677282377919
6,137,966,7.040372670807454
6,138,979,7.096016343207355
6,139,982,6.940936863543788
6,140,968,6.9421487603305785
6,141,969,6.982456140350878
6,142,944,6.919491525423729
6,143,938,6.869936034115138
6,144,931,6.828141783029001
6,145,949,6.896733403582719
6,146,934,7.0235546038543895
6,147,944,7.008474576271187
6,148,944,6.927966101694915
6,149,939,7.127795527156549
6,150,922,7.132321041214751
6,151,908,7.280837004405286
6,152,908,7.329295154185022
6,153,901,7.188679245283019
6,154,914,7.203501094091903
6,155,903,7.203765227021041
6,156,909,7.281628162816282
6,157,917,7.19629225736096
6,158,915,7.13224043715847
6,159,886,6.951467268623025
6,160,846,6.945626477541371
6,161,863,7.0590961761297795
6,162,866,7.023094688221709
6,163,871,7.101033295063146
6,164,880,7.095454545454546
6,165,866,7.041570438799076
6,166,859,6.974388824214203
6,167,836,7.034688995215311
6,168,841,7.097502972651605
6,169,838,7.236276849642005
6,170,841,7.097502972651605
6,171,867,7.164936562860438
6,172,852,6.983568075117371
6,173,850,6.909411764705882
6,174,854,6.836065573770492
6,175,841,6.953626634958383
6,176,843,7.112692763938315
6,177,821,7.166869671132765
6,178,818,7.249388753056235
6,179,825,7.298181818181818
6,180,808,7.207920792079208
6,181,802,7.260598503740648
6,182,805,7.146583850931677
6,183,791,7.147914032869785
6,184,806,7.090570719602978
6,185,789,7.02915082382763
6,186,779,7.047496790757381
6,187,776,6.945876288659794
6,188,769,7.0
6,189,755,6.928476821192053
6,190,767,6.940026075619296
6,191,770,7.074025974025974
6,192,781,7.111395646606915
6,193,776,7.086340206185567
6,194,763,7.036697247706422
6,195,779,7.096277278562259
6,196,790,7.094936708860759
6,197,763,7.176933158584535
6,198,763,7.041939711664482
6,199,781,6.983354673495518
6,200,764,7.109947643979058
6,201,749,7.181575433911883
6,202,719,7.019471488178025
6,203,730,7.0479452054794525
6,204,728,7.06043956043956
6,205,732,7.219945355191257
6,206,733,7.155525238744884
6,207,739,7.120433017591339
6,208,751,7.061251664447403
6,209,751,7.22237017310253
6,210,731,7.176470588235294
6,211,736,7.086956521739131
6,212,733,7.120054570259208
6,213,720,7.093055555555556
6,214,703,7.054054054054054
6,215,696,7.132183908045977
6,216,705,7.258156028368794
6,217,728,7.082417582417582
6,218,741,7.041835357624831
6,219,735,7.014965986394558
6,220,745,6.993288590604027
6,221,750,7.084
6,222,748,6.998663101604278
6,223,737,7.006784260515603
6,224,764,6.946335078534031
6,225,774,6.949612403100775
6,226,775,7.023225806451613
6,227,780,7.1038461538461535
6,228,776,7.076030927835052
6,229,769,7.042912873862159
6,230,763,7.179554390563565
6,231,760,7.2631578947368425
6,232,768,7.178385416666667
6,233,787,7.1283354510800505
6,234,795,7.083018867924529
6,235,789,7.098859315589354
6,236,794,7.071788413098237
6,237,788,7.213197969543147
6,238,787,7.280813214739517
6,239,787,7.238881829733164
6,240,780,7.069230769230769
6,241,787,6.974587039390089
6,242,805,6.945341614906832
6,243,805,6.930434782608696
6,244,802,7.0361596009975065
6,245,805,6.900621118012422
6,246,808,7.00990099009901
6,247,795,6.9245283018867925
6,248,814,6.723587223587224
6,249,821,6.806333739342265
6,250,829,6.769601930036188
6,251,815,6.874846625766871
6,252,815,6.903067484662577
6,253,821,6.963459196102314
6,254,826,7.041162227602905
6,255,814,7.056511056511057
6,256,810,6.985185185185185
6,257,827,7.003627569528416
6,258,811,7.022194821208385
6,259,800,6.99625
6,260,793,7.074401008827238
6,261,784,7.063775510204081
6,262,759,6.940711462450593
6,263,753,6.98539176626826
6,264,751,7.025299600532623
6,265,735,7.0843537414965985
6,266,726,7.103305785123967
6,267,724,7.139502762430939
6,268,721,7.282940360610263
6,269,731,7.20109439124487
6,270,712,7.25561797752809
6,271,707,7.12022630834512
6,272,717,7.03068340306834
6,273,695,7.084892086330935
6,274,688,7.063953488372093
6,275,683,6.805270863836018
6,276,669,6.8774289985052315
6,277,665,6.980451127819549
6,278,664,7.043674698795181
6,279,649,6.852080123266564
6,280,639,6.881064162754304
6,281,634,6.829652996845426
6,282,616,6.996753246753247
6,283,617,7.097244732576986
6,284,600,7.083333333333333
6,285,599,7.233722871452421
6,286,587,7.095400340715503
6,287,594,7.107744107744108
6,288,583,7.150943396226415
6,289,585,6.933333333333334
6,290,576,7.114583333333333
6,291,565,7.03716814159292
6,292,562,7.1138790035587185
6,293,559,7.0
6,294,563,6.91651865008881
6,295,557,6.95870736086176
6,296,569,6.991212653778559
6,297,577,6.9896013864818025
6,298,587,6.885860306643952
6,299,586,7.107508532423208
6,300,568,7.184859154929577
6,301,563,7.094138543516874
6,302,557,7.175942549371634
6,303,552,7.257246376811594
6,304,538,7.226765799256506
6,305,556,7.25
6,306,540,6.951851851851852
6,307,529,6.956521739130435
6,308,522,6.852490421455939
6,309,534,6.870786516853933
6,310,539,6.838589981447124
6,311,528,6.899621212121212
6,312,530,6.920754716981132
6,313,529,7.196597353497165
6,314,530,7.154716981132076
6,315,549,7.138433515482696
6,316,551,7.08529945553539
6,317,539,7.053803339517625
6,318,545,7.084403669724771
6,319,544,7.014705882352941
6,320,541,6.876155268022181
6,321,539,6.914656771799629
6,322,525,7.055238095238095
6,323,529,7.0756143667296785
6,324,533,7.279549718574109
6,325,532,7.355263157894737
6,326,518,7.370656370656371
6,327,517,7.18568665377176
6,328,503,7.035785288270378
6,329,507,6.954635108481263
6,330,515,7.21747572815534
6,331,518,7.409266409266409
6,332,513,7.300194931773879
6,333,509,7.2671905697445975
6,334,494,7.089068825910931
6,335,505,7.322772277227723
6,336,503,7.1232604373757455
6,337,505,7.114851485148515
6,338,512,7.052734375
6,339,514,7.167315175097277
6,340,496,7.058467741935484
6,341,495,7.143434343434343
6,342,512,7.189453125
6,343,505,7.302970297029703
6,344,501,7.469061876247505
6,345,481,7.332640332640333
6,346,472,7.271186440677966
6,347,474,7.1308016877637135
6,348,471,7.021231422505308
6,349,453,7.194260485651214
6,350,442,7.257918552036199
6,351,458,7.218340611353712
6,352,459,7.30718954248366
6,353,456,7.3048245614035086
6,354,462,7.158008658008658
6,355,453,7.181015452538631
6,356,449,7.033407572383074
6,357,445,7.395505617977528
6,358,448,7.234375
6,359,442,7.1945701357466065
6,360,425,7.141176470588236
6,361,423,7.302600472813239
6,362,423,7.009456264775413
6,363,432,7.048611111111111
6,364,427,7.274004683840749
6,365,422,7.31042654028436
6,366,435,7.232183908045977
6,367,430,7.255813953488372
6,368,428,7.327102803738318
6,369,422,7.208530805687204
6,370,418,7.021531100478469
6,371,427,6.847775175644028
6,372,425,6.7694117647058825
6,373,429,6.925407925407925
6,374,442,6.843891402714932
6,375,443,6.866817155756208
6,376,447,6.946308724832215
6,377,434,7.202764976958525
6,378,424,7.386792452830188
6,379,416,7.127403846153846
6,380,413,7.193704600484262
6,381,415,6.99277108433735
6,382,422,6.8364928909952605
6,383,420,7.133333333333334
6,384,435,7.057471264367816
6,385,452,7.1371681415929205
6,386,452,7.139380530973451
6,387,454,7.116740088105727
6,388,451,7.319290465631929
6,389,444,7.308558558558558
6,390,431,7.187935034802784
6,391,429,7.144522144522145
6,392,427,7.187353629976581
6,393,431,7.0974477958236655
6,394,434,6.983870967741935
6,395,440,7.027272727272727
6,396,429,7.034965034965035
6,397,431,6.9675174013921115
6,398,445,7.119101123595506
6,399,439,7.193621867881549
6,400,449,7.233853006681515
6,401,437,7.242562929061785
6,402,444,7.213963963963964
6,403,439,7.004555808656036
6,404,436,7.110091743119266
6,405,440,7.138636363636364
6,406,431,7.176334106728539
6,407,419,7.073985680190931
6,408,421,6.938242280285036
6,409,414,6.8768115942028984
6,410,420,6.869047619047619
6,411,420,7.104761904761904
6,412,411,7.328467153284672
6,413,405,7.37283950617284
6,414,395,7.321518987341772
6,415,390,7.225641025641026
6,416,391,6.959079283887468
6,417,399,7.017543859649122
6,418,399,7.177944862155388
6,419,391,7.046035805626598
6,420,392,7.255102040816326
6,421,408,7.071078431372549
6,422,414,7.200483091787439
6,423,415,7.308433734939759
6,424,427,7.325526932084309
6,425,429,7.24009324009324
6,426,416,7.427884615384615
6,427,406,7.3669950738916254
6,428,399,7.385964912280702
6,429,407,7.157248157248158
6,430,402,6.960199004975125
6,431,402,7.037313432835821
6,432,414,7.072463768115942
6,433,407,7.0294840294840295
6,434,405,7.091358024691358
6,435,402,7.146766169154229
6,436,397,7.221662468513854
6,437,389,7.262210796915167
6,438,381,7.149606299212598
6,439,387,7.1214470284237725
6,440,367,7.130790190735695
6,441,369,7.368563685636857
6,442,368,7.220108695652174
6,443,365,7.2684931506849315
6,444,354,7.47457627118644
6,445,363,6.9421487603305785
6,446,360,6.830555555555556
6,447,352,6.9147727272727275
6,448,370,6.775675675675676
6,449,384,6.817708333333333
6,450,378,6.920634920634921
6,451,391,6.915601023017903
6,452,393,7.104325699745547
6,453,400,7.0875
6,454,403,6.977667493796526
6,455,391,7.179028132992327
6,456,376,6.9388297872340425
6,457,375,7.037333333333334
6,458,360,7.191666666666666
6,459,354,7.192090395480226
6,460,355,7.24225352112676
6,461,357,7.392156862745098
6,462,359,7.286908077994429
6,463,352,7.372159090909091
6,464,365,7.457534246575342
6,465,355,7.44225352112676
6,466,359,7.314763231197771
6,467,354,7.522598870056497
6,468,347,7.377521613832853
6,469,342,7.385964912280702
6,470,339,7.215339233038348
6,471,339,7.262536873156342
6,472,344,7.005813953488372
6,473,343,6.927113702623907
6,474,345,7.101449275362318
6,475,333,7.147147147147147
6,476,334,7.0119760479041915
6,477,340,7.023529411764706
6,478,339,6.941002949852507
6,479,340,6.773529411764706
6,480,334,6.688622754491018
6,481,325,6.907692307692308
6,482,342,7.011695906432749
6,483,341,6.829912023460411
6,484,344,6.854651162790698
6,485,346,6.904624277456647
6,486,343,7.067055393586005
6,487,333,7.006006006006006
6,488,332,7.054216867469879
6,489,337,7.056379821958457
6,490,330,6.915151515151515
6,491,318,6.952830188679245
6,492,330,6.8545454545454545
6,493,323,6.897832817337461
6,494,332,6.719879518072289
6,495,325,6.913846153846154
6,496,317,6.785488958990536
6,497,312,6.868589743589744
6,498,327,6.798165137614679
6,499,335,6.991044776119403
6,500,348,6.916666666666667
6,501,356,6.876404494382022
6,502,352,7.0539772727272725
6,503,340,6.997058823529412
6,504,323,6.814241486068111
6,505,315,6.787301587301587
6,506,309,7.0
6,507,311,6.990353697749196
6,508,313,6.881789137380192
6,509,317,7.031545741324921
6,510,321,6.825545171339564
6,511,320,6.971875
6,512,308,6.87012987012987
6,513,309,6.941747572815534
6,514,310,7.141935483870967
6,515,302,7.152317880794702
6,516,291,6.945017182130584
6,517,290,6.989655172413793
6,518,286,7.255244755244755
6,519,279,7.462365591397849
6,520,283,7.392226148409894
6,521,283,7.148409893992933
6,522,291,6.883161512027492
6,523,288,6.555555555555555
6,524,285,6.67719298245614
6,525,279,6.67741935483871
6,526,281,6.782918149466192
6,527,277,6.6606498194945845
6,528,266,6.56390977443609
6,529,261,6.747126436781609
6,530,261,7.091954022988506
6,531,267,6.977528089887641
6,532,269,6.962825278810409
6,533,253,7.011857707509882
6,534,245,7.391836734693878
6,535,236,7.177966101694915
6,536,227,7.079295154185022
6,537,218,7.238532110091743
6,538,217,7.202764976958525
6,539,213,7.389671361502347
6,540,228,6.947368421052632
6,541,222,7.171171171171171
6,542,213,6.948356807511737
6,543,210,6.9904761904761905
6,544,214,7.186915887850467
6,545,210,7.29047619047619
6,546,201,7.124378109452737
6,547,205,7.034146341463415
6,548,204,7.0
6,549,206,7.033980582524272
6,550,219,6.931506849315069
6,551,214,7.0
6,552,205,7.234146341463415
6,553,209,7.157894736842105
6,554,204,7.004901960784314
6,555,198,7.202020202020202
6,556,204,7.269607843137255
6,557,207,7.27536231884058
6,558,203,7.108374384236453
6,559,204,7.2745098039215685
6,560,206,7.121359223300971
6,561,200,7.015
6,562,201,6.985074626865671
6,563,194,7.046391752577319
6,564,200,6.94
6,565,195,6.641025641025641
6,566,202,6.747524752475248
6,567,207,6.5603864734299515
6,568,207,6.743961352657005
6,569,204,6.612745098039215
6,570,199,6.658291457286432
6,571,192,6.963541666666667
6,572,196,7.25
6,573,191,7.172774869109948
6,574,190,7.2368421052631575
6,575,191,6.958115183246074
6,576,197,6.979695431472082
6,577,197,7.258883248730965
6,578,195,7.097435897435897
6,579,195,6.897435897435898
6,580,188,6.946808510638298
6,581,180,7.272222222222222
6,582,189,6.8994708994708995
6,583,189,7.1798941798941796
6,584,192,6.953125
6,585,196,6.846938775510204
6,586,190,6.6421052631578945
6,587,194,6.948453608247423
6,588,196,6.974489795918367
6,589,182,6.829670329670329
6,590,179,7.06145251396648
6,591,169,7.189349112426036
6,592,165,7.66060606060606
6,593,168,7.553571428571429
6,594,159,7.930817610062893
6,595,153,7.771241830065359
6,596,152,7.6644736842105265
6,597,143,7.440559440559441
6,598,138,7.543478260869565
6,599,129,7.441860465116279
6,600,121,7.2727272727272725
7,0,30,0.0
7,1,30,1.0
7,2,30,2.0
7,3,30,3.0
7,4,30,4.0
7,5,30,5.0
7,6,30,6.0
7,7,29,7.0
7,8,30,7.733333333333333
7,9,33,7.9393939393939394
7,10,40,7.375
7,11,39,8.307692307692308
7,12,46,7.369565217391305
7,13,55,7.0
7,14,56,7.607142857142857
7,15,64,7.53125
7,16,70,7.8
7,17,72,8.458333333333334
7,18,84,7.892857142857143
7,19,91,8.0
7,20,96,8.53125
7,21,103,8.466019417475728
7,22,111,8.45945945945946
7,23,119,8.420168067226891
7,24,124,9.040322580645162
7,25,133,8.909774436090226
7,26,143,9.097902097902098
7,27,144,9.395833333333334
7,28,158,9.278481012658228
7,29,165,9.418181818181818
7,30,185,9.005405405405405
7,31,191,9.261780104712042
7,32,179,7.5363128491620115
7,33,184,7.625
7,34,186,8.258064516129032
7,35,196,8.306122448979592
7,36,207,8.502415458937199
7,37,212,8.556603773584905
7,38,223,8.663677130044842
7,39,228,8.75
7,40,243,8.666666666666666
7,41,263,8.304182509505704
7,42,263,8.346007604562738
7,43,270,8.751851851851852
7,44,286,8.391608391608392
7,45,290,8.26551724137931
7,46,298,8.100671140939598
7,47,298,8.140939597315436
7,48,307,8.143322475570033
7,49,309,8.3042071197411
7,50,324,7.95679012345679
7,51,336,7.955357142857143
7,52,361,7.662049861495845
7,53,382,7.609947643979058
7,54,386,7.6139896373057
7,55,388,7.543814432989691
7,56,394,7.626903553299492
7,57,404,7.547029702970297
7,58,423,7.754137115839243
7,59,427,7.503512880562061
7,60,441,7.621315192743764
7,61,437,7.65903890160183
7,62,447,7.771812080536913
7,63,452,7.603982300884955
7,64,475,7.471578947368421
7,65,477,7.643605870020965
7,66,483,7.670807453416149
7,67,502,7.719123505976095
7,68,509,7.74656188605108
7,69,511,7.802348336594912
7,70,514,7.729571984435798
7,71,537,7.614525139664805
7,72,549,7.5610200364298725
7,73,543,7.39963167587477
7,74,563,7.337477797513322
7,75,560,7.498214285714286
7,76,554,7.388086642599278
7,77,560,7.448214285714286
7,78,575,7.619130434782608
7,79,598,7.603678929765886
7,80,605,7.560330578512397
7,81,622,7.401929260450161
7,82,637,7.397174254317111
7,83,652,7.237730061349693
7,84,655,7.396946564885496
7,85,656,7.288109756097561
7,86,652,7.273006134969325
7,87,645,7.48062015503876
7,88,653,7.415007656967841
7,89,652,7.679447852760736
7,90,664,7.704819277108434
7,91,679,7.512518409425626
7,92,692,7.547687861271676
7,93,689,7.451378809869376
7,94,658,7.3936170212765955
7,95,659,7.471927162367223
7,96,666,7.384384384384385
7,97,655,7.531297709923664
7,98,658,7.547112462006079
7,99,650,7.626153846153846
7,100,668,7.630239520958084
7,101,658,7.667173252279635
7,102,668,7.679640718562874
7,103,676,7.6390532544378695
7,104,666,7.457957957957958
7,105,666,7.460960960960961
7,106,657,7.449010654490107
7,107,639,7.471048513302034
7,108,625,7.5248
7,109,615,7.458536585365854
7,110,615,7.486178861788618
7,111,639,7.311424100156494
7,112,634,7.304416403785489
7,113,615,7.291056910569106
7,114,615,7.583739837398374
7,115,612,7.665032679738562
7,116,620,7.7064516129032254
7,117,620,7.791935483870968
7,118,623,7.645264847512038
7,119,622,7.607717041800643
7,120,621,7.531400966183575
7,121,613,7.282218597063622
7,122,600,7.121666666666667
7,123,602,7.101328903654485
7,124,597,7.274706867671692
7,125,597,7.155778894472362
7,126,609,7.226600985221675
7,127,605,7.228099173553719
7,128,601,7.221297836938436
7,129,599,7.298831385642738
7,130,606,7.282178217821782
7,131,612,7.336601307189542
7,132,612,7.205882352941177
7,133,600,7.2683333333333335
7,134,618,7.200647249190938
7,135,633,7.025276461295419
7,136,626,6.912140575079873
7,137,623,6.972712680577849
7,138,618,6.977346278317152
7,139,617,7.06320907617504
7,140,617,7.12965964343598
7,141,620,7.195161290322581
7,142,652,7.006134969325154
7,143,652,6.95398773006135
7,144,644,7.1102484472049685
7,145,648,7.280864197530864
7,146,648,7.260802469135802
7,147,669,7.085201793721973
7,148,682,7.127565982404692
7,149,664,7.338855421686747
7,150,672,7.186011904761905
7,151,672,7.092261904761905
7,152,672,7.211309523809524
7,153,679,7.128129602356407
7,154,668,7.3967065868263475
7,155,661,7.161875945537065
7,156,683,7.061493411420205
7,157,690,6.9971014492753625
7,158,708,7.02542372881356
7,159,708,7.166666666666667
7,160,722,7.300554016620499
7,161,708,7.343220338983051
7,162,700,7.304285714285714
7,163,687,7.222707423580786
7,164,697,7.245337159253945
7,165,701,7.12981455064194
7,166,697,7.02725968436155
7,167,696,7.125
7,168,702,7.089743589743589
7,169,704,7.009943181818182
7,170,712,7.019662921348314
7,171,711,7.1308016877637135
7,172,718,7.091922005571031
7,173,714,7.07422969187675
7,174,702,7.198005698005698
7,175,694,6.981268011527377
7,176,713,6.917251051893408
7,177,714,6.893557422969188
7,178,699,6.979971387696709
7,179,722,6.997229916897507
7,180,706,7.029745042492918
7,181,729,6.983539094650205
7,182,724,6.975138121546961
7,183,721,6.976421636615811
7,184,715,7.195804195804196
7,185,719,7.101529902642559
7,186,719,7.193324061196106
7,187,711,7.351617440225035
7,188,713,7.2833099579242635
7,189,709,7.242595204513399
7,190,710,7.273239436619718
7,191,716,7.143854748603352
7,192,721,7.187239944521498
7,193,716,7.085195530726257
7,194,721,7.188626907073509
7,195,740,6.879729729729729
7,196,730,6.923287671232877
7,197,725,6.951724137931034
7,198,714,6.897759103641457
7,199,718,6.883008356545961
7,200,719,6.813630041724617
7,201,726,6.823691460055096
7,202,748,6.795454545454546
7,203,725,6.830344827586207
7,204,725,6.886896551724138
7,205,718,7.052924791086351
7,206,704,7.014204545454546
7,207,707,7.142857142857143
7,208,710,7.188732394366197
7,209,705,7.035460992907802
7,210,706,6.932011331444759
7,211,708,7.03954802259887
7,212,701,7.279600570613409
7,213,692,7.341040462427745
7,214,671,7.1192250372578245
7,215,660,7.053030303030303
7,216,663,6.926093514328809
7,217,667,6.998500749625188
7,218,668,7.00748502994012
7,219,674,7.050445103857567
7,220,671,7.1385991058122205
7,221,670,7.192537313432836
7,222,677,7.189069423929099
7,223,657,7.199391171993912
7,224,658,7.227963525835866
7,225,640,7.3015625
7,226,639,7.367762128325508
7,227,664,7.4593373493975905
7,228,658,7.235562310030395
7,229,668,7.173652694610778
7,230,673,6.900445765230312
7,231,675,6.90962962962963
7,232,683,6.898975109809664
7,233,688,6.921511627906977
7,234,696,6.82183908045977
7,235,694,6.770893371757925
7,236,696,6.870689655172414
7,237,690,7.055072463768116
7,238,686,7.090379008746356
7,239,669,7.179372197309417
7,240,679,7.1458026509572905
7,241,671,7.143070044709389
7,242,659,7.251896813353566
7,243,675,7.191111111111111
7,244,671,7.18628912071535
7,245,659,7.163884673748103
7,246,656,7.2942073170731705
7,247,654,7.32262996941896
7,248,653,7.271056661562022
7,249,643,7.16796267496112
7,250,631,7.309033280507132
7,251,628,7.313694267515924
7,252,618,7.111650485436893
7,253,629,7.046104928457869
7,254,629,7.143084260731319
7,255,611,7.227495908346972
7,256,603,7.313432835820896
7,257,623,7.20545746388443
7,258,617,7.280388978930308
7,259,605,7.130578512396694
7,260,603,7.212271973466003
7,261,597,7.430485762144054
7,262,601,7.13477537437604
7,263,581,6.963855421686747
7,264,575,6.977391304347826
7,265,575,7.006956521739131
7,266,581,7.06368330464716
7,267,592,7.158783783783784
7,268,592,7.045608108108108
7,269,594,7.122895622895623
7,270,587,7.243611584327087
7,271,608,7.0493421052631575
7,272,607,7.118616144975288
7,273,590,7.159322033898305
7,274,590,7.215254237288136
7,275,571,7.334500875656743
7,276,557,7.2477558348294435
7,277,555,7.282882882882883
7,278,540,7.385185185185185
7,279,528,7.551136363636363
7,280,540,7.440740740740741
7,281,549,7.33879781420765
7,282,545,7.328440366972477
7,283,552,7.336956521739131
7,284,552,7.13768115942029
7,285,553,6.860759493670886
7,286,530,6.856603773584905
7,287,528,7.03219696969697
7,288,529,6.958412098298677
7,289,515,7.254368932038835
7,290,506,7.458498023715415
7,291,512,7.427734375
7,292,500,7.334
7,293,499,7.090180360721443
7,294,495,7.163636363636364
7,295,501,6.916167664670659
7,296,512,6.7265625
7,297,520,6.605769230769231
7,298,510,6.547058823529412
7,299,512,6.603515625
7,300,493,6.620689655172414
7,301,495,6.903030303030303
7,302,483,6.942028985507246
7,303,475,6.907368421052632
7,304,457,7.019693654266958
7,305,457,7.102844638949672
7,306,465,7.176344086021506
7,307,486,7.059670781893004
7,308,484,7.103305785123967
7,309,485,7.292783505154639
7,310,489,7.081799591002045
7,311,482,6.95643153526971
7,312,468,7.006410256410256
7,313,458,6.853711790393013
7,314,453,6.82560706401766
7,315,455,7.015384615384615
7,316,468,7.017094017094017
7,317,459,6.880174291938998
7,318,470,7.004255319148936
7,319,481,7.16008316008316
7,320,474,7.166666666666667
7,321,474,7.293248945147679
7,322,471,7.186836518046709
7,323,475,7.271578947368421
7,324,469,7.294243070362473
7,325,475,7.24
7,326,470,7.272340425531915
7,327,479,7.0375782881002085
7,328,479,6.9519832985386225
7,329,493,6.774847870182556
7,330,483,6.79296066252588
7,331,481,6.856548856548857
7,332,487,6.657084188911704
7,333,499,6.74749498997996
7,334,502,6.802788844621514
7,335,507,7.035502958579881
7,336,507,7.003944773175542
7,337,503,7.079522862823062
7,338,524,6.986641221374046
7,339,513,7.033138401559454
7,340,500,6.96
7,341,492,7.060975609756097
7,342,496,7.231854838709677
7,343,482,7.280082987551867
7,344,475,7.143157894736842
7,345,475,7.191578947368421
7,346,487,7.06776180698152
7,347,492,6.884146341463414
7,348,489,7.065439672801636
7,349,474,7.0358649789029535
7,350,466,7.0257510729613735
7,351,448,7.174107142857143
7,352,448,7.200892857142857
7,353,446,7.251121076233184
7,354,437,7.215102974828375
7,355,416,6.992788461538462
7,356,411,7.253041362530413
7,357,424,7.158018867924528
7,358,424,7.080188679245283
7,359,424,6.945754716981132
7,360,418,6.990430622009569
7,361,403,7.091811414392059
7,362,409,7.198044009779951
7,363,414,7.164251207729468
7,364,420,7.1119047619047615
7,365,426,7.103286384976526
7,366,417,6.997601918465228
7,367,411,6.9416058394160585
7,368,405,6.9037037037037035
7,369,400,7.0175
7,370,387,7.343669250645995
7,371,383,7.1592689295039165
7,372,378,7.328042328042328
7,373,387,7.10077519379845
7,374,385,7.241558441558442
7,375,391,6.946291560102302
7,376,402,6.830845771144278
7,377,412,6.800970873786408
7,378,415,6.937349397590362
7,379,419,6.890214797136038
7,380,433,6.87066974595843
7,381,429,6.8671328671328675
7,382,428,6.885514018691588
7,383,425,6.955294117647059
7,384,434,6.953917050691245
7,385,441,6.929705215419501
7,386,434,7.223502304147465
7,387,436,7.11697247706422
7,388,432,7.222222222222222
7,389,435,7.094252873563218
7,390,440,6.943181818181818
7,391,429,6.96969696969697
7,392,418,6.961722488038277
7,393,424,6.971698113207547
7,394,414,6.997584541062802
7,395,429,6.995337995337995
7,396,427,7.035128805620609
7,397,430,7.046511627906977
7,398,426,7.112676056338028
7,399,423,7.07565011820331
7,400,418,7.009569377990431
7,401,410,6.897560975609756
7,402,406,6.9088669950738915
7,403,390,6.948717948717949
7,404,393,6.849872773536895
7,405,394,7.152284263959391
7,406,400,6.9025
7,407,394,6.888324873096447
7,408,402,6.955223880597015
7,409,399,6.932330827067669
7,410,390,6.8307692307692305
7,411,375,7.1946666666666665
7,412,368,7.309782608695652
7,413,363,7.242424242424242
7,414,364,7.2967032967032965
7,415,361,7.465373961218837
7,416,349,7.435530085959885
7,417,353,7.526912181303116
7,418,355,7.0084507042253525
7,419,346,6.96242774566474
7,420,338,7.076923076923077
7,421,335,7.107462686567164
7,422,338,6.923076923076923
7,423,340,6.982352941176471
7,424,338,7.020710059171598
7,425,338,7.133136094674557
7,426,347,7.031700288184438
7,427,351,7.102564102564102
7,428,356,7.01685393258427
7,429,350,7.208571428571428
7,430,347,6.982708933717579
7,431,348,7.100574712643678
7,432,353,6.847025495750708
7,433,372,6.884408602150538
7,434,380,6.771052631578947
7,435,386,7.018134715025907
7,436,391,6.841432225063938
7,437,392,7.094387755102041
7,438,386,7.11139896373057
7,439,386,7.069948186528498
7,440,380,7.255263157894737
7,441,374,7.291443850267379
7,442,378,7.375661375661376
7,443,371,7.576819407008086
7,444,382,7.510471204188482
7,445,375,7.408
7,446,371,7.264150943396227
7,447,370,7.108108108108108
7,448,366,7.016393442622951
7,449,359,6.860724233983287
7,450,350,6.631428571428572
7,451,346,6.927745664739884
7,452,349,6.793696275071634
7,453,351,6.908831908831909
7,454,361,7.0
7,455,369,6.897018970189702
7,456,364,6.75
7,457,364,6.7554945054945055
7,458,367,6.79291553133515
7,459,362,7.1464088397790055
7,460,368,7.130434782608695
7,461,366,7.128415300546448
7,462,360,7.241666666666666
7,463,355,7.067605633802817
7,464,355,7.095774647887324
7,465,358,7.162011173184357
7,466,357,7.095238095238095
7,467,353,7.118980169971671
7,468,351,6.897435897435898
7,469,341,7.0821114369501466
7,470,339,7.0825958702064895
7,471,349,6.994269340974212
7,472,352,6.747159090909091
7,473,352,6.730113636363637
7,474,356,6.786516853932584
7,475,351,6.968660968660969
7,476,338,6.979289940828402
7,477,338,7.020710059171598
7,478,348,7.17816091954023
7,479,351,7.017094017094017
7,480,342,7.216374269005848
7,481,347,7.164265129682997
7,482,354,7.059322033898305
7,483,350,6.905714285714286
7,484,346,6.878612716763006
7,485,348,6.836206896551724
7,486,347,6.870317002881844
7,487,354,6.4124293785310735
7,488,342,6.646198830409356
7,489,339,6.929203539823009
7,490,335,7.011940298507462
7,491,330,6.987878787878788
7,492,328,7.125
7,493,326,7.3496932515337425
7,494,325,7.550769230769231
7,495,328,7.396341463414634
7,496,335,7.250746268656717
7,497,332,7.156626506024097
7,498,332,7.213855421686747
7,499,339,7.315634218289086
7,500,325,7.12
7,501,332,7.045180722891566
7,502,344,6.921511627906977
7,503,342,6.7748538011695905
7,504,328,6.771341463414634
7,505,314,6.630573248407643
7,506,305,6.845901639344262
7,507,301,6.95016611295681
7,508,296,6.95945945945946
7,509,290,7.051724137931035
7,510,292,7.294520547945205
7,511,291,7.161512027491409
7,512,314,7.089171974522293
7,513,307,6.954397394136808
7,514,307,7.006514657980456
7,515,298,6.929530201342282
7,516,295,6.989830508474577
7,517,282,7.078014184397163
7,518,271,7.084870848708487
7,519,269,7.219330855018588
7,520,278,7.039568345323741
7,521,293,7.006825938566553
7,522,310,6.951612903225806
7,523,306,6.937908496732026
7,524,305,6.973770491803279
7,525,311,6.884244372990354
7,526,301,6.903654485049834
7,527,301,6.897009966777409
7,528,302,7.145695364238411
7,529,311,7.144694533762058
7,530,310,7.087096774193548
7,531,294,7.017006802721088
7,532,292,6.863013698630137
7,533,304,6.694078947368421
7,534,302,6.506622516556291
7,535,298,6.8355704697986575
7,536,298,6.956375838926174
7,537,298,6.993288590604027
7,538,291,6.927835051546392
7,539,290,7.2
7,540,291,7.309278350515464
7,541,288,7.447916666666667
7,542,278,7.629496402877698
7,543,273,7.175824175824176
7,544,279,6.903225806451613
7,545,263,6.992395437262357
7,546,270,6.977777777777778
7,547,267,7.02621722846442
7,548,271,7.11070110701107
7,549,273,7.373626373626373
7,550,272,7.5661764705882355
7,551,275,7.381818181818182
7,552,280,7.25
7,553,279,7.354838709677419
7,554,273,7.282051282051282
7,555,254,7.244094488188976
7,556,248,7.036290322580645
7,557,244,7.307377049180328
7,558,259,7.22007722007722
7,559,265,7.169811320754717
7,560,257,6.945525291828794
7,561,262,7.091603053435114
7,562,267,7.097378277153558
7,563,269,6.851301115241636
7,564,266,6.951127819548872
7,565,267,7.033707865168539
7,566,267,7.239700374531835
7,567,266,7.180451127819549
7,568,260,7.3076923076923075
7,569,255,7.325490196078431
7,570,251,7.171314741035856
7,571,252,7.182539682539683
7,572,251,7.2629482071713145
7,573,248,7.266129032258065
7,574,251,7.219123505976095
7,575,246,7.138211382113822
7,576,235,7.23404255319149
7,577,235,7.123404255319149
7,578,247,6.979757085020243
7,579,251,6.944223107569721
7,580,240,6.9625
7,581,237,6.9789029535864975
7,582,244,6.741803278688525
7,583,246,6.658536585365853
7,584,248,6.661290322580645
7,585,243,6.777777777777778
7,586,232,7.004310344827586
7,587,231,7.190476190476191
7,588,234,6.867521367521367
7,589,240,6.9875
7,590,234,7.1581196581196584
7,591,219,7.1826484018264845
7,592,216,7.12962962962963
7,593,209,7.330143540669856
7,594,197,7.16243654822335
7,595,186,7.150537634408602
7,596,190,7.063157894736842
7,597,191,7.031413612565445
7,598,198,6.994949494949495
7,599,195,6.743589743589744
7,600,196,6.663265306122449
8,0,30,0.0
8,1,30,1.0
8,2,30,2.0
8,3,30,3.0
8,4,30,4.0
8,5,30,5.0
8,6,30,6.0
8,7,29,7.0
8,8,36,6.222222222222222
8,9,41,6.121951219512195
8,10,43,6.558139534883721
8,11,48,6.770833333333333
8,12,55,6.781818181818182
8,13,60,6.916666666666667
8,14,63,7.5396825396825395
8,15,66,8.151515151515152
8,16,67,9.014925373134329
8,17,69,9.72463768115942
8,18,81,9.135802469135802
8,19,89,9.01123595505618
8,20,94,9.393617021276595
8,21,106,9.216981132075471
8,22,114,9.192982456140351
8,23,119,9.277310924369749
8,24,123,9.382113821138212
8,25,128,9.59375
8,26,134,9.835820895522389
8,27,140,10.121428571428572
8,28,145,10.489655172413793
8,29,142,10.598591549295774
8,30,138,10.05072463768116
8,31,154,9.5
8,32,149,7.442953020134228
8,33,160,7.44375
8,34,162,7.722222222222222
8,35,169,7.899408284023669
8,36,171,7.988304093567251
8,37,175,8.394285714285715
8,38,185,8.47027027027027
8,39,196,8.127551020408163
8,40,202,8.242574257425742
8,41,209,8.210526315789474
8,42,209,8.157894736842104
8,43,206,8.33495145631068
8,44,215,8.334883720930232
8,45,216,8.092592592592593
8,46,221,8.262443438914028
8,47,216,8.282407407407407
8,48,230,8.18695652173913
8,49,227,8.13215859030837
8,50,245,7.840816326530613
8,51,249,7.839357429718875
8,52,260,7.188461538461539
8,53,270,7.237037037037037
8,54,279,7.358422939068101
8,55,280,7.375
8,56,288,7.354166666666667
8,57,291,7.505154639175258
8,58,293,7.679180887372014
8,59,299,7.648829431438127
8,60,296,7.530405405405405
8,61,306,7.392156862745098
8,62,318,7.2924528301886795
8,63,313,7.4696485623003195
8,64,316,7.3354430379746836
8,65,317,7.652996845425868
8,66,323,7.513931888544891
8,67,316,7.541139240506329
8,68,313,7.4888178913738015
8,69,319,7.347962382445141
8,70,323,7.452012383900929
8,71,327,7.412844036697248
8,72,337,7.326409495548962
8,73,328,7.115853658536586
8,74,327,7.180428134556575
8,75,312,7.352564102564102
8,76,302,7.201986754966887
8,77,302,7.049668874172186
8,78,302,7.155629139072848
8,79,302,7.039735099337748
8,80,314,7.076433121019108
8,81,309,7.006472491909385
8,82,318,6.9937106918239
8,83,320,6.759375
8,84,306,6.777777777777778
8,85,310,7.116129032258065
8,86,326,7.015337423312883
8,87,325,6.907692307692308
8,88,317,6.782334384858044
8,89,316,7.1044303797468356
8,90,303,7.072607260726072
8,91,311,7.167202572347267
8,92,288,7.128472222222222
8,93,292,7.078767123287672
8,94,284,7.095070422535211
8,95,279,7.114695340501792
8,96,275,7.225454545454546
8,97,290,6.955172413793103
8,98,282,6.98936170212766
8,99,280,7.085714285714285
8,100,274,7.065693430656935
8,101,269,7.044609665427509
8,102,273,6.846153846153846
8,103,267,6.790262172284645
8,104,268,6.82089552238806
8,105,271,6.6900369003690034
8,106,262,6.805343511450381
8,107,264,6.7727272727272725
8,108,255,6.890196078431373
8,109,258,7.174418604651163
8,110,264,7.1477272727272725
8,111,255,7.450980392156863
8,112,254,7.228346456692913
8,113,256,7.36328125
8,114,261,6.931034482758621
8,115,266,6.7631578947368425
8,116,263,6.634980988593156
8,117,261,6.528735632183908
8,118,242,6.7727272727272725
8,119,238,7.063025210084033
8,120,243,7.2592592592592595
8,121,231,7.415584415584416
8,122,233,7.450643776824034
8,123,237,7.286919831223629
8,124,235,7.182978723404255
8,125,251,6.629482071713148
8,126,251,6.48207171314741
8,127,243,6.48559670781893
8,128,243,6.460905349794238
8,129,234,6.717948717948718
8,130,234,7.0256410256410255
8,131,228,7.008771929824562
8,132,230,7.386956521739131
8,133,241,7.286307053941909
8,134,237,7.232067510548523
8,135,236,7.127118644067797
8,136,240,7.079166666666667
8,137,239,6.7656903765690375
8,138,236,6.758474576271187
8,139,228,6.701754385964913
8,140,232,6.823275862068965
8,141,235,6.914893617021277
8,142,225,7.262222222222222
8,143,217,7.129032258064516
8,144,213,7.366197183098592
8,145,207,7.270531400966184
8,146,203,7.261083743842365
8,147,207,7.483091787439614
8,148,207,7.217391304347826
8,149,199,7.36180904522613
8,150,195,7.507692307692308
8,151,187,7.427807486631016
8,152,191,7.282722513089006
8,153,187,7.278074866310161
8,154,194,7.051546391752577
8,155,189,7.2592592592592595
8,156,189,6.698412698412699
8,157,191,7.005235602094241
8,158,194,7.010309278350515
8,159,192,7.046875
8,160,193,7.528497409326425
8,161,197,7.385786802030457
8,162,198,7.262626262626263
8,163,197,7.1421319796954315
8,164,209,6.655502392344498
8,165,208,6.697115384615385
8,166,208,6.923076923076923
8,167,208,6.6826923076923075
8,168,202,6.876237623762377
8,169,199,6.9798994974874375
8,170,200,7.07
8,171,211,7.132701421800948
8,172,221,7.067873303167421
8,173,220,7.2318181818181815
8,174,220,7.490909090909091
8,175,217,7.364055299539171
8,176,209,7.29665071770335
8,177,212,7.287735849056604
8,178,214,7.327102803738318
8,179,213,7.140845070422535
8,180,210,7.414285714285715
8,181,207,7.405797101449275
8,182,201,7.268656716417911
8,183,204,7.377450980392157
8,184,202,7.396039603960396
8,185,199,7.396984924623116
8,186,194,7.335051546391752
8,187,191,7.178010471204188
8,188,187,7.224598930481283
8,189,194,7.123711340206185
8,190,191,7.225130890052356
8,191,185,7.216216216216216
8,192,183,7.2896174863387975
8,193,184,7.184782608695652
8,194,183,7.360655737704918
8,195,189,7.137566137566138
8,196,185,6.9837837837837835
8,197,196,6.668367346938775
8,198,206,6.825242718446602
8,199,200,7.09
8,200,191,7.0890052356020945
8,201,198,6.696969696969697
8,202,192,6.864583333333333
8,203,199,7.105527638190955
8,204,194,7.170103092783505
8,205,187,7.042780748663102
8,206,196,6.775510204081633
8,207,193,6.310880829015544
8,208,189,6.571428571428571
8,209,187,6.925133689839572
8,210,177,7.107344632768362
8,211,180,7.111111111111111
8,212,176,7.2727272727272725
8,213,173,7.433526011560693
8,214,164,7.298780487804878
8,215,165,7.466666666666667
8,216,158,7.436708860759493
8,217,170,7.482352941176471
8,218,157,7.24203821656051
8,219,145,7.186206896551724
8,220,148,7.331081081081081
8,221,148,7.006756756756757
8,222,151,6.867549668874172
8,223,155,6.67741935483871
8,224,158,6.7784810126582276
8,225,162,7.0
8,226,160,6.8125
8,227,162,6.932098765432099
8,228,166,6.5
8,229,160,6.81875
8,230,156,6.82051282051282
8,231,157,6.89171974522293
8,232,168,6.863095238095238
8,233,164,6.902439024390244
8,234,163,7.0
8,235,158,7.031645569620253
8,236,162,7.135802469135802
8,237,160,7.38125
8,238,171,7.128654970760234
8,239,166,7.144578313253012
8,240,158,7.360759493670886
8,241,149,7.718120805369128
8,242,153,7.150326797385621
8,243,157,6.917197452229299
8,244,167,6.88622754491018
8,245,172,6.866279069767442
8,246,166,6.433734939759036
8,247,173,6.618497109826589
8,248,171,6.7251461988304095
8,249,174,6.683908045977011
8,250,175,7.12
8,251,164,6.9939024390243905
8,252,173,6.907514450867052
8,253,168,6.982142857142857
8,254,175,6.565714285714286
8,255,184,6.690217391304348
8,256,184,6.478260869565218
8,257,183,6.7650273224043715
8,258,179,6.949720670391062
8,259,179,6.955307262569832
8,260,180,6.905555555555556
8,261,162,6.932098765432099
8,262,163,7.104294478527607
8,263,156,7.371794871794871
8,264,159,7.679245283018868
8,265,165,7.072727272727272
8,266,177,6.954802259887006
8,267,168,6.666666666666667
8,268,167,6.688622754491018
8,269,163,6.96319018404908
8,270,168,6.708333333333333
8,271,171,6.5321637426900585
8,272,169,6.5266272189349115
8,273,175,6.6571428571428575
8,274,174,7.005747126436781
8,275,176,7.079545454545454
8,276,173,6.838150289017341
8,277,169,6.875739644970414
8,278,172,6.936046511627907
8,279,162,6.8580246913580245
8,280,149,6.939597315436242
8,281,149,7.087248322147651
8,282,155,6.780645161290322
8,283,161,6.708074534161491
8,284,153,7.228758169934641
8,285,147,6.98639455782313
8,286,138,7.130434782608695
8,287,137,6.700729927007299
8,288,134,6.6716417910447765
8,289,136,6.830882352941177
8,290,153,6.745098039215686
8,291,158,6.7974683544303796
8,292,160,7.15625
8,293,165,7.181818181818182
8,294,160,7.0625
8,295,160,6.875
8,296,148,7.027027027027027
8,297,142,7.063380281690141
8,298,143,7.048951048951049
8,299,146,7.1506849315068495
8,300,142,7.246478873239437
8,301,149,6.738255033557047
8,302,146,7.006849315068493
8,303,144,6.944444444444445
8,304,145,6.751724137931035
8,305,138,6.840579710144928
8,306,132,7.242424242424242
8,307,122,7.344262295081967
8,308,116,7.275862068965517
8,309,118,6.762711864406779
8,310,109,7.110091743119266
8,311,107,7.607476635514018
8,312,113,7.353982300884955
8,313,105,7.019047619047619
8,314,108,6.981481481481482
8,315,106,6.452830188679245
8,316,106,6.4245283018867925
8,317,106,6.30188679245283
8,318,102,6.598039215686274
8,319,103,6.466019417475728
8,320,105,7.104761904761904
8,321,101,7.138613861386139
8,322,112,6.714285714285714
8,323,115,6.573913043478261
8,324,109,6.275229357798165
8,325,109,6.73394495412844
8,326,112,6.741071428571429
8,327,104,6.846153846153846
8,328,104,7.3076923076923075
8,329,97,7.082474226804123
8,330,92,7.608695652173913
8,331,91,7.285714285714286
8,332,90,6.6
8,333,82,6.7073170731707314
8,334,88,6.443181818181818
8,335,85,6.176470588235294
8,336,84,6.226190476190476
8,337,82,6.817073170731708
8,338,84,7.142857142857143
8,339,81,7.296296296296297
8,340,77,6.987012987012987
8,341,69,6.695652173913044
8,342,67,7.0
8,343,66,7.2727272727272725
8,344,65,7.153846153846154
8,345,67,7.17910447761194
8,346,62,7.048387096774194
8,347,60,6.75
8,348,58,6.258620689655173
8,349,57,6.473684210526316
8,350,55,6.618181818181818
8,351,59,6.0508474576271185
8,352,58,6.051724137931035
8,353,56,5.928571428571429
8,354,56,5.892857142857143
8,355,55,6.6
8,356,53,6.471698113207547
8,357,51,6.666666666666667
8,358,50,7.54
8,359,48,7.5625
8,360,47,7.425531914893617
8,361,47,7.829787234042553
8,362,47,7.659574468085107
8,363,45,8.11111111111111
8,364,43,7.0
8,365,45,6.977777777777778
8,366,50,6.28
8,367,52,6.75
8,368,54,6.222222222222222
8,369,54,5.944444444444445
8,370,57,6.333333333333333
8,371,57,6.350877192982456
8,372,55,6.545454545454546
8,373,55,6.745454545454545
8,374,57,6.350877192982456
8,375,55,6.836363636363636
8,376,58,6.758620689655173
8,377,57,6.9298245614035086
8,378,58,7.0
8,379,60,7.316666666666666
8,380,60,7.116666666666666
8,381,53,6.830188679245283
8,382,48,7.020833333333333
8,383,48,7.125
8,384,46,7.1521739130434785
8,385,46,7.521739130434782
8,386,42,7.857142857142857
8,387,41,8.21951219512195
8,388,40,7.75
8,389,41,7.804878048780488
8,390,42,6.9523809523809526
8,391,41,7.219512195121951
8,392,41,7.0
8,393,37,7.0
8,394,37,6.945945945945946
8,395,34,6.352941176470588
8,396,35,7.142857142857143
8,397,38,7.131578947368421
8,398,36,7.25
8,399,36,7.055555555555555
8,400,32,7.21875
8,401,32,7.71875
8,402,34,6.617647058823529
8,403,31,6.548387096774194
8,404,32,6.46875
8,405,34,6.147058823529412
8,406,33,6.666666666666667
8,407,32,7.0625
8,408,32,7.59375
8,409,34,7.529411764705882
8,410,37,6.783783783783784
8,411,38,7.2105263157894735
8,412,37,7.594594594594595
8,413,36,7.333333333333333
8,414,36,6.666666666666667
8,415,36,6.75
8,416,38,6.947368421052632
8,417,43,7.023255813953488
8,418,48,6.583333333333333
8,419,47,5.76595744680851
8,420,47,6.148936170212766
8,421,47,6.829787234042553
8,422,47,7.0212765957446805
8,423,49,6.714285714285714
8,424,45,7.111111111111111
8,425,45,7.133333333333334
8,426,46,7.413043478260869
8,427,47,7.808510638297872
8,428,48,7.958333333333333
8,429,47,8.063829787234043
8,430,46,8.173913043478262
8,431,43,8.465116279069768
8,432,45,7.977777777777778
8,433,46,7.804347826086956
8,434,46,7.434782608695652
8,435,45,6.911111111111111
8,436,44,6.454545454545454
8,437,42,7.071428571428571
8,438,41,7.121951219512195
8,439,36,6.916666666666667
8,440,35,6.628571428571429
8,441,37,6.783783783783784
8,442,38,7.2631578947368425
8,443,41,7.658536585365853
8,444,41,8.097560975609756
8,445,41,8.487804878048781
8,446,40,8.425
8,447,38,7.894736842105263
8,448,34,6.705882352941177
8,449,31,6.451612903225806
8,450,32,6.78125
8,451,37,6.351351351351352
8,452,36,6.25
8,453,36,6.416666666666667
8,454,34,7.147058823529412
8,455,34,7.0
8,456,33,7.575757575757576
8,457,36,7.861111111111111
8,458,32,7.875
8,459,36,7.388888888888889
8,460,33,7.242424242424242
8,461,34,7.0588235294117645
8,462,35,6.828571428571428
8,463,35,7.2
8,464,32,6.625
8,465,35,6.9714285714285715
8,466,29,7.724137931034483
8,467,30,7.133333333333334
8,468,32,6.96875
8,469,30,7.933333333333334
8,470,34,6.882352941176471
8,471,32,6.34375
8,472,32,7.34375
8,473,34,7.852941176470588
8,474,32,8.125
8,475,25,7.32
8,476,25,8.32
8,477,23,9.217391304347826
8,478,24,8.833333333333334
8,479,19,9.263157894736842
8,480,18,8.38888888888889
8,481,18,8.222222222222221
8,482,17,7.294117647058823
8,483,17,7.588235294117647
8,484,20,7.3
8,485,18,6.555555555555555
8,486,17,6.588235294117647
8,487,15,5.8
8,488,14,5.214285714285714
8,489,13,5.846153846153846
8,490,13,6.384615384615385
8,491,13,7.384615384615385
8,492,11,7.7272727272727275
8,493,10,8.6
8,494,10,8.6
8,495,10,6.5
8,496,11,6.818181818181818
8,497,9,7.111111111111111
8,498,11,6.636363636363637
8,499,11,7.636363636363637
8,500,11,6.181818181818182
8,501,10,6.5
8,502,8,5.0
8,503,8,6.0
8,504,8,7.0
8,505,10,6.4
8,506,10,7.4
8,507,13,6.461538461538462
8,508,12,7.083333333333333
8,509,13,7.461538461538462
8,510,12,6.916666666666667
8,511,12,7.916666666666667
8,512,13,5.769230769230769
8,513,14,5.357142857142857
8,514,13,5.384615384615385
8,515,12,5.666666666666667
8,516,12,5.75
8,517,13,6.230769230769231
8,518,12,5.833333333333333
8,519,11,6.636363636363637
8,520,10,6.4
8,521,11,6.7272727272727275
8,522,9,7.111111111111111
8,523,9,8.11111111111111
8,524,10,8.2
8,525,10,7.9
8,526,9,8.444444444444445
8,527,8,8.375
8,528,9,8.333333333333334
8,529,10,8.4
8,530,10,7.6
8,531,9,8.333333333333334
8,532,9,7.111111111111111
8,533,8,7.25
8,534,9,5.888888888888889
8,535,8,4.625
8,536,8,5.625
8,537,7,5.714285714285714
8,538,6,5.666666666666667
8,539,5,6.6
8,540,5,7.6
8,541,5,8.6
8,542,4,8.75
8,543,4,7.75
8,544,3,7.0
8,545,4,6.0
8,546,4,7.0
8,547,3,6.333333333333333
8,548,3,7.333333333333333
8,549,5,5.0
8,550,5,6.0
8,551,5,7.0
8,552,5,8.0
8,553,6,7.5
8,554,4,6.5
8,555,4,7.5
8,556,3,7.0
8,557,3,8.0
8,558,3,9.0
8,559,2,10.0
8,560,2,11.0
8,561,2,12.0
8,562,2,13.0
8,563,3,9.333333333333334
8,564,2,10.0
8,565,1,2.0
8,566,1,3.0
8,567,1,4.0
8,568,1,5.0
8,569,1,6.0
8,570,1,7.0
8,571,0,0.0
8,572,0,0.0
8,573,0,0.0
8,574,0,0.0
8,575,0,0.0
8,576,0,0.0
8,577,0,0.0
8,578,0,0.0
8,579,0,0.0
8,580,0,0.0
8,581,0,0.0
8,582,0,0.0
8,583,0,0.0
8,584,0,0.0
8,585,0,0.0
8,586,0,0.0
8,587,0,0.0
8,588,0,0.0
8,589,0,0.0
8,590,0,0.0
8,591,0,0.0
8,592,0,0.0
8,593,0,0.0
8,594,0,0.0
8,595,0,0.0
8,596,0,0.0
8,597,0,0.0
8,598,0,0.0
8,599,0,0.0
8,600,0,0.0
9,0,30,0.0
9,1,30,1.0
9,2,30,2.0
9,3,30,3.0
9,4,30,4.0
9,5,30,5.0
9,6,30,6.0
9,7,30,7.0
9,8,34,7.0588235294117645
9,9,34,7.794117647058823
9,10,37,7.8108108108108105
9,11,42,7.761904761904762
9,12,42,8.476190476190476
9,13,45,8.844444444444445
9,14,51,8.686274509803921
9,15,52,9.384615384615385
9,16,56,9.642857142857142
9,17,61,9.491803278688524
9,18,66,9.696969696969697
9,19,70,10.085714285714285
9,20,74,10.486486486486486
9,21,79,10.69620253164557
9,22,85,10.729411764705882
9,23,98,10.03061224489796
9,24,103,10.262135922330097
9,25,121,9.512396694214877
9,26,125,9.344
9,27,123,9.788617886178862
9,28,123,10.227642276422765
9,29,128,10.71875
9,30,131,10.877862595419847
9,31,134,10.64179104477612
9,32,118,7.745762711864407
9,33,136,7.529411764705882
9,34,138,7.666666666666667
9,35,150,7.473333333333334
9,36,152,7.75
9,37,155,8.051612903225806
9,38,155,8.303225806451612
9,39,154,8.525974025974026
9,40,158,8.0
9,41,179,7.670391061452514
9,42,184,8.032608695652174
9,43,192,7.557291666666667
9,44,203,7.403940886699507
9,45,207,7.502415458937198
9,46,213,7.882629107981221
9,47,207,8.135265700483092
9,48,220,7.959090909090909
9,49,222,7.490990990990991
9,50,234,7.6581196581196584
9,51,236,7.673728813559322
9,52,245,7.755102040816326
9,53,249,7.714859437751004
9,54,250,7.908
9,55,253,7.774703557312253
9,56,265,7.222641509433962
9,57,270,7.266666666666667
9,58,263,7.479087452471483
9,59,264,7.606060606060606
9,60,273,7.5787545787545785
9,61,286,7.615384615384615
9,62,294,7.503401360544218
9,63,301,7.644518272425249
9,64,309,7.398058252427185
9,65,314,7.585987261146497
9,66,319,7.940438871473354
9,67,336,8.169642857142858
9,68,330,8.227272727272727
9,69,334,8.248502994011975
9,70,336,8.005952380952381
9,71,327,8.134556574923547
9,72,320,7.684375
9,73,327,7.926605504587156
9,74,348,7.850574712643678
9,75,344,7.7645348837209305
9,76,342,7.578947368421052
9,77,349,7.5243553008595985
9,78,365,7.391780821917808
9,79,366,7.330601092896175
9,80,363,7.3911845730027546
9,81,359,7.729805013927576
9,82,362,7.513812154696133
9,83,366,7.775956284153006
9,84,359,7.576601671309192
9,85,358,7.5
9,86,370,7.335135135135135
9,87,381,7.430446194225722
9,88,392,7.387755102040816
9,89,393,7.231552162849873
9,90,410,7.209756097560976
9,91,423,7.15130023640662
9,92,424,7.054245283018868
9,93,418,7.2894736842105265
9,94,404,7.388613861386139
9,95,406,7.559113300492611
9,96,417,7.460431654676259
9,97,412,7.546116504854369
9,98,414,7.48792270531401
9,99,425,7.261176470588235
9,100,428,7.336448598130841
9,101,431,7.185614849187935
9,102,427,6.976580796252928
9,103,419,7.221957040572792
9,104,413,7.24455205811138
9,105,422,7.414691943127962
9,106,436,7.401376146788991
9,107,438,7.52054794520548
9,108,426,7.612676056338028
9,109,418,7.607655502392345
9,110,419,7.756563245823389
9,111,402,7.763681592039801
9,112,405,7.723456790123457
9,113,405,7.8197530864197535
9,114,417,7.302158273381295
9,115,429,7.207459207459207
9,116,424,7.143867924528302
9,117,437,7.0961098398169336
9,118,439,7.168564920273348
9,119,440,7.343181818181818
9,120,444,7.27027027027027
9,121,442,7.122171945701357
9,122,443,7.331828442437923
9,123,450,7.033333333333333
9,124,454,7.061674008810573
9,125,442,7.253393665158371
9,126,442,7.1289592760181
9,127,436,7.247706422018348
9,128,433,7.304849884526559
9,129,437,7.146453089244852
9,130,436,7.231651376146789
9,131,440,7.220454545454546
9,132,447,7.078299776286354
9,133,453,7.3509933774834435
9,134,446,7.197309417040358
9,135,439,7.284738041002278
9,136,438,7.4771689497716896
9,137,428,7.570093457943925
9,138,439,7.421412300683372
9,139,441,7.301587301587301
9,140,448,7.011160714285714
9,141,434,6.942396313364055
9,142,439,6.977220956719818
9,143,443,6.772009029345372
9,144,447,6.973154362416107
9,145,447,7.026845637583893
9,146,434,6.972350230414746
9,147,451,6.980044345898005
9,148,466,6.8927038626609445
9,149,469,6.878464818763327
9,150,470,6.976595744680851
9,151,468,6.955128205128205
9,152,473,7.00845665961945
9,153,472,6.88135593220339
9,154,473,6.947145877378436
9,155,487,7.024640657084189
9,156,494,7.182186234817814
9,157,485,7.3278350515463915
9,158,487,7.2648870636550305
9,159,491,7.246435845213849
9,160,489,7.004089979550102
9,161,475,7.018947368421053
9,162,467,7.032119914346895
9,163,473,6.883720930232558
9,164,459,7.080610021786493
9,165,466,6.899141630901288
9,166,477,6.9077568134171905
9,167,501,6.956087824351298
9,168,498,7.112449799196787
9,169,479,6.979123173277662
9,170,479,6.874739039665971
9,171,482,6.788381742738589
9,172,472,6.802966101694915
9,173,480,6.7625
9,174,472,6.608050847457627
9,175,468,6.677350427350428
9,176,463,6.72354211663067
9,177,468,6.844017094017094
9,178,471,6.876857749469214
9,179,493,6.803245436105477
9,180,499,6.727454909819639
9,181,525,6.565714285714286
9,182,533,6.393996247654784
9,183,541,6.561922365988909
9,184,536,6.667910447761194
9,185,535,6.837383177570094
9,186,520,6.976923076923077
9,187,515,6.8699029126213595
9,188,536,6.815298507462686
9,189,564,6.828014184397163
9,190,585,6.875213675213676
9,191,566,7.007067137809187
9,192,551,7.074410163339383
9,193,537,7.247672253258846
9,194,522,7.469348659003831
9,195,514,7.505836575875486
9,196,512,7.478515625
9,197,508,7.440944881889764
9,198,530,7.215094339622642
9,199,535,6.934579439252336
9,200,528,6.865530303030303
9,201,530,6.771698113207547
9,202,529,6.750472589792061
9,203,517,6.663442940038685
9,204,519,6.76878612716763
9,205,529,6.669187145557656
9,206,532,6.68984962406015
9,207,538,6.780669144981412
9,208,533,6.924953095684803
9,209,529,6.8998109640831755
9,210,523,6.963671128107075
9,211,524,7.122137404580153
9,212,534,7.080524344569288
9,213,529,7.1795841209829865
9,214,527,7.1233396584440225
9,215,542,6.974169741697417
9,216,531,6.862523540489642
9,217,515,6.976699029126213
9,218,518,6.95945945945946
9,219,543,7.116022099447513
9,220,550,7.212727272727273
9,221,543,7.162062615101289
9,222,543,7.0902394106813995
9,223,535,7.192523364485981
9,224,541,7.177449168207024
9,225,535,7.164485981308411
9,226,541,7.214417744916821
9,227,539,6.970315398886828
9,228,533,7.3076923076923075
9,229,518,7.243243243243243
9,230,514,7.2587548638132295
9,231,522,7.507662835249042
9,232,517,7.3810444874274665
9,233,520,7.305769230769231
9,234,529,7.238185255198488
9,235,516,6.788759689922481
9,236,529,6.896030245746692
9,237,531,6.849340866290019
9,238,541,6.7652495378927915
9,239,547,6.892138939670932
9,240,531,7.131826741996234
9,241,537,7.052141527001862
9,242,528,7.1856060606060606
9,243,530,7.235849056603773
9,244,542,7.295202952029521
9,245,554,7.371841155234657
9,246,547,7.588665447897624
9,247,557,7.21903052064632
9,248,538,7.115241635687732
9,249,548,7.018248175182482
9,250,554,6.9296028880866425
9,251,549,7.0783242258652095
9,252,541,7.051756007393715
9,253,533,7.1313320825515945
9,254,533,7.219512195121951
9,255,532,7.1992481203007515
9,256,522,7.001915708812261
9,257,525,6.899047619047619
9,258,534,7.01123595505618
9,259,533,7.050656660412758
9,260,527,7.020872865275142
9,261,527,6.96584440227704
9,262,519,7.10019267822736
9,263,494,7.012145748987854
9,264,491,7.059063136456212
9,265,497,7.062374245472837
9,266,495,7.1030303030303035
9,267,510,7.141176470588236
9,268,514,7.017509727626459
9,269,512,7.123046875
9,270,513,7.241715399610136
9,271,497,7.030181086519114
9,272,486,7.211934156378601
9,273,484,7.074380165289257
9,274,485,7.218556701030928
9,275,465,7.316129032258065
9,276,482,7.091286307053942
9,277,482,7.026970954356846
9,278,492,7.138211382113822
9,279,473,6.978858350951374
9,280,492,6.715447154471545
9,281,498,6.744979919678715
9,282,499,6.727454909819639
9,283,480,6.95625
9,284,469,6.886993603411514
9,285,462,6.909090909090909
9,286,463,7.069114470842333
9,287,466,7.296137339055794
9,288,467,7.19914346895075
9,289,469,7.347547974413646
9,290,481,6.997920997920998
9,291,462,6.6731601731601735
9,292,479,6.780793319415449
9,293,463,6.963282937365011
9,294,449,7.062360801781737
9,295,444,7.177927927927928
9,296,453,7.0551876379690945
9,297,440,7.122727272727273
9,298,439,7.034168564920273
9,299,445,6.806741573033708
9,300,458,6.8034934497816595
9,301,449,7.042316258351893
9,302,452,6.920353982300885
9,303,449,6.87305122494432
9,304,454,7.022026431718062
9,305,461,7.295010845986985
9,306,441,7.294784580498866
9,307,438,7.390410958904109
9,308,442,7.233031674208145
9,309,433,7.521939953810624
9,310,431,7.624129930394432
9,311,418,7.54066985645933
9,312,422,7.516587677725118
9,313,406,7.130541871921182
9,314,406,7.04679802955665
9,315,412,7.184466019417476
9,316,418,7.162679425837321
9,317,416,7.418269230769231
9,318,422,7.367298578199052
9,319,421,7.410926365795724
9,320,411,7.326034063260341
9,321,414,7.316425120772947
9,322,421,7.2042755344418055
9,323,418,7.339712918660287
9,324,430,7.227906976744186
9,325,418,7.0311004784688995
9,326,421,7.004750593824228
9,327,411,6.839416058394161
9,328,422,6.62085308056872
9,329,422,6.817535545023697
9,330,430,6.841860465116279
9,331,440,6.763636363636364
9,332,442,6.98868778280543
9,333,438,7.1255707762557075
9,334,426,7.140845070422535
9,335,432,7.203703703703703
9,336,432,7.268518518518518
9,337,417,7.424460431654676
9,338,404,7.398514851485149
9,339,399,7.2105263157894735
9,340,406,7.061576354679803
9,341,407,7.179361179361179
9,342,399,6.99749373433584
9,343,413,7.014527845036319
9,344,409,7.183374083129585
9,345,409,7.1222493887530565
9,346,422,6.872037914691943
9,347,409,6.841075794621027
9,348,408,7.004901960784314
9,349,407,6.830466830466831
9,350,405,6.891358024691358
9,351,420,7.052380952380952
9,352,416,7.064903846153846
9,353,422,7.080568720379147
9,354,427,7.023419203747072
9,355,424,7.162735849056604
9,356,413,7.094430992736077
9,357,417,7.112709832134293
9,358,413,7.072639225181598
9,359,413,7.058111380145278
9,360,403,7.297766749379653
9,361,391,7.365728900255754
9,362,393,7.180661577608142
9,363,399,6.902255639097745
9,364,403,7.11166253101737
9,365,392,7.313775510204081
9,366,375,7.296
9,367,390,6.87948717948718
9,368,391,6.867007672634271
9,369,389,7.005141388174807
9,370,385,6.927272727272728
9,371,381,7.139107611548557
9,372,374,7.05614973262032
9,373,363,7.267217630853994
9,374,358,7.5027932960893855
9,375,355,7.577464788732394
9,376,345,7.744927536231884
9,377,347,7.734870317002882
9,378,351,7.601139601139601
9,379,352,7.732954545454546
9,380,348,7.502873563218391
9,381,354,7.285310734463277
9,382,345,7.2898550724637685
9,383,333,7.009009009009009
9,384,338,7.1923076923076925
9,385,335,7.146268656716418
9,386,334,6.985029940119761
9,387,326,7.134969325153374
9,388,317,7.160883280757098
9,389,328,7.246951219512195
9,390,335,7.068656716417911
9,391,323,6.9411764705882355
9,392,321,6.825545171339564
9,393,319,6.630094043887147
9,394,323,6.758513931888545
9,395,321,6.8473520249221185
9,396,320,6.925
9,397,312,7.076923076923077
9,398,298,7.154362416107382
9,399,290,7.310344827586207
9,400,281,7.185053380782918
9,401,276,7.105072463768116
9,402,269,7.178438661710037
9,403,281,7.0711743772241995
9,404,283,6.756183745583039
9,405,282,6.900709219858156
9,406,294,7.183673469387755
9,407,296,7.256756756756757
9,408,293,7.286689419795222
9,409,285,7.126315789473685
9,410,277,7.176895306859206
9,411,272,6.875
9,412,272,6.985294117647059
9,413,280,6.953571428571428
9,414,278,7.089928057553957
9,415,282,7.0212765957446805
9,416,291,6.786941580756014
9,417,288,6.826388888888889
9,418,289,6.674740484429066
9,419,290,6.644827586206897
9,420,276,6.52536231884058
9,421,269,6.866171003717472
9,422,269,7.215613382899628
9,423,261,7.2988505747126435
9,424,257,7.4319066147859925
9,425,253,7.5059288537549405
9,426,238,7.378151260504202
9,427,243,7.102880658436214
9,428,250,6.872
9,429,241,6.564315352697095
9,430,238,6.911764705882353
9,431,236,6.627118644067797
9,432,239,6.870292887029288
9,433,237,6.755274261603375
9,434,238,6.600840336134453
9,435,250,6.628
9,436,250,6.872
9,437,248,7.100806451612903
9,438,249,7.2730923694779115
9,439,249,7.497991967871486
9,440,262,7.3816793893129775
9,441,266,7.451127819548872
9,442,263,6.897338403041825
9,443,262,6.679389312977099
9,444,271,6.929889298892989
9,445,266,6.680451127819549
9,446,283,6.752650176678445
9,447,284,6.799295774647887
9,448,277,6.819494584837545
9,449,285,6.722807017543859
9,450,287,6.7073170731707314
9,451,295,6.84406779661017
9,452,291,6.979381443298969
9,453,282,7.152482269503546
9,454,279,6.849462365591398
9,455,281,7.02491103202847
9,456,289,6.771626297577854
9,457,296,6.753378378378378
9,458,295,6.759322033898305
9,459,303,6.808580858085809
9,460,303,6.798679867986799
9,461,297,6.909090909090909
9,462,294,6.9353741496598635
9,463,290,7.127586206896551
9,464,296,7.39527027027027
9,465,305,7.324590163934427
9,466,310,7.2064516129032254
9,467,306,7.140522875816994
9,468,302,7.16887417218543
9,469,301,7.069767441860465
9,470,301,7.093023255813954
9,471,304,6.980263157894737
9,472,307,6.8827361563517915
9,473,309,6.993527508090615
9,474,315,6.882539682539683
9,475,306,6.758169934640523
9,476,310,6.622580645161291
9,477,317,6.747634069400631
9,478,312,6.766025641025641
9,479,316,6.5094936708860756
9,480,315,6.346031746031746
9,481,317,6.514195583596215
9,482,311,6.70096463022508
9,483,304,6.8355263157894735
9,484,314,6.509554140127388
9,485,322,6.624223602484472
9,486,318,6.80188679245283
9,487,323,7.1609907120743035
9,488,323,7.219814241486068
9,489,324,6.8765432098765435
9,490,332,6.894578313253012
9,491,330,7.051515151515152
9,492,322,7.093167701863354
9,493,323,7.123839009287925
9,494,331,7.2507552870090635
9,495,339,7.43952802359882
9,496,329,7.565349544072948
9,497,321,7.526479750778816
9,498,314,7.601910828025478
9,499,303,7.485148514851486
9,500,296,7.5641891891891895
9,501,288,7.78125
9,502,274,7.478102189781022
9,503,269,7.275092936802974
9,504,265,7.241509433962264
9,505,267,7.250936329588015
9,506,279,7.053763440860215
9,507,280,6.853571428571429
9,508,267,7.2322097378277155
9,509,263,7.452471482889734
9,510,267,7.438202247191011
9,511,265,7.452830188679245
9,512,268,7.645522388059701
9,513,264,7.416666666666667
9,514,268,7.141791044776119
9,515,264,6.878787878787879
9,516,267,6.775280898876405
9,517,263,6.85171102661597
9,518,259,6.969111969111969
9,519,252,7.099206349206349
9,520,250,7.108
9,521,248,6.975806451612903
9,522,247,6.906882591093117
9,523,242,6.93801652892562
9,524,242,7.103305785123967
9,525,245,7.09795918367347
9,526,243,7.049382716049383
9,527,241,6.954356846473029
9,528,245,6.738775510204082
9,529,240,6.7625
9,530,248,6.778225806451613
9,531,237,6.8691983122362865
9,532,235,7.25531914893617
9,533,222,7.157657657657658
9,534,208,7.173076923076923
9,535,204,7.382352941176471
9,536,193,7.243523316062176
9,537,183,7.19672131147541
9,538,189,6.825396825396825
9,539,199,6.683417085427136
9,540,187,6.898395721925134
9,541,182,6.917582417582418
9,542,182,6.593406593406593
9,543,175,6.611428571428571
9,544,180,6.877777777777778
9,545,178,6.831460674157303
9,546,191,6.69109947643979
9,547,195,6.723076923076923
9,548,204,6.8088235294117645
9,549,205,6.658536585365853
9,550,195,6.6
9,551,195,6.758974358974359
9,552,192,6.859375
9,553,189,6.851851851851852
9,554,194,6.881443298969073
9,555,192,7.020833333333333
9,556,190,6.9
9,557,183,6.868852459016393
9,558,178,6.702247191011236
9,559,181,6.856353591160221
9,560,184,7.130434782608695
9,561,181,6.972375690607735
9,562,178,6.921348314606742
9,563,181,6.8121546961325965
9,564,185,6.34054054054054
9,565,191,6.460732984293194
9,566,185,6.708108108108108
9,567,193,6.61139896373057
9,568,193,6.647668393782383
9,569,194,6.778350515463917
9,570,188,6.877659574468085
9,571,198,6.191919191919192
9,572,204,6.647058823529412
9,573,196,7.071428571428571
9,574,195,7.087179487179487
9,575,189,7.407407407407407
9,576,180,7.038888888888889
9,577,192,6.895833333333333
9,578,182,6.802197802197802
9,579,186,6.618279569892473
9,580,193,6.331606217616581
9,581,192,6.484375
9,582,200,6.68
9,583,194,7.118556701030927
9,584,188,7.090425531914893
9,585,191,7.146596858638744
9,586,193,6.994818652849741
9,587,193,6.94300518134715
9,588,192,6.958333333333333
9,589,187,6.652406417112299
9,590,189,6.444444444444445
9,591,172,6.8313953488372094
9,592,175,6.92
9,593,171,7.052631578947368
9,594,168,6.880952380952381
9,595,156,6.762820512820513
9,596,153,6.921568627450981
9,597,156,7.198717948717949
9,598,156,7.173076923076923
9,599,147,7.299319727891157
9,600,151,6.80794701986755
