iteration,year,population_size,average_age
0,0,30,0.0
0,1,30,1.0
0,2,30,2.0
0,3,30,3.0
0,4,30,4.0
0,5,30,5.0
0,6,30,6.0
0,7,30,7.0
0,8,36,6.666666666666667
0,9,43,6.4186046511627906
0,10,54,5.907407407407407
0,11,55,6.581818181818182
0,12,56,7.017857142857143
0,13,61,7.360655737704918
0,14,63,8.015873015873016
0,15,73,7.684931506849315
0,16,75,8.266666666666667
0,17,83,8.072289156626505
0,18,90,8.366666666666667
0,19,92,8.815217391304348
0,20,98,8.806122448979592
0,21,101,8.990099009900991
0,22,109,8.81651376146789
0,23,114,9.298245614035087
0,24,116,9.612068965517242
0,25,116,9.53448275862069
0,26,123,9.560975609756097
0,27,129,9.55813953488372
0,28,136,9.595588235294118
0,29,132,9.81060606060606
0,30,142,9.54225352112676
0,31,144,9.20138888888889
0,32,135,7.9185185185185185
0,33,144,8.159722222222221
0,34,144,8.229166666666666
0,35,157,7.949044585987261
0,36,165,8.115151515151515
0,37,173,8.433526011560694
0,38,178,8.48314606741573
0,39,183,8.087431693989071
0,40,190,7.894736842105263
0,41,194,7.546391752577319
0,42,194,7.412371134020619
0,43,202,7.321782178217822
0,44,206,7.388349514563107
0,45,203,7.9655172413793105
0,46,207,8.169082125603865
0,47,207,8.21256038647343
0,48,210,8.304761904761905
0,49,208,8.403846153846153
0,50,203,8.024630541871922
0,51,218,8.13302752293578
0,52,220,8.15
0,53,216,8.050925925925926
0,54,211,8.260663507109005
0,55,213,8.248826291079812
0,56,222,8.337837837837839
0,57,225,8.235555555555555
0,58,229,8.034934497816593
0,59,225,7.8933333333333335
0,60,218,7.912844036697248
0,61,216,8.157407407407407
0,62,214,8.16822429906542
0,63,211,8.218009478672986
0,64,214,8.257009345794392
0,65,220,8.122727272727273
0,66,216,7.925925925925926
0,67,219,7.986301369863014
0,68,228,8.078947368421053
0,69,232,8.155172413793103
0,70,232,8.25
0,71,233,8.141630901287554
0,72,221,7.728506787330317
0,73,228,7.307017543859649
0,74,230,7.178260869565217
0,75,228,7.131578947368421
0,76,232,7.193965517241379
0,77,240,6.829166666666667
0,78,254,6.933070866141732
0,79,255,6.992156862745098
0,80,258,7.267441860465116
0,81,261,7.398467432950191
0,82,259,7.1312741312741315
0,83,249,7.473895582329317
0,84,246,7.621951219512195
0,85,247,7.497975708502024
0,86,255,7.749019607843137
0,87,264,7.443181818181818
0,88,262,7.3320610687022905
0,89,258,7.286821705426356
0,90,257,7.035019455252918
0,91,257,6.98443579766537
0,92,258,7.050387596899225
0,93,257,7.447470817120623
0,94,243,7.2181069958847734
0,95,251,7.326693227091633
0,96,260,6.903846153846154
0,97,263,7.102661596958175
0,98,282,7.00709219858156
0,99,290,7.0793103448275865
0,100,286,7.020979020979021
0,101,287,7.181184668989547
0,102,284,7.21830985915493
0,103,280,6.939285714285714
0,104,267,7.2209737827715355
0,105,274,7.237226277372263
0,106,283,7.275618374558304
0,107,294,7.479591836734694
0,108,298,7.3389261744966445
0,109,303,7.188118811881188
0,110,288,7.243055555555555
0,111,291,7.237113402061856
0,112,298,7.097315436241611
0,113,294,7.095238095238095
0,114,288,7.350694444444445
0,115,283,7.321554770318021
0,116,282,7.4822695035460995
0,117,290,7.275862068965517
0,118,279,7.573476702508961
0,119,281,7.672597864768683
0,120,281,7.480427046263345
0,121,273,7.3003663003663
0,122,277,7.299638989169675
0,123,276,7.105072463768116
0,124,281,6.99644128113879
0,125,278,6.906474820143885
0,126,281,7.07829181494662
0,127,291,7.058419243986254
0,128,279,7.025089605734767
0,129,282,7.148936170212766
0,130,288,7.1875
0,131,272,7.161764705882353
0,132,275,7.3127272727272725
0,133,277,7.227436823104693
0,134,288,7.149305555555555
0,135,298,7.0134228187919465
0,136,292,7.0479452054794525
0,137,286,7.076923076923077
0,138,285,7.007017543859649
0,139,282,7.280141843971631
0,140,281,7.334519572953736
0,141,271,7.2988929889298895
0,142,275,7.4363636363636365
0,143,276,7.1268115942028984
0,144,277,7.303249097472924
0,145,270,7.437037037037037
0,146,272,7.275735294117647
0,147,266,7.225563909774436
0,148,264,7.295454545454546
0,149,267,7.127340823970037
0,150,272,6.955882352941177
0,151,280,6.960714285714285
0,152,282,6.943262411347518
0,153,279,7.17921146953405
0,154,287,6.989547038327526
0,155,273,7.186813186813187
0,156,269,7.286245353159852
0,157,270,7.337037037037037
0,158,265,7.166037735849057
0,159,270,6.837037037037037
0,160,268,6.973880597014926
0,161,269,6.717472118959108
0,162,266,6.924812030075188
0,163,265,7.041509433962264
0,164,256,7.0703125
0,165,259,7.301158301158301
0,166,264,7.212121212121212
0,167,263,7.17490494296578
0,168,260,7.3076923076923075
0,169,260,7.180769230769231
0,170,243,7.2633744855967075
0,171,242,7.615702479338843
0,172,239,7.702928870292887
0,173,237,7.831223628691983
0,174,240,8.004166666666666
0,175,262,7.412213740458015
0,176,261,7.540229885057471
0,177,242,7.413223140495868
0,178,244,7.168032786885246
0,179,245,6.677551020408163
0,180,243,6.7407407407407405
0,181,238,6.718487394957983
0,182,238,7.071428571428571
0,183,248,7.149193548387097
0,184,244,7.045081967213115
0,185,241,6.854771784232365
0,186,241,7.141078838174274
0,187,245,7.012244897959183
0,188,243,7.31275720164609
0,189,233,7.223175965665236
0,190,233,7.450643776824034
0,191,233,7.854077253218884
0,192,233,7.665236051502146
0,193,233,7.497854077253219
0,194,224,7.415178571428571
0,195,223,7.2242152466367715
0,196,217,7.32258064516129
0,197,222,7.166666666666667
0,198,218,7.192660550458716
0,199,205,7.253658536585366
0,200,212,7.264150943396227
0,201,210,6.961904761904762
0,202,224,7.004464285714286
0,203,228,6.982456140350878
0,204,224,6.660714285714286
0,205,222,6.806306306306307
0,206,221,6.633484162895928
0,207,222,6.896396396396397
0,208,214,6.962616822429907
0,209,210,6.685714285714286
0,210,214,6.822429906542056
0,211,202,6.821782178217822
0,212,211,6.843601895734597
0,213,205,7.0390243902439025
0,214,206,6.742718446601942
0,215,197,6.675126903553299
0,216,194,6.84020618556701
0,217,190,6.794736842105263
0,218,191,6.890052356020942
0,219,196,6.816326530612245
0,220,184,6.630434782608695
0,221,181,6.386740331491713
0,222,171,6.631578947368421
0,223,167,6.820359281437126
0,224,177,6.740112994350283
0,225,174,6.626436781609195
0,226,166,6.608433734939759
0,227,166,6.63855421686747
0,228,159,6.710691823899371
0,229,153,7.0588235294117645
0,230,150,7.246666666666667
0,231,154,6.805194805194805
0,232,153,6.980392156862745
0,233,143,6.888111888111888
0,234,144,7.020833333333333
0,235,136,7.029411764705882
0,236,130,7.569230769230769
0,237,127,7.433070866141732
0,238,125,7.56
0,239,127,7.440944881889764
0,240,124,7.588709677419355
0,241,115,7.339130434782609
0,242,116,7.241379310344827
0,243,113,6.982300884955753
0,244,114,7.175438596491228
0,245,108,7.148148148148148
0,246,108,6.611111111111111
0,247,110,6.909090909090909
0,248,109,6.834862385321101
0,249,107,7.11214953271028
0,250,105,6.895238095238096
0,251,109,6.908256880733945
0,252,101,6.910891089108911
0,253,105,6.961904761904762
0,254,108,6.925925925925926
0,255,106,6.933962264150943
0,256,107,6.822429906542056
0,257,102,7.098039215686274
0,258,100,7.02
0,259,102,7.480392156862745
0,260,106,7.518867924528302
0,261,105,7.114285714285714
0,262,101,7.297029702970297
0,263,93,7.096774193548387
0,264,96,7.25
0,265,91,7.186813186813187
0,266,89,7.292134831460674
0,267,92,7.054347826086956
0,268,97,6.938144329896907
0,269,98,6.989795918367347
0,270,89,6.876404494382022
0,271,86,6.953488372093023
0,272,82,7.219512195121951
0,273,80,7.4625
0,274,78,7.67948717948718
0,275,81,7.234567901234568
0,276,72,7.152777777777778
0,277,71,7.028169014084507
0,278,77,7.246753246753247
0,279,77,7.48051948051948
0,280,74,7.5675675675675675
0,281,70,7.428571428571429
0,282,66,7.121212121212121
0,283,65,6.969230769230769
0,284,65,7.476923076923077
0,285,60,7.2
0,286,60,7.45
0,287,63,7.571428571428571
0,288,62,7.741935483870968
0,289,64,7.671875
0,290,65,7.861538461538461
0,291,65,7.923076923076923
0,292,66,8.0
0,293,65,8.123076923076923
0,294,62,8.32258064516129
0,295,64,7.875
0,296,61,7.754098360655738
0,297,64,7.796875
0,298,59,7.288135593220339
0,299,66,7.166666666666667
0,300,66,7.606060606060606
0,301,73,7.6438356164383565
0,302,71,7.450704225352113
0,303,76,7.2894736842105265
0,304,74,6.837837837837838
0,305,77,7.077922077922078
0,306,75,7.493333333333333
0,307,69,7.6521739130434785
0,308,75,7.4
0,309,82,7.304878048780488
0,310,82,7.365853658536586
0,311,80,7.025
0,312,96,6.333333333333333
0,313,99,6.222222222222222
0,314,98,6.336734693877551
0,315,97,6.319587628865979
0,316,101,6.445544554455446
0,317,109,6.605504587155964
0,318,109,6.770642201834862
0,319,107,6.953271028037383
0,320,100,6.83
0,321,103,7.0
0,322,104,7.028846153846154
0,323,112,6.616071428571429
0,324,109,6.715596330275229
0,325,102,6.568627450980392
0,326,99,6.666666666666667
0,327,105,6.352380952380952
0,328,110,6.709090909090909
0,329,106,7.028301886792453
0,330,102,7.294117647058823
0,331,102,7.127450980392157
0,332,105,7.0
0,333,102,6.705882352941177
0,334,102,6.980392156862745
0,335,106,6.537735849056604
0,336,109,7.027522935779817
0,337,98,6.571428571428571
0,338,95,6.052631578947368
0,339,97,6.164948453608248
0,340,102,6.4411764705882355
0,341,103,6.407766990291262
0,342,103,6.825242718446602
0,343,94,6.691489361702128
0,344,94,7.287234042553192
0,345,89,7.112359550561798
0,346,87,7.597701149425287
0,347,87,7.67816091954023
0,348,86,7.5813953488372094
0,349,86,7.593023255813954
0,350,87,7.482758620689655
0,351,88,7.2727272727272725
0,352,88,7.3522727272727275
0,353,84,6.916666666666667
0,354,83,6.831325301204819
0,355,81,6.864197530864198
0,356,82,6.682926829268292
0,357,80,7.1625
0,358,74,7.364864864864865
0,359,72,7.222222222222222
0,360,71,7.140845070422535
0,361,73,7.041095890410959
0,362,74,7.175675675675675
0,363,72,7.069444444444445
0,364,71,7.0
0,365,69,6.840579710144928
0,366,69,7.159420289855072
0,367,66,6.651515151515151
0,368,63,6.777777777777778
0,369,57,6.701754385964913
0,370,58,7.086206896551724
0,371,54,6.907407407407407
0,372,59,6.966101694915254
0,373,65,7.230769230769231
0,374,64,7.25
0,375,64,7.546875
0,376,60,7.266666666666667
0,377,57,7.140350877192983
0,378,59,7.135593220338983
0,379,53,6.9245283018867925
0,380,55,7.381818181818182
0,381,60,6.966666666666667
0,382,61,7.278688524590164
0,383,63,7.238095238095238
0,384,70,7.214285714285714
0,385,71,7.352112676056338
0,386,70,7.271428571428571
0,387,62,6.870967741935484
0,388,61,6.836065573770492
0,389,59,6.694915254237288
0,390,60,6.483333333333333
0,391,58,6.620689655172414
0,392,59,6.677966101694915
0,393,58,7.0344827586206895
0,394,56,6.982142857142857
0,395,56,7.25
0,396,50,7.32
0,397,50,7.32
0,398,48,7.5
0,399,47,7.76595744680851
0,400,47,7.404255319148936
1,0,30,0.0
1,1,30,1.0
1,2,30,2.0
1,3,30,3.0
1,4,30,4.0
1,5,30,5.0
1,6,30,6.0
1,7,30,7.0
1,8,34,7.0588235294117645
1,9,39,7.0256410256410255
1,10,43,7.27906976744186
1,11,50,7.12
1,12,54,7.518518518518518
1,13,56,7.982142857142857
1,14,62,8.112903225806452
1,15,67,8.208955223880597
1,16,72,8.347222222222221
1,17,79,8.518987341772151
1,18,84,8.75
1,19,89,8.775280898876405
1,20,94,8.914893617021276
1,21,106,8.518867924528301
1,22,110,8.89090909090909
1,23,110,9.60909090909091
1,24,119,9.605042016806722
1,25,128,9.53125
1,26,136,9.536764705882353
1,27,139,9.345323741007194
1,28,148,8.993243243243244
1,29,152,9.25
1,30,157,9.420382165605096
1,31,156,9.91025641025641
1,32,156,8.025641025641026
1,33,158,8.360759493670885
1,34,166,8.542168674698795
1,35,180,8.055555555555555
1,36,181,8.386740331491712
1,37,193,7.953367875647668
1,38,194,8.608247422680412
1,39,196,8.418367346938776
1,40,204,8.259803921568627
1,41,216,8.078703703703704
1,42,219,8.164383561643836
1,43,228,8.021929824561404
1,44,228,8.114035087719298
1,45,226,8.030973451327434
1,46,227,8.07488986784141
1,47,235,8.029787234042553
1,48,241,8.0
1,49,250,8.188
1,50,258,8.178294573643411
1,51,275,7.912727272727273
1,52,277,7.996389891696751
1,53,286,7.923076923076923
1,54,290,8.220689655172414
1,55,288,8.333333333333334
1,56,298,8.36241610738255
1,57,302,8.298013245033113
1,58,322,7.540372670807454
1,59,324,7.462962962962963
1,60,318,7.031446540880503
1,61,328,7.0
1,62,334,7.269461077844311
1,63,345,7.397101449275362
1,64,355,7.27887323943662
1,65,361,7.617728531855955
1,66,370,7.681081081081081
1,67,383,7.819843342036553
1,68,385,7.922077922077922
1,69,386,7.862694300518135
1,70,380,7.928947368421053
1,71,370,7.527027027027027
1,72,375,7.448
1,73,385,7.298701298701299
1,74,388,7.469072164948454
1,75,374,7.596256684491979
1,76,379,7.3905013192612135
1,77,373,7.514745308310992
1,78,369,7.485094850948509
1,79,376,7.492021276595745
1,80,380,7.505263157894737
1,81,381,7.4015748031496065
1,82,377,7.559681697612732
1,83,391,7.3861892583120206
1,84,386,7.253886010362694
1,85,381,7.246719160104987
1,86,378,7.256613756613756
1,87,383,7.4516971279373365
1,88,378,7.476190476190476
1,89,374,7.462566844919786
1,90,375,7.448
1,91,387,7.498708010335918
1,92,379,7.696569920844327
1,93,376,7.872340425531915
1,94,382,7.714659685863874
1,95,390,7.717948717948718
1,96,399,7.651629072681704
1,97,389,7.5886889460154245
1,98,387,7.68733850129199
1,99,382,7.617801047120419
1,100,384,7.481770833333333
1,101,381,7.41994750656168
1,102,389,7.221079691516709
1,103,403,7.143920595533499
1,104,398,7.296482412060302
1,105,407,7.157248157248158
1,106,410,7.175609756097561
1,107,427,7.259953161592506
1,108,435,7.160919540229885
1,109,423,7.167848699763593
1,110,412,7.276699029126213
1,111,423,7.219858156028369
1,112,424,7.488207547169812
1,113,419,7.4892601431980905
1,114,424,7.231132075471698
1,115,426,7.192488262910798
1,116,440,7.029545454545454
1,117,432,7.141203703703703
1,118,444,6.995495495495495
1,119,443,7.042889390519187
1,120,432,7.18287037037037
1,121,418,7.07177033492823
1,122,418,7.177033492822966
1,123,435,7.07816091954023
1,124,443,7.036117381489842
1,125,449,6.904231625835189
1,126,451,7.006651884700665
1,127,447,7.017897091722595
1,128,452,6.995575221238938
1,129,444,7.1824324324324325
1,130,454,7.11453744493392
1,131,458,6.978165938864628
1,132,453,6.9448123620309055
1,133,454,7.022026431718062
1,134,459,7.0130718954248366
1,135,458,7.126637554585153
1,136,462,6.98051948051948
1,137,463,7.235421166306695
1,138,472,7.201271186440678
1,139,466,7.3004291845493565
1,140,486,6.936213991769547
1,141,493,6.9168356997971605
1,142,482,6.821576763485477
1,143,475,6.8589473684210525
1,144,485,6.979381443298969
1,145,487,6.950718685831622
1,146,487,7.059548254620124
1,147,482,7.16390041493776
1,148,473,6.767441860465116
1,149,488,6.819672131147541
1,150,491,6.997963340122199
1,151,486,7.11522633744856
1,152,481,7.218295218295219
1,153,488,7.315573770491803
1,154,489,7.222903885480573
1,155,475,7.324210526315789
1,156,462,7.491341991341991
1,157,457,7.5054704595186
1,158,445,7.420224719101124
1,159,457,7.137855579868709
1,160,441,7.074829931972789
1,161,430,7.0418604651162795
1,162,427,6.76112412177986
1,163,414,6.869565217391305
1,164,402,6.902985074626866
1,165,402,6.970149253731344
1,166,404,6.9950495049504955
1,167,415,7.103614457831325
1,168,422,7.123222748815166
1,169,418,6.971291866028708
1,170,435,6.967816091954023
1,171,432,6.8125
1,172,412,6.861650485436893
1,173,410,6.851219512195122
1,174,403,6.965260545905707
1,175,417,7.179856115107913
1,176,412,7.320388349514563
1,177,402,7.308457711442786
1,178,405,7.106172839506173
1,179,404,7.076732673267327
1,180,401,7.047381546134663
1,181,392,6.997448979591836
1,182,387,6.987080103359173
1,183,367,7.258855585831062
1,184,351,7.293447293447294
1,185,329,7.407294832826747
1,186,319,7.103448275862069
1,187,318,7.188679245283019
1,188,314,7.305732484076433
1,189,304,7.440789473684211
1,190,306,7.457516339869281
1,191,312,7.17948717948718
1,192,310,7.396774193548387
1,193,309,7.26537216828479
1,194,296,7.570945945945946
1,195,284,7.51056338028169
1,196,291,7.391752577319588
1,197,301,7.3455149501661126
1,198,301,7.146179401993355
1,199,306,7.0130718954248366
1,200,302,7.0927152317880795
1,201,301,6.910299003322259
1,202,297,6.828282828282828
1,203,293,7.037542662116041
1,204,296,7.118243243243243
1,205,300,7.1866666666666665
1,206,293,6.969283276450512
1,207,299,6.906354515050167
1,208,285,6.912280701754386
1,209,280,7.010714285714286
1,210,282,6.868794326241135
1,211,281,7.199288256227758
1,212,282,7.287234042553192
1,213,269,7.204460966542751
1,214,258,7.015503875968992
1,215,252,6.853174603174603
1,216,247,6.607287449392713
1,217,239,6.97071129707113
1,218,232,6.974137931034483
1,219,234,7.068376068376068
1,220,239,7.079497907949791
1,221,243,6.823045267489712
1,222,246,6.5528455284552845
1,223,248,6.75
1,224,248,6.786290322580645
1,225,238,7.012605042016807
1,226,236,7.1525423728813555
1,227,234,7.162393162393163
1,228,231,7.251082251082251
1,229,224,7.357142857142857
1,230,215,7.474418604651163
1,231,213,7.347417840375587
1,232,223,7.2825112107623315
1,233,223,7.354260089686099
1,234,225,7.262222222222222
1,235,226,7.446902654867257
1,236,224,7.5
1,237,232,7.387931034482759
1,238,223,7.327354260089686
1,239,218,7.155963302752293
1,240,215,6.897674418604651
1,241,210,7.114285714285714
1,242,212,7.193396226415095
1,243,203,7.1182266009852215
1,244,197,6.918781725888325
1,245,204,6.926470588235294
1,246,204,7.377450980392157
1,247,193,6.974093264248705
1,248,192,7.307291666666667
1,249,195,7.364102564102564
1,250,202,7.47029702970297
1,251,205,7.390243902439025
1,252,199,7.201005025125628
1,253,204,7.117647058823529
1,254,207,7.159420289855072
1,255,204,7.053921568627451
1,256,199,6.778894472361809
1,257,190,6.9
1,258,190,6.752631578947368
1,259,191,6.769633507853404
1,260,193,7.0310880829015545
1,261,192,7.458333333333333
1,262,192,7.078125
1,263,200,7.115
1,264,200,7.44
1,265,202,7.138613861386139
1,266,204,7.122549019607843
1,267,211,7.312796208530806
1,268,221,6.864253393665158
1,269,218,6.9495412844036695
1,270,227,6.916299559471366
1,271,232,7.185344827586207
1,272,228,7.280701754385965
1,273,223,7.058295964125561
1,274,221,7.257918552036199
1,275,231,7.1645021645021645
1,276,226,7.061946902654867
1,277,210,6.985714285714286
1,278,210,6.957142857142857
1,279,210,6.980952380952381
1,280,198,7.045454545454546
1,281,199,6.743718592964824
1,282,195,6.902564102564103
1,283,204,6.745098039215686
1,284,195,6.666666666666667
1,285,190,6.973684210526316
1,286,193,7.020725388601036
1,287,189,7.285714285714286
1,288,176,7.125
1,289,174,7.2011494252873565
1,290,173,7.023121387283237
1,291,175,7.2057142857142855
1,292,171,7.228070175438597
1,293,172,7.145348837209302
1,294,177,7.067796610169491
1,295,181,7.011049723756906
1,296,181,6.806629834254144
1,297,185,6.8
1,298,182,6.873626373626373
1,299,171,6.912280701754386
1,300,177,7.056497175141243
1,301,176,7.125
1,302,180,7.266666666666667
1,303,175,6.84
1,304,172,6.5523255813953485
1,305,173,6.3468208092485545
1,306,179,6.324022346368715
1,307,179,6.424581005586592
1,308,185,6.697297297297298
1,309,189,6.867724867724868
1,310,183,6.73224043715847
1,311,177,6.418079096045198
1,312,174,6.706896551724138
1,313,178,6.606741573033708
1,314,178,6.780898876404494
1,315,169,6.550295857988166
1,316,162,6.469135802469136
1,317,164,6.725609756097561
1,318,167,6.874251497005988
1,319,162,6.938271604938271
1,320,155,7.096774193548387
1,321,149,7.389261744966443
1,322,147,7.45578231292517
1,323,145,7.4
1,324,139,7.151079136690647
1,325,135,7.37037037037037
1,326,130,7.007692307692308
1,327,134,6.776119402985074
1,328,134,7.126865671641791
1,329,129,7.077519379844961
1,330,130,7.230769230769231
1,331,128,7.375
1,332,123,7.203252032520325
1,333,122,7.598360655737705
1,334,114,7.956140350877193
1,335,108,7.861111111111111
1,336,111,7.963963963963964
1,337,108,7.7407407407407405
1,338,108,7.537037037037037
1,339,111,7.081081081081081
1,340,111,6.594594594594595
1,341,114,6.947368421052632
1,342,113,6.884955752212389
1,343,107,6.850467289719626
1,344,108,6.87962962962963
1,345,111,6.747747747747748
1,346,108,7.185185185185185
1,347,108,7.305555555555555
1,348,102,6.872549019607843
1,349,105,6.742857142857143
1,350,106,6.716981132075472
1,351,105,6.666666666666667
1,352,109,6.807339449541284
1,353,109,7.091743119266055
1,354,104,7.221153846153846
1,355,106,7.537735849056604
1,356,106,7.311320754716981
1,357,108,7.037037037037037
1,358,106,6.943396226415095
1,359,103,6.718446601941747
1,360,108,6.25
1,361,103,6.796116504854369
1,362,98,6.785714285714286
1,363,97,6.731958762886598
1,364,92,7.217391304347826
1,365,91,6.8791208791208796
1,366,98,6.989795918367347
1,367,96,7.6875
1,368,100,7.36
1,369,97,7.061855670103093
1,370,96,6.822916666666667
1,371,103,6.466019417475728
1,372,102,6.980392156862745
1,373,109,7.10091743119266
1,374,109,6.7889908256880735
1,375,101,6.881188118811881
1,376,99,6.888888888888889
1,377,103,6.854368932038835
1,378,102,7.098039215686274
1,379,102,7.2254901960784315
1,380,97,7.144329896907217
1,381,91,6.934065934065934
1,382,93,6.795698924731183
1,383,89,7.382022471910112
1,384,82,6.865853658536586
1,385,84,6.738095238095238
1,386,85,6.752941176470588
1,387,81,7.111111111111111
1,388,77,7.1558441558441555
1,389,76,6.9868421052631575
1,390,78,7.0
1,391,72,7.125
1,392,75,6.933333333333334
1,393,71,6.845070422535211
1,394,69,7.173913043478261
1,395,66,7.015151515151516
1,396,64,7.171875
1,397,58,7.224137931034483
1,398,51,7.0
1,399,48,7.416666666666667
1,400,52,7.519230769230769
2,0,30,0.0
2,1,30,1.0
2,2,30,2.0
2,3,30,3.0
2,4,30,4.0
2,5,30,5.0
2,6,30,6.0
2,7,30,7.0
2,8,34,7.0588235294117645
2,9,38,7.2105263157894735
2,10,42,7.428571428571429
2,11,45,7.866666666666666
2,12,48,8.3125
2,13,54,8.277777777777779
2,14,60,8.35
2,15,65,8.553846153846154
2,16,76,8.171052631578947
2,17,77,8.727272727272727
2,18,82,9.134146341463415
2,19,94,8.840425531914894
2,20,104,8.89423076923077
2,21,112,9.1875
2,22,124,8.935483870967742
2,23,129,8.937984496124031
2,24,141,8.921985815602836
2,25,151,9.066225165562914
2,26,163,8.582822085889571
2,27,177,8.774011299435028
2,28,191,8.968586387434556
2,29,195,9.323076923076924
2,30,202,9.455445544554456
2,31,217,9.221198156682028
2,32,210,7.609523809523809
2,33,219,7.949771689497717
2,34,230,8.02608695652174
2,35,240,8.125
2,36,243,8.40329218106996
2,37,253,8.371541501976285
2,38,263,8.391634980988593
2,39,277,8.166064981949459
2,40,284,8.433098591549296
2,41,287,8.421602787456447
2,42,306,8.542483660130719
2,43,310,8.558064516129033
2,44,329,8.136778115501519
2,45,338,8.029585798816568
2,46,353,8.025495750708215
2,47,380,7.839473684210526
2,48,390,7.802564102564102
2,49,400,7.91
2,50,407,7.835380835380835
2,51,419,8.023866348448687
2,52,424,8.125
2,53,425,7.908235294117647
2,54,442,7.504524886877828
2,55,449,7.65924276169265
2,56,445,7.510112359550562
2,57,475,7.418947368421053
2,58,483,7.556935817805383
2,59,494,7.548582995951417
2,60,489,7.67280163599182
2,61,502,7.583665338645418
2,62,504,7.615079365079365
2,63,503,7.5546719681908545
2,64,512,7.181640625
2,65,536,7.199626865671642
2,66,550,7.370909090909091
2,67,571,7.399299474605955
2,68,567,7.37742504409171
2,69,558,7.360215053763441
2,70,553,7.535262206148282
2,71,561,7.54367201426025
2,72,552,7.338768115942029
2,73,558,7.412186379928316
2,74,563,7.298401420959148
2,75,569,7.38664323374341
2,76,571,7.345008756567426
2,77,584,7.335616438356165
2,78,582,7.563573883161512
2,79,579,7.514680483592401
2,80,582,7.491408934707904
2,81,601,7.394342762063228
2,82,613,7.417618270799347
2,83,604,7.385761589403973
2,84,608,7.375
2,85,612,7.501633986928105
2,86,614,7.420195439739413
2,87,606,7.341584158415841
2,88,601,7.222961730449251
2,89,604,7.48841059602649
2,90,607,7.382207578253706
2,91,620,7.25
2,92,632,7.4414556962025316
2,93,630,7.353968253968254
2,94,648,7.231481481481482
2,95,624,7.299679487179487
2,96,628,7.226114649681529
2,97,631,7.131537242472266
2,98,627,7.103668261562999
2,99,618,7.17799352750809
2,100,609,7.331691297208539
2,101,611,7.423895253682487
2,102,607,7.472817133443163
2,103,632,7.200949367088608
2,104,621,7.004830917874396
2,105,633,6.947867298578199
2,106,639,6.90453834115806
2,107,634,7.028391167192429
2,108,629,6.968203497615263
2,109,624,7.065705128205129
2,110,620,7.124193548387097
2,111,632,6.966772151898734
2,112,649,7.070878274268105
2,113,666,7.117117117117117
2,114,646,7.2105263157894735
2,115,646,7.239938080495356
2,116,656,7.271341463414634
2,117,653,7.079632465543645
2,118,653,7.174578866768759
2,119,673,7.112927191679049
2,120,665,7.288721804511278
2,121,673,7.157503714710253
2,122,676,7.122781065088757
2,123,686,7.198250728862973
2,124,692,7.095375722543353
2,125,687,7.232896652110626
2,126,688,7.2020348837209305
2,127,720,7.036111111111111
2,128,730,6.971232876712329
2,129,744,7.016129032258065
2,130,737,7.188602442333786
2,131,745,7.080536912751678
2,132,726,7.1088154269972454
2,133,719,7.044506258692628
2,134,719,7.2114047287899865
2,135,712,7.063202247191011
2,136,716,7.092178770949721
2,137,728,7.200549450549451
2,138,733,7.266030013642565
2,139,721,7.320388349514563
2,140,708,7.422316384180791
2,141,716,7.307262569832402
2,142,711,7.357243319268636
2,143,706,7.208215297450425
2,144,713,7.137447405329593
2,145,727,7.160935350756533
2,146,713,7.197755960729313
2,147,702,7.3262108262108265
2,148,686,7.368804664723032
2,149,697,7.39167862266858
2,150,698,7.391117478510028
2,151,682,7.385630498533724
2,152,697,7.3012912482066
2,153,700,7.3428571428571425
2,154,713,7.399719495091164
2,155,713,7.367461430575035
2,156,710,7.312676056338028
2,157,712,7.367977528089888
2,158,737,7.276797829036635
2,159,735,7.069387755102041
2,160,731,6.969904240766074
2,161,741,6.865047233468286
2,162,748,6.975935828877005
2,163,771,6.9896238651102465
2,164,767,6.970013037809648
2,165,752,7.01595744680851
2,166,767,7.112125162972621
2,167,775,7.15483870967742
2,168,784,7.125
2,169,777,7.162162162162162
2,170,799,7.081351689612015
2,171,783,6.969348659003831
2,172,787,6.958068614993647
2,173,804,7.041044776119403
2,174,802,7.190773067331671
2,175,788,7.1738578680203045
2,176,795,7.076729559748427
2,177,789,7.025348542458809
2,178,777,6.915057915057915
2,179,776,6.900773195876289
2,180,769,6.928478543563069
2,181,772,6.901554404145077
2,182,788,6.964467005076142
2,183,781,6.919334186939821
2,184,783,6.961685823754789
2,185,755,6.911258278145695
2,186,763,6.956749672346002
2,187,746,6.99597855227882
2,188,745,6.76510067114094
2,189,736,7.057065217391305
2,190,734,7.226158038147139
2,191,729,7.190672153635116
2,192,729,7.2770919067215365
2,193,723,7.199170124481328
2,194,728,7.1923076923076925
2,195,712,7.186797752808989
2,196,722,7.038781163434903
2,197,746,6.841823056300268
2,198,730,6.838356164383562
2,199,726,6.833333333333333
2,200,729,6.854595336076818
2,201,745,6.8
2,202,752,6.832446808510638
2,203,732,6.852459016393443
2,204,726,6.887052341597796
2,205,703,7.11379800853485
2,206,702,7.252136752136752
2,207,714,7.38515406162465
2,208,707,7.509193776520509
2,209,701,7.30527817403709
2,210,709,7.259520451339915
2,211,707,7.281471004243281
2,212,728,7.135989010989011
2,213,736,6.934782608695652
2,214,738,6.991869918699187
2,215,739,7.077131258457375
2,216,741,7.133603238866397
2,217,723,7.161825726141079
2,218,714,7.127450980392157
2,219,716,7.192737430167598
2,220,731,7.155950752393981
2,221,730,7.315068493150685
2,222,747,7.124497991967871
2,223,757,6.982826948480845
2,224,776,6.815721649484536
2,225,786,6.896946564885496
2,226,787,6.792884371029225
2,227,793,6.818411097099622
2,228,797,6.8531994981179425
2,229,799,6.916145181476846
2,230,789,7.024081115335868
2,231,793,6.911727616645649
2,232,789,6.935361216730038
2,233,793,6.8348045397225725
2,234,789,6.8757921419518375
2,235,781,7.085787451984635
2,236,778,7.066838046272494
2,237,760,7.15921052631579
2,238,781,7.0473751600512164
2,239,771,7.149156939040208
2,240,744,7.001344086021505
2,241,739,7.036535859269283
2,242,749,6.978638184245661
2,243,760,6.95921052631579
2,244,756,6.843915343915344
2,245,743,6.878869448183042
2,246,739,6.894451962110961
2,247,732,6.8756830601092895
2,248,718,7.045961002785515
2,249,729,6.879286694101509
2,250,711,6.828410689170183
2,251,708,6.820621468926554
2,252,715,6.7958041958041955
2,253,708,6.77542372881356
2,254,742,6.8719676549865225
2,255,724,7.040055248618785
2,256,715,7.102097902097902
2,257,712,7.098314606741573
2,258,724,6.970994475138122
2,259,740,7.013513513513513
2,260,751,6.894806924101198
2,261,736,7.0353260869565215
2,262,737,6.957937584803257
2,263,740,6.898648648648648
2,264,744,6.80510752688172
2,265,763,6.743119266055046
2,266,767,6.6923076923076925
2,267,773,6.826649417852523
2,268,803,6.797011207970112
2,269,784,6.781887755102041
2,270,769,6.746423927178154
2,271,760,6.996052631578947
2,272,747,7.033467202141901
2,273,748,7.140374331550802
2,274,755,7.021192052980132
2,275,764,6.955497382198953
2,276,753,6.697211155378486
2,277,777,6.93951093951094
2,278,785,6.95796178343949
2,279,797,6.9786700125470515
2,280,786,6.764631043256998
2,281,781,6.905249679897567
2,282,775,6.958709677419355
2,283,778,7.020565552699229
2,284,764,6.964659685863874
2,285,762,7.009186351706036
2,286,757,6.9088507265521795
2,287,762,6.958005249343832
2,288,759,6.902503293807642
2,289,755,6.886092715231788
2,290,774,6.762273901808785
2,291,769,6.88036410923277
2,292,765,6.849673202614379
2,293,766,6.83289817232376
2,294,780,6.86025641025641
2,295,775,6.847741935483871
2,296,765,6.771241830065359
2,297,785,6.792356687898089
2,298,805,6.767701863354037
2,299,799,6.793491864831039
2,300,810,6.769135802469136
2,301,797,6.846925972396487
2,302,798,6.961152882205514
2,303,795,7.011320754716981
2,304,804,7.060945273631841
2,305,784,7.036989795918367
2,306,788,6.975888324873097
2,307,777,6.989703989703989
2,308,774,7.059431524547803
2,309,758,6.986807387862797
2,310,743,6.927321668909825
2,311,750,6.904
2,312,737,7.075983717774762
2,313,720,7.108333333333333
2,314,728,7.148351648351649
2,315,717,7.097629009762901
2,316,701,7.1897289586305275
2,317,675,7.241481481481482
2,318,680,7.163235294117647
2,319,665,7.126315789473685
2,320,666,7.096096096096096
2,321,663,7.024132730015083
2,322,646,7.046439628482972
2,323,651,6.745007680491551
2,324,649,6.927580893682588
2,325,636,7.1084905660377355
2,326,621,7.025764895330113
2,327,633,7.050552922590837
2,328,641,6.854914196567862
2,329,649,6.548536209553158
2,330,659,6.594840667678301
2,331,641,6.597503900156006
2,332,647,6.689335394126739
2,333,651,6.668202764976958
2,334,649,6.661016949152542
2,335,647,6.7357032457496135
2,336,645,6.868217054263566
2,337,643,6.898911353032659
2,338,650,6.770769230769231
2,339,649,6.892141756548536
2,340,635,7.028346456692914
2,341,648,6.949074074074074
2,342,633,7.011058451816746
2,343,618,7.163430420711974
2,344,621,7.243156199677939
2,345,613,7.278955954323002
2,346,623,7.202247191011236
2,347,621,7.186795491143317
2,348,610,7.021311475409836
2,349,612,6.787581699346405
2,350,593,6.6964586846543
2,351,593,6.693086003372681
2,352,587,6.666098807495741
2,353,586,6.779863481228669
2,354,580,6.775862068965517
2,355,557,6.824057450628366
2,356,557,6.719928186714542
2,357,550,6.985454545454545
2,358,553,7.014466546112116
2,359,560,6.810714285714286
2,360,553,6.824593128390597
2,361,537,6.912476722532588
2,362,517,6.880077369439071
2,363,527,6.850094876660341
2,364,517,6.8646034816247585
2,365,503,6.916500994035785
2,366,513,6.846003898635478
2,367,504,6.839285714285714
2,368,497,6.881287726358149
2,369,481,6.979209979209979
2,370,475,6.909473684210527
2,371,473,6.966173361522198
2,372,465,6.883870967741935
2,373,467,6.987152034261242
2,374,467,7.1563169164882225
2,375,471,7.254777070063694
2,376,453,7.116997792494481
2,377,435,6.889655172413793
2,378,439,6.856492027334852
2,379,422,7.191943127962086
2,380,428,7.186915887850467
2,381,439,7.264236902050114
2,382,433,7.501154734411085
2,383,421,7.4394299287410925
2,384,411,7.175182481751825
2,385,409,7.198044009779951
2,386,408,7.240196078431373
2,387,399,7.353383458646617
2,388,395,7.351898734177215
2,389,382,7.2513089005235605
2,390,384,7.317708333333333
2,391,378,7.2407407407407405
2,392,372,7.293010752688172
2,393,374,7.0133689839572195
2,394,386,6.971502590673575
2,395,394,6.936548223350254
2,396,393,6.964376590330788
2,397,389,6.987146529562982
2,398,397,6.994962216624685
2,399,395,6.939240506329114
2,400,381,6.981627296587926
3,0,30,0.0
3,1,30,1.0
3,2,30,2.0
3,3,30,3.0
3,4,30,4.0
3,5,30,5.0
3,6,30,6.0
3,7,30,7.0
3,8,39,6.153846153846154
3,9,43,6.488372093023256
3,10,46,7.0
3,11,52,6.865384615384615
3,12,57,7.175438596491228
3,13,64,7.28125
3,14,70,7.571428571428571
3,15,72,8.152777777777779
3,16,77,8.35064935064935
3,17,77,8.935064935064934
3,18,81,9.444444444444445
3,19,88,9.613636363636363
3,20,97,9.216494845360824
3,21,102,9.617647058823529
3,22,117,9.068376068376068
3,23,125,9.016
3,24,135,9.014814814814814
3,25,137,9.24087591240876
3,26,136,9.676470588235293
3,27,143,9.832167832167832
3,28,144,9.993055555555555
3,29,154,9.37012987012987
3,30,166,9.25301204819277
3,31,169,9.189349112426035
3,32,156,7.288461538461538
3,33,159,7.572327044025157
3,34,172,7.465116279069767
3,35,174,7.839080459770115
3,36,180,7.427777777777778
3,37,189,7.285714285714286
3,38,193,7.341968911917099
3,39,197,7.304568527918781
3,40,208,7.269230769230769
3,41,204,7.362745098039215
3,42,209,7.688995215311005
3,43,209,7.779904306220096
3,44,225,7.608888888888889
3,45,222,7.635135135135135
3,46,235,7.421276595744681
3,47,235,7.323404255319149
3,48,246,7.109756097560975
3,49,243,7.226337448559671
3,50,233,7.399141630901288
3,51,235,7.6
3,52,238,7.718487394957983
3,53,230,7.843478260869565
3,54,229,7.8034934497816595
3,55,223,7.780269058295964
3,56,224,7.625
3,57,227,7.462555066079295
3,58,226,7.6946902654867255
3,59,228,7.741228070175438
3,60,230,7.573913043478261
3,61,242,7.371900826446281
3,62,237,7.337552742616034
3,63,240,6.966666666666667
3,64,247,7.02834008097166
3,65,248,6.907258064516129
3,66,240,7.033333333333333
3,67,245,7.26530612244898
3,68,255,7.117647058823529
3,69,252,7.253968253968254
3,70,261,7.222222222222222
3,71,268,7.41044776119403
3,72,267,7.602996254681648
3,73,263,7.570342205323194
3,74,257,7.587548638132295
3,75,272,7.415441176470588
3,76,269,7.37546468401487
3,77,267,7.49063670411985
3,78,271,7.365313653136531
3,79,260,7.596153846153846
3,80,263,7.817490494296578
3,81,265,7.562264150943396
3,82,264,7.746212121212121
3,83,278,7.636690647482014
3,84,274,7.58029197080292
3,85,270,7.703703703703703
3,86,265,8.030188679245283
3,87,256,8.06640625
3,88,257,7.747081712062257
3,89,266,7.545112781954887
3,90,268,7.4440298507462686
3,91,276,7.38768115942029
3,92,287,7.383275261324042
3,93,292,7.301369863013699
3,94,287,7.341463414634147
3,95,291,7.371134020618556
3,96,291,7.491408934707904
3,97,292,7.407534246575342
3,98,292,7.386986301369863
3,99,293,7.624573378839591
3,100,302,7.731788079470198
3,101,312,7.483974358974359
3,102,313,7.437699680511182
3,103,305,7.698360655737705
3,104,305,7.859016393442623
3,105,302,7.864238410596027
3,106,301,7.607973421926911
3,107,296,7.577702702702703
3,108,293,7.419795221843003
3,109,305,7.518032786885246
3,110,301,7.601328903654485
3,111,296,7.679054054054054
3,112,287,7.7282229965156795
3,113,275,7.850909090909091
3,114,260,8.026923076923078
3,115,253,7.853754940711463
3,116,240,7.795833333333333
3,117,245,7.7673469387755105
3,118,245,7.555102040816327
3,119,248,7.842741935483871
3,120,240,7.679166666666666
3,121,240,7.6
3,122,238,7.516806722689076
3,123,239,7.594142259414226
3,124,236,7.423728813559322
3,125,231,7.3896103896103895
3,126,227,7.590308370044053
3,127,233,7.656652360515022
3,128,227,7.572687224669603
3,129,228,6.9298245614035086
3,130,233,6.75107296137339
3,131,240,6.720833333333333
3,132,250,7.044
3,133,250,7.136
3,134,252,7.309523809523809
3,135,240,7.4
3,136,232,7.396551724137931
3,137,237,7.506329113924051
3,138,234,7.487179487179487
3,139,241,7.448132780082988
3,140,236,7.398305084745763
3,141,241,7.4149377593361
3,142,242,7.462809917355372
3,143,226,7.522123893805309
3,144,221,7.171945701357466
3,145,226,7.292035398230088
3,146,227,7.237885462555066
3,147,217,7.161290322580645
3,148,212,7.226415094339623
3,149,218,7.3577981651376145
3,150,217,7.050691244239632
3,151,215,6.902325581395349
3,152,212,7.070754716981132
3,153,214,6.911214953271028
3,154,214,6.9392523364485985
3,155,202,7.133663366336633
3,156,192,7.114583333333333
3,157,192,7.296875
3,158,197,7.324873096446701
3,159,193,7.186528497409326
3,160,202,7.158415841584159
3,161,202,6.915841584158416
3,162,195,6.743589743589744
3,163,184,6.690217391304348
3,164,176,6.943181818181818
3,165,174,7.017241379310345
3,166,168,7.142857142857143
3,167,163,7.153374233128834
3,168,157,7.522292993630574
3,169,160,7.4
3,170,152,7.223684210526316
3,171,146,6.780821917808219
3,172,144,6.680555555555555
3,173,143,6.741258741258742
3,174,139,7.0359712230215825
3,175,129,7.333333333333333
3,176,124,7.467741935483871
3,177,127,7.338582677165355
3,178,131,7.412213740458015
3,179,131,7.213740458015267
3,180,129,6.612403100775194
3,181,131,6.450381679389313
3,182,130,6.769230769230769
3,183,128,6.8984375
3,184,126,7.333333333333333
3,185,128,6.890625
3,186,118,6.677966101694915
3,187,121,6.975206611570248
3,188,129,6.883720930232558
3,189,127,6.543307086614173
3,190,129,6.565891472868217
3,191,135,6.770370370370371
3,192,134,7.164179104477612
3,193,135,6.985185185185185
3,194,137,6.656934306569343
3,195,135,6.674074074074074
3,196,123,6.739837398373984
3,197,123,6.723577235772358
3,198,121,6.958677685950414
3,199,122,7.040983606557377
3,200,114,7.078947368421052
3,201,115,7.339130434782609
3,202,112,7.294642857142857
3,203,108,7.324074074074074
3,204,102,7.5588235294117645
3,205,98,7.438775510204081
3,206,97,7.360824742268041
3,207,93,7.408602150537634
3,208,92,7.3478260869565215
3,209,92,7.130434782608695
3,210,91,6.824175824175824
3,211,88,6.806818181818182
3,212,92,6.5978260869565215
3,213,88,6.613636363636363
3,214,88,7.25
3,215,88,7.068181818181818
3,216,82,6.951219512195122
3,217,79,6.746835443037975
3,218,83,6.783132530120482
3,219,85,6.529411764705882
3,220,83,6.855421686746988
3,221,78,6.564102564102564
3,222,77,6.467532467532467
3,223,83,6.337349397590361
3,224,80,6.6375
3,225,78,7.1923076923076925
3,226,75,7.6
3,227,69,7.101449275362318
3,228,75,6.8533333333333335
3,229,72,6.736111111111111
3,230,70,6.685714285714286
3,231,67,6.522388059701493
3,232,63,6.428571428571429
3,233,60,6.716666666666667
3,234,55,6.945454545454545
3,235,58,6.620689655172414
3,236,56,6.428571428571429
3,237,50,6.22
3,238,46,6.1521739130434785
3,239,44,6.340909090909091
3,240,44,6.795454545454546
3,241,46,6.891304347826087
3,242,43,7.3023255813953485
3,243,45,6.955555555555556
3,244,44,6.568181818181818
3,245,44,6.681818181818182
3,246,42,6.571428571428571
3,247,40,6.525
3,248,37,6.351351351351352
3,249,33,6.848484848484849
3,250,31,6.870967741935484
3,251,32,7.15625
3,252,32,7.75
3,253,33,7.0
3,254,31,6.290322580645161
3,255,29,6.482758620689655
3,256,31,6.096774193548387
3,257,29,6.275862068965517
3,258,26,6.115384615384615
3,259,25,6.92
3,260,23,7.173913043478261
3,261,22,7.636363636363637
3,262,21,8.333333333333334
3,263,21,9.333333333333334
3,264,14,8.714285714285714
3,265,9,7.333333333333333
3,266,7,7.285714285714286
3,267,7,6.571428571428571
3,268,5,5.2
3,269,5,6.2
3,270,5,7.2
3,271,6,6.833333333333333
3,272,6,7.833333333333333
3,273,9,5.888888888888889
3,274,8,4.5
3,275,8,5.5
3,276,6,4.166666666666667
3,277,5,4.2
3,278,5,5.2
3,279,6,5.166666666666667
3,280,5,5.6
3,281,5,6.6
3,282,5,7.6
3,283,3,7.666666666666667
3,284,2,7.5
3,285,2,8.5
3,286,2,9.5
3,287,3,7.0
3,288,2,7.5
3,289,1,2.0
3,290,1,3.0
3,291,1,4.0
3,292,1,5.0
3,293,1,6.0
3,294,1,7.0
3,295,1,8.0
3,296,0,0.0
3,297,0,0.0
3,298,0,0.0
3,299,0,0.0
3,300,0,0.0
3,301,0,0.0
3,302,0,0.0
3,303,0,0.0
3,304,0,0.0
3,305,0,0.0
3,306,0,0.0
3,307,0,0.0
3,308,0,0.0
3,309,0,0.0
3,310,0,0.0
3,311,0,0.0
3,312,0,0.0
3,313,0,0.0
3,314,0,0.0
3,315,0,0.0
3,316,0,0.0
3,317,0,0.0
3,318,0,0.0
3,319,0,0.0
3,320,0,0.0
3,321,0,0.0
3,322,0,0.0
3,323,0,0.0
3,324,0,0.0
3,325,0,0.0
3,326,0,0.0
3,327,0,0.0
3,328,0,0.0
3,329,0,0.0
3,330,0,0.0
3,331,0,0.0
3,332,0,0.0
3,333,0,0.0
3,334,0,0.0
3,335,0,0.0
3,336,0,0.0
3,337,0,0.0
3,338,0,0.0
3,339,0,0.0
3,340,0,0.0
3,341,0,0.0
3,342,0,0.0
3,343,0,0.0
3,344,0,0.0
3,345,0,0.0
3,346,0,0.0
3,347,0,0.0
3,348,0,0.0
3,349,0,0.0
3,350,0,0.0
3,351,0,0.0
3,352,0,0.0
3,353,0,0.0
3,354,0,0.0
3,355,0,0.0
3,356,0,0.0
3,357,0,0.0
3,358,0,0.0
3,359,0,0.0
3,360,0,0.0
3,361,0,0.0
3,362,0,0.0
3,363,0,0.0
3,364,0,0.0
3,365,0,0.0
3,366,0,0.0
3,367,0,0.0
3,368,0,0.0
3,369,0,0.0
3,370,0,0.0
3,371,0,0.0
3,372,0,0.0
3,373,0,0.0
3,374,0,0.0
3,375,0,0.0
3,376,0,0.0
3,377,0,0.0
3,378,0,0.0
3,379,0,0.0
3,380,0,0.0
3,381,0,0.0
3,382,0,0.0
3,383,0,0.0
3,384,0,0.0
3,385,0,0.0
3,386,0,0.0
3,387,0,0.0
3,388,0,0.0
3,389,0,0.0
3,390,0,0.0
3,391,0,0.0
3,392,0,0.0
3,393,0,0.0
3,394,0,0.0
3,395,0,0.0
3,396,0,0.0
3,397,0,0.0
3,398,0,0.0
3,399,0,0.0
3,400,0,0.0
4,0,30,0.0
4,1,30,1.0
4,2,30,2.0
4,3,30,3.0
4,4,30,4.0
4,5,30,5.0
4,6,30,6.0
4,7,30,7.0
4,8,42,5.714285714285714
4,9,47,6.0
4,10,53,6.2075471698113205
4,11,56,6.821428571428571
4,12,64,6.84375
4,13,71,7.070422535211268
4,14,76,7.5394736842105265
4,15,82,7.914634146341464
4,16,92,7.858695652173913
4,17,96,7.697916666666667
4,18,107,7.710280373831775
4,19,114,8.017543859649123
4,20,129,7.9689922480620154
4,21,129,8.806201550387597
4,22,137,8.83941605839416
4,23,143,9.188811188811188
4,24,149,9.456375838926174
4,25,159,9.29559748427673
4,26,167,9.221556886227544
4,27,174,9.436781609195402
4,28,190,8.826315789473684
4,29,192,9.328125
4,30,200,9.465
4,31,200,9.295
4,32,205,7.795121951219512
4,33,211,8.066350710900474
4,34,210,8.547619047619047
4,35,215,8.902325581395349
4,36,228,8.618421052631579
4,37,226,8.641592920353983
4,38,232,8.818965517241379
4,39,238,8.756302521008404
4,40,234,8.602564102564102
4,41,237,8.358649789029537
4,42,250,8.38
4,43,263,8.064638783269961
4,44,278,7.902877697841727
4,45,281,8.113879003558718
4,46,288,7.743055555555555
4,47,300,7.38
4,48,300,7.363333333333333
4,49,302,7.83112582781457
4,50,304,7.9605263157894735
4,51,312,8.147435897435898
4,52,325,8.267692307692307
4,53,351,8.01994301994302
4,54,342,7.944444444444445
4,55,337,7.807121661721069
4,56,349,7.785100286532951
4,57,356,7.783707865168539
4,58,355,7.284507042253521
4,59,354,7.3192090395480225
4,60,353,7.359773371104816
4,61,369,7.249322493224932
4,62,368,7.524456521739131
4,63,373,7.466487935656836
4,64,370,7.524324324324325
4,65,378,7.238095238095238
4,66,381,7.194225721784777
4,67,384,7.34375
4,68,377,7.4880636604774535
4,69,393,7.239185750636132
4,70,398,7.464824120603015
4,71,389,7.3984575835475574
4,72,383,7.595300261096606
4,73,384,7.729166666666667
4,74,375,7.482666666666667
4,75,378,7.285714285714286
4,76,374,7.475935828877005
4,77,368,7.540760869565218
4,78,375,7.714666666666667
4,79,384,7.622395833333333
4,80,383,7.516971279373368
4,81,374,7.561497326203209
4,82,373,7.525469168900805
4,83,367,7.455040871934605
4,84,359,7.557103064066852
4,85,358,7.5307262569832405
4,86,371,7.646900269541779
4,87,371,7.571428571428571
4,88,382,7.547120418848167
4,89,377,7.381962864721485
4,90,370,7.464864864864865
4,91,376,7.51595744680851
4,92,370,7.635135135135135
4,93,374,7.516042780748663
4,94,369,7.205962059620596
4,95,367,7.346049046321526
4,96,380,7.1
4,97,394,6.99238578680203
4,98,398,7.025125628140704
4,99,399,7.152882205513785
4,100,388,7.167525773195877
4,101,396,7.356060606060606
4,102,385,7.212987012987013
4,103,400,7.2075
4,104,400,7.2025
4,105,398,7.0
4,106,392,7.209183673469388
4,107,409,7.114914425427873
4,108,402,7.310945273631841
4,109,402,7.330845771144278
4,110,401,7.296758104738155
4,111,400,7.4025
4,112,401,6.972568578553616
4,113,398,6.881909547738694
4,114,402,6.992537313432836
4,115,404,7.084158415841584
4,116,404,7.143564356435643
4,117,397,7.408060453400504
4,118,401,7.41147132169576
4,119,392,7.204081632653061
4,120,391,7.365728900255754
4,121,387,7.286821705426356
4,122,386,7.160621761658031
4,123,390,7.248717948717949
4,124,406,6.940886699507389
4,125,418,6.820574162679426
4,126,408,6.862745098039215
4,127,413,6.791767554479419
4,128,412,6.934466019417476
4,129,420,6.973809523809524
4,130,425,6.929411764705883
4,131,413,7.021791767554479
4,132,409,7.1320293398533
4,133,426,7.143192488262911
4,134,428,7.224299065420561
4,135,427,7.131147540983607
4,136,430,7.2046511627906975
4,137,423,7.257683215130023
4,138,436,6.967889908256881
4,139,445,6.943820224719101
4,140,436,7.077981651376147
4,141,436,6.9610091743119265
4,142,444,7.2274774774774775
4,143,457,7.010940919037199
4,144,467,6.967880085653105
4,145,464,7.245689655172414
4,146,457,7.420131291028446
4,147,455,7.4
4,148,450,7.426666666666667
4,149,442,7.638009049773756
4,150,446,7.542600896860987
4,151,460,7.128260869565217
4,152,453,7.2030905077262695
4,153,453,7.233995584988962
4,154,450,7.2844444444444445
4,155,445,7.1617977528089884
4,156,439,6.895216400911162
4,157,430,6.909302325581395
4,158,436,6.928899082568807
4,159,439,7.031890660592255
4,160,424,7.10377358490566
4,161,411,7.214111922141119
4,162,402,7.181592039800995
4,163,401,7.124688279301745
4,164,408,7.325980392156863
4,165,407,7.30958230958231
4,166,407,6.997542997542998
4,167,407,7.1891891891891895
4,168,408,7.134803921568627
4,169,392,7.153061224489796
4,170,392,7.073979591836735
4,171,394,7.228426395939087
4,172,387,7.483204134366925
4,173,386,7.360103626943006
4,174,396,7.128787878787879
4,175,401,6.970074812967581
4,176,401,7.117206982543641
4,177,398,7.201005025125628
4,178,401,7.1546134663341645
4,179,413,7.154963680387409
4,180,420,7.197619047619048
4,181,419,7.131264916467781
4,182,428,7.107476635514018
4,183,428,6.964953271028038
4,184,429,6.888111888111888
4,185,435,7.016091954022989
4,186,434,6.870967741935484
4,187,434,6.997695852534562
4,188,439,7.255125284738041
4,189,448,7.241071428571429
4,190,457,7.538293216630197
4,191,464,7.372844827586207
4,192,480,6.929166666666666
4,193,477,6.985324947589098
4,194,484,6.890495867768595
4,195,479,7.09812108559499
4,196,477,6.951781970649895
4,197,475,7.153684210526316
4,198,472,7.3474576271186445
4,199,471,7.231422505307855
4,200,480,7.21875
4,201,479,7.252609603340292
4,202,478,7.307531380753138
4,203,476,7.401260504201681
4,204,469,7.4200426439232405
4,205,472,7.415254237288136
4,206,462,7.253246753246753
4,207,461,7.264642082429501
4,208,451,7.097560975609756
4,209,450,7.055555555555555
4,210,459,7.023965141612201
4,211,473,6.938689217758985
4,212,466,6.901287553648069
4,213,455,7.048351648351648
4,214,447,7.1029082774049215
4,215,450,7.026666666666666
4,216,460,6.971739130434782
4,217,454,6.984581497797357
4,218,458,7.039301310043668
4,219,471,7.208067940552017
4,220,470,7.308510638297872
4,221,474,7.360759493670886
4,222,476,7.239495798319328
4,223,465,7.1956989247311824
4,224,473,7.116279069767442
4,225,474,7.20464135021097
4,226,472,7.1059322033898304
4,227,493,7.004056795131846
4,228,498,7.110441767068273
4,229,479,7.2693110647181625
4,230,476,7.084033613445378
4,231,467,7.027837259100642
4,232,462,7.0562770562770565
4,233,450,7.1177777777777775
4,234,461,7.039045553145336
4,235,452,7.103982300884955
4,236,443,7.09255079006772
4,237,448,7.212053571428571
4,238,455,7.406593406593407
4,239,457,7.183807439824945
4,240,471,7.1528662420382165
4,241,480,6.889583333333333
4,242,476,6.831932773109243
4,243,475,6.894736842105263
4,244,475,6.848421052631579
4,245,477,7.039832285115304
4,246,480,7.072916666666667
4,247,489,7.153374233128834
4,248,494,6.862348178137652
4,249,497,6.7645875251509056
4,250,504,6.678571428571429
4,251,506,6.824110671936759
4,252,506,6.928853754940712
4,253,498,6.825301204819277
4,254,497,6.943661971830986
4,255,507,6.956607495069034
4,256,497,6.881287726358149
4,257,499,7.0681362725450905
4,258,499,7.152304609218437
4,259,484,7.440082644628099
4,260,497,7.257545271629779
4,261,482,7.217842323651452
4,262,474,7.185654008438819
4,263,486,7.030864197530864
4,264,498,7.030120481927711
4,265,501,6.80439121756487
4,266,492,6.713414634146342
4,267,489,6.695296523517382
4,268,497,6.7283702213279675
4,269,491,7.038696537678208
4,270,492,7.2439024390243905
4,271,487,7.242299794661191
4,272,497,7.187122736418511
4,273,507,7.329388560157791
4,274,522,7.130268199233717
4,275,512,7.005859375
4,276,519,6.847784200385356
4,277,515,6.988349514563107
4,278,512,6.814453125
4,279,500,7.11
4,280,490,7.130612244897959
4,281,484,7.047520661157025
4,282,485,6.993814432989691
4,283,499,6.993987975951904
4,284,518,7.05019305019305
4,285,517,6.924564796905223
4,286,515,7.075728155339806
4,287,528,7.2481060606060606
4,288,523,7.351816443594647
4,289,518,7.355212355212355
4,290,509,7.174852652259332
4,291,503,7.262425447316104
4,292,520,7.253846153846154
4,293,515,6.996116504854369
4,294,518,6.928571428571429
4,295,527,6.981024667931689
4,296,532,7.011278195488722
4,297,529,7.10586011342155
4,298,525,7.12
4,299,531,7.222222222222222
4,300,528,7.214015151515151
4,301,515,7.366990291262136
4,302,511,7.228962818003914
4,303,503,7.242544731610338
4,304,514,7.178988326848249
4,305,520,7.315384615384615
4,306,520,7.117307692307692
4,307,516,7.096899224806202
4,308,523,7.135755258126195
4,309,511,7.142857142857143
4,310,508,7.188976377952756
4,311,498,7.27710843373494
4,312,486,7.261316872427984
4,313,490,7.295918367346939
4,314,485,7.315463917525773
4,315,486,7.037037037037037
4,316,483,7.084886128364389
4,317,481,6.979209979209979
4,318,487,7.1416837782340865
4,319,479,7.104384133611691
4,320,486,7.078189300411522
4,321,487,7.193018480492813
4,322,489,7.0961145194274025
4,323,480,7.177083333333333
4,324,476,7.079831932773109
4,325,467,7.081370449678801
4,326,464,7.3469827586206895
4,327,445,7.132584269662921
4,328,450,7.395555555555555
4,329,453,7.445916114790287
4,330,462,7.300865800865801
4,331,456,7.140350877192983
4,332,453,6.995584988962473
4,333,440,7.1454545454545455
4,334,435,7.340229885057472
4,335,435,7.291954022988506
4,336,435,7.305747126436781
4,337,426,7.150234741784038
4,338,421,7.104513064133017
4,339,421,7.104513064133017
4,340,417,7.067146282973621
4,341,428,7.021028037383178
4,342,428,6.929906542056075
4,343,424,6.849056603773585
4,344,415,7.043373493975904
4,345,425,6.983529411764706
4,346,420,7.019047619047619
4,347,422,7.078199052132701
4,348,425,6.9011764705882355
4,349,416,6.887019230769231
4,350,413,6.893462469733656
4,351,418,6.684210526315789
4,352,407,6.9041769041769046
4,353,408,6.757352941176471
4,354,410,7.014634146341463
4,355,406,6.943349753694581
4,356,401,7.077306733167083
4,357,402,7.2611940298507465
4,358,393,7.315521628498728
4,359,373,7.109919571045577
4,360,360,7.058333333333334
4,361,333,7.141141141141141
4,362,324,7.256172839506172
4,363,318,7.364779874213837
4,364,321,7.221183800623053
4,365,312,7.30448717948718
4,366,303,7.2772277227722775
4,367,302,7.241721854304636
4,368,294,6.826530612244898
4,369,297,6.936026936026936
4,370,293,7.126279863481229
4,371,293,7.071672354948806
4,372,298,6.855704697986577
4,373,302,6.970198675496689
4,374,305,7.147540983606557
4,375,298,7.033557046979865
4,376,288,6.802083333333333
4,377,299,6.709030100334449
4,378,291,7.13745704467354
4,379,294,6.792517006802721
4,380,297,6.713804713804714
4,381,295,6.766101694915254
4,382,283,6.823321554770318
4,383,283,6.943462897526501
4,384,294,7.190476190476191
4,385,307,7.06514657980456
4,386,312,6.878205128205129
4,387,308,6.902597402597403
4,388,307,7.078175895765472
4,389,303,6.884488448844884
4,390,298,6.791946308724833
4,391,291,6.680412371134021
4,392,287,6.923344947735192
4,393,286,6.8776223776223775
4,394,286,6.975524475524476
4,395,281,6.9537366548042705
4,396,273,7.04029304029304
4,397,263,7.114068441064639
4,398,262,6.896946564885496
4,399,249,6.991967871485944
4,400,248,7.088709677419355
5,0,30,0.0
5,1,30,1.0
5,2,30,2.0
5,3,30,3.0
5,4,30,4.0
5,5,30,5.0
5,6,30,6.0
5,7,30,7.0
5,8,40,6.0
5,9,47,5.957446808510638
5,10,59,5.5423728813559325
5,11,62,6.048387096774194
5,12,64,6.828125
5,13,72,6.958333333333333
5,14,72,7.694444444444445
5,15,72,8.277777777777779
5,16,79,8.253164556962025
5,17,84,8.702380952380953
5,18,90,8.88888888888889
5,19,101,8.623762376237623
5,20,108,8.814814814814815
5,21,111,8.945945945945946
5,22,125,8.736
5,23,131,8.725190839694656
5,24,135,8.488888888888889
5,25,142,8.492957746478874
5,26,145,8.827586206896552
5,27,157,8.757961783439491
5,28,163,8.56441717791411
5,29,160,9.15
5,30,164,9.195121951219512
5,31,157,9.522292993630574
5,32,148,8.405405405405405
5,33,150,8.34
5,34,163,8.134969325153374
5,35,168,8.452380952380953
5,36,165,8.703030303030303
5,37,164,8.5
5,38,169,8.331360946745562
5,39,176,8.301136363636363
5,40,183,8.37704918032787
5,41,183,8.060109289617486
5,42,190,7.7105263157894735
5,43,199,7.472361809045226
5,44,210,7.385714285714286
5,45,215,7.213953488372093
5,46,215,7.330232558139535
5,47,224,7.678571428571429
5,48,229,7.698689956331878
5,49,229,7.6593886462882095
5,50,225,7.751111111111111
5,51,230,7.439130434782609
5,52,233,7.755364806866953
5,53,238,7.588235294117647
5,54,243,7.1193415637860085
5,55,243,7.246913580246914
5,56,252,7.333333333333333
5,57,257,7.4591439688715955
5,58,256,7.20703125
5,59,263,7.159695817490494
5,60,258,6.9689922480620154
5,61,270,6.803703703703704
5,62,282,7.01063829787234
5,63,291,7.206185567010309
5,64,296,7.135135135135135
5,65,291,7.037800687285223
5,66,287,7.428571428571429
5,67,294,7.5272108843537415
5,68,306,7.522875816993464
5,69,312,7.461538461538462
5,70,330,7.215151515151515
5,71,333,7.1441441441441444
5,72,358,7.206703910614525
5,73,352,7.1647727272727275
5,74,344,7.194767441860465
5,75,354,7.169491525423729
5,76,366,7.262295081967213
5,77,362,7.37292817679558
5,78,358,7.494413407821229
5,79,352,7.369318181818182
5,80,362,7.585635359116022
5,81,355,7.628169014084507
5,82,360,7.661111111111111
5,83,366,7.718579234972678
5,84,367,7.713896457765667
5,85,353,7.541076487252124
5,86,363,7.327823691460055
5,87,368,7.3396739130434785
5,88,354,7.268361581920904
5,89,353,7.56657223796034
5,90,360,7.580555555555556
5,91,366,7.516393442622951
5,92,377,7.241379310344827
5,93,382,7.222513089005235
5,94,396,7.232323232323233
5,95,388,6.958762886597938
5,96,386,6.8549222797927465
5,97,380,6.802631578947368
5,98,389,6.799485861182519
5,99,390,6.994871794871795
5,100,388,6.914948453608248
5,101,393,6.961832061068702
5,102,396,6.80050505050505
5,103,403,6.957816377171216
5,104,396,7.156565656565657
5,105,405,7.0962962962962965
5,106,400,6.87
5,107,392,6.75
5,108,396,6.808080808080808
5,109,397,6.9395465994962215
5,110,384,7.0078125
5,111,399,7.025062656641604
5,112,386,7.051813471502591
5,113,393,6.979643765903308
5,114,387,6.9328165374677
5,115,389,6.879177377892031
5,116,396,6.775252525252525
5,117,383,6.814621409921671
5,118,371,6.849056603773585
5,119,374,7.026737967914438
5,120,370,6.910810810810811
5,121,368,6.9021739130434785
5,122,363,6.909090909090909
5,123,348,6.755747126436781
5,124,353,6.912181303116148
5,125,366,6.953551912568306
5,126,368,7.048913043478261
5,127,364,6.986263736263736
5,128,365,6.961643835616439
5,129,365,6.884931506849315
5,130,371,6.948787061994609
5,131,366,6.8497267759562845
5,132,371,6.997304582210242
5,133,365,6.986301369863014
5,134,369,7.1653116531165315
5,135,372,6.889784946236559
5,136,360,6.863888888888889
5,137,376,6.851063829787234
5,138,361,6.853185595567867
5,139,355,7.050704225352113
5,140,348,6.824712643678161
5,141,340,6.7176470588235295
5,142,338,6.899408284023669
5,143,343,6.994169096209912
5,144,352,6.744318181818182
5,145,354,6.635593220338983
5,146,361,6.725761772853185
5,147,362,6.925414364640884
5,148,347,6.76657060518732
5,149,351,7.011396011396012
5,150,348,7.126436781609195
5,151,348,6.971264367816092
5,152,342,6.941520467836257
5,153,328,7.057926829268292
5,154,334,6.8532934131736525
5,155,331,6.930513595166163
5,156,327,6.9296636085626915
5,157,322,6.6894409937888195
5,158,325,6.873846153846154
5,159,320,6.93125
5,160,331,6.97583081570997
5,161,339,6.59882005899705
5,162,348,6.491379310344827
5,163,344,6.6104651162790695
5,164,345,6.521739130434782
5,165,355,6.608450704225352
5,166,341,6.480938416422287
5,167,335,6.629850746268657
5,168,325,6.673846153846154
5,169,319,6.673981191222571
5,170,309,6.766990291262136
5,171,312,6.9326923076923075
5,172,307,7.100977198697068
5,173,308,6.961038961038961
5,174,321,6.825545171339564
5,175,323,6.947368421052632
5,176,312,7.112179487179487
5,177,302,7.274834437086093
5,178,285,7.350877192982456
5,179,279,7.340501792114695
5,180,260,7.476923076923077
5,181,256,7.51171875
5,182,261,7.164750957854406
5,183,267,7.059925093632959
5,184,260,6.9884615384615385
5,185,265,7.083018867924529
5,186,259,7.127413127413128
5,187,260,7.234615384615385
5,188,257,7.2957198443579765
5,189,250,7.196
5,190,250,7.064
5,191,246,7.1016260162601625
5,192,232,7.280172413793103
5,193,232,7.396551724137931
5,194,238,7.508403361344538
5,195,233,7.781115879828326
5,196,232,7.698275862068965
5,197,219,7.52054794520548
5,198,221,7.701357466063349
5,199,228,7.100877192982456
5,200,228,7.0394736842105265
5,201,226,7.101769911504425
5,202,234,7.141025641025641
5,203,241,6.780082987551867
5,204,243,6.724279835390947
5,205,243,6.637860082304527
5,206,238,6.8655462184873945
5,207,241,6.8879668049792535
5,208,232,6.741379310344827
5,209,232,6.827586206896552
5,210,237,6.729957805907173
5,211,228,7.078947368421052
5,212,225,7.377777777777778
5,213,235,7.404255319148936
5,214,232,7.530172413793103
5,215,238,7.352941176470588
5,216,249,7.329317269076305
5,217,241,7.29045643153527
5,218,248,7.161290322580645
5,219,237,7.0
5,220,232,6.775862068965517
5,221,234,6.752136752136752
5,222,229,7.069868995633188
5,223,234,7.042735042735043
5,224,241,6.829875518672199
5,225,247,6.838056680161944
5,226,244,6.5
5,227,251,6.7848605577689245
5,228,254,6.964566929133858
5,229,248,7.32258064516129
5,230,247,7.2631578947368425
5,231,240,7.125
5,232,232,7.245689655172414
5,233,239,7.2133891213389125
5,234,238,6.957983193277311
5,235,238,6.819327731092437
5,236,230,7.078260869565217
5,237,234,7.277777777777778
5,238,222,7.2657657657657655
5,239,222,7.283783783783784
5,240,224,7.147321428571429
5,241,228,6.947368421052632
5,242,230,7.078260869565217
5,243,250,6.624
5,244,254,6.594488188976378
5,245,253,6.782608695652174
5,246,258,6.515503875968992
5,247,251,6.51792828685259
5,248,247,6.720647773279352
5,249,247,6.6882591093117405
5,250,250,6.744
5,251,257,6.533073929961089
5,252,262,6.3396946564885495
5,253,262,6.511450381679389
5,254,254,6.830708661417323
5,255,242,7.140495867768595
5,256,248,7.112903225806452
5,257,251,7.131474103585657
5,258,251,7.258964143426295
5,259,250,7.192
5,260,253,6.8893280632411065
5,261,257,6.801556420233463
5,262,259,6.903474903474904
5,263,247,7.032388663967612
5,264,247,7.129554655870446
5,265,243,7.31275720164609
5,266,244,7.258196721311475
5,267,240,7.341666666666667
5,268,232,6.952586206896552
5,269,238,6.714285714285714
5,270,244,6.852459016393443
5,271,246,6.987804878048781
5,272,243,6.868312757201646
5,273,240,6.883333333333334
5,274,242,6.694214876033058
5,275,229,6.851528384279476
5,276,231,6.8268398268398265
5,277,224,6.888392857142857
5,278,228,6.969298245614035
5,279,224,6.950892857142857
5,280,217,7.0368663594470044
5,281,208,7.149038461538462
5,282,210,7.304761904761905
5,283,211,7.199052132701421
5,284,212,7.1415094339622645
5,285,211,7.203791469194313
5,286,218,6.770642201834862
5,287,216,6.736111111111111
5,288,219,6.762557077625571
5,289,217,6.903225806451613
5,290,211,6.928909952606635
5,291,203,7.251231527093596
5,292,216,6.981481481481482
5,293,216,6.8842592592592595
5,294,210,7.185714285714286
5,295,210,6.833333333333333
5,296,202,7.014851485148514
5,297,200,7.1
5,298,199,7.160804020100502
5,299,193,7.528497409326425
5,300,202,7.415841584158416
5,301,193,7.362694300518135
5,302,199,7.226130653266332
5,303,196,7.479591836734694
5,304,197,7.289340101522843
5,305,203,6.802955665024631
5,306,200,6.935
5,307,193,6.979274611398964
5,308,189,6.98941798941799
5,309,191,7.0890052356020945
5,310,190,7.342105263157895
5,311,192,7.03125
5,312,189,6.888888888888889
5,313,190,7.189473684210526
5,314,197,6.979695431472082
5,315,195,6.528205128205128
5,316,195,6.5487179487179485
5,317,200,6.56
5,318,195,7.005128205128205
5,319,195,7.143589743589744
5,320,197,6.949238578680203
5,321,201,7.019900497512438
5,322,200,7.355
5,323,197,7.527918781725888
5,324,206,7.601941747572815
5,325,205,7.517073170731707
5,326,200,7.625
5,327,198,7.5606060606060606
5,328,205,7.082926829268293
5,329,200,7.05
5,330,206,6.878640776699029
5,331,216,6.560185185185185
5,332,218,6.834862385321101
5,333,209,6.732057416267943
5,334,205,6.721951219512195
5,335,199,6.698492462311558
5,336,200,6.73
5,337,203,6.990147783251231
5,338,205,6.951219512195122
5,339,204,6.794117647058823
5,340,204,6.995098039215686
5,341,201,7.014925373134329
5,342,195,7.194871794871795
5,343,197,6.883248730964467
5,344,198,6.575757575757576
5,345,200,6.52
5,346,200,6.44
5,347,191,6.617801047120419
5,348,191,6.664921465968586
5,349,195,6.712820512820513
5,350,187,6.6310160427807485
5,351,190,6.531578947368421
5,352,185,6.745945945945946
5,353,186,7.053763440860215
5,354,179,7.134078212290503
5,355,181,7.143646408839779
5,356,181,7.154696132596685
5,357,176,7.607954545454546
5,358,188,7.079787234042553
5,359,183,7.043715846994536
5,360,177,6.768361581920904
5,361,184,6.641304347826087
5,362,178,6.719101123595506
5,363,172,6.680232558139535
5,364,172,6.819767441860465
5,365,178,6.707865168539326
5,366,182,6.65934065934066
5,367,181,6.718232044198895
5,368,182,6.9945054945054945
5,369,187,6.839572192513369
5,370,189,7.074074074074074
5,371,198,6.959595959595959
5,372,199,6.909547738693467
5,373,206,6.558252427184466
5,374,202,6.683168316831683
5,375,194,6.530927835051546
5,376,184,6.6521739130434785
5,377,183,6.8469945355191255
5,378,190,6.994736842105263
5,379,193,6.77720207253886
5,380,194,6.783505154639175
5,381,198,6.717171717171717
5,382,195,6.9743589743589745
5,383,201,6.945273631840796
5,384,203,7.0492610837438425
5,385,205,6.697560975609756
5,386,198,6.853535353535354
5,387,195,6.9282051282051285
5,388,196,6.979591836734694
5,389,196,6.755102040816326
5,390,216,6.75
5,391,218,6.944954128440367
5,392,222,6.9774774774774775
5,393,225,7.164444444444444
5,394,224,7.28125
5,395,223,6.968609865470852
5,396,224,6.825892857142857
5,397,214,6.925233644859813
5,398,209,6.956937799043062
5,399,213,7.004694835680751
5,400,205,6.902439024390244
6,0,30,0.0
6,1,30,1.0
6,2,30,2.0
6,3,30,3.0
6,4,30,4.0
6,5,30,5.0
6,6,30,6.0
6,7,30,7.0
6,8,39,6.153846153846154
6,9,43,6.488372093023256
6,10,43,7.255813953488372
6,11,48,7.395833333333333
6,12,53,7.60377358490566
6,13,57,8.0
6,14,59,8.694915254237289
6,15,60,9.533333333333333
6,16,65,9.723076923076922
6,17,63,10.380952380952381
6,18,66,10.863636363636363
6,19,66,10.833333333333334
6,20,76,9.855263157894736
6,21,82,9.646341463414634
6,22,84,10.023809523809524
6,23,87,9.505747126436782
6,24,96,9.270833333333334
6,25,104,9.326923076923077
6,26,105,9.514285714285714
6,27,108,9.972222222222221
6,28,117,9.478632478632479
6,29,120,9.683333333333334
6,30,133,9.150375939849624
6,31,139,9.381294964028777
6,32,132,7.416666666666667
6,33,134,7.82089552238806
6,34,139,7.9640287769784175
6,35,143,8.272727272727273
6,36,145,8.448275862068966
6,37,154,8.175324675324676
6,38,161,8.01863354037267
6,39,165,8.27878787878788
6,40,171,8.08187134502924
6,41,169,8.449704142011834
6,42,171,8.526315789473685
6,43,172,8.343023255813954
6,44,169,8.49112426035503
6,45,169,8.627218934911243
6,46,176,8.306818181818182
6,47,169,8.70414201183432
6,48,172,8.44186046511628
6,49,169,8.1301775147929
6,50,181,7.911602209944752
6,51,183,8.136612021857923
6,52,192,7.692708333333333
6,53,189,7.544973544973545
6,54,195,7.158974358974359
6,55,197,7.213197969543147
6,56,195,7.276923076923077
6,57,207,7.371980676328502
6,58,212,7.547169811320755
6,59,211,7.649289099526066
6,60,211,7.819905213270142
6,61,202,8.069306930693068
6,62,214,7.658878504672897
6,63,216,7.819444444444445
6,64,214,8.046728971962617
6,65,218,8.119266055045872
6,66,226,7.84070796460177
6,67,231,7.8441558441558445
6,68,237,7.8354430379746836
6,69,235,7.582978723404255
6,70,230,7.6347826086956525
6,71,237,7.409282700421941
6,72,238,7.53781512605042
6,73,252,7.5396825396825395
6,74,257,7.132295719844358
6,75,261,6.812260536398467
6,76,263,7.098859315589354
6,77,258,7.224806201550388
6,78,278,7.2086330935251794
6,79,284,7.22887323943662
6,80,295,7.440677966101695
6,81,298,7.348993288590604
6,82,300,7.456666666666667
6,83,305,7.540983606557377
6,84,302,7.4635761589403975
6,85,302,7.950331125827814
6,86,298,8.036912751677852
6,87,306,7.6568627450980395
6,88,304,7.848684210526316
6,89,306,7.666666666666667
6,90,309,7.5372168284789645
6,91,306,7.529411764705882
6,92,292,7.304794520547945
6,93,305,7.3180327868852455
6,94,308,7.48051948051948
6,95,313,7.555910543130991
6,96,323,7.504643962848297
6,97,337,7.186943620178042
6,98,352,7.065340909090909
6,99,352,6.90625
6,100,361,6.911357340720222
6,101,364,6.991758241758242
6,102,365,7.093150684931507
6,103,384,6.841145833333333
6,104,389,6.907455012853471
6,105,383,7.101827676240209
6,106,393,7.241730279898219
6,107,384,7.106770833333333
6,108,400,7.105
6,109,398,7.015075376884422
6,110,404,7.358910891089109
6,111,416,7.216346153846154
6,112,416,7.081730769230769
6,113,411,7.177615571776156
6,114,418,7.339712918660287
6,115,417,7.4844124700239805
6,116,422,7.386255924170616
6,117,416,7.300480769230769
6,118,417,7.280575539568345
6,119,424,7.216981132075472
6,120,420,7.235714285714286
6,121,435,7.232183908045977
6,122,430,7.181395348837209
6,123,426,7.119718309859155
6,124,437,7.167048054919908
6,125,433,7.219399538106235
6,126,443,7.483069977426637
6,127,447,7.492170022371365
6,128,454,7.3370044052863435
6,129,470,7.293617021276596
6,130,473,7.361522198731501
6,131,472,7.302966101694915
6,132,470,7.427659574468085
6,133,471,7.010615711252654
6,134,484,6.9152892561983474
6,135,489,7.026584867075664
6,136,491,6.853360488798371
6,137,496,7.008064516129032
6,138,492,7.119918699186992
6,139,497,6.949698189134809
6,140,516,6.848837209302325
6,141,529,6.8279773156899815
6,142,527,6.9297912713472485
6,143,534,6.97191011235955
6,144,523,6.7934990439770555
6,145,520,6.967307692307692
6,146,492,6.806910569105691
6,147,505,6.863366336633663
6,148,504,6.996031746031746
6,149,505,6.859405940594059
6,150,504,6.958333333333333
6,151,495,7.121212121212121
6,152,503,7.238568588469185
6,153,482,7.230290456431535
6,154,480,7.185416666666667
6,155,471,7.070063694267516
6,156,459,7.148148148148148
6,157,457,7.12691466083151
6,158,461,7.093275488069414
6,159,450,6.94
6,160,451,7.0554323725055434
6,161,443,7.119638826185102
6,162,437,7.02974828375286
6,163,438,7.239726027397261
6,164,447,7.076062639821029
6,165,441,7.015873015873016
6,166,428,6.983644859813084
6,167,435,7.039080459770115
6,168,422,7.04739336492891
6,169,427,6.990632318501171
6,170,426,7.018779342723005
6,171,416,7.144230769230769
6,172,397,7.17632241813602
6,173,385,7.189610389610389
6,174,380,7.352631578947369
6,175,365,7.197260273972603
6,176,351,7.1737891737891735
6,177,349,7.186246418338109
6,178,345,7.136231884057971
6,179,338,7.1390532544378695
6,180,328,7.137195121951219
6,181,323,7.306501547987616
6,182,327,7.09480122324159
6,183,324,7.074074074074074
6,184,318,6.918238993710692
6,185,305,6.940983606557377
6,186,306,7.169934640522876
6,187,308,6.974025974025974
6,188,315,6.809523809523809
6,189,324,7.111111111111111
6,190,333,7.069069069069069
6,191,326,7.180981595092025
6,192,319,7.200626959247649
6,193,311,7.122186495176849
6,194,310,7.164516129032258
6,195,305,7.3475409836065575
6,196,318,7.132075471698113
6,197,308,7.275974025974026
6,198,305,6.921311475409836
6,199,296,6.787162162162162
6,200,303,6.706270627062707
6,201,290,6.951724137931034
6,202,285,7.031578947368421
6,203,277,6.985559566787003
6,204,274,7.098540145985401
6,205,271,7.107011070110701
6,206,281,7.177935943060498
6,207,282,6.9822695035460995
6,208,273,6.978021978021978
6,209,279,6.913978494623656
6,210,279,6.749103942652329
6,211,287,6.696864111498257
6,212,275,6.625454545454545
6,213,273,6.937728937728938
6,214,279,6.831541218637993
6,215,281,6.587188612099644
6,216,289,6.7923875432525955
6,217,278,6.982014388489208
6,218,286,6.9825174825174825
6,219,294,6.921768707482993
6,220,310,6.829032258064516
6,221,311,6.881028938906752
6,222,314,6.8630573248407645
6,223,315,6.841269841269841
6,224,316,6.832278481012659
6,225,316,6.965189873417722
6,226,327,6.819571865443425
6,227,327,7.0244648318042815
6,228,336,6.994047619047619
6,229,335,7.0
6,230,347,7.020172910662824
6,231,354,6.838983050847458
6,232,359,6.777158774373259
6,233,359,6.935933147632312
6,234,365,6.920547945205479
6,235,361,7.1828254847645425
6,236,365,7.279452054794521
6,237,365,7.380821917808219
6,238,361,7.2105263157894735
6,239,356,7.132022471910112
6,240,359,6.938718662952646
6,241,358,6.910614525139665
6,242,368,7.203804347826087
6,243,370,7.0864864864864865
6,244,357,7.100840336134453
6,245,363,7.077134986225896
6,246,369,7.097560975609756
6,247,373,6.868632707774799
6,248,378,6.886243386243386
6,249,384,6.888020833333333
6,250,379,6.912928759894459
6,251,376,7.069148936170213
6,252,365,6.983561643835617
6,253,375,7.066666666666666
6,254,391,7.069053708439898
6,255,388,7.177835051546392
6,256,390,6.812820512820513
6,257,375,6.930666666666666
6,258,375,6.896
6,259,374,7.323529411764706
6,260,361,7.357340720221607
6,261,348,7.25
6,262,350,6.925714285714286
6,263,339,7.23598820058997
6,264,352,7.349431818181818
6,265,345,7.028985507246377
6,266,359,6.8774373259052926
6,267,360,6.908333333333333
6,268,354,6.97457627118644
6,269,351,6.943019943019943
6,270,346,7.054913294797688
6,271,349,6.916905444126074
6,272,340,6.929411764705883
6,273,331,6.9154078549848945
6,274,344,6.857558139534884
6,275,345,6.782608695652174
6,276,338,6.955621301775148
6,277,338,7.017751479289941
6,278,321,7.046728971962617
6,279,309,7.106796116504855
6,280,314,7.238853503184713
6,281,293,7.21160409556314
6,282,287,7.142857142857143
6,283,288,6.9375
6,284,291,7.18213058419244
6,285,290,7.310344827586207
6,286,283,7.003533568904594
6,287,277,6.776173285198556
6,288,276,6.905797101449275
6,289,274,6.916058394160584
6,290,281,6.775800711743773
6,291,277,6.812274368231047
6,292,273,6.934065934065934
6,293,277,7.097472924187725
6,294,272,7.084558823529412
6,295,258,7.065891472868217
6,296,252,7.392857142857143
6,297,249,7.204819277108434
6,298,246,6.939024390243903
6,299,241,6.659751037344399
6,300,241,6.759336099585062
6,301,243,6.790123456790123
6,302,253,6.711462450592886
6,303,248,6.556451612903226
6,304,248,6.645161290322581
6,305,246,6.841463414634147
6,306,249,6.791164658634538
6,307,247,6.566801619433198
6,308,244,6.786885245901639
6,309,245,6.910204081632653
6,310,243,7.041152263374485
6,311,246,6.934959349593496
6,312,253,7.173913043478261
6,313,251,7.306772908366534
6,314,238,7.092436974789916
6,315,243,6.839506172839506
6,316,250,6.74
6,317,249,6.746987951807229
6,318,259,6.544401544401544
6,319,254,6.8700787401574805
6,320,256,7.0703125
6,321,262,7.072519083969466
6,322,266,7.052631578947368
6,323,267,6.726591760299626
6,324,265,6.8528301886792455
6,325,275,6.850909090909091
6,326,282,7.099290780141844
6,327,290,7.020689655172414
6,328,290,6.86896551724138
6,329,297,6.818181818181818
6,330,295,7.111864406779661
6,331,298,7.0369127516778525
6,332,293,7.0
6,333,295,7.135593220338983
6,334,294,7.217687074829932
6,335,296,7.266891891891892
6,336,305,7.088524590163934
6,337,304,6.792763157894737
6,338,294,6.795918367346939
6,339,294,6.816326530612245
6,340,291,6.762886597938144
6,341,284,6.704225352112676
6,342,276,6.833333333333333
6,343,269,6.895910780669145
6,344,265,7.203773584905661
6,345,268,6.92910447761194
6,346,267,6.928838951310861
6,347,265,7.060377358490566
6,348,291,6.752577319587629
6,349,296,6.912162162162162
6,350,296,6.929054054054054
6,351,304,6.953947368421052
6,352,291,6.676975945017182
6,353,286,6.839160839160839
6,354,289,6.920415224913495
6,355,300,6.666666666666667
6,356,301,6.548172757475083
6,357,297,6.478114478114478
6,358,297,6.474747474747475
6,359,289,6.328719723183391
6,360,294,6.595238095238095
6,361,292,6.695205479452055
6,362,293,6.7406143344709895
6,363,302,6.76158940397351
6,364,300,6.826666666666667
6,365,290,6.844827586206897
6,366,286,7.195804195804196
6,367,272,7.227941176470588
6,368,275,7.167272727272727
6,369,258,7.1434108527131785
6,370,261,7.199233716475096
6,371,251,7.01195219123506
6,372,250,7.132
6,373,231,6.956709956709957
6,374,235,7.0212765957446805
6,375,226,7.106194690265487
6,376,216,6.685185185185185
6,377,218,6.821100917431193
6,378,212,7.004716981132075
6,379,211,7.398104265402844
6,380,208,6.961538461538462
6,381,202,6.207920792079208
6,382,208,6.394230769230769
6,383,210,6.485714285714286
6,384,208,6.663461538461538
6,385,204,6.9411764705882355
6,386,207,7.072463768115942
6,387,210,6.871428571428571
6,388,205,6.658536585365853
6,389,201,6.597014925373134
6,390,198,6.545454545454546
6,391,197,6.83756345177665
6,392,196,6.581632653061225
6,393,204,6.887254901960785
6,394,199,7.050251256281407
6,395,197,7.01015228426396
6,396,203,6.733990147783251
6,397,187,6.5828877005347595
6,398,193,6.347150259067358
6,399,187,6.491978609625669
6,400,187,6.641711229946524
7,0,30,0.0
7,1,30,1.0
7,2,30,2.0
7,3,30,3.0
7,4,30,4.0
7,5,30,5.0
7,6,30,6.0
7,7,30,7.0
7,8,33,7.2727272727272725
7,9,33,7.7272727272727275
7,10,39,7.384615384615385
7,11,44,7.431818181818182
7,12,48,7.729166666666667
7,13,50,8.38
7,14,50,8.82
7,15,53,9.264150943396226
7,16,57,9.140350877192983
7,17,61,9.19672131147541
7,18,64,9.4375
7,19,66,10.121212121212121
7,20,73,9.36986301369863
7,21,77,8.987012987012987
7,22,83,9.0
7,23,94,8.829787234042554
7,24,102,8.509803921568627
7,25,109,8.642201834862385
7,26,109,8.146788990825687
7,27,116,7.896551724137931
7,28,118,8.26271186440678
7,29,117,8.401709401709402
7,30,115,8.791304347826086
7,31,116,8.818965517241379
7,32,115,7.71304347826087
7,33,115,7.852173913043479
7,34,109,8.155963302752294
7,35,112,8.723214285714286
7,36,111,8.576576576576576
7,37,116,8.379310344827585
7,38,120,8.75
7,39,130,8.5
7,40,138,8.065217391304348
7,41,143,8.034965034965035
7,42,144,8.520833333333334
7,43,151,8.42384105960265
7,44,156,8.58974358974359
7,45,162,8.765432098765432
7,46,160,8.56875
7,47,170,7.864705882352941
7,48,164,8.073170731707316
7,49,170,7.982352941176471
7,50,173,7.797687861271676
7,51,174,7.896551724137931
7,52,175,8.108571428571429
7,53,168,8.321428571428571
7,54,167,8.167664670658683
7,55,164,7.932926829268292
7,56,160,8.275
7,57,156,8.10897435897436
7,58,156,8.166666666666666
7,59,162,7.888888888888889
7,60,164,7.274390243902439
7,61,168,7.119047619047619
7,62,176,6.971590909090909
7,63,188,6.840425531914893
7,64,196,7.1479591836734695
7,65,200,7.435
7,66,202,7.801980198019802
7,67,195,8.097435897435897
7,68,192,7.9375
7,69,190,7.526315789473684
7,70,201,7.233830845771144
7,71,201,7.149253731343284
7,72,201,6.990049751243781
7,73,209,6.966507177033493
7,74,221,6.923076923076923
7,75,224,7.026785714285714
7,76,210,7.071428571428571
7,77,217,7.096774193548387
7,78,220,7.2272727272727275
7,79,229,7.048034934497816
7,80,230,7.021739130434782
7,81,228,7.109649122807017
7,82,230,7.034782608695652
7,83,233,7.103004291845494
7,84,227,7.436123348017621
7,85,235,7.127659574468085
7,86,237,7.219409282700422
7,87,241,7.348547717842323
7,88,235,7.153191489361702
7,89,251,7.179282868525896
7,90,253,7.177865612648222
7,91,250,7.284
7,92,238,7.243697478991597
7,93,228,7.18859649122807
7,94,239,6.887029288702929
7,95,238,7.079831932773109
7,96,236,7.161016949152542
7,97,235,7.285106382978723
7,98,242,7.305785123966942
7,99,236,7.25
7,100,241,7.253112033195021
7,101,239,6.98326359832636
7,102,230,6.956521739130435
7,103,231,6.9437229437229435
7,104,236,6.75
7,105,254,6.625984251968504
7,106,266,6.7443609022556394
7,107,258,6.903100775193798
7,108,264,6.715909090909091
7,109,262,6.904580152671755
7,110,264,7.128787878787879
7,111,260,7.3538461538461535
7,112,267,7.071161048689139
7,113,270,7.174074074074074
7,114,277,7.270758122743683
7,115,277,7.187725631768953
7,116,274,7.295620437956204
7,117,277,7.487364620938628
7,118,268,7.294776119402985
7,119,275,7.469090909090909
7,120,282,7.439716312056738
7,121,279,7.308243727598566
7,122,290,7.36896551724138
7,123,291,6.9553264604811
7,124,288,7.180555555555555
7,125,297,7.424242424242424
7,126,297,7.404040404040404
7,127,302,7.370860927152318
7,128,297,7.619528619528619
7,129,295,7.688135593220339
7,130,309,7.611650485436893
7,131,314,7.643312101910828
7,132,310,7.590322580645161
7,133,305,7.298360655737705
7,134,314,7.028662420382165
7,135,323,7.0
7,136,313,7.207667731629393
7,137,312,7.522435897435898
7,138,310,7.435483870967742
7,139,326,7.4969325153374236
7,140,315,7.1873015873015875
7,141,325,7.233846153846154
7,142,328,7.280487804878049
7,143,337,7.041543026706232
7,144,339,7.129793510324483
7,145,329,7.1580547112462005
7,146,335,7.450746268656716
7,147,328,7.509146341463414
7,148,332,7.409638554216867
7,149,336,7.410714285714286
7,150,351,7.088319088319088
7,151,356,7.160112359550562
7,152,357,7.095238095238095
7,153,375,7.013333333333334
7,154,380,7.05
7,155,378,7.113756613756614
7,156,380,7.11578947368421
7,157,389,7.182519280205655
7,158,385,7.046753246753247
7,159,382,7.204188481675392
7,160,382,7.321989528795812
7,161,378,7.198412698412699
7,162,388,7.190721649484536
7,163,387,7.40826873385013
7,164,388,7.518041237113402
7,165,382,7.486910994764398
7,166,377,7.6684350132626
7,167,385,7.293506493506493
7,168,375,6.954666666666666
7,169,375,7.0906666666666665
7,170,382,6.9109947643979055
7,171,383,7.04177545691906
7,172,385,7.0987012987012985
7,173,383,7.169712793733681
7,174,379,7.277044854881266
7,175,381,7.377952755905512
7,176,384,7.122395833333333
7,177,375,7.309333333333333
7,178,367,7.291553133514986
7,179,365,7.2904109589041095
7,180,367,7.20708446866485
7,181,367,7.332425068119891
7,182,361,7.149584487534626
7,183,362,7.104972375690608
7,184,374,6.959893048128342
7,185,384,6.994791666666667
7,186,379,7.211081794195251
7,187,369,7.102981029810298
7,188,381,6.884514435695538
7,189,389,6.987146529562982
7,190,381,7.094488188976378
7,191,380,7.3
7,192,382,7.133507853403142
7,193,379,6.920844327176781
7,194,376,7.111702127659575
7,195,379,7.200527704485488
7,196,367,7.179836512261581
7,197,366,7.139344262295082
7,198,367,7.239782016348774
7,199,370,7.42972972972973
7,200,370,7.178378378378379
7,201,369,7.227642276422764
7,202,374,7.24331550802139
7,203,370,7.264864864864865
7,204,349,7.100286532951289
7,205,341,7.187683284457478
7,206,325,7.187692307692307
7,207,323,7.173374613003096
7,208,319,6.990595611285267
7,209,323,7.015479876160991
7,210,327,7.17737003058104
7,211,334,6.958083832335329
7,212,337,6.910979228486647
7,213,352,6.923295454545454
7,214,361,6.966759002770083
7,215,368,6.986413043478261
7,216,357,6.795518207282913
7,217,366,6.713114754098361
7,218,374,6.86096256684492
7,219,373,6.946380697050938
7,220,380,7.113157894736842
7,221,362,7.251381215469613
7,222,365,7.476712328767123
7,223,377,7.336870026525199
7,224,380,7.089473684210526
7,225,384,6.888020833333333
7,226,360,6.9
7,227,351,6.92022792022792
7,228,353,7.090651558073654
7,229,358,7.027932960893855
7,230,355,7.070422535211268
7,231,356,7.146067415730337
7,232,377,7.029177718832892
7,233,385,7.090909090909091
7,234,380,6.61578947368421
7,235,388,6.688144329896907
7,236,382,6.531413612565445
7,237,377,6.758620689655173
7,238,379,6.923482849604222
7,239,367,6.940054495912807
7,240,368,7.105978260869565
7,241,360,7.166666666666667
7,242,366,7.437158469945355
7,243,364,7.4532967032967035
7,244,370,7.494594594594594
7,245,356,7.373595505617978
7,246,356,7.033707865168539
7,247,358,6.927374301675978
7,248,357,6.901960784313726
7,249,347,7.066282420749279
7,250,339,6.935103244837758
7,251,342,7.347953216374269
7,252,328,7.545731707317073
7,253,339,7.3952802359882
7,254,340,7.064705882352941
7,255,343,6.784256559766764
7,256,357,6.773109243697479
7,257,360,6.533333333333333
7,258,365,6.7095890410958905
7,259,360,6.441666666666666
7,260,349,6.532951289398281
7,261,362,6.629834254143646
7,262,360,6.791666666666667
7,263,364,6.917582417582418
7,264,385,6.94025974025974
7,265,388,6.670103092783505
7,266,388,6.721649484536083
7,267,385,6.592207792207792
7,268,375,6.72
7,269,378,6.650793650793651
7,270,376,6.702127659574468
7,271,378,6.677248677248677
7,272,372,6.768817204301075
7,273,372,6.89247311827957
7,274,362,6.814917127071824
7,275,361,6.781163434903047
7,276,350,6.957142857142857
7,277,345,7.139130434782609
7,278,326,7.337423312883436
7,279,328,7.228658536585366
7,280,327,7.36697247706422
7,281,338,7.544378698224852
7,282,335,7.1850746268656716
7,283,337,7.27299703264095
7,284,335,7.116417910447761
7,285,332,7.25
7,286,327,7.36085626911315
7,287,327,7.174311926605505
7,288,332,6.975903614457831
7,289,331,6.842900302114804
7,290,325,6.963076923076923
7,291,322,6.419254658385094
7,292,333,6.525525525525525
7,293,335,6.91044776119403
7,294,328,7.1432926829268295
7,295,332,7.376506024096385
7,296,316,7.677215189873418
7,297,310,7.080645161290323
7,298,314,6.875796178343949
7,299,320,7.021875
7,300,316,6.8955696202531644
7,301,319,6.877742946708464
7,302,338,6.961538461538462
7,303,349,7.143266475644699
7,304,346,7.167630057803469
7,305,341,6.994134897360704
7,306,353,6.929178470254958
7,307,369,6.989159891598916
7,308,361,6.969529085872576
7,309,358,7.212290502793296
7,310,367,6.880108991825613
7,311,383,6.924281984334204
7,312,394,6.814720812182741
7,313,406,6.721674876847291
7,314,405,6.925925925925926
7,315,399,6.809523809523809
7,316,394,6.9543147208121825
7,317,388,7.270618556701031
7,318,389,7.354755784061696
7,319,397,7.141057934508816
7,320,400,7.0
7,321,404,7.091584158415841
7,322,392,7.040816326530612
7,323,393,7.213740458015267
7,324,383,7.201044386422977
7,325,383,7.227154046997389
7,326,389,7.12853470437018
7,327,392,6.933673469387755
7,328,382,6.942408376963351
7,329,383,6.981723237597911
7,330,375,7.144
7,331,366,6.909836065573771
7,332,360,7.127777777777778
7,333,356,7.370786516853933
7,334,353,7.223796033994335
7,335,359,7.281337047353761
7,336,361,7.008310249307479
7,337,355,7.030985915492958
7,338,360,7.1722222222222225
7,339,349,7.160458452722063
7,340,338,7.103550295857988
7,341,333,7.057057057057057
7,342,338,6.846153846153846
7,343,349,6.908309455587393
7,344,350,6.7
7,345,345,6.863768115942029
7,346,339,6.728613569321534
7,347,338,6.585798816568047
7,348,340,6.923529411764706
7,349,340,7.017647058823529
7,350,332,6.945783132530121
7,351,334,7.149700598802395
7,352,324,6.904320987654321
7,353,341,6.709677419354839
7,354,340,6.7558823529411764
7,355,330,6.5212121212121215
7,356,333,6.483483483483483
7,357,334,6.862275449101796
7,358,342,6.850877192982456
7,359,339,7.215339233038348
7,360,345,7.026086956521739
7,361,334,6.844311377245509
7,362,321,6.978193146417445
7,363,331,6.996978851963746
7,364,331,7.398791540785498
7,365,334,7.1946107784431135
7,366,326,7.1503067484662575
7,367,335,7.164179104477612
7,368,334,7.251497005988024
7,369,343,7.17201166180758
7,370,343,6.860058309037901
7,371,328,6.801829268292683
7,372,326,6.769938650306749
7,373,324,6.885802469135802
7,374,326,6.938650306748467
7,375,324,7.0
7,376,323,6.925696594427245
7,377,313,6.913738019169329
7,378,321,7.043613707165109
7,379,327,7.162079510703364
7,380,314,7.038216560509555
7,381,299,7.103678929765886
7,382,284,7.179577464788732
7,383,284,7.190140845070423
7,384,274,6.930656934306569
7,385,271,6.970479704797048
7,386,266,7.2105263157894735
7,387,260,7.203846153846154
7,388,259,6.833976833976834
7,389,261,6.938697318007663
7,390,248,6.75
7,391,253,6.569169960474309
7,392,258,6.763565891472868
7,393,253,6.715415019762846
7,394,249,6.526104417670683
7,395,237,6.518987341772152
7,396,234,6.6068376068376065
7,397,239,6.98326359832636
7,398,237,7.1645569620253164
7,399,244,7.163934426229508
7,400,249,7.228915662650603
8,0,30,0.0
8,1,30,1.0
8,2,30,2.0
8,3,30,3.0
8,4,30,4.0
8,5,30,5.0
8,6,30,6.0
8,7,30,7.0
8,8,35,6.857142857142857
8,9,38,7.2368421052631575
8,10,42,7.4523809523809526
8,11,49,7.244897959183674
8,12,54,7.481481481481482
8,13,58,7.896551724137931
8,14,61,8.40983606557377
8,15,65,8.6
8,16,68,8.941176470588236
8,17,78,8.666666666666666
8,18,84,8.869047619047619
8,19,93,8.806451612903226
8,20,99,8.909090909090908
8,21,109,8.541284403669724
8,22,119,8.647058823529411
8,23,127,8.858267716535433
8,24,140,8.721428571428572
8,25,152,8.953947368421053
8,26,164,8.75609756097561
8,27,170,8.941176470588236
8,28,176,9.079545454545455
8,29,187,9.176470588235293
8,30,193,9.398963730569948
8,31,211,9.180094786729859
8,32,215,7.6465116279069765
8,33,224,7.6875
8,34,248,7.616935483870968
8,35,248,7.943548387096774
8,36,249,8.19277108433735
8,37,264,8.321969696969697
8,38,270,8.348148148148148
8,39,277,8.498194945848375
8,40,287,8.414634146341463
8,41,283,8.46643109540636
8,42,291,8.213058419243985
8,43,293,8.023890784982935
8,44,289,7.820069204152249
8,45,300,7.78
8,46,305,7.845901639344262
8,47,311,7.890675241157556
8,48,329,7.537993920972644
8,49,331,7.770392749244713
8,50,329,7.641337386018237
8,51,339,7.905604719764011
8,52,344,7.973837209302325
8,53,357,8.103641456582633
8,54,367,8.0
8,55,365,8.167123287671233
8,56,379,7.567282321899736
8,57,374,7.518716577540107
8,58,383,7.493472584856397
8,59,388,7.641752577319588
8,60,382,7.863874345549738
8,61,375,7.904
8,62,391,7.67774936061381
8,63,404,7.695544554455446
8,64,404,7.7227722772277225
8,65,413,7.651331719128329
8,66,418,7.645933014354067
8,67,427,7.68384074941452
8,68,402,7.681592039800995
8,69,409,7.449877750611247
8,70,409,7.493887530562347
8,71,414,7.509661835748792
8,72,436,7.38302752293578
8,73,441,7.344671201814059
8,74,455,7.015384615384615
8,75,468,7.235042735042735
8,76,477,7.174004192872117
8,77,478,6.857740585774058
8,78,489,6.973415132924336
8,79,488,6.959016393442623
8,80,494,7.184210526315789
8,81,496,7.264112903225806
8,82,507,7.459566074950691
8,83,524,7.41412213740458
8,84,529,7.493383742911153
8,85,541,7.391866913123844
8,86,554,7.312274368231047
8,87,565,7.261946902654867
8,88,580,7.198275862068965
8,89,579,7.134715025906735
8,90,597,7.005025125628141
8,91,602,7.205980066445183
8,92,608,7.4375
8,93,597,7.268006700167504
8,94,593,7.035413153456998
8,95,579,7.18307426597582
8,96,595,7.226890756302521
8,97,603,7.4245439469320065
8,98,605,7.1570247933884295
8,99,609,7.126436781609195
8,100,613,7.370309951060359
8,101,616,7.628246753246753
8,102,626,7.493610223642173
8,103,622,7.42443729903537
8,104,623,7.39486356340289
8,105,609,7.615763546798029
8,106,597,7.685092127303182
8,107,597,7.582914572864322
8,108,603,7.548922056384743
8,109,613,7.685154975530179
8,110,614,7.537459283387622
8,111,597,7.375209380234506
8,112,598,7.364548494983278
8,113,615,7.4975609756097565
8,114,608,7.3355263157894735
8,115,605,7.3008264462809915
8,116,600,7.191666666666666
8,117,586,7.19283276450512
8,118,592,7.263513513513513
8,119,578,7.240484429065744
8,120,600,7.118333333333333
8,121,582,7.225085910652921
8,122,585,7.153846153846154
8,123,592,7.206081081081081
8,124,592,7.41722972972973
8,125,583,7.379073756432247
8,126,561,7.253119429590018
8,127,566,7.054770318021202
8,128,562,7.101423487544484
8,129,573,7.153577661431065
8,130,581,7.130808950086059
8,131,615,6.913821138211382
8,132,600,6.891666666666667
8,133,602,6.823920265780731
8,134,604,6.947019867549669
8,135,589,7.050933786078098
8,136,586,7.064846416382252
8,137,579,7.1692573402417965
8,138,571,7.23292469352014
8,139,571,7.036777583187391
8,140,590,6.835593220338983
8,141,601,7.006655574043261
8,142,626,6.886581469648562
8,143,612,6.758169934640523
8,144,613,6.916802610114193
8,145,624,7.166666666666667
8,146,615,7.302439024390244
8,147,607,7.2322899505766065
8,148,605,7.219834710743801
8,149,604,7.291390728476821
8,150,606,7.333333333333333
8,151,595,7.391596638655463
8,152,580,7.320689655172414
8,153,586,7.271331058020478
8,154,584,7.154109589041096
8,155,585,7.099145299145299
8,156,583,7.1406518010291595
8,157,604,7.25
8,158,611,7.111292962356792
8,159,628,7.103503184713376
8,160,609,7.124794745484401
8,161,616,7.071428571428571
8,162,633,7.053712480252765
8,163,630,7.098412698412698
8,164,638,6.927899686520377
8,165,632,7.112341772151899
8,166,628,7.176751592356688
8,167,641,7.27613104524181
8,168,642,7.40809968847352
8,169,626,7.413738019169329
8,170,638,7.463949843260188
8,171,640,7.434375
8,172,645,7.299224806201551
8,173,643,7.343701399688958
8,174,644,7.305900621118012
8,175,648,7.152777777777778
8,176,659,7.033383915022762
8,177,664,7.058734939759036
8,178,667,7.0899550224887555
8,179,680,7.014705882352941
8,180,679,7.120765832106038
8,181,659,7.320182094081942
8,182,659,7.4248861911987865
8,183,649,7.437596302003081
8,184,643,7.213063763608087
8,185,641,7.227769110764431
8,186,652,7.024539877300613
8,187,662,7.305135951661631
8,188,668,7.251497005988024
8,189,658,7.361702127659575
8,190,643,7.188180404354588
8,191,649,7.0785824345146375
8,192,643,7.043545878693624
8,193,646,7.193498452012384
8,194,666,7.072072072072072
8,195,672,7.081845238095238
8,196,671,7.146050670640834
8,197,660,7.260606060606061
8,198,655,7.305343511450381
8,199,660,7.198484848484848
8,200,661,7.1694402420574885
8,201,664,7.109939759036145
8,202,654,7.07645259938838
8,203,651,6.978494623655914
8,204,653,7.065849923430322
8,205,652,6.903374233128834
8,206,652,6.935582822085889
8,207,653,6.9632465543644715
8,208,664,7.025602409638554
8,209,669,6.971599402092676
8,210,665,6.965413533834586
8,211,655,6.955725190839694
8,212,666,6.924924924924925
8,213,647,6.904173106646058
8,214,640,6.8625
8,215,650,7.036923076923077
8,216,647,7.0092735703245745
8,217,662,6.877643504531722
8,218,684,6.821637426900585
8,219,671,6.938897168405365
8,220,663,6.923076923076923
8,221,669,6.802690582959642
8,222,666,6.86036036036036
8,223,692,6.734104046242774
8,224,697,6.714490674318508
8,225,689,6.645863570391873
8,226,691,6.723589001447178
8,227,686,6.85131195335277
8,228,694,6.80835734870317
8,229,681,6.679882525697503
8,230,675,6.733333333333333
8,231,684,6.703216374269005
8,232,677,6.784342688330871
8,233,686,6.776967930029154
8,234,663,6.885369532428356
8,235,676,7.013313609467455
8,236,666,7.226726726726727
8,237,668,7.112275449101796
8,238,683,6.855051244509517
8,239,671,6.818181818181818
8,240,679,6.715758468335788
8,241,686,6.771137026239067
8,242,682,6.9340175953079175
8,243,656,6.975609756097561
8,244,647,6.916537867078826
8,245,644,6.911490683229814
8,246,645,7.0093023255813955
8,247,647,6.8454404945904175
8,248,647,6.768160741885626
8,249,641,6.556942277691108
8,250,652,6.561349693251533
8,251,661,6.53857791225416
8,252,659,6.591805766312595
8,253,648,6.726851851851852
8,254,639,6.830985915492958
8,255,645,6.8170542635658915
8,256,635,7.051968503937008
8,257,657,6.9558599695586
8,258,644,6.958074534161491
8,259,649,6.8474576271186445
8,260,638,6.846394984326019
8,261,628,6.834394904458598
8,262,605,6.833057851239669
8,263,600,6.99
8,264,590,7.164406779661017
8,265,580,7.222413793103448
8,266,582,7.116838487972508
8,267,595,7.139495798319328
8,268,596,7.135906040268456
8,269,596,7.087248322147651
8,270,595,7.047058823529412
8,271,595,7.035294117647059
8,272,589,6.993208828522921
8,273,589,7.067911714770798
8,274,595,7.040336134453781
8,275,597,6.927973199329983
8,276,606,7.070957095709571
8,277,592,7.091216216216216
8,278,584,6.984589041095891
8,279,578,6.963667820069205
8,280,566,7.049469964664311
8,281,573,7.12216404886562
8,282,585,7.1008547008547005
8,283,588,7.113945578231292
8,284,579,7.170984455958549
8,285,595,6.899159663865547
8,286,599,6.848080133555927
8,287,584,6.897260273972603
8,288,585,6.998290598290598
8,289,556,7.091726618705036
8,290,556,7.41726618705036
8,291,541,7.4621072088724585
8,292,531,7.370998116760829
8,293,539,7.241187384044527
8,294,538,7.189591078066915
8,295,542,7.287822878228782
8,296,535,7.274766355140187
8,297,525,7.611428571428571
8,298,516,7.37015503875969
8,299,506,7.270750988142293
8,300,492,7.2073170731707314
8,301,494,7.016194331983805
8,302,492,6.959349593495935
8,303,497,6.945674044265593
8,304,490,7.051020408163265
8,305,493,7.105476673427992
8,306,498,7.080321285140562
8,307,497,7.056338028169014
8,308,499,6.947895791583166
8,309,482,6.973029045643154
8,310,483,6.89648033126294
8,311,482,6.929460580912863
8,312,469,6.9658848614072495
8,313,470,6.948936170212766
8,314,472,6.781779661016949
8,315,473,6.7420718816067655
8,316,474,6.934599156118144
8,317,469,7.1023454157782515
8,318,464,6.825431034482759
8,319,461,6.967462039045553
8,320,452,7.066371681415929
8,321,464,7.109913793103448
8,322,452,7.006637168141593
8,323,458,7.152838427947598
8,324,465,7.163440860215053
8,325,467,7.1713062098501075
8,326,481,7.083160083160083
8,327,497,7.17907444668008
8,328,499,7.1202404809619235
8,329,500,7.126
8,330,481,7.232848232848233
8,331,470,7.029787234042553
8,332,480,7.004166666666666
8,333,486,6.995884773662551
8,334,498,7.275100401606426
8,335,493,7.296146044624747
8,336,501,7.339321357285429
8,337,507,7.211045364891519
8,338,492,7.126016260162602
8,339,488,7.161885245901639
8,340,491,7.085539714867617
8,341,490,7.136734693877551
8,342,494,7.202429149797571
8,343,480,7.125
8,344,467,7.220556745182013
8,345,479,7.081419624217119
8,346,479,6.908141962421712
8,347,494,7.038461538461538
8,348,485,7.041237113402062
8,349,479,7.01670146137787
8,350,483,6.954451345755694
8,351,489,6.952965235173824
8,352,468,6.9252136752136755
8,353,478,6.926778242677824
8,354,482,6.800829875518672
8,355,489,6.932515337423313
8,356,499,7.110220440881764
8,357,504,7.011904761904762
8,358,507,7.031558185404339
8,359,507,7.14792899408284
8,360,518,7.1505791505791505
8,361,516,7.093023255813954
8,362,511,7.174168297455969
8,363,495,7.141414141414141
8,364,506,6.91106719367589
8,365,503,7.155069582504971
8,366,504,7.10515873015873
8,367,494,7.109311740890688
8,368,495,7.096969696969697
8,369,497,7.257545271629779
8,370,518,7.1698841698841695
8,371,518,7.293436293436294
8,372,518,7.013513513513513
8,373,519,7.161849710982659
8,374,511,7.326810176125244
8,375,515,7.038834951456311
8,376,514,7.151750972762646
8,377,511,7.043052837573385
8,378,518,6.793436293436294
8,379,539,6.8812615955473095
8,380,559,6.8604651162790695
8,381,547,7.148080438756856
8,382,537,7.039106145251397
8,383,543,6.974217311233886
8,384,526,7.169201520912548
8,385,532,7.2218045112781954
8,386,546,7.010989010989011
8,387,549,7.049180327868853
8,388,581,7.0929432013769365
8,389,576,7.088541666666667
8,390,563,7.014209591474245
8,391,574,6.987804878048781
8,392,566,7.03886925795053
8,393,568,7.091549295774648
8,394,568,7.188380281690141
8,395,576,7.269097222222222
8,396,578,7.226643598615917
8,397,582,7.187285223367698
8,398,574,7.308362369337979
8,399,578,7.26643598615917
8,400,593,7.050590219224283
9,0,30,0.0
9,1,30,1.0
9,2,30,2.0
9,3,30,3.0
9,4,30,4.0
9,5,30,5.0
9,6,30,6.0
9,7,30,7.0
9,8,38,6.315789473684211
9,9,40,6.725
9,10,45,6.866666666666666
9,11,49,7.224489795918367
9,12,54,7.462962962962963
9,13,59,7.745762711864407
9,14,58,8.068965517241379
9,15,62,8.241935483870968
9,16,61,9.01639344262295
9,17,71,8.605633802816902
9,18,75,8.133333333333333
9,19,80,8.25
9,20,87,8.505747126436782
9,21,93,8.89247311827957
9,22,97,8.938144329896907
9,23,103,9.359223300970873
9,24,104,9.39423076923077
9,25,113,8.858407079646017
9,26,116,8.956896551724139
9,27,122,8.672131147540984
9,28,133,8.548872180451127
9,29,138,9.028985507246377
9,30,142,9.274647887323944
9,31,150,9.54
9,32,145,8.068965517241379
9,33,156,7.647435897435898
9,34,167,7.664670658682635
9,35,174,7.448275862068965
9,36,182,7.467032967032967
9,37,186,7.860215053763441
9,38,200,7.865
9,39,194,8.29896907216495
9,40,196,8.214285714285714
9,41,191,8.712041884816754
9,42,198,8.651515151515152
9,43,196,8.627551020408163
9,44,217,8.216589861751151
9,45,223,8.170403587443946
9,46,230,7.869565217391305
9,47,227,7.656387665198238
9,48,238,7.722689075630252
9,49,241,8.024896265560166
9,50,246,7.861788617886178
9,51,237,8.113924050632912
9,52,242,8.15702479338843
9,53,248,8.237903225806452
9,54,265,8.09811320754717
9,55,255,8.137254901960784
9,56,256,8.18359375
9,57,262,8.049618320610687
9,58,261,8.049808429118775
9,59,261,7.89272030651341
9,60,262,7.652671755725191
9,61,262,7.908396946564886
9,62,257,7.863813229571984
9,63,250,8.016
9,64,250,7.852
9,65,252,7.686507936507937
9,66,255,7.713725490196079
9,67,257,7.221789883268483
9,68,265,7.373584905660377
9,69,264,7.541666666666667
9,70,260,7.688461538461539
9,71,270,7.377777777777778
9,72,270,7.229629629629629
9,73,265,7.550943396226415
9,74,271,7.660516605166052
9,75,264,7.484848484848484
9,76,270,7.0851851851851855
9,77,264,7.193181818181818
9,78,265,7.316981132075472
9,79,263,7.14828897338403
9,80,265,7.154716981132076
9,81,271,7.332103321033211
9,82,263,7.4106463878327
9,83,265,7.483018867924528
9,84,250,7.26
9,85,248,7.459677419354839
9,86,250,7.28
9,87,247,7.372469635627531
9,88,245,7.1959183673469385
9,89,245,6.963265306122449
9,90,240,7.054166666666666
9,91,236,6.8940677966101696
9,92,244,7.323770491803279
9,93,234,7.17948717948718
9,94,227,7.211453744493392
9,95,232,7.176724137931035
9,96,236,6.936440677966102
9,97,240,7.095833333333333
9,98,238,6.911764705882353
9,99,236,6.8559322033898304
9,100,227,6.973568281938326
9,101,223,7.15695067264574
9,102,214,7.55607476635514
9,103,216,7.472222222222222
9,104,216,7.342592592592593
9,105,214,7.331775700934579
9,106,212,7.264150943396227
9,107,216,7.300925925925926
9,108,215,7.074418604651163
9,109,219,7.155251141552512
9,110,217,7.244239631336406
9,111,218,7.261467889908257
9,112,217,7.258064516129032
9,113,212,7.547169811320755
9,114,212,7.080188679245283
9,115,226,6.95575221238938
9,116,226,6.871681415929204
9,117,229,6.986899563318778
9,118,235,6.821276595744681
9,119,248,6.955645161290323
9,120,244,6.819672131147541
9,121,241,7.1037344398340245
9,122,238,6.966386554621849
9,123,237,6.987341772151899
9,124,233,6.84549356223176
9,125,227,6.947136563876652
9,126,235,6.974468085106383
9,127,247,7.044534412955466
9,128,243,7.127572016460905
9,129,234,7.012820512820513
9,130,230,7.056521739130435
9,131,244,7.045081967213115
9,132,236,6.614406779661017
9,133,229,6.8384279475982535
9,134,219,6.954337899543379
9,135,232,6.780172413793103
9,136,233,7.03862660944206
9,137,234,6.705128205128205
9,138,237,6.544303797468355
9,139,228,6.517543859649122
9,140,237,6.628691983122363
9,141,245,6.583673469387755
9,142,244,6.586065573770492
9,143,243,6.522633744855967
9,144,244,6.512295081967213
9,145,244,6.598360655737705
9,146,247,6.842105263157895
9,147,245,7.159183673469387
9,148,247,6.963562753036437
9,149,254,6.68503937007874
9,150,244,6.963114754098361
9,151,243,6.864197530864198
9,152,238,6.823529411764706
9,153,235,7.046808510638298
9,154,230,7.326086956521739
9,155,223,7.291479820627803
9,156,215,7.404651162790698
9,157,220,7.290909090909091
9,158,222,7.081081081081081
9,159,219,7.429223744292237
9,160,218,7.376146788990826
9,161,214,7.102803738317757
9,162,221,7.171945701357466
9,163,225,6.902222222222222
9,164,232,7.004310344827586
9,165,240,7.1875
9,166,238,7.11344537815126
9,167,233,7.115879828326181
9,168,235,6.931914893617021
9,169,231,7.090909090909091
9,170,239,7.2552301255230125
9,171,242,7.06198347107438
9,172,237,7.383966244725738
9,173,234,7.299145299145299
9,174,239,6.903765690376569
9,175,229,7.0
9,176,220,6.954545454545454
9,177,227,6.850220264317181
9,178,208,6.793269230769231
9,179,212,6.962264150943396
9,180,214,6.864485981308412
9,181,199,7.090452261306533
9,182,199,7.010050251256281
9,183,205,6.7073170731707314
9,184,205,6.814634146341463
9,185,211,6.796208530805687
9,186,202,6.891089108910891
9,187,203,6.891625615763547
9,188,195,7.102564102564102
9,189,184,7.461956521739131
9,190,176,7.636363636363637
9,191,176,7.448863636363637
9,192,178,7.387640449438202
9,193,175,7.137142857142857
9,194,166,7.036144578313253
9,195,171,6.883040935672515
9,196,164,6.7682926829268295
9,197,162,6.827160493827161
9,198,158,6.417721518987341
9,199,161,6.60248447204969
9,200,167,6.682634730538922
9,201,168,6.589285714285714
9,202,169,6.502958579881657
9,203,165,6.793939393939394
9,204,169,6.491124260355029
9,205,165,6.381818181818182
9,206,172,6.627906976744186
9,207,173,6.687861271676301
9,208,172,6.912790697674419
9,209,173,7.2485549132947975
9,210,170,7.2823529411764705
9,211,163,7.233128834355829
9,212,152,7.480263157894737
9,213,150,7.326666666666667
9,214,147,7.312925170068027
9,215,151,7.2052980132450335
9,216,154,6.922077922077922
9,217,148,6.885135135135135
9,218,157,6.643312101910828
9,219,154,6.792207792207792
9,220,152,6.855263157894737
9,221,153,6.901960784313726
9,222,156,6.961538461538462
9,223,153,7.0130718954248366
9,224,155,6.929032258064516
9,225,149,6.6375838926174495
9,226,152,6.467105263157895
9,227,158,6.791139240506329
9,228,160,6.8125
9,229,157,6.974522292993631
9,230,155,6.916129032258064
9,231,147,6.884353741496598
9,232,141,6.829787234042553
9,233,138,7.130434782608695
9,234,135,6.881481481481481
9,235,134,6.7611940298507465
9,236,132,6.863636363636363
9,237,129,6.627906976744186
9,238,137,6.452554744525547
9,239,140,6.371428571428571
9,240,135,6.333333333333333
9,241,141,6.631205673758865
9,242,141,6.2695035460992905
9,243,141,6.624113475177305
9,244,143,6.79020979020979
9,245,141,6.659574468085107
9,246,138,6.797101449275362
9,247,137,6.693430656934306
9,248,145,6.641379310344828
9,249,141,6.964539007092198
9,250,148,7.04054054054054
9,251,147,7.292517006802721
9,252,138,7.543478260869565
9,253,143,7.601398601398602
9,254,139,7.151079136690647
9,255,134,7.462686567164179
9,256,136,7.257352941176471
9,257,133,7.097744360902255
9,258,133,7.3007518796992485
9,259,125,7.832
9,260,131,7.687022900763359
9,261,142,7.464788732394366
9,262,140,7.442857142857143
9,263,130,7.384615384615385
9,264,139,7.151079136690647
9,265,132,7.0606060606060606
9,266,132,6.931818181818182
9,267,138,7.4855072463768115
9,268,132,7.287878787878788
9,269,135,7.4222222222222225
9,270,139,7.546762589928058
9,271,129,7.410852713178294
9,272,124,7.524193548387097
9,273,124,7.717741935483871
9,274,129,7.782945736434108
9,275,130,7.6923076923076925
9,276,129,7.51937984496124
9,277,123,7.3983739837398375
9,278,122,7.286885245901639
9,279,119,7.5966386554621845
9,280,119,7.470588235294118
9,281,123,7.536585365853658
9,282,116,7.689655172413793
9,283,108,7.777777777777778
9,284,114,7.359649122807017
9,285,117,7.145299145299146
9,286,117,7.3247863247863245
9,287,119,7.445378151260504
9,288,130,6.8076923076923075
9,289,133,6.879699248120301
9,290,130,6.792307692307692
9,291,129,6.852713178294573
9,292,121,6.917355371900826
9,293,120,6.658333333333333
9,294,119,6.890756302521009
9,295,111,6.81981981981982
9,296,113,6.929203539823009
9,297,119,7.0588235294117645
9,298,116,6.939655172413793
9,299,114,7.06140350877193
9,300,120,6.908333333333333
9,301,125,7.04
9,302,122,7.081967213114754
9,303,119,7.0588235294117645
9,304,118,6.754237288135593
9,305,112,6.705357142857143
9,306,114,6.692982456140351
9,307,107,6.981308411214953
9,308,104,7.144230769230769
9,309,108,6.898148148148148
9,310,109,6.834862385321101
9,311,106,7.169811320754717
9,312,102,7.088235294117647
9,313,107,6.906542056074766
9,314,97,6.845360824742268
9,315,95,6.842105263157895
9,316,95,7.052631578947368
9,317,94,7.095744680851064
9,318,92,6.989130434782608
9,319,89,6.898876404494382
9,320,85,6.988235294117647
9,321,89,6.966292134831461
9,322,84,7.392857142857143
9,323,81,7.54320987654321
9,324,81,7.617283950617284
9,325,73,7.438356164383562
9,326,68,7.911764705882353
9,327,76,6.671052631578948
9,328,77,6.818181818181818
9,329,72,7.402777777777778
9,330,69,7.130434782608695
9,331,67,6.731343283582089
9,332,69,6.826086956521739
9,333,66,6.863636363636363
9,334,65,6.938461538461539
9,335,68,6.352941176470588
9,336,69,6.202898550724638
9,337,72,6.319444444444445
9,338,75,6.746666666666667
9,339,74,6.783783783783784
9,340,68,6.838235294117647
9,341,63,6.888888888888889
9,342,58,6.793103448275862
9,343,60,6.766666666666667
9,344,57,7.017543859649122
9,345,55,6.890909090909091
9,346,58,6.931034482758621
9,347,60,6.9
9,348,61,6.655737704918033
9,349,58,6.275862068965517
9,350,52,6.096153846153846
9,351,52,6.538461538461538
9,352,50,6.98
9,353,49,7.244897959183674
9,354,44,6.2272727272727275
9,355,41,6.804878048780488
9,356,41,6.439024390243903
9,357,45,6.111111111111111
9,358,43,5.6976744186046515
9,359,44,6.363636363636363
9,360,43,6.627906976744186
9,361,43,7.023255813953488
9,362,42,7.880952380952381
9,363,41,8.634146341463415
9,364,39,7.923076923076923
9,365,37,7.378378378378378
9,366,38,7.078947368421052
9,367,38,7.421052631578948
9,368,38,7.2894736842105265
9,369,32,6.9375
9,370,30,7.066666666666666
9,371,32,6.5
9,372,32,6.53125
9,373,36,6.444444444444445
9,374,34,6.176470588235294
9,375,34,6.852941176470588
9,376,32,7.09375
9,377,32,6.84375
9,378,29,7.241379310344827
9,379,32,7.46875
9,380,34,7.529411764705882
9,381,30,7.9
9,382,31,8.129032258064516
9,383,30,7.5
9,384,28,6.678571428571429
9,385,29,6.724137931034483
9,386,27,6.074074074074074
9,387,24,5.791666666666667
9,388,22,5.818181818181818
9,389,23,6.130434782608695
9,390,23,7.130434782608695
9,391,26,6.0
9,392,26,6.153846153846154
9,393,28,5.678571428571429
9,394,30,5.866666666666666
9,395,28,5.75
9,396,29,5.620689655172414
9,397,29,5.793103448275862
9,398,28,5.607142857142857
9,399,29,5.620689655172414
9,400,28,5.892857142857143
