iteration,year,population_size,average_age
0,0,20,0.0
0,1,20,1.0
0,2,20,2.0
0,3,20,3.0
0,4,20,4.0
0,5,20,5.0
0,6,20,6.0
0,7,20,7.0
0,8,20,8.0
0,9,22,8.181818181818182
0,10,28,7.214285714285714
0,11,34,6.764705882352941
0,12,36,7.333333333333333
0,13,42,7.142857142857143
0,14,50,6.84
0,15,52,7.538461538461538
0,16,51,8.176470588235293
0,17,54,8.518518518518519
0,18,60,8.566666666666666
0,19,63,8.80952380952381
0,20,69,8.666666666666666
0,21,77,8.662337662337663
0,22,82,8.292682926829269
0,23,88,7.931818181818182
0,24,97,7.88659793814433
0,25,101,8.534653465346535
0,26,99,9.252525252525253
0,27,101,8.643564356435643
0,28,105,9.114285714285714
0,29,115,8.730434782608695
0,30,122,8.704918032786885
0,31,123,8.869918699186991
0,32,110,7.654545454545454
0,33,122,7.459016393442623
0,34,132,7.113636363636363
0,35,137,6.970802919708029
0,36,145,7.165517241379311
0,37,147,7.598639455782313
0,38,154,7.1103896103896105
0,39,156,7.141025641025641
0,40,151,7.291390728476821
0,41,146,7.787671232876712
0,42,144,7.631944444444445
0,43,153,7.405228758169935
0,44,158,7.310126582278481
0,45,171,7.046783625730995
0,46,166,7.301204819277109
0,47,184,6.684782608695652
0,48,194,6.77319587628866
0,49,192,7.046875
0,50,195,7.1692307692307695
0,51,194,7.603092783505154
0,52,195,7.958974358974359
0,53,192,7.760416666666667
0,54,203,7.374384236453202
0,55,204,7.588235294117647
0,56,214,7.411214953271028
0,57,227,7.41409691629956
0,58,230,7.243478260869566
0,59,238,7.222689075630252
0,60,243,7.197530864197531
0,61,248,7.028225806451613
0,62,253,7.146245059288537
0,63,257,7.066147859922179
0,64,270,6.862962962962963
0,65,271,6.915129151291513
0,66,267,7.194756554307116
0,67,269,7.271375464684015
0,68,286,7.374125874125874
0,69,281,7.263345195729538
0,70,288,7.038194444444445
0,71,303,7.006600660066007
0,72,323,6.922600619195046
0,73,329,6.844984802431611
0,74,331,7.151057401812689
0,75,337,7.094955489614243
0,76,352,7.048295454545454
0,77,356,7.24438202247191
0,78,356,7.252808988764045
0,79,370,7.2
0,80,388,7.144329896907217
0,81,401,7.129675810473816
0,82,382,7.170157068062827
0,83,387,7.147286821705427
0,84,385,7.067532467532468
0,85,384,7.091145833333333
0,86,382,7.2565445026178015
0,87,399,7.005012531328321
0,88,405,7.019753086419753
0,89,416,7.064903846153846
0,90,413,7.026634382566586
0,91,429,6.862470862470863
0,92,416,6.512019230769231
0,93,429,6.545454545454546
0,94,413,6.963680387409201
0,95,417,7.251798561151079
0,96,408,7.276960784313726
0,97,409,7.19559902200489
0,98,422,6.938388625592417
0,99,417,6.961630695443645
0,100,450,6.777777777777778
0,101,450,6.822222222222222
0,102,454,6.702643171806168
0,103,476,6.315126050420168
0,104,476,6.758403361344538
0,105,470,6.793617021276596
0,106,470,6.968085106382978
0,107,474,7.0
0,108,462,7.008658008658009
0,109,463,6.846652267818574
0,110,489,6.775051124744376
0,111,506,6.626482213438735
0,112,534,6.5655430711610485
0,113,547,6.577696526508227
0,114,566,6.568904593639576
0,115,579,6.620034542314335
0,116,585,6.704273504273504
0,117,591,6.668358714043993
0,118,599,6.791318864774625
0,119,591,7.148900169204738
0,120,576,7.071180555555555
0,121,582,7.060137457044673
0,122,596,7.097315436241611
0,123,594,7.070707070707071
0,124,605,7.036363636363636
0,125,629,6.963434022257552
0,126,638,6.852664576802508
0,127,655,6.981679389312977
0,128,652,6.858895705521473
0,129,650,6.907692307692308
0,130,640,6.8765625
0,131,626,7.038338658146965
0,132,638,6.80564263322884
0,133,663,6.969834087481146
0,134,647,6.8268933539412675
0,135,656,6.782012195121951
0,136,660,6.846969696969697
0,137,678,6.974926253687316
0,138,676,7.066568047337278
0,139,675,6.946666666666666
0,140,671,7.065573770491803
0,141,672,6.9226190476190474
0,142,668,7.255988023952096
0,143,655,7.148091603053435
0,144,681,6.926578560939794
0,145,684,6.7748538011695905
0,146,675,6.914074074074074
0,147,665,7.01203007518797
0,148,670,7.020895522388059
0,149,689,6.984034833091437
0,150,688,7.0625
0,151,697,7.222381635581062
0,152,712,7.38623595505618
0,153,706,7.169971671388102
0,154,725,7.0441379310344825
0,155,738,6.936314363143631
0,156,736,7.024456521739131
0,157,723,6.959889349930844
0,158,721,6.782246879334258
0,159,729,6.779149519890261
0,160,726,6.9366391184573
0,161,742,6.946091644204852
0,162,746,7.03485254691689
0,163,740,6.889189189189189
0,164,755,6.8834437086092715
0,165,742,6.938005390835579
0,166,750,6.776
0,167,755,6.860927152317881
0,168,747,6.906291834002677
0,169,733,7.032742155525239
0,170,714,7.1456582633053225
0,171,697,7.15351506456241
0,172,684,7.220760233918129
0,173,691,7.303907380607815
0,174,704,7.251420454545454
0,175,715,7.127272727272727
0,176,720,7.052777777777778
0,177,731,6.963064295485636
0,178,769,6.871261378413524
0,179,770,6.876623376623376
0,180,768,6.786458333333333
0,181,755,6.76953642384106
0,182,737,6.788331071913161
0,183,728,6.721153846153846
0,184,735,6.812244897959184
0,185,725,7.089655172413793
0,186,735,6.827210884353741
0,187,741,6.781376518218623
0,188,744,6.720430107526882
0,189,759,6.822134387351778
0,190,766,6.848563968668407
0,191,767,6.70013037809648
0,192,747,6.710843373493976
0,193,735,6.639455782312925
0,194,740,6.693243243243243
0,195,742,6.6940700808625335
0,196,724,6.81767955801105
0,197,717,7.085076708507671
0,198,710,6.836619718309859
0,199,716,6.865921787709497
0,200,720,6.9319444444444445
0,201,734,6.745231607629428
0,202,755,6.727152317880795
0,203,742,6.800539083557951
0,204,744,6.643817204301075
0,205,736,6.8709239130434785
0,206,747,6.732262382864793
0,207,741,6.92442645074224
0,208,730,6.763013698630137
0,209,734,6.720708446866485
0,210,726,6.699724517906336
0,211,732,6.724043715846994
0,212,739,6.901217861975643
0,213,755,6.774834437086093
0,214,735,6.857142857142857
0,215,738,6.711382113821138
0,216,726,6.932506887052342
0,217,719,6.965229485396383
0,218,732,6.816939890710382
0,219,724,6.734806629834254
0,220,709,6.631875881523272
0,221,711,6.70042194092827
0,222,725,6.769655172413793
0,223,724,6.769337016574585
0,224,704,6.9772727272727275
0,225,701,7.079885877318117
0,226,699,7.034334763948498
0,227,707,6.994342291371995
0,228,705,7.059574468085106
0,229,685,6.972262773722628
0,230,670,6.925373134328358
0,231,667,6.67616191904048
0,232,682,6.655425219941349
0,233,668,6.645209580838324
0,234,647,6.723338485316847
0,235,668,6.6437125748503
0,236,658,6.866261398176292
0,237,649,6.972265023112481
0,238,661,6.9394856278366115
0,239,662,6.925981873111782
0,240,697,6.84648493543759
0,241,689,6.769230769230769
0,242,687,6.9927219796215425
0,243,700,6.694285714285714
0,244,716,6.567039106145251
0,245,694,6.587896253602305
0,246,675,6.8059259259259255
0,247,671,6.743666169895678
0,248,703,6.611664295874823
0,249,713,6.626928471248247
0,250,705,6.825531914893617
0,251,720,6.804166666666666
0,252,715,6.7846153846153845
0,253,742,6.904312668463612
0,254,755,6.888741721854305
0,255,735,6.9156462585034015
0,256,730,7.054794520547945
0,257,709,7.184767277856135
0,258,720,7.191666666666666
0,259,725,7.177931034482759
0,260,751,6.958721704394141
0,261,776,6.48840206185567
0,262,758,6.58311345646438
0,263,759,6.791831357048748
0,264,768,6.830729166666667
0,265,768,6.96875
0,266,743,7.226110363391656
0,267,746,7.221179624664879
0,268,753,7.067729083665339
0,269,745,7.083221476510067
0,270,738,7.05420054200542
0,271,742,6.888140161725067
0,272,739,6.913396481732071
0,273,760,6.735526315789474
0,274,746,6.841823056300268
0,275,741,6.802968960863698
0,276,721,6.766990291262136
0,277,710,6.881690140845071
0,278,690,7.060869565217391
0,279,696,7.066091954022989
0,280,696,7.025862068965517
0,281,698,6.9426934097421205
0,282,724,6.823204419889502
0,283,719,6.753824756606398
0,284,723,6.686030428769018
0,285,720,6.655555555555556
0,286,730,6.676712328767123
0,287,720,6.75
0,288,697,6.94261119081779
0,289,690,6.891304347826087
0,290,689,6.670537010159651
0,291,701,6.788873038516405
0,292,693,6.822510822510822
0,293,701,6.961483594864479
0,294,702,6.864672364672365
0,295,713,6.761570827489481
0,296,717,6.822873082287308
0,297,711,6.985935302390999
0,298,700,6.974285714285714
0,299,697,6.931133428981348
0,300,694,6.904899135446686
0,301,692,6.910404624277457
0,302,684,6.896198830409356
0,303,679,6.896907216494846
0,304,681,7.052863436123348
0,305,707,7.018387553041018
0,306,702,7.113960113960114
0,307,703,7.073968705547653
0,308,699,7.005722460658083
0,309,701,6.920114122681883
0,310,705,6.774468085106383
0,311,705,6.636879432624114
0,312,689,6.86066763425254
0,313,686,6.978134110787172
0,314,695,7.1568345323741
0,315,684,7.042397660818714
0,316,705,7.00709219858156
0,317,701,7.031383737517832
0,318,727,6.9436038514442915
0,319,724,6.8646408839779
0,320,738,6.615176151761518
0,321,750,6.762666666666667
0,322,766,6.868146214099217
0,323,773,6.815006468305304
0,324,774,6.713178294573644
0,325,765,6.552941176470588
0,326,782,6.6138107416879794
0,327,771,6.527885862516213
0,328,787,6.439644218551461
0,329,800,6.57
0,330,823,6.567436208991494
0,331,836,6.611244019138756
0,332,847,6.552538370720189
0,333,862,6.517401392111369
0,334,844,6.738151658767772
0,335,873,6.6655211912943875
0,336,878,6.780182232346242
0,337,850,6.721176470588235
0,338,846,6.82387706855792
0,339,846,7.074468085106383
0,340,884,6.838235294117647
0,341,878,6.912300683371298
0,342,883,6.963759909399774
0,343,889,6.926884139482564
0,344,905,6.630939226519337
0,345,919,6.576713819368879
0,346,888,6.4774774774774775
0,347,890,6.417977528089888
0,348,895,6.5296089385474865
0,349,883,6.783691959229898
0,350,864,6.923611111111111
0,351,870,6.933333333333334
0,352,870,6.732183908045977
0,353,879,6.947667804323094
0,354,868,6.655529953917051
0,355,853,6.77725674091442
0,356,862,6.763341067285383
0,357,892,6.7152466367713
0,358,887,6.870349492671928
0,359,877,6.936145952109464
0,360,858,6.9044289044289044
0,361,883,6.922989807474519
0,362,874,6.848970251716247
0,363,904,6.786504424778761
0,364,904,6.7334070796460175
0,365,883,6.720271800679502
0,366,878,6.682232346241458
0,367,886,6.662528216704289
0,368,867,6.713956170703575
0,369,857,6.968494749124854
0,370,848,6.911556603773585
0,371,848,6.84316037735849
0,372,864,6.780092592592593
0,373,868,6.945852534562212
0,374,890,7.067415730337078
0,375,866,7.0046189376443415
0,376,876,6.933789954337899
0,377,892,6.963004484304933
0,378,885,7.077966101694916
0,379,890,6.924719101123595
0,380,885,6.868926553672316
0,381,895,6.65586592178771
0,382,878,6.747152619589977
0,383,866,6.8140877598152425
0,384,863,6.837775202780996
0,385,879,6.952218430034129
0,386,910,6.885714285714286
0,387,936,6.676282051282051
0,388,968,6.5847107438016526
0,389,971,6.6158599382080325
0,390,976,6.771516393442623
0,391,950,6.9526315789473685
0,392,932,6.92381974248927
0,393,946,6.995771670190275
0,394,942,6.940552016985138
0,395,938,6.8763326226012795
0,396,937,6.840981856990395
0,397,957,6.723092998955068
0,398,972,6.717078189300412
0,399,957,6.827586206896552
0,400,945,6.776719576719577
1,0,20,0.0
1,1,20,1.0
1,2,20,2.0
1,3,20,3.0
1,4,20,4.0
1,5,20,5.0
1,6,20,6.0
1,7,20,7.0
1,8,20,8.0
1,9,30,6.0
1,10,33,6.363636363636363
1,11,36,6.444444444444445
1,12,42,6.380952380952381
1,13,47,6.595744680851064
1,14,51,7.0
1,15,52,7.5576923076923075
1,16,54,8.24074074074074
1,17,56,8.303571428571429
1,18,62,8.112903225806452
1,19,63,8.825396825396826
1,20,69,8.73913043478261
1,21,69,9.26086956521739
1,22,72,9.25
1,23,78,8.653846153846153
1,24,91,7.538461538461538
1,25,94,7.25531914893617
1,26,94,7.212765957446808
1,27,100,7.39
1,28,104,7.644230769230769
1,29,106,8.169811320754716
1,30,110,7.709090909090909
1,31,121,7.528925619834711
1,32,124,6.92741935483871
1,33,133,7.082706766917293
1,34,138,7.028985507246377
1,35,148,7.162162162162162
1,36,143,7.839160839160839
1,37,154,7.837662337662338
1,38,156,7.410256410256411
1,39,165,7.448484848484848
1,40,161,7.658385093167702
1,41,177,6.926553672316384
1,42,167,7.497005988023952
1,43,188,6.819148936170213
1,44,188,6.920212765957447
1,45,196,7.091836734693878
1,46,214,6.929906542056075
1,47,221,7.02262443438914
1,48,230,7.004347826086956
1,49,246,6.813008130081301
1,50,264,6.424242424242424
1,51,262,6.736641221374046
1,52,268,7.063432835820896
1,53,259,7.239382239382239
1,54,257,7.280155642023346
1,55,255,7.4980392156862745
1,56,265,7.335849056603774
1,57,274,7.788321167883212
1,58,271,7.723247232472325
1,59,298,7.533557046979865
1,60,297,7.501683501683502
1,61,298,7.855704697986577
1,62,300,7.6066666666666665
1,63,300,7.3133333333333335
1,64,304,7.332236842105263
1,65,302,7.119205298013245
1,66,310,7.006451612903226
1,67,320,6.91875
1,68,326,6.911042944785276
1,69,343,6.912536443148688
1,70,337,7.029673590504451
1,71,333,7.321321321321322
1,72,346,7.263005780346821
1,73,337,7.308605341246291
1,74,353,7.192634560906516
1,75,349,7.260744985673353
1,76,357,7.299719887955182
1,77,372,6.973118279569892
1,78,377,6.978779840848806
1,79,377,7.206896551724138
1,80,391,7.209718670076726
1,81,397,7.2191435768261965
1,82,406,7.012315270935961
1,83,408,6.948529411764706
1,84,414,6.8478260869565215
1,85,425,6.9270588235294115
1,86,433,6.983833718244804
1,87,423,7.111111111111111
1,88,430,7.134883720930232
1,89,419,7.326968973747016
1,90,412,7.466019417475728
1,91,400,7.3575
1,92,401,7.3915211970074814
1,93,407,7.383292383292384
1,94,418,7.217703349282297
1,95,427,7.17096018735363
1,96,437,7.240274599542334
1,97,432,7.37962962962963
1,98,412,7.54126213592233
1,99,418,7.212918660287081
1,100,413,7.401937046004843
1,101,418,7.169856459330144
1,102,420,7.016666666666667
1,103,426,6.887323943661972
1,104,423,7.0
1,105,452,6.528761061946903
1,106,469,6.724946695095949
1,107,467,6.7387580299785865
1,108,490,6.808163265306122
1,109,494,6.9089068825910935
1,110,504,6.708333333333333
1,111,512,6.693359375
1,112,502,6.97011952191235
1,113,497,7.056338028169014
1,114,513,6.8635477582846
1,115,518,6.72007722007722
1,116,532,6.7330827067669174
1,117,524,7.040076335877862
1,118,526,7.193916349809886
1,119,533,7.191369606003752
1,120,533,6.898686679174484
1,121,532,6.870300751879699
1,122,527,6.907020872865275
1,123,528,6.926136363636363
1,124,505,7.013861386138614
1,125,514,6.828793774319066
1,126,527,6.783681214421252
1,127,536,6.604477611940299
1,128,532,6.656015037593985
1,129,531,6.621468926553672
1,130,540,6.646296296296296
1,131,550,6.632727272727273
1,132,547,6.753199268738574
1,133,548,6.824817518248175
1,134,551,7.025408348457351
1,135,564,7.00709219858156
1,136,586,6.810580204778157
1,137,584,6.666095890410959
1,138,584,6.517123287671233
1,139,582,6.683848797250859
1,140,598,6.607023411371237
1,141,599,6.794657762938231
1,142,596,6.929530201342282
1,143,593,7.1096121416526135
1,144,594,7.193602693602694
1,145,602,7.352159468438538
1,146,611,7.150572831423895
1,147,631,6.814580031695721
1,148,637,6.6138147566719
1,149,653,6.451761102603369
1,150,656,6.586890243902439
1,151,640,6.584375
1,152,635,6.68503937007874
1,153,619,7.021001615508886
1,154,642,7.1152647975077885
1,155,628,6.931528662420382
1,156,650,6.7153846153846155
1,157,662,6.888217522658611
1,158,663,6.8099547511312215
1,159,673,6.6775631500742945
1,160,690,6.5376811594202895
1,161,687,6.557496360989811
1,162,694,6.426512968299712
1,163,693,6.5728715728715725
1,164,688,6.719476744186046
1,165,693,6.705627705627705
1,166,695,6.684892086330935
1,167,730,6.524657534246575
1,168,721,6.682385575589459
1,169,716,6.7918994413407825
1,170,699,6.741058655221745
1,171,712,6.765449438202247
1,172,690,6.828985507246377
1,173,687,6.895196506550218
1,174,683,6.875549048316252
1,175,688,6.8604651162790695
1,176,709,6.70098730606488
1,177,714,6.519607843137255
1,178,717,6.704323570432357
1,179,720,6.611111111111111
1,180,722,6.6024930747922435
1,181,717,6.659693165969316
1,182,741,6.636977058029689
1,183,745,6.595973154362416
1,184,733,6.728512960436562
1,185,741,6.8812415654520915
1,186,732,6.998633879781421
1,187,748,7.0
1,188,755,6.919205298013245
1,189,737,6.8276797829036635
1,190,729,6.931412894375858
1,191,739,6.699594046008119
1,192,745,6.9033557046979865
1,193,739,6.941813261163735
1,194,732,6.831967213114754
1,195,723,6.8921161825726145
1,196,732,7.0136612021857925
1,197,740,6.940540540540541
1,198,760,6.947368421052632
1,199,736,6.896739130434782
1,200,750,6.684
1,201,741,6.863697705802969
1,202,744,6.998655913978495
1,203,751,7.167776298268975
1,204,760,7.043421052631579
1,205,742,7.130727762803234
1,206,744,7.049731182795699
1,207,730,6.789041095890411
1,208,726,6.816804407713499
1,209,725,6.761379310344828
1,210,727,6.587345254470426
1,211,735,6.631292517006803
1,212,727,6.59697386519945
1,213,728,6.633241758241758
1,214,752,6.496010638297872
1,215,760,6.451315789473684
1,216,755,6.725827814569536
1,217,773,6.906856403622251
1,218,783,6.8288633461047255
1,219,771,7.0
1,220,781,6.861715749039693
1,221,789,6.908745247148289
1,222,819,6.923076923076923
1,223,815,6.906748466257668
1,224,820,6.836585365853659
1,225,795,6.755974842767295
1,226,822,6.684914841849149
1,227,811,6.7102342786683105
1,228,827,6.713422007255139
1,229,828,6.628019323671498
1,230,840,6.571428571428571
1,231,846,6.666666666666667
1,232,856,6.86214953271028
1,233,848,7.14622641509434
1,234,827,7.235792019347038
1,235,817,7.287637698898409
1,236,829,7.211097708082026
1,237,793,7.166456494325347
1,238,778,7.046272493573265
1,239,774,7.098191214470284
1,240,778,7.219794344473008
1,241,755,7.055629139072848
1,242,751,7.053262316910786
1,243,757,7.043593130779392
1,244,750,6.998666666666667
1,245,761,6.726675427069646
1,246,753,6.673306772908367
1,247,748,6.49331550802139
1,248,770,6.6337662337662335
1,249,760,6.813157894736842
1,250,758,6.887862796833773
1,251,742,7.040431266846361
1,252,719,6.993045897079277
1,253,748,7.024064171122995
1,254,765,6.9790849673202615
1,255,736,7.019021739130435
1,256,719,7.1557719054242
1,257,723,6.9529737206085755
1,258,694,7.043227665706052
1,259,700,6.984285714285714
1,260,673,7.199108469539376
1,261,667,7.203898050974512
1,262,667,7.266866566716642
1,263,670,7.1850746268656716
1,264,680,6.922058823529412
1,265,685,6.912408759124087
1,266,689,7.004354136429608
1,267,681,7.011747430249633
1,268,678,7.030973451327434
1,269,678,6.912979351032448
1,270,677,7.044313146233383
1,271,674,7.117210682492582
1,272,692,6.930635838150289
1,273,698,6.70487106017192
1,274,724,6.671270718232044
1,275,726,6.680440771349862
1,276,704,6.7272727272727275
1,277,698,6.803724928366762
1,278,701,6.777460770328103
1,279,693,6.955266955266955
1,280,685,7.1547445255474456
1,281,685,7.011678832116789
1,282,684,6.9225146198830405
1,283,691,6.937771345875543
1,284,718,6.933147632311978
1,285,720,6.781944444444444
1,286,721,6.653259361997226
1,287,702,6.572649572649572
1,288,691,6.532561505065123
1,289,693,6.55988455988456
1,290,681,6.741556534508076
1,291,654,6.845565749235474
1,292,657,7.0091324200913245
1,293,660,7.08939393939394
1,294,665,6.969924812030075
1,295,681,6.963289280469898
1,296,693,6.8441558441558445
1,297,687,6.802037845705968
1,298,700,6.734285714285714
1,299,715,6.511888111888112
1,300,704,6.609375
1,301,690,6.610144927536232
1,302,699,6.716738197424893
1,303,694,6.952449567723343
1,304,691,6.994211287988422
1,305,689,6.822931785195936
1,306,699,6.918454935622318
1,307,708,6.772598870056497
1,308,718,6.870473537604457
1,309,738,6.752032520325203
1,310,743,6.76043068640646
1,311,762,6.679790026246719
1,312,760,6.730263157894737
1,313,750,6.882666666666666
1,314,747,6.85140562248996
1,315,751,6.818908122503329
1,316,730,6.712328767123288
1,317,745,6.82013422818792
1,318,764,6.679319371727749
1,319,753,6.9256308100929616
1,320,746,6.903485254691689
1,321,763,6.800786369593709
1,322,784,6.639030612244898
1,323,797,6.606022584692597
1,324,815,6.662576687116564
1,325,814,6.7063882063882065
1,326,807,6.609665427509293
1,327,814,6.808353808353808
1,328,809,6.862793572311496
1,329,802,7.006234413965087
1,330,791,7.054361567635904
1,331,802,7.120947630922693
1,332,812,6.937192118226601
1,333,856,6.723130841121495
1,334,874,6.550343249427917
1,335,888,6.524774774774775
1,336,860,6.518604651162791
1,337,874,6.662471395881007
1,338,866,6.78175519630485
1,339,879,6.803185437997724
1,340,869,6.828538550057537
1,341,883,6.954699886749717
1,342,879,6.9977246871444825
1,343,915,6.87103825136612
1,344,893,6.582306830907055
1,345,871,6.652123995407577
1,346,869,6.660529344073648
1,347,877,6.8426453819840365
1,348,870,7.050574712643678
1,349,885,7.076836158192091
1,350,886,6.939051918735892
1,351,879,6.907849829351536
1,352,898,6.680400890868597
1,353,894,6.577181208053691
1,354,896,6.643973214285714
1,355,898,6.701559020044543
1,356,875,6.9234285714285715
1,357,856,6.877336448598131
1,358,845,6.796449704142012
1,359,848,6.804245283018868
1,360,858,7.032634032634032
1,361,869,6.866513233601841
1,362,882,6.801587301587301
1,363,873,6.961053837342497
1,364,873,6.662084765177549
1,365,847,6.762691853600945
1,366,863,6.921205098493627
1,367,855,6.974269005847953
1,368,855,6.968421052631579
1,369,833,6.9411764705882355
1,370,830,6.86144578313253
1,371,840,6.772619047619048
1,372,871,6.730195177956372
1,373,881,6.745743473325766
1,374,886,6.910835214446952
1,375,894,6.8042505592841165
1,376,878,6.9635535307517085
1,377,868,7.1036866359447
1,378,847,6.997638724911452
1,379,864,6.909722222222222
1,380,878,6.899772209567198
1,381,899,6.692992213570634
1,382,922,6.469631236442516
1,383,920,6.4
1,384,949,6.592202318229716
1,385,932,6.59549356223176
1,386,947,6.653643083421331
1,387,974,6.523613963039014
1,388,955,6.761256544502618
1,389,954,6.940251572327044
1,390,952,6.753151260504202
1,391,975,6.7558974358974355
1,392,1003,6.673978065802592
1,393,1022,6.801369863013699
1,394,1025,6.679024390243902
1,395,1016,6.808070866141732
1,396,1032,6.704457364341085
1,397,1032,6.653100775193798
1,398,1010,6.757425742574258
1,399,990,6.762626262626263
1,400,973,6.835560123329907
2,0,20,0.0
2,1,20,1.0
2,2,20,2.0
2,3,20,3.0
2,4,20,4.0
2,5,20,5.0
2,6,19,6.0
2,7,19,7.0
2,8,19,8.0
2,9,23,7.434782608695652
2,10,23,8.434782608695652
2,11,23,9.434782608695652
2,12,33,7.2727272727272725
2,13,40,6.825
2,14,40,7.825
2,15,42,8.404761904761905
2,16,51,7.666666666666667
2,17,53,8.339622641509434
2,18,56,8.517857142857142
2,19,59,8.711864406779661
2,20,64,8.890625
2,21,63,9.238095238095237
2,22,67,8.880597014925373
2,23,81,7.666666666666667
2,24,95,7.2631578947368425
2,25,100,7.72
2,26,114,7.385964912280702
2,27,122,7.713114754098361
2,28,124,8.129032258064516
2,29,135,8.02962962962963
2,30,149,7.5369127516778525
2,31,159,7.528301886792453
2,32,175,6.102857142857143
2,33,184,6.407608695652174
2,34,186,6.71505376344086
2,35,188,7.0
2,36,196,7.341836734693878
2,37,200,7.365
2,38,209,7.416267942583732
2,39,219,7.141552511415525
2,40,225,7.1466666666666665
2,41,236,7.436440677966102
2,42,249,7.004016064257028
2,43,253,7.233201581027668
2,44,254,7.169291338582677
2,45,252,7.174603174603175
2,46,265,7.139622641509434
2,47,270,7.344444444444444
2,48,267,7.606741573033708
2,49,276,7.605072463768116
2,50,281,7.797153024911032
2,51,298,7.429530201342282
2,52,308,7.503246753246753
2,53,313,7.348242811501597
2,54,314,7.442675159235669
2,55,307,7.579804560260587
2,56,316,7.503164556962025
2,57,310,7.312903225806451
2,58,323,7.235294117647059
2,59,329,6.911854103343465
2,60,341,6.806451612903226
2,61,353,7.025495750708215
2,62,353,7.158640226628895
2,63,357,7.240896358543417
2,64,363,7.090909090909091
2,65,364,7.228021978021978
2,66,361,7.3850415512465375
2,67,370,7.175675675675675
2,68,379,7.216358839050132
2,69,389,6.879177377892031
2,70,412,6.665048543689321
2,71,421,6.6912114014251785
2,72,420,6.666666666666667
2,73,428,6.843457943925234
2,74,433,6.903002309468822
2,75,441,6.764172335600907
2,76,446,6.778026905829597
2,77,437,6.745995423340961
2,78,433,6.602771362586605
2,79,438,6.52054794520548
2,80,433,6.986143187066975
2,81,446,6.99103139013453
2,82,446,7.174887892376682
2,83,434,7.486175115207374
2,84,419,7.4749403341288785
2,85,436,7.268348623853211
2,86,445,7.076404494382023
2,87,464,6.538793103448276
2,88,459,6.485838779956427
2,89,464,6.599137931034483
2,90,464,6.657327586206897
2,91,463,6.747300215982722
2,92,484,6.913223140495868
2,93,484,6.973140495867769
2,94,504,6.900793650793651
2,95,510,6.833333333333333
2,96,499,6.679358717434869
2,97,499,6.587174348697395
2,98,489,6.730061349693251
2,99,502,6.752988047808765
2,100,496,6.764112903225806
2,101,477,7.0062893081761
2,102,453,7.2781456953642385
2,103,466,7.366952789699571
2,104,476,7.23109243697479
2,105,484,7.146694214876033
2,106,469,7.245202558635395
2,107,460,7.2043478260869565
2,108,442,7.149321266968326
2,109,435,7.225287356321839
2,110,439,7.052391799544419
2,111,438,7.146118721461187
2,112,435,7.425287356321839
2,113,448,7.270089285714286
2,114,443,7.225733634311513
2,115,428,7.0233644859813085
2,116,441,7.022675736961451
2,117,434,7.117511520737327
2,118,421,6.995249406175772
2,119,415,6.95421686746988
2,120,390,7.17948717948718
2,121,396,7.088383838383838
2,122,390,7.069230769230769
2,123,389,7.190231362467866
2,124,385,7.231168831168831
2,125,385,7.202597402597402
2,126,395,6.962025316455696
2,127,381,6.79002624671916
2,128,379,6.75197889182058
2,129,373,7.037533512064343
2,130,366,6.871584699453552
2,131,353,7.076487252124646
2,132,355,6.969014084507042
2,133,358,7.192737430167598
2,134,347,7.132564841498559
2,135,324,7.172839506172839
2,136,320,7.33125
2,137,327,7.281345565749236
2,138,342,6.780701754385965
2,139,334,6.820359281437126
2,140,349,6.92836676217765
2,141,352,6.769886363636363
2,142,347,6.778097982708934
2,143,361,6.806094182825484
2,144,363,6.702479338842975
2,145,352,6.5852272727272725
2,146,341,6.639296187683285
2,147,347,6.4293948126801155
2,148,343,6.475218658892128
2,149,357,6.6834733893557425
2,150,351,6.931623931623932
2,151,350,6.8914285714285715
2,152,347,7.005763688760807
2,153,371,6.533692722371968
2,154,363,6.316804407713499
2,155,366,6.622950819672131
2,156,360,6.622222222222222
2,157,347,6.855907780979827
2,158,347,7.002881844380403
2,159,342,7.169590643274854
2,160,350,7.225714285714286
2,161,340,7.194117647058824
2,162,336,6.928571428571429
2,163,333,7.045045045045045
2,164,322,6.990683229813665
2,165,332,6.786144578313253
2,166,320,6.86875
2,167,320,7.05625
2,168,317,7.274447949526814
2,169,311,7.141479099678457
2,170,323,7.2105263157894735
2,171,317,7.195583596214511
2,172,320,6.896875
2,173,316,6.822784810126582
2,174,307,7.045602605863192
2,175,312,6.961538461538462
2,176,319,6.664576802507837
2,177,312,6.791666666666667
2,178,312,7.038461538461538
2,179,309,6.899676375404531
2,180,316,6.746835443037975
2,181,325,6.581538461538462
2,182,322,6.670807453416149
2,183,335,6.683582089552239
2,184,337,6.9614243323442135
2,185,326,6.757668711656442
2,186,345,6.6173913043478265
2,187,337,6.471810089020772
2,188,314,6.8312101910828025
2,189,298,6.674496644295302
2,190,316,6.424050632911392
2,191,313,6.789137380191693
2,192,324,6.54320987654321
2,193,325,6.941538461538461
2,194,330,7.069696969696969
2,195,329,7.006079027355623
2,196,343,6.836734693877551
2,197,333,6.903903903903904
2,198,326,6.978527607361963
2,199,331,6.942598187311178
2,200,352,6.701704545454546
2,201,362,6.560773480662983
2,202,380,6.315789473684211
2,203,385,6.428571428571429
2,204,389,6.583547557840617
2,205,388,6.438144329896907
2,206,392,6.392857142857143
2,207,398,6.3793969849246235
2,208,396,6.722222222222222
2,209,383,6.8877284595300265
2,210,392,6.8061224489795915
2,211,393,6.776081424936387
2,212,389,6.956298200514139
2,213,398,6.876884422110553
2,214,393,6.849872773536895
2,215,390,6.612820512820512
2,216,393,6.745547073791348
2,217,387,6.700258397932816
2,218,380,6.9
2,219,379,6.820580474934037
2,220,377,6.790450928381963
2,221,385,7.036363636363636
2,222,383,6.712793733681462
2,223,378,6.98941798941799
2,224,388,6.889175257731959
2,225,393,6.89821882951654
2,226,392,6.8188775510204085
2,227,389,6.773778920308484
2,228,379,6.910290237467018
2,229,386,6.914507772020725
2,230,369,7.238482384823849
2,231,347,7.155619596541786
2,232,351,7.168091168091168
2,233,373,6.873994638069705
2,234,380,6.781578947368421
2,235,370,6.732432432432432
2,236,374,6.43048128342246
2,237,377,6.413793103448276
2,238,362,6.596685082872928
2,239,349,7.017191977077364
2,240,348,7.382183908045977
2,241,345,7.440579710144927
2,242,344,7.348837209302325
2,243,345,7.478260869565218
2,244,357,7.11484593837535
2,245,371,6.962264150943396
2,246,375,6.669333333333333
2,247,390,6.556410256410256
2,248,386,6.523316062176166
2,249,378,6.571428571428571
2,250,387,6.700258397932816
2,251,393,6.743002544529262
2,252,393,6.88295165394402
2,253,392,7.051020408163265
2,254,389,7.02827763496144
2,255,390,6.930769230769231
2,256,401,7.039900249376559
2,257,407,6.773955773955774
2,258,409,6.772616136919315
2,259,409,6.469437652811736
2,260,398,6.6708542713567835
2,261,412,6.665048543689321
2,262,416,6.6610576923076925
2,263,427,6.817330210772834
2,264,422,6.893364928909953
2,265,421,6.7434679334916865
2,266,437,6.535469107551488
2,267,468,6.44017094017094
2,268,464,6.456896551724138
2,269,462,6.616883116883117
2,270,454,6.724669603524229
2,271,458,6.62882096069869
2,272,456,6.618421052631579
2,273,440,6.765909090909091
2,274,429,6.811188811188811
2,275,420,6.852380952380952
2,276,433,6.771362586605081
2,277,432,7.05787037037037
2,278,450,6.955555555555556
2,279,470,6.902127659574468
2,280,472,6.815677966101695
2,281,482,6.757261410788382
2,282,495,6.711111111111111
2,283,489,6.826175869120655
2,284,482,6.856846473029045
2,285,476,6.605042016806722
2,286,484,6.481404958677686
2,287,503,6.6222664015904575
2,288,501,6.880239520958084
2,289,507,6.759368836291913
2,290,520,6.832692307692308
2,291,512,7.0234375
2,292,489,6.975460122699387
2,293,499,7.11623246492986
2,294,497,6.945674044265593
2,295,506,6.901185770750988
2,296,505,6.8316831683168315
2,297,495,6.795959595959596
2,298,492,6.689024390243903
2,299,482,6.634854771784233
2,300,479,6.695198329853862
2,301,487,6.885010266940451
2,302,501,6.828343313373254
2,303,502,6.818725099601593
2,304,505,6.657425742574257
2,305,509,6.642436149312378
2,306,493,6.83367139959432
2,307,506,6.942687747035573
2,308,510,6.8803921568627455
2,309,505,6.97029702970297
2,310,504,7.005952380952381
2,311,488,7.002049180327869
2,312,474,7.113924050632911
2,313,476,7.119747899159663
2,314,475,7.3031578947368425
2,315,500,6.926
2,316,511,6.7925636007827785
2,317,491,6.857433808553972
2,318,488,6.979508196721311
2,319,504,6.728174603174603
2,320,491,6.973523421588594
2,321,506,6.792490118577075
2,322,503,6.916500994035785
2,323,492,6.857723577235772
2,324,508,6.604330708661418
2,325,497,6.535211267605634
2,326,497,6.629778672032193
2,327,490,6.559183673469388
2,328,482,6.655601659751038
2,329,473,6.758985200845666
2,330,475,6.762105263157895
2,331,476,6.90546218487395
2,332,473,7.06553911205074
2,333,475,6.974736842105263
2,334,479,6.924843423799582
2,335,485,6.967010309278351
2,336,501,6.974051896207585
2,337,511,6.776908023483366
2,338,511,6.759295499021526
2,339,509,6.768172888015717
2,340,522,6.839080459770115
2,341,518,6.870656370656371
2,342,500,7.032
2,343,512,7.01953125
2,344,505,6.8336633663366335
2,345,494,6.991902834008097
2,346,485,7.090721649484536
2,347,488,6.989754098360656
2,348,475,6.8989473684210525
2,349,489,6.844580777096114
2,350,494,6.680161943319838
2,351,498,6.751004016064257
2,352,488,6.661885245901639
2,353,493,6.758620689655173
2,354,495,6.907070707070707
2,355,500,7.018
2,356,494,6.98582995951417
2,357,499,6.933867735470942
2,358,515,6.673786407766991
2,359,503,6.5526838966202785
2,360,502,6.693227091633466
2,361,501,6.574850299401198
2,362,501,6.820359281437126
2,363,494,6.8603238866396765
2,364,499,7.0681362725450905
2,365,494,6.979757085020243
2,366,517,6.872340425531915
2,367,525,6.546666666666667
2,368,544,6.71875
2,369,547,6.714808043875686
2,370,553,6.810126582278481
2,371,548,6.7536496350364965
2,372,526,6.975285171102661
2,373,507,7.2465483234714005
2,374,514,7.011673151750973
2,375,515,7.093203883495145
2,376,516,7.141472868217054
2,377,521,6.863723608445298
2,378,521,6.642994241842611
2,379,527,6.6394686907020875
2,380,525,6.685714285714286
2,381,516,6.825581395348837
2,382,511,6.939334637964775
2,383,507,7.055226824457594
2,384,528,6.890151515151516
2,385,506,6.8023715415019765
2,386,515,6.854368932038835
2,387,508,6.8799212598425195
2,388,505,7.045544554455446
2,389,527,6.933586337760911
2,390,525,7.201904761904762
2,391,533,7.133208255159475
2,392,543,7.106813996316759
2,393,557,7.089766606822262
2,394,535,7.035514018691589
2,395,535,6.927102803738317
2,396,538,6.849442379182156
2,397,547,7.197440585009141
2,398,541,7.179297597042514
2,399,520,7.392307692307693
2,400,528,7.162878787878788
3,0,20,0.0
3,1,20,1.0
3,2,20,2.0
3,3,20,3.0
3,4,20,4.0
3,5,20,5.0
3,6,20,6.0
3,7,20,7.0
3,8,19,8.0
3,9,25,6.84
3,10,29,6.758620689655173
3,11,33,6.818181818181818
3,12,37,6.972972972972973
3,13,41,7.195121951219512
3,14,41,8.195121951219512
3,15,40,9.05
3,16,41,9.414634146341463
3,17,47,8.936170212765957
3,18,46,9.978260869565217
3,19,60,8.1
3,20,59,8.186440677966102
3,21,65,8.153846153846153
3,22,70,7.557142857142857
3,23,68,8.382352941176471
3,24,69,9.057971014492754
3,25,68,9.455882352941176
3,26,72,9.583333333333334
3,27,71,10.43661971830986
3,28,81,10.024691358024691
3,29,82,10.195121951219512
3,30,95,8.905263157894737
3,31,91,9.417582417582418
3,32,91,8.197802197802197
3,33,90,8.655555555555555
3,34,98,8.459183673469388
3,35,103,8.019417475728156
3,36,103,7.504854368932039
3,37,104,7.663461538461538
3,38,105,7.714285714285714
3,39,108,7.601851851851852
3,40,112,7.375
3,41,121,7.0
3,42,121,7.3884297520661155
3,43,125,7.144
3,44,133,7.0
3,45,142,6.816901408450704
3,46,141,7.212765957446808
3,47,140,7.378571428571429
3,48,134,7.343283582089552
3,49,130,7.207692307692308
3,50,137,6.9416058394160585
3,51,130,6.946153846153846
3,52,122,7.704918032786885
3,53,120,8.05
3,54,126,7.5396825396825395
3,55,125,7.376
3,56,125,7.128
3,57,132,6.75
3,58,136,6.389705882352941
3,59,135,6.42962962962963
3,60,133,6.172932330827067
3,61,133,6.315789473684211
3,62,119,6.394957983193278
3,63,117,7.017094017094017
3,64,126,6.976190476190476
3,65,127,7.188976377952756
3,66,123,7.59349593495935
3,67,127,7.582677165354331
3,68,124,7.935483870967742
3,69,135,7.5777777777777775
3,70,141,7.127659574468085
3,71,141,7.163120567375887
3,72,148,7.236486486486487
3,73,151,7.2781456953642385
3,74,153,7.411764705882353
3,75,144,7.611111111111111
3,76,135,7.970370370370371
3,77,123,7.276422764227642
3,78,118,7.47457627118644
3,79,120,7.341666666666667
3,80,122,7.319672131147541
3,81,116,6.818965517241379
3,82,118,7.203389830508475
3,83,125,7.192
3,84,131,6.8396946564885495
3,85,137,6.802919708029197
3,86,138,6.5144927536231885
3,87,136,6.169117647058823
3,88,139,6.345323741007194
3,89,144,6.416666666666667
3,90,146,6.198630136986301
3,91,148,6.445945945945946
3,92,146,6.780821917808219
3,93,147,6.741496598639456
3,94,145,7.289655172413793
3,95,149,7.563758389261745
3,96,156,7.333333333333333
3,97,155,7.535483870967742
3,98,153,7.405228758169935
3,99,148,7.141891891891892
3,100,143,6.93006993006993
3,101,146,6.835616438356165
3,102,143,7.041958041958042
3,103,143,7.188811188811189
3,104,140,6.921428571428572
3,105,143,6.734265734265734
3,106,139,6.856115107913669
3,107,131,6.824427480916031
3,108,124,7.32258064516129
3,109,118,7.720338983050848
3,110,111,7.405405405405405
3,111,99,7.555555555555555
3,112,103,8.019417475728156
3,113,96,8.125
3,114,99,7.707070707070707
3,115,101,7.396039603960396
3,116,105,6.733333333333333
3,117,97,6.525773195876289
3,118,102,6.637254901960785
3,119,103,6.699029126213592
3,120,110,6.845454545454546
3,121,109,6.284403669724771
3,122,121,6.033057851239669
3,123,119,6.109243697478991
3,124,117,6.418803418803419
3,125,116,6.112068965517241
3,126,117,6.094017094017094
3,127,111,6.675675675675675
3,128,117,6.888888888888889
3,129,118,7.161016949152542
3,130,121,7.661157024793388
3,131,124,7.032258064516129
3,132,123,7.008130081300813
3,133,116,7.387931034482759
3,134,119,7.302521008403361
3,135,116,6.948275862068965
3,136,115,7.504347826086956
3,137,111,7.468468468468468
3,138,105,7.0
3,139,108,7.37962962962963
3,140,118,7.415254237288136
3,141,117,6.846153846153846
3,142,101,6.910891089108911
3,143,106,6.3584905660377355
3,144,108,6.305555555555555
3,145,115,6.2
3,146,112,6.044642857142857
3,147,109,6.36697247706422
3,148,115,6.173913043478261
3,149,110,6.527272727272727
3,150,105,6.904761904761905
3,151,101,7.178217821782178
3,152,90,6.988888888888889
3,153,92,6.956521739130435
3,154,89,7.044943820224719
3,155,85,7.105882352941176
3,156,85,7.0588235294117645
3,157,96,5.927083333333333
3,158,88,5.920454545454546
3,159,87,5.954022988505747
3,160,84,6.214285714285714
3,161,86,6.22093023255814
3,162,98,6.23469387755102
3,163,97,6.43298969072165
3,164,93,6.10752688172043
3,165,91,6.571428571428571
3,166,92,6.489130434782608
3,167,79,6.810126582278481
3,168,78,7.0256410256410255
3,169,83,6.530120481927711
3,170,78,6.551282051282051
3,171,83,6.819277108433735
3,172,85,6.364705882352941
3,173,86,6.372093023255814
3,174,84,6.714285714285714
3,175,89,7.101123595505618
3,176,88,6.875
3,177,84,7.035714285714286
3,178,84,7.428571428571429
3,179,93,7.462365591397849
3,180,96,6.760416666666667
3,181,95,6.494736842105263
3,182,97,6.443298969072165
3,183,89,6.0
3,184,91,6.054945054945055
3,185,91,6.6923076923076925
3,186,84,6.976190476190476
3,187,85,6.529411764705882
3,188,78,6.153846153846154
3,189,75,6.413333333333333
3,190,69,6.6231884057971016
3,191,72,7.208333333333333
3,192,75,7.013333333333334
3,193,68,6.5588235294117645
3,194,74,6.486486486486487
3,195,65,6.615384615384615
3,196,69,6.202898550724638
3,197,64,6.9375
3,198,65,7.092307692307692
3,199,56,7.375
3,200,52,7.788461538461538
3,201,51,8.784313725490197
3,202,55,8.381818181818181
3,203,54,7.62962962962963
3,204,55,6.7272727272727275
3,205,52,6.711538461538462
3,206,52,6.230769230769231
3,207,55,6.581818181818182
3,208,66,6.106060606060606
3,209,62,5.645161290322581
3,210,60,5.466666666666667
3,211,60,6.033333333333333
3,212,62,5.838709677419355
3,213,67,5.8059701492537314
3,214,68,6.5588235294117645
3,215,68,6.764705882352941
3,216,67,6.925373134328358
3,217,66,7.015151515151516
3,218,68,7.426470588235294
3,219,66,6.848484848484849
3,220,65,6.6923076923076925
3,221,65,7.184615384615385
3,222,60,6.716666666666667
3,223,60,6.466666666666667
3,224,63,6.587301587301587
3,225,56,6.642857142857143
3,226,55,6.3090909090909095
3,227,52,6.480769230769231
3,228,54,5.518518518518518
3,229,49,5.857142857142857
3,230,56,5.642857142857143
3,231,56,5.928571428571429
3,232,56,6.267857142857143
3,233,65,6.153846153846154
3,234,62,7.0
3,235,55,6.909090909090909
3,236,58,6.741379310344827
3,237,56,6.678571428571429
3,238,55,7.672727272727273
3,239,56,6.5
3,240,60,6.366666666666666
3,241,57,6.842105263157895
3,242,58,6.879310344827586
3,243,64,6.28125
3,244,59,5.898305084745763
3,245,57,6.701754385964913
3,246,60,6.533333333333333
3,247,62,5.935483870967742
3,248,66,6.242424242424242
3,249,67,6.582089552238806
3,250,67,6.507462686567164
3,251,75,5.8933333333333335
3,252,72,5.875
3,253,74,6.45945945945946
3,254,70,6.885714285714286
3,255,68,6.529411764705882
3,256,71,5.943661971830986
3,257,68,6.735294117647059
3,258,66,7.0
3,259,65,7.107692307692307
3,260,64,7.140625
3,261,66,7.03030303030303
3,262,68,7.147058823529412
3,263,68,6.794117647058823
3,264,71,6.943661971830986
3,265,66,6.787878787878788
3,266,72,6.861111111111111
3,267,72,6.680555555555555
3,268,76,6.947368421052632
3,269,73,6.6438356164383565
3,270,76,6.9868421052631575
3,271,80,7.025
3,272,86,7.1976744186046515
3,273,82,7.146341463414634
3,274,84,7.154761904761905
3,275,102,6.03921568627451
3,276,100,6.16
3,277,90,6.122222222222222
3,278,89,6.01123595505618
3,279,88,6.068181818181818
3,280,104,5.788461538461538
3,281,105,5.9714285714285715
3,282,109,6.110091743119266
3,283,108,6.62962962962963
3,284,104,6.605769230769231
3,285,107,6.738317757009346
3,286,98,7.071428571428571
3,287,95,7.11578947368421
3,288,90,7.155555555555556
3,289,89,7.247191011235955
3,290,96,6.895833333333333
3,291,84,6.726190476190476
3,292,80,6.7
3,293,84,6.5476190476190474
3,294,80,6.325
3,295,78,6.102564102564102
3,296,70,6.442857142857143
3,297,73,6.438356164383562
3,298,79,6.367088607594937
3,299,79,5.772151898734177
3,300,80,6.3375
3,301,78,6.423076923076923
3,302,76,6.7368421052631575
3,303,83,6.445783132530121
3,304,81,6.444444444444445
3,305,80,6.675
3,306,78,7.115384615384615
3,307,77,6.974025974025974
3,308,72,6.888888888888889
3,309,68,7.279411764705882
3,310,66,7.7727272727272725
3,311,57,8.228070175438596
3,312,52,8.557692307692308
3,313,50,8.94
3,314,45,8.688888888888888
3,315,45,8.622222222222222
3,316,39,7.948717948717949
3,317,31,8.387096774193548
3,318,31,8.258064516129032
3,319,27,8.11111111111111
3,320,28,7.678571428571429
3,321,28,8.107142857142858
3,322,30,7.466666666666667
3,323,35,6.885714285714286
3,324,35,5.885714285714286
3,325,34,6.794117647058823
3,326,36,6.472222222222222
3,327,33,5.96969696969697
3,328,32,6.625
3,329,37,5.8108108108108105
3,330,39,6.0256410256410255
3,331,34,6.0
3,332,44,5.409090909090909
3,333,46,5.043478260869565
3,334,43,5.558139534883721
3,335,44,5.25
3,336,46,5.978260869565218
3,337,50,6.42
3,338,50,6.48
3,339,49,7.1020408163265305
3,340,48,6.833333333333333
3,341,46,6.8478260869565215
3,342,47,6.468085106382978
3,343,46,6.0
3,344,45,5.844444444444444
3,345,42,6.523809523809524
3,346,44,6.25
3,347,43,6.069767441860465
3,348,45,6.4
3,349,41,7.0
3,350,41,7.365853658536586
3,351,41,7.560975609756097
3,352,35,7.771428571428571
3,353,35,8.2
3,354,32,6.75
3,355,38,6.526315789473684
3,356,35,6.228571428571429
3,357,37,6.027027027027027
3,358,40,5.525
3,359,41,5.536585365853658
3,360,40,6.375
3,361,38,6.394736842105263
3,362,40,6.4
3,363,44,6.7272727272727275
3,364,46,6.717391304347826
3,365,43,7.4186046511627906
3,366,46,6.891304347826087
3,367,48,7.041666666666667
3,368,51,6.8431372549019605
3,369,48,5.895833333333333
3,370,47,5.702127659574468
3,371,49,5.795918367346939
3,372,46,6.260869565217392
3,373,43,7.069767441860465
3,374,47,7.25531914893617
3,375,50,6.88
3,376,57,6.368421052631579
3,377,55,6.545454545454546
3,378,59,6.661016949152542
3,379,55,6.6909090909090905
3,380,52,6.5
3,381,57,6.157894736842105
3,382,59,6.186440677966102
3,383,60,5.683333333333334
3,384,60,6.183333333333334
3,385,58,6.551724137931035
3,386,61,6.540983606557377
3,387,63,6.714285714285714
3,388,64,6.90625
3,389,63,6.698412698412699
3,390,67,6.985074626865671
3,391,63,7.412698412698413
3,392,62,6.919354838709677
3,393,62,6.516129032258065
3,394,64,6.578125
3,395,63,6.190476190476191
3,396,63,6.7936507936507935
3,397,60,6.783333333333333
3,398,56,6.946428571428571
3,399,60,6.566666666666666
3,400,63,6.603174603174603
4,0,20,0.0
4,1,20,1.0
4,2,20,2.0
4,3,20,3.0
4,4,20,4.0
4,5,20,5.0
4,6,20,6.0
4,7,19,7.0
4,8,19,8.0
4,9,25,6.84
4,10,27,7.2592592592592595
4,11,32,6.625
4,12,38,6.421052631578948
4,13,42,6.714285714285714
4,14,54,6.0
4,15,60,6.3
4,16,64,6.84375
4,17,65,7.461538461538462
4,18,67,8.208955223880597
4,19,69,8.73913043478261
4,20,73,9.027397260273972
4,21,73,10.027397260273972
4,22,79,9.632911392405063
4,23,82,9.512195121951219
4,24,79,9.810126582278482
4,25,83,10.289156626506024
4,26,81,10.925925925925926
4,27,93,9.634408602150538
4,28,95,9.578947368421053
4,29,100,9.58
4,30,103,9.533980582524272
4,31,105,10.095238095238095
4,32,102,8.568627450980392
4,33,103,8.29126213592233
4,34,113,8.11504424778761
4,35,118,7.898305084745763
4,36,118,7.694915254237288
4,37,122,7.721311475409836
4,38,129,7.317829457364341
4,39,130,7.453846153846154
4,40,152,6.927631578947368
4,41,155,7.058064516129032
4,42,163,7.049079754601227
4,43,170,7.170588235294118
4,44,179,7.581005586592179
4,45,176,7.653409090909091
4,46,188,7.590425531914893
4,47,189,7.7936507936507935
4,48,192,7.963541666666667
4,49,190,8.178947368421053
4,50,190,8.284210526315789
4,51,192,7.90625
4,52,200,7.68
4,53,216,7.287037037037037
4,54,222,7.288288288288288
4,55,228,7.3464912280701755
4,56,223,7.434977578475336
4,57,232,7.193965517241379
4,58,234,7.401709401709402
4,59,233,7.244635193133047
4,60,232,7.232758620689655
4,61,234,7.021367521367521
4,62,245,7.077551020408163
4,63,245,7.1020408163265305
4,64,242,6.756198347107438
4,65,249,7.020080321285141
4,66,246,7.471544715447155
4,67,243,7.551440329218107
4,68,249,7.698795180722891
4,69,254,7.618110236220472
4,70,254,7.7204724409448815
4,71,254,7.606299212598425
4,72,263,7.224334600760456
4,73,260,7.123076923076923
4,74,244,7.040983606557377
4,75,254,6.834645669291339
4,76,255,6.8
4,77,271,6.557195571955719
4,78,271,6.586715867158672
4,79,267,6.692883895131086
4,80,262,7.022900763358779
4,81,265,6.996226415094339
4,82,260,7.061538461538461
4,83,264,7.299242424242424
4,84,259,7.023166023166024
4,85,256,7.2734375
4,86,248,7.25
4,87,255,7.0549019607843135
4,88,248,6.919354838709677
4,89,242,6.954545454545454
4,90,242,7.053719008264463
4,91,245,6.995918367346939
4,92,252,7.051587301587301
4,93,259,6.988416988416988
4,94,260,7.288461538461538
4,95,255,6.929411764705883
4,96,259,6.911196911196911
4,97,253,6.9604743083003955
4,98,258,7.182170542635659
4,99,252,6.964285714285714
4,100,251,7.231075697211155
4,101,252,6.9563492063492065
4,102,260,6.869230769230769
4,103,275,6.501818181818182
4,104,276,6.771739130434782
4,105,275,6.665454545454545
4,106,260,7.138461538461539
4,107,267,7.048689138576779
4,108,274,6.846715328467154
4,109,263,6.741444866920152
4,110,252,6.809523809523809
4,111,257,6.867704280155642
4,112,254,7.011811023622047
4,113,263,6.935361216730038
4,114,262,6.770992366412214
4,115,257,7.003891050583658
4,116,264,6.708333333333333
4,117,267,6.441947565543071
4,118,281,6.238434163701068
4,119,278,6.305755395683454
4,120,279,6.541218637992832
4,121,277,6.722021660649819
4,122,275,6.865454545454545
4,123,276,6.913043478260869
4,124,263,7.524714828897339
4,125,265,7.615094339622641
4,126,256,7.6171875
4,127,261,7.417624521072797
4,128,256,7.72265625
4,129,256,7.78515625
4,130,262,7.091603053435114
4,131,271,7.195571955719557
4,132,263,7.038022813688213
4,133,258,7.0271317829457365
4,134,252,7.242063492063492
4,135,266,6.932330827067669
4,136,272,7.077205882352941
4,137,271,6.940959409594096
4,138,258,6.841085271317829
4,139,256,6.96484375
4,140,256,6.77734375
4,141,253,7.264822134387352
4,142,249,7.269076305220883
4,143,252,7.365079365079365
4,144,249,7.522088353413655
4,145,248,7.717741935483871
4,146,244,7.491803278688525
4,147,242,7.661157024793388
4,148,238,7.617647058823529
4,149,236,7.186440677966102
4,150,234,6.952991452991453
4,151,226,6.68141592920354
4,152,231,6.545454545454546
4,153,238,6.61344537815126
4,154,231,6.688311688311688
4,155,229,6.689956331877729
4,156,226,6.951327433628318
4,157,216,7.462962962962963
4,158,213,7.469483568075117
4,159,209,7.229665071770335
4,160,204,7.681372549019608
4,161,203,7.699507389162561
4,162,215,7.093023255813954
4,163,231,6.96969696969697
4,164,227,7.035242290748899
4,165,229,6.978165938864628
4,166,228,7.105263157894737
4,167,231,6.636363636363637
4,168,219,6.675799086757991
4,169,216,7.055555555555555
4,170,213,7.122065727699531
4,171,216,7.162037037037037
4,172,218,6.954128440366972
4,173,228,6.833333333333333
4,174,232,6.900862068965517
4,175,234,6.743589743589744
4,176,246,6.394308943089431
4,177,246,6.451219512195122
4,178,240,6.6125
4,179,239,7.2217573221757325
4,180,232,7.275862068965517
4,181,256,6.80859375
4,182,258,6.883720930232558
4,183,261,6.731800766283525
4,184,265,6.637735849056604
4,185,281,6.487544483985765
4,186,290,6.493103448275862
4,187,283,6.385159010600707
4,188,287,6.822299651567945
4,189,288,6.878472222222222
4,190,270,7.222222222222222
4,191,272,7.077205882352941
4,192,270,7.292592592592593
4,193,269,7.301115241635688
4,194,274,7.098540145985401
4,195,274,6.9963503649635035
4,196,279,6.562724014336918
4,197,275,6.541818181818182
4,198,265,6.69811320754717
4,199,256,6.75
4,200,244,6.807377049180328
4,201,250,6.608
4,202,246,6.943089430894309
4,203,225,7.208888888888889
4,204,226,7.101769911504425
4,205,221,7.398190045248869
4,206,225,7.288888888888889
4,207,226,7.15929203539823
4,208,222,7.0
4,209,223,7.2959641255605385
4,210,207,7.473429951690822
4,211,213,7.314553990610329
4,212,207,7.0
4,213,193,7.05699481865285
4,214,197,7.299492385786802
4,215,196,7.275510204081633
4,216,211,6.938388625592417
4,217,212,6.929245283018868
4,218,216,6.976851851851852
4,219,214,6.855140186915888
4,220,217,6.870967741935484
4,221,214,6.724299065420561
4,222,206,6.859223300970874
4,223,212,6.90566037735849
4,224,205,6.809756097560975
4,225,205,6.990243902439024
4,226,202,6.787128712871287
4,227,205,6.351219512195122
4,228,198,6.585858585858586
4,229,195,6.712820512820513
4,230,200,6.885
4,231,196,6.913265306122449
4,232,196,6.642857142857143
4,233,187,6.807486631016043
4,234,188,7.308510638297872
4,235,193,6.896373056994818
4,236,190,6.468421052631579
4,237,190,6.647368421052631
4,238,194,6.829896907216495
4,239,202,6.772277227722772
4,240,187,6.374331550802139
4,241,182,6.478021978021978
4,242,179,6.4692737430167595
4,243,179,6.899441340782123
4,244,164,7.408536585365853
4,245,175,6.84
4,246,175,6.88
4,247,172,6.784883720930233
4,248,171,6.906432748538012
4,249,167,6.730538922155689
4,250,174,7.057471264367816
4,251,162,7.061728395061729
4,252,167,6.862275449101796
4,253,154,7.071428571428571
4,254,158,6.987341772151899
4,255,155,6.929032258064516
4,256,159,7.1069182389937104
4,257,156,6.814102564102564
4,258,158,6.512658227848101
4,259,151,6.827814569536423
4,260,143,7.321678321678322
4,261,145,7.317241379310345
4,262,146,7.636986301369863
4,263,140,8.028571428571428
4,264,128,7.6640625
4,265,123,7.853658536585366
4,266,117,7.7094017094017095
4,267,116,7.482758620689655
4,268,110,7.5636363636363635
4,269,111,7.756756756756757
4,270,109,6.853211009174312
4,271,113,6.734513274336283
4,272,100,6.37
4,273,96,6.75
4,274,98,6.591836734693878
4,275,93,6.935483870967742
4,276,94,6.829787234042553
4,277,83,6.843373493975903
4,278,84,6.571428571428571
4,279,84,7.107142857142857
4,280,86,7.116279069767442
4,281,89,7.089887640449438
4,282,96,7.072916666666667
4,283,101,6.683168316831683
4,284,97,6.917525773195877
4,285,92,6.771739130434782
4,286,91,7.065934065934066
4,287,85,6.705882352941177
4,288,86,7.104651162790698
4,289,91,7.065934065934066
4,290,85,7.258823529411765
4,291,82,7.585365853658536
4,292,76,8.236842105263158
4,293,71,8.47887323943662
4,294,68,8.205882352941176
4,295,67,7.582089552238806
4,296,68,6.8088235294117645
4,297,72,6.708333333333333
4,298,68,6.764705882352941
4,299,67,6.865671641791045
4,300,70,6.457142857142857
4,301,73,6.5479452054794525
4,302,76,6.723684210526316
4,303,80,6.925
4,304,75,6.84
4,305,79,6.924050632911392
4,306,83,6.493975903614458
4,307,78,6.5
4,308,79,6.215189873417722
4,309,87,6.2988505747126435
4,310,87,6.563218390804598
4,311,94,6.117021276595745
4,312,98,5.86734693877551
4,313,94,6.117021276595745
4,314,92,5.815217391304348
4,315,91,6.516483516483516
4,316,86,6.546511627906977
4,317,84,6.619047619047619
4,318,82,6.597560975609756
4,319,80,7.0375
4,320,76,6.631578947368421
4,321,70,7.014285714285714
4,322,69,7.420289855072464
4,323,68,7.5588235294117645
4,324,74,6.905405405405405
4,325,69,6.927536231884058
4,326,71,6.267605633802817
4,327,68,6.529411764705882
4,328,65,7.276923076923077
4,329,67,6.044776119402985
4,330,66,6.151515151515151
4,331,61,6.508196721311475
4,332,54,6.518518518518518
4,333,55,7.218181818181818
4,334,49,7.653061224489796
4,335,52,7.480769230769231
4,336,54,7.2592592592592595
4,337,59,6.966101694915254
4,338,60,6.466666666666667
4,339,59,5.627118644067797
4,340,61,5.868852459016393
4,341,61,5.60655737704918
4,342,58,5.793103448275862
4,343,59,5.966101694915254
4,344,59,6.406779661016949
4,345,59,6.491525423728813
4,346,64,6.6875
4,347,64,6.921875
4,348,64,6.75
4,349,65,6.769230769230769
4,350,59,6.4576271186440675
4,351,48,6.083333333333333
4,352,55,5.4363636363636365
4,353,52,6.0576923076923075
4,354,53,6.6415094339622645
4,355,52,6.576923076923077
4,356,50,6.38
4,357,51,6.03921568627451
4,358,55,6.527272727272727
4,359,59,5.966101694915254
4,360,50,6.42
4,361,50,6.42
4,362,55,6.4363636363636365
4,363,58,5.896551724137931
4,364,62,6.080645161290323
4,365,62,6.693548387096774
4,366,69,6.855072463768116
4,367,70,6.914285714285715
4,368,68,7.117647058823529
4,369,67,6.7611940298507465
4,370,61,6.688524590163935
4,371,58,6.620689655172414
4,372,57,6.912280701754386
4,373,57,7.473684210526316
4,374,61,7.213114754098361
4,375,64,7.140625
4,376,65,6.661538461538462
4,377,65,6.276923076923077
4,378,66,6.242424242424242
4,379,62,6.919354838709677
4,380,68,6.426470588235294
4,381,71,6.47887323943662
4,382,67,7.223880597014926
4,383,72,6.986111111111111
4,384,60,6.7
4,385,52,7.0576923076923075
4,386,51,7.078431372549019
4,387,53,7.245283018867925
4,388,50,6.96
4,389,50,7.02
4,390,57,6.421052631578948
4,391,53,6.452830188679245
4,392,50,6.58
4,393,46,6.478260869565218
4,394,48,6.666666666666667
4,395,45,7.066666666666666
4,396,42,6.928571428571429
4,397,38,7.2894736842105265
4,398,38,6.947368421052632
4,399,35,6.828571428571428
4,400,32,6.21875
5,0,20,0.0
5,1,20,1.0
5,2,20,2.0
5,3,20,3.0
5,4,20,4.0
5,5,20,5.0
5,6,20,6.0
5,7,20,7.0
5,8,20,8.0
5,9,24,7.5
5,10,33,6.181818181818182
5,11,35,6.771428571428571
5,12,41,6.634146341463414
5,13,43,7.27906976744186
5,14,54,6.592592592592593
5,15,65,6.076923076923077
5,16,69,6.666666666666667
5,17,81,6.530864197530864
5,18,86,7.0
5,19,92,7.065217391304348
5,20,106,7.0
5,21,109,7.394495412844036
5,22,116,7.474137931034483
5,23,117,7.7094017094017095
5,24,124,7.935483870967742
5,25,136,7.801470588235294
5,26,137,7.795620437956204
5,27,148,7.95945945945946
5,28,158,8.253164556962025
5,29,176,8.227272727272727
5,30,187,8.06951871657754
5,31,195,8.164102564102564
5,32,190,7.168421052631579
5,33,187,7.668449197860962
5,34,194,7.737113402061856
5,35,208,7.774038461538462
5,36,211,7.739336492890995
5,37,221,7.723981900452489
5,38,227,7.563876651982379
5,39,223,7.515695067264574
5,40,233,7.343347639484978
5,41,246,7.532520325203252
5,42,252,7.861111111111111
5,43,251,7.370517928286852
5,44,258,7.562015503875969
5,45,253,7.525691699604743
5,46,253,7.715415019762846
5,47,259,7.45945945945946
5,48,268,7.395522388059701
5,49,285,7.4070175438596495
5,50,284,7.447183098591549
5,51,297,7.121212121212121
5,52,313,7.038338658146965
5,53,308,7.262987012987013
5,54,307,6.768729641693811
5,55,301,6.983388704318937
5,56,306,7.022875816993464
5,57,317,7.201892744479495
5,58,319,7.184952978056426
5,59,341,6.891495601173021
5,60,351,6.814814814814815
5,61,359,6.8245125348189415
5,62,355,6.943661971830986
5,63,356,6.73314606741573
5,64,364,6.700549450549451
5,65,365,7.002739726027397
5,66,359,6.7855153203342615
5,67,360,6.908333333333333
5,68,366,7.237704918032787
5,69,381,7.217847769028872
5,70,410,6.995121951219512
5,71,410,7.0
5,72,411,7.345498783454988
5,73,417,7.069544364508393
5,74,385,6.71948051948052
5,75,378,6.968253968253968
5,76,373,7.040214477211796
5,77,394,6.972081218274112
5,78,388,6.889175257731959
5,79,391,6.89769820971867
5,80,392,7.0229591836734695
5,81,399,6.919799498746867
5,82,393,6.857506361323155
5,83,412,6.66747572815534
5,84,406,6.741379310344827
5,85,414,6.640096618357488
5,86,414,6.688405797101449
5,87,426,6.699530516431925
5,88,426,7.053990610328638
5,89,430,7.209302325581396
5,90,430,7.26046511627907
5,91,423,7.307328605200945
5,92,435,7.4045977011494255
5,93,437,7.475972540045767
5,94,427,7.285714285714286
5,95,422,7.056872037914692
5,96,426,7.068075117370892
5,97,428,7.02803738317757
5,98,432,7.05787037037037
5,99,429,7.03030303030303
5,100,437,6.938215102974828
5,101,438,6.945205479452055
5,102,433,6.607390300230947
5,103,462,6.794372294372295
5,104,456,7.021929824561403
5,105,445,7.035955056179775
5,106,454,6.790748898678414
5,107,472,6.673728813559322
5,108,493,6.50709939148073
5,109,488,6.631147540983607
5,110,494,6.724696356275303
5,111,491,6.845213849287169
5,112,485,6.882474226804124
5,113,490,6.848979591836735
5,114,495,6.876767676767677
5,115,500,6.902
5,116,525,7.08
5,117,532,6.953007518796992
5,118,533,6.767354596622889
5,119,534,6.719101123595506
5,120,561,6.586452762923352
5,121,571,6.6532399299474605
5,122,565,6.874336283185841
5,123,568,6.799295774647887
5,124,547,6.881170018281535
5,125,546,6.793040293040293
5,126,542,6.922509225092251
5,127,547,6.972577696526508
5,128,538,7.280669144981412
5,129,533,7.435272045028142
5,130,549,7.174863387978142
5,131,554,7.0108303249097474
5,132,549,7.0
5,133,545,7.245871559633027
5,134,564,7.039007092198582
5,135,571,6.852889667250438
5,136,587,6.461669505962521
5,137,581,6.406196213425129
5,138,562,6.48220640569395
5,139,554,6.758122743682311
5,140,558,6.612903225806452
5,141,564,6.611702127659575
5,142,582,6.689003436426117
5,143,575,7.053913043478261
5,144,590,6.933898305084746
5,145,589,6.831918505942275
5,146,599,6.829716193656093
5,147,616,6.75487012987013
5,148,635,6.8771653543307085
5,149,637,6.775510204081633
5,150,639,6.740219092331769
5,151,626,6.698083067092652
5,152,624,6.850961538461538
5,153,609,6.845648604269294
5,154,617,6.811993517017828
5,155,616,6.711038961038961
5,156,613,6.822185970636215
5,157,640,6.76875
5,158,658,6.428571428571429
5,159,687,6.464337700145561
5,160,709,6.438645980253879
5,161,695,6.500719424460431
5,162,672,6.773809523809524
5,163,653,7.084226646248085
5,164,637,7.135007849293563
5,165,634,7.160883280757098
5,166,620,7.301612903225807
5,167,651,6.860215053763441
5,168,682,6.5498533724340176
5,169,689,6.412191582002903
5,170,712,6.36376404494382
5,171,701,6.467902995720399
5,172,715,6.408391608391608
5,173,711,6.547116736990155
5,174,693,6.733044733044733
5,175,685,7.001459854014598
5,176,681,7.173274596182085
5,177,682,7.329912023460411
5,178,678,7.240412979351032
5,179,678,7.1371681415929205
5,180,702,6.927350427350428
5,181,705,6.853900709219858
5,182,722,6.882271468144045
5,183,702,6.823361823361823
5,184,678,6.982300884955753
5,185,704,7.025568181818182
5,186,675,7.201481481481482
5,187,693,6.923520923520924
5,188,703,6.816500711237554
5,189,692,6.621387283236994
5,190,707,6.681753889674682
5,191,723,6.710926694329184
5,192,728,6.607142857142857
5,193,741,6.77327935222672
5,194,756,6.645502645502646
5,195,751,6.725699067909454
5,196,752,6.574468085106383
5,197,773,6.5135834411384215
5,198,793,6.5561160151324085
5,199,792,6.73989898989899
5,200,786,6.737913486005089
5,201,789,6.686945500633714
5,202,805,6.905590062111801
5,203,820,6.95
5,204,837,7.015531660692951
5,205,847,6.8370720188902006
5,206,846,6.92080378250591
5,207,856,6.720794392523365
5,208,861,6.623693379790941
5,209,883,6.590033975084938
5,210,910,6.56043956043956
5,211,898,6.729398663697105
5,212,908,6.746696035242291
5,213,906,6.824503311258278
5,214,893,6.879059350503919
5,215,913,6.898138006571742
5,216,905,7.0
5,217,906,7.006622516556291
5,218,964,6.912863070539419
5,219,982,6.9714867617107945
5,220,1004,6.790836653386454
5,221,1026,6.700779727095517
5,222,1000,6.664
5,223,999,6.814814814814815
5,224,1011,6.910979228486647
5,225,1006,6.776341948310139
5,226,1013,6.740375123395854
5,227,1013,6.720631786771964
5,228,1011,6.817012858555885
5,229,1034,6.873307543520309
5,230,1037,6.8804243008678885
5,231,1041,6.812680115273775
5,232,1078,6.687384044526902
5,233,1104,6.559782608695652
5,234,1102,6.754083484573503
5,235,1099,6.745222929936306
5,236,1101,6.684831970935513
5,237,1130,6.6646017699115045
5,238,1116,6.765232974910394
5,239,1103,7.081595648232094
5,240,1096,7.135948905109489
5,241,1086,6.980662983425415
5,242,1119,6.68722073279714
5,243,1133,6.772285966460724
5,244,1145,6.91703056768559
5,245,1190,6.86890756302521
5,246,1193,6.675607711651299
5,247,1215,6.625514403292181
5,248,1211,6.671345995045417
5,249,1198,6.766277128547579
5,250,1179,6.81509754028838
5,251,1180,6.803389830508475
5,252,1188,6.798821548821548
5,253,1170,7.04017094017094
5,254,1175,6.900425531914894
5,255,1182,6.862098138747885
5,256,1214,6.744645799011532
5,257,1225,6.715918367346939
5,258,1211,6.7613542526837325
5,259,1224,6.802287581699346
5,260,1255,6.700398406374502
5,261,1235,6.811336032388664
5,262,1206,6.793532338308458
5,263,1199,6.898248540450376
5,264,1201,6.992506244796004
5,265,1212,6.983498349834983
5,266,1224,6.939542483660131
5,267,1218,6.926108374384237
5,268,1205,6.914522821576764
5,269,1199,7.0442035029191
5,270,1196,7.008361204013378
5,271,1192,7.00251677852349
5,272,1203,6.973399833748961
5,273,1181,7.006773920406435
5,274,1166,7.087478559176672
5,275,1198,7.027545909849749
5,276,1227,6.949470252648736
5,277,1263,6.948535233570863
5,278,1240,6.893548387096774
5,279,1265,6.693280632411067
5,280,1256,6.832802547770701
5,281,1233,6.894566098945661
5,282,1254,6.855661881977672
5,283,1233,6.9894566098945665
5,284,1230,7.039837398373984
5,285,1215,7.010699588477366
5,286,1212,7.061881188118812
5,287,1186,7.214165261382799
5,288,1173,7.167092924126172
5,289,1207,6.994200497100248
5,290,1234,6.944894651539708
5,291,1244,6.784565916398714
5,292,1265,6.67905138339921
5,293,1266,6.560821484992101
5,294,1285,6.535408560311284
5,295,1274,6.6938775510204085
5,296,1270,6.799212598425197
5,297,1253,6.8371907422186755
5,298,1261,6.864393338620142
5,299,1238,6.848949919224555
5,300,1252,6.888977635782748
5,301,1236,6.950647249190938
5,302,1250,6.8496
5,303,1287,6.7637917637917635
5,304,1267,6.870560378847672
5,305,1313,6.726580350342727
5,306,1336,6.669910179640719
5,307,1350,6.613333333333333
5,308,1346,6.7481426448737
5,309,1307,6.8530986993114
5,310,1331,6.906085649887303
5,311,1327,7.0045214770158255
5,312,1326,6.963800904977376
5,313,1360,6.749264705882353
5,314,1361,6.844232182218956
5,315,1399,6.719799857040743
5,316,1397,6.656406585540444
5,317,1412,6.684844192634561
5,318,1410,6.754609929078014
5,319,1399,6.774124374553252
5,320,1393,6.780330222541278
5,321,1376,6.843023255813954
5,322,1385,6.871480144404332
5,323,1361,6.872887582659809
5,324,1345,6.8691449814126395
5,325,1357,6.78629329403095
5,326,1322,6.900907715582451
5,327,1308,7.020642201834862
5,328,1270,7.006299212598425
5,329,1282,6.899375975039002
5,330,1248,6.8381410256410255
5,331,1254,6.791866028708134
5,332,1291,6.655305964368706
5,333,1302,6.6835637480798775
5,334,1311,6.620137299771167
5,335,1384,6.523843930635838
5,336,1410,6.558156028368795
5,337,1407,6.758351101634684
5,338,1383,6.928416485900217
5,339,1361,7.0558412931667895
5,340,1383,6.789587852494577
5,341,1392,6.760775862068965
5,342,1434,6.795676429567643
5,343,1478,6.807848443843032
5,344,1470,6.827210884353741
5,345,1505,6.734883720930233
5,346,1481,6.798784604996624
5,347,1437,6.915100904662491
5,348,1425,6.888421052631579
5,349,1437,6.85455810716771
5,350,1430,7.003496503496503
5,351,1421,7.1386347642505275
5,352,1448,6.8529005524861875
5,353,1423,6.870695713281799
5,354,1463,6.7218045112781954
5,355,1472,6.744565217391305
5,356,1488,6.630376344086022
5,357,1489,6.668905305574211
5,358,1454,6.777166437414031
5,359,1457,6.786547700754976
5,360,1452,6.917355371900826
5,361,1477,6.990521327014218
5,362,1471,7.117607070020394
5,363,1485,6.991919191919192
5,364,1508,6.900530503978779
5,365,1523,6.787261982928431
5,366,1537,6.761223162003904
5,367,1569,6.578712555768005
5,368,1575,6.531428571428571
5,369,1616,6.533415841584159
5,370,1608,6.6393034825870645
5,371,1590,6.725157232704403
5,372,1556,6.928020565552699
5,373,1524,6.910761154855643
5,374,1478,6.997293640054127
5,375,1492,6.987935656836461
5,376,1513,6.957699933906147
5,377,1556,6.710796915167095
5,378,1563,6.62635956493922
5,379,1588,6.573047858942066
5,380,1585,6.5968454258675076
5,381,1597,6.52035065748278
5,382,1593,6.678593848085374
5,383,1598,6.69837296620776
5,384,1585,6.8
5,385,1624,6.779556650246305
5,386,1671,6.767803710353082
5,387,1692,6.745862884160757
5,388,1702,6.750881316098708
5,389,1698,6.804475853945819
5,390,1676,6.785202863961814
5,391,1697,6.756040070713023
5,392,1698,6.703180212014134
5,393,1729,6.6807403123192595
5,394,1750,6.676571428571428
5,395,1789,6.676355505869201
5,396,1780,6.694943820224719
5,397,1783,6.72013460459899
5,398,1806,6.588039867109635
5,399,1830,6.6234972677595625
5,400,1781,6.747894441325098
6,0,20,0.0
6,1,20,1.0
6,2,20,2.0
6,3,20,3.0
6,4,20,4.0
6,5,20,5.0
6,6,20,6.0
6,7,20,7.0
6,8,20,8.0
6,9,26,6.923076923076923
6,10,28,7.357142857142857
6,11,30,7.8
6,12,34,7.764705882352941
6,13,40,7.45
6,14,42,8.047619047619047
6,15,50,7.6
6,16,57,7.543859649122807
6,17,62,7.854838709677419
6,18,64,8.21875
6,19,69,8.27536231884058
6,20,75,8.533333333333333
6,21,75,8.973333333333333
6,22,76,9.394736842105264
6,23,81,9.345679012345679
6,24,81,9.938271604938272
6,25,80,10.4375
6,26,85,10.223529411764705
6,27,100,9.15
6,28,108,8.962962962962964
6,29,112,9.0
6,30,124,8.879032258064516
6,31,131,9.236641221374045
6,32,124,7.266129032258065
6,33,124,7.758064516129032
6,34,124,8.508064516129032
6,35,126,9.198412698412698
6,36,130,9.007692307692308
6,37,138,9.057971014492754
6,38,148,8.93918918918919
6,39,151,9.04635761589404
6,40,160,8.4
6,41,175,8.085714285714285
6,42,185,7.6378378378378375
6,43,182,7.725274725274725
6,44,176,7.6477272727272725
6,45,170,8.08235294117647
6,46,182,7.824175824175824
6,47,178,7.674157303370786
6,48,185,7.778378378378378
6,49,193,7.772020725388601
6,50,199,7.824120603015075
6,51,210,7.442857142857143
6,52,207,7.106280193236715
6,53,210,7.0285714285714285
6,54,214,7.219626168224299
6,55,221,7.389140271493213
6,56,231,7.541125541125541
6,57,234,7.572649572649572
6,58,240,7.591666666666667
6,59,247,7.178137651821863
6,60,242,7.578512396694215
6,61,239,7.589958158995816
6,62,244,7.315573770491803
6,63,260,6.984615384615385
6,64,256,7.0703125
6,65,254,7.421259842519685
6,66,260,7.2153846153846155
6,67,272,7.301470588235294
6,68,286,7.36013986013986
6,69,287,7.369337979094077
6,70,287,7.2682926829268295
6,71,295,7.1525423728813555
6,72,292,7.116438356164384
6,73,308,7.1396103896103895
6,74,329,6.857142857142857
6,75,346,6.869942196531792
6,76,366,6.775956284153006
6,77,384,6.807291666666667
6,78,385,6.9246753246753245
6,79,382,7.0
6,80,397,6.8740554156171285
6,81,392,6.938775510204081
6,82,381,6.745406824146982
6,83,382,6.866492146596858
6,84,395,7.015189873417722
6,85,402,7.079601990049751
6,86,415,7.3349397590361445
6,87,418,7.052631578947368
6,88,417,7.095923261390888
6,89,433,6.9953810623556585
6,90,431,7.048723897911833
6,91,432,6.986111111111111
6,92,434,6.824884792626728
6,93,440,7.1022727272727275
6,94,445,6.995505617977528
6,95,447,7.228187919463087
6,96,441,7.253968253968254
6,97,434,7.352534562211981
6,98,423,7.368794326241135
6,99,427,7.566744730679157
6,100,428,7.200934579439252
6,101,449,6.924276169265033
6,102,458,6.899563318777292
6,103,470,6.757446808510639
6,104,475,6.957894736842105
6,105,492,6.780487804878049
6,106,474,6.748945147679325
6,107,452,7.013274336283186
6,108,451,7.21729490022173
6,109,442,7.389140271493213
6,110,450,7.104444444444445
6,111,448,7.044642857142857
6,112,437,7.1235697940503435
6,113,448,7.006696428571429
6,114,436,7.045871559633028
6,115,445,6.797752808988764
6,116,449,6.986636971046771
6,117,445,6.98876404494382
6,118,439,6.938496583143508
6,119,451,6.636363636363637
6,120,464,6.849137931034483
6,121,472,6.860169491525424
6,122,472,6.711864406779661
6,123,470,6.791489361702127
6,124,472,7.02542372881356
6,125,469,7.166311300639659
6,126,480,7.275
6,127,483,7.27536231884058
6,128,484,7.2458677685950414
6,129,483,7.13871635610766
6,130,499,7.188376753507014
6,131,505,7.253465346534654
6,132,503,7.131212723658051
6,133,501,7.125748502994012
6,134,492,7.08130081300813
6,135,490,7.006122448979592
6,136,500,7.124
6,137,485,7.195876288659794
6,138,491,6.991853360488799
6,139,485,7.150515463917526
6,140,467,7.104925053533191
6,141,479,6.778705636743215
6,142,467,6.627408993576017
6,143,461,6.8242950108459866
6,144,471,6.817409766454352
6,145,467,6.944325481798715
6,146,461,7.097613882863341
6,147,481,6.995841995841996
6,148,489,7.087934560327199
6,149,486,7.016460905349795
6,150,483,7.283643892339544
6,151,487,6.870636550308008
6,152,484,6.9235537190082646
6,153,485,6.985567010309278
6,154,492,7.111788617886178
6,155,489,6.9059304703476485
6,156,485,6.845360824742268
6,157,498,6.819277108433735
6,158,490,6.587755102040816
6,159,487,6.535934291581109
6,160,488,6.545081967213115
6,161,491,6.584521384928717
6,162,485,6.608247422680412
6,163,478,6.696652719665272
6,164,484,6.723140495867769
6,165,516,6.5271317829457365
6,166,521,6.550863723608446
6,167,535,6.506542056074767
6,168,543,6.701657458563536
6,169,541,6.789279112754159
6,170,524,6.870229007633588
6,171,516,6.89922480620155
6,172,520,6.876923076923077
6,173,529,6.87523629489603
6,174,527,7.127134724857685
6,175,526,7.038022813688213
6,176,547,6.888482632541133
6,177,556,6.967625899280575
6,178,569,6.936731107205624
6,179,568,6.876760563380282
6,180,577,6.6533795493934145
6,181,571,6.732049036777584
6,182,557,6.784560143626571
6,183,548,6.905109489051095
6,184,542,6.961254612546125
6,185,547,6.8702010968921385
6,186,544,6.630514705882353
6,187,555,6.654054054054054
6,188,565,6.688495575221239
6,189,581,6.619621342512909
6,190,598,6.4799331103678925
6,191,581,6.616179001721171
6,192,567,6.962962962962963
6,193,566,7.031802120141343
6,194,557,7.007181328545781
6,195,562,6.918149466192171
6,196,581,6.886402753872633
6,197,578,7.046712802768166
6,198,577,6.8509532062391685
6,199,564,6.785460992907802
6,200,568,6.658450704225352
6,201,556,6.942446043165468
6,202,557,6.718132854578097
6,203,544,6.873161764705882
6,204,543,6.858195211786372
6,205,552,6.682971014492754
6,206,573,6.448516579406632
6,207,572,6.564685314685315
6,208,563,6.66785079928952
6,209,590,6.535593220338983
6,210,571,6.6795096322241685
6,211,597,6.499162479061977
6,212,586,6.639931740614334
6,213,591,6.739424703891709
6,214,587,6.8398637137989775
6,215,578,6.865051903114187
6,216,576,6.840277777777778
6,217,597,6.768844221105527
6,218,586,6.839590443686006
6,219,589,7.081494057724957
6,220,608,6.9243421052631575
6,221,596,6.780201342281879
6,222,605,6.669421487603306
6,223,581,6.857142857142857
6,224,556,6.996402877697841
6,225,564,7.081560283687943
6,226,567,7.255731922398589
6,227,570,7.13859649122807
6,228,568,6.875
6,229,548,6.837591240875913
6,230,570,6.684210526315789
6,231,538,6.9981412639405205
6,232,553,6.670886075949367
6,233,538,6.775092936802974
6,234,534,6.820224719101123
6,235,524,6.788167938931298
6,236,522,6.902298850574713
6,237,526,6.785171102661597
6,238,527,6.79696394686907
6,239,534,6.543071161048689
6,240,548,6.66970802919708
6,241,552,6.588768115942029
6,242,569,6.240773286467487
6,243,570,6.282456140350877
6,244,567,6.5132275132275135
6,245,589,6.517826825127335
6,246,599,6.572621035058431
6,247,612,6.401960784313726
6,248,610,6.5426229508196725
6,249,604,6.604304635761589
6,250,623,6.463884430176565
6,251,627,6.4066985645933014
6,252,622,6.559485530546624
6,253,635,6.811023622047244
6,254,623,6.90529695024077
6,255,607,6.775947281713345
6,256,588,6.715986394557823
6,257,577,6.866551126516464
6,258,572,6.805944055944056
6,259,577,6.811091854419411
6,260,576,6.854166666666667
6,261,607,6.9456342668863265
6,262,625,6.7008
6,263,623,6.839486356340289
6,264,645,6.531782945736434
6,265,620,6.638709677419355
6,266,598,6.698996655518394
6,267,596,6.624161073825503
6,268,579,6.587219343696027
6,269,571,6.844133099824869
6,270,569,6.971880492091389
6,271,575,6.735652173913043
6,272,581,6.714285714285714
6,273,568,6.575704225352113
6,274,563,6.868561278863233
6,275,583,6.732418524871355
6,276,596,6.790268456375839
6,277,612,6.8316993464052285
6,278,598,6.801003344481606
6,279,587,6.727427597955707
6,280,587,6.822827938671209
6,281,588,6.933673469387755
6,282,613,6.773246329526917
6,283,609,6.927750410509031
6,284,596,6.728187919463087
6,285,596,6.560402684563758
6,286,589,6.7147707979626485
6,287,598,6.620401337792642
6,288,614,6.653094462540716
6,289,619,6.544426494345719
6,290,609,6.569786535303777
6,291,641,6.40405616224649
6,292,642,6.655763239875389
6,293,621,6.743961352657005
6,294,615,6.60650406504065
6,295,629,6.60731319554849
6,296,627,6.647527910685805
6,297,640,6.5625
6,298,637,6.4992150706436425
6,299,641,6.4992199687987515
6,300,642,6.461059190031152
6,301,639,6.566510172143975
6,302,627,6.807017543859649
6,303,625,6.8144
6,304,607,6.828665568369028
6,305,598,6.822742474916388
6,306,601,6.717138103161398
6,307,617,6.544570502431118
6,308,606,6.711221122112211
6,309,631,6.614896988906498
6,310,652,6.507668711656442
6,311,641,6.399375975039002
6,312,646,6.459752321981425
6,313,627,6.6124401913875595
6,314,621,6.647342995169082
6,315,626,6.718849840255591
6,316,625,6.7232
6,317,615,6.865040650406504
6,318,642,6.844236760124611
6,319,635,6.91496062992126
6,320,624,6.967948717948718
6,321,635,6.946456692913386
6,322,641,7.045241809672387
6,323,638,6.9733542319749215
6,324,635,6.840944881889763
6,325,628,6.893312101910828
6,326,658,6.735562310030395
6,327,653,6.549770290964778
6,328,654,6.775229357798165
6,329,645,6.768992248062015
6,330,658,6.731003039513678
6,331,659,6.925644916540213
6,332,654,6.863914373088685
6,333,660,6.766666666666667
6,334,673,6.6909361069836555
6,335,688,6.5726744186046515
6,336,701,6.6918687589158345
6,337,710,6.529577464788733
6,338,724,6.5069060773480665
6,339,730,6.568493150684931
6,340,725,6.704827586206896
6,341,718,6.7994428969359335
6,342,698,6.909742120343839
6,343,696,7.0
6,344,720,6.758333333333334
6,345,720,6.891666666666667
6,346,745,6.7114093959731544
6,347,764,6.596858638743456
6,348,763,6.690694626474443
6,349,754,6.644562334217507
6,350,755,6.6900662251655625
6,351,748,6.5467914438502675
6,352,737,6.5943012211668925
6,353,725,6.835862068965517
6,354,737,6.909090909090909
6,355,758,6.741424802110818
6,356,765,6.772549019607843
6,357,745,6.722147651006711
6,358,739,6.7117726657645465
6,359,749,6.686248331108144
6,360,742,6.737196765498652
6,361,775,6.521290322580645
6,362,765,6.601307189542483
6,363,743,6.812920592193809
6,364,755,6.7298013245033115
6,365,768,6.561197916666667
6,366,761,6.609724047306176
6,367,739,6.756427604871448
6,368,773,6.677878395860285
6,369,754,6.63395225464191
6,370,796,6.4120603015075375
6,371,797,6.582183186951067
6,372,780,6.641025641025641
6,373,784,6.653061224489796
6,374,815,6.614723926380368
6,375,808,6.5594059405940595
6,376,816,6.568627450980392
6,377,828,6.526570048309178
6,378,824,6.513349514563107
6,379,846,6.580378250591017
6,380,832,6.686298076923077
6,381,837,6.655913978494624
6,382,827,6.646916565900846
6,383,825,6.796363636363636
6,384,802,6.942643391521197
6,385,805,6.9540372670807455
6,386,804,6.884328358208955
6,387,800,6.82375
6,388,774,6.873385012919897
6,389,778,6.830334190231363
6,390,788,6.883248730964467
6,391,811,6.683107274969174
6,392,800,6.57125
6,393,796,6.586683417085427
6,394,784,6.530612244897959
6,395,784,6.673469387755102
6,396,803,6.480697384806974
6,397,825,6.444848484848485
6,398,828,6.553140096618358
6,399,813,6.507995079950799
6,400,802,6.603491271820449
7,0,20,0.0
7,1,20,1.0
7,2,20,2.0
7,3,20,3.0
7,4,20,4.0
7,5,20,5.0
7,6,20,6.0
7,7,20,7.0
7,8,20,8.0
7,9,28,6.428571428571429
7,10,31,6.709677419354839
7,11,33,7.242424242424242
7,12,41,6.634146341463414
7,13,44,6.818181818181818
7,14,48,7.166666666666667
7,15,49,7.6938775510204085
7,16,54,7.592592592592593
7,17,58,7.413793103448276
7,18,68,7.176470588235294
7,19,75,7.16
7,20,77,7.740259740259741
7,21,86,7.709302325581396
7,22,88,8.284090909090908
7,23,95,8.157894736842104
7,24,102,7.676470588235294
7,25,110,7.8090909090909095
7,26,117,7.863247863247863
7,27,125,7.64
7,28,130,7.769230769230769
7,29,140,7.785714285714286
7,30,148,7.75
7,31,156,7.987179487179487
7,32,156,7.339743589743589
7,33,165,7.315151515151515
7,34,176,7.278409090909091
7,35,188,7.324468085106383
7,36,192,6.989583333333333
7,37,195,6.851282051282051
7,38,189,7.1798941798941796
7,39,187,7.4171122994652405
7,40,188,7.5212765957446805
7,41,195,7.471794871794872
7,42,206,7.635922330097087
7,43,205,7.868292682926829
7,44,210,7.785714285714286
7,45,208,7.697115384615385
7,46,207,7.657004830917875
7,47,206,7.757281553398058
7,48,211,7.881516587677726
7,49,219,7.776255707762557
7,50,216,7.328703703703703
7,51,217,7.456221198156682
7,52,218,7.422018348623853
7,53,213,7.36150234741784
7,54,211,7.374407582938389
7,55,224,7.169642857142857
7,56,224,7.263392857142857
7,57,226,7.101769911504425
7,58,221,7.126696832579186
7,59,234,6.688034188034188
7,60,240,6.741666666666666
7,61,238,7.067226890756302
7,62,241,7.124481327800829
7,63,238,7.302521008403361
7,64,248,7.116935483870968
7,65,257,6.961089494163424
7,66,263,7.220532319391635
7,67,270,7.2
7,68,296,6.908783783783784
7,69,304,6.957236842105263
7,70,309,6.660194174757281
7,71,316,6.765822784810126
7,72,323,6.922600619195046
7,73,337,6.982195845697329
7,74,341,6.903225806451613
7,75,342,6.894736842105263
7,76,365,6.906849315068493
7,77,361,7.116343490304709
7,78,377,7.015915119363395
7,79,390,7.0948717948717945
7,80,381,6.7506561679790025
7,81,376,7.053191489361702
7,82,387,7.056847545219639
7,83,385,7.306493506493506
7,84,382,7.4188481675392675
7,85,385,7.542857142857143
7,86,380,7.478947368421053
7,87,396,7.196969696969697
7,88,405,6.970370370370371
7,89,395,7.4481012658227845
7,90,409,7.2420537897310515
7,91,401,7.172069825436409
7,92,399,7.265664160401003
7,93,400,7.185
7,94,424,7.1415094339622645
7,95,429,6.965034965034965
7,96,430,6.846511627906977
7,97,439,6.790432801822323
7,98,435,7.066666666666666
7,99,434,7.043778801843318
7,100,423,6.921985815602837
7,101,440,7.047727272727273
7,102,443,6.945823927765237
7,103,450,6.915555555555556
7,104,464,7.045258620689655
7,105,450,7.157777777777778
7,106,463,6.94816414686825
7,107,457,6.687089715536105
7,108,458,6.617903930131004
7,109,482,6.732365145228216
7,110,491,6.627291242362525
7,111,505,6.413861386138614
7,112,499,6.44689378757515
7,113,505,6.603960396039604
7,114,523,6.759082217973232
7,115,538,6.79182156133829
7,116,528,6.729166666666667
7,117,544,6.6213235294117645
7,118,555,6.538738738738739
7,119,548,6.868613138686132
7,120,558,6.96415770609319
7,121,555,7.174774774774775
7,122,560,7.308928571428571
7,123,564,7.189716312056738
7,124,581,7.196213425129088
7,125,579,7.27979274611399
7,126,564,7.367021276595745
7,127,576,7.192708333333333
7,128,570,7.171929824561404
7,129,581,6.970740103270224
7,130,594,7.08080808080808
7,131,615,6.991869918699187
7,132,648,6.9984567901234565
7,133,646,6.86687306501548
7,134,652,6.871165644171779
7,135,660,6.722727272727273
7,136,652,6.97239263803681
7,137,666,7.015015015015015
7,138,659,7.256449165402125
7,139,648,7.194444444444445
7,140,683,7.014641288433382
7,141,693,6.774891774891775
7,142,717,6.7280334728033475
7,143,724,6.595303867403315
7,144,741,6.589743589743589
7,145,757,6.747688243064729
7,146,767,6.775749674054759
7,147,758,6.841688654353562
7,148,747,7.188755020080321
7,149,755,7.07682119205298
7,150,769,7.067620286085826
7,151,763,6.927916120576671
7,152,765,7.043137254901961
7,153,770,6.998701298701299
7,154,766,7.142297650130549
7,155,762,7.221784776902887
7,156,743,7.098250336473755
7,157,744,7.154569892473118
7,158,756,7.178571428571429
7,159,761,7.115637319316688
7,160,776,6.859536082474227
7,161,802,6.692019950124688
7,162,810,6.619753086419753
7,163,814,6.54054054054054
7,164,785,6.640764331210191
7,165,782,6.754475703324808
7,166,772,6.830310880829016
7,167,760,6.921052631578948
7,168,752,6.949468085106383
7,169,752,7.190159574468085
7,170,756,7.166666666666667
7,171,761,7.11957950065703
7,172,747,7.190093708165997
7,173,776,6.889175257731959
7,174,772,7.082901554404145
7,175,763,7.032765399737877
7,176,776,7.028350515463917
7,177,783,7.008939974457216
7,178,779,6.881899871630295
7,179,790,6.881012658227848
7,180,778,6.8573264781491
7,181,779,6.958921694480103
7,182,784,6.88265306122449
7,183,785,6.95031847133758
7,184,785,6.8152866242038215
7,185,780,6.864102564102564
7,186,790,6.715189873417722
7,187,802,6.638403990024938
7,188,792,6.468434343434343
7,189,809,6.546353522867738
7,190,799,6.715894868585732
7,191,793,6.844892812105927
7,192,815,6.695705521472393
7,193,824,6.820388349514563
7,194,813,6.710947109471094
7,195,814,6.862407862407863
7,196,834,6.601918465227818
7,197,856,6.587616822429907
7,198,859,6.550640279394645
7,199,893,6.4949608062709965
7,200,888,6.606981981981982
7,201,878,6.693621867881549
7,202,858,6.782051282051282
7,203,843,6.800711743772242
7,204,821,6.97442143727162
7,205,825,7.058181818181819
7,206,851,6.957696827262045
7,207,862,6.895591647331787
7,208,860,6.924418604651163
7,209,854,6.990632318501171
7,210,886,6.756207674943567
7,211,888,6.851351351351352
7,212,867,6.9342560553633215
7,213,868,6.813364055299539
7,214,855,6.898245614035088
7,215,845,6.915976331360946
7,216,849,6.893992932862191
7,217,838,6.837708830548926
7,218,819,6.992673992673993
7,219,845,6.901775147928994
7,220,850,6.925882352941176
7,221,856,6.84696261682243
7,222,868,6.756912442396313
7,223,880,6.661363636363636
7,224,878,6.74373576309795
7,225,879,6.873720136518771
7,226,903,6.765227021040975
7,227,910,6.868131868131868
7,228,917,6.781897491821156
7,229,905,6.833149171270718
7,230,913,6.790799561883899
7,231,903,6.743078626799557
7,232,906,6.748344370860927
7,233,918,6.800653594771242
7,234,888,6.6407657657657655
7,235,889,6.769403824521935
7,236,886,6.68058690744921
7,237,881,6.780930760499433
7,238,916,6.851528384279476
7,239,949,6.677555321390938
7,240,958,6.768267223382046
7,241,970,6.811340206185567
7,242,993,6.787512588116818
7,243,975,6.97948717948718
7,244,967,7.109617373319545
7,245,993,6.831822759315206
7,246,1001,6.882117882117882
7,247,977,6.950870010235414
7,248,961,6.753381893860562
7,249,979,6.645556690500511
7,250,985,6.677157360406091
7,251,997,6.544633901705115
7,252,997,6.589769307923771
7,253,983,6.899287894201424
7,254,1008,6.845238095238095
7,255,1006,6.722664015904573
7,256,1006,6.750497017892644
7,257,1003,7.000997008973081
7,258,1030,6.827184466019418
7,259,1071,6.746031746031746
7,260,1075,6.77953488372093
7,261,1107,6.666666666666667
7,262,1101,6.669391462306994
7,263,1089,6.796143250688705
7,264,1121,6.595896520963426
7,265,1107,6.652213188798554
7,266,1114,6.763016157989228
7,267,1125,6.782222222222222
7,268,1108,6.8203971119133575
7,269,1137,6.843447669305189
7,270,1162,6.95697074010327
7,271,1162,6.923407917383821
7,272,1162,6.959552495697074
7,273,1164,6.878006872852234
7,274,1169,6.884516680923866
7,275,1179,6.972010178117048
7,276,1196,6.820234113712375
7,277,1212,6.686468646864687
7,278,1222,6.740589198036006
7,279,1273,6.7368421052631575
7,280,1274,6.666405023547881
7,281,1286,6.866251944012442
7,282,1263,6.902612826603326
7,283,1282,6.8213728549141965
7,284,1272,6.970911949685535
7,285,1275,7.026666666666666
7,286,1301,7.020753266717909
7,287,1318,6.887708649468892
7,288,1320,6.863636363636363
7,289,1348,6.839020771513353
7,290,1383,6.77295733911786
7,291,1403,6.545260156806843
7,292,1429,6.40517844646606
7,293,1395,6.653763440860215
7,294,1393,6.6819813352476665
7,295,1428,6.669467787114846
7,296,1436,6.715181058495822
7,297,1452,6.765840220385675
7,298,1456,6.818681318681318
7,299,1477,6.696005416384564
7,300,1488,6.76008064516129
7,301,1491,6.784037558685446
7,302,1507,6.703384207033842
7,303,1518,6.640974967061924
7,304,1532,6.650130548302872
7,305,1523,6.625738673670387
7,306,1521,6.740959894806049
7,307,1509,6.770046388336647
7,308,1494,6.878848728246319
7,309,1502,6.816245006657789
7,310,1519,6.733377221856484
7,311,1552,6.673969072164948
7,312,1565,6.686261980830671
7,313,1555,6.721543408360128
7,314,1532,6.64490861618799
7,315,1534,6.710560625814863
7,316,1506,6.876494023904383
7,317,1500,6.868666666666667
7,318,1498,6.739652870493992
7,319,1499,6.751834556370914
7,320,1531,6.712606139777923
7,321,1542,6.678988326848249
7,322,1542,6.678988326848249
7,323,1537,6.675992192582954
7,324,1539,6.723196881091618
7,325,1519,6.807768268597762
7,326,1512,6.795634920634921
7,327,1508,6.767904509283819
7,328,1524,6.7276902887139105
7,329,1479,6.733603786342123
7,330,1458,6.756515775034294
7,331,1463,6.773752563226248
7,332,1444,6.846260387811634
7,333,1430,6.821678321678322
7,334,1441,6.752255378209576
7,335,1446,6.67911479944675
7,336,1449,6.669427191166322
7,337,1459,6.671692940370116
7,338,1465,6.593856655290103
7,339,1458,6.7050754458161865
7,340,1469,6.751531654186522
7,341,1504,6.7686170212765955
7,342,1482,6.726045883940621
7,343,1464,6.7923497267759565
7,344,1456,6.8592032967032965
7,345,1451,6.835286009648518
7,346,1454,6.921595598349381
7,347,1426,6.842917251051893
7,348,1415,6.843816254416961
7,349,1414,6.798444130127298
7,350,1441,6.749479528105482
7,351,1499,6.703135423615744
7,352,1520,6.628289473684211
7,353,1533,6.690150032615786
7,354,1549,6.64880568108457
7,355,1526,6.522280471821756
7,356,1521,6.548980933596318
7,357,1515,6.683828382838284
7,358,1510,6.660927152317881
7,359,1510,6.649668874172185
7,360,1515,6.701650165016502
7,361,1521,6.911242603550296
7,362,1564,6.84079283887468
7,363,1588,6.812972292191436
7,364,1585,6.823343848580442
7,365,1588,6.678211586901763
7,366,1579,6.7029765674477515
7,367,1584,6.696338383838384
7,368,1568,6.6938775510204085
7,369,1561,6.736066623959001
7,370,1523,6.943532501641497
7,371,1536,7.0625
7,372,1532,7.06331592689295
7,373,1527,7.0327439423706615
7,374,1539,6.923326835607537
7,375,1540,6.931818181818182
7,376,1537,6.987638256343526
7,377,1535,6.912703583061889
7,378,1546,6.749676584734799
7,379,1545,6.709385113268608
7,380,1531,6.750489875898106
7,381,1539,6.829109811565952
7,382,1544,6.8782383419689115
7,383,1544,6.977979274611399
7,384,1533,7.0228310502283104
7,385,1506,6.9528552456839305
7,386,1535,6.876872964169381
7,387,1557,6.788053949903661
7,388,1565,6.7654952076677315
7,389,1582,6.670037926675095
7,390,1576,6.66751269035533
7,391,1612,6.6600496277915635
7,392,1613,6.698698078115313
7,393,1627,6.792255685310387
7,394,1595,6.7172413793103445
7,395,1625,6.7224615384615385
7,396,1649,6.693147362037599
7,397,1651,6.695941853422168
7,398,1664,6.656850961538462
7,399,1651,6.72259236826166
7,400,1682,6.618906064209274
8,0,20,0.0
8,1,20,1.0
8,2,20,2.0
8,3,20,3.0
8,4,20,4.0
8,5,20,5.0
8,6,20,6.0
8,7,20,7.0
8,8,20,8.0
8,9,34,5.294117647058823
8,10,38,5.631578947368421
8,11,44,5.7272727272727275
8,12,56,5.285714285714286
8,13,62,5.67741935483871
8,14,66,6.2727272727272725
8,15,65,7.153846153846154
8,16,64,8.171875
8,17,67,8.64179104477612
8,18,68,8.970588235294118
8,19,70,9.457142857142857
8,20,74,9.891891891891891
8,21,85,8.729411764705882
8,22,87,8.724137931034482
8,23,91,8.747252747252746
8,24,93,8.817204301075268
8,25,102,8.333333333333334
8,26,104,8.298076923076923
8,27,108,8.675925925925926
8,28,113,8.646017699115044
8,29,123,8.325203252032521
8,30,126,7.873015873015873
8,31,141,7.8936170212765955
8,32,135,7.2
8,33,141,7.3120567375886525
8,34,142,7.169014084507042
8,35,139,7.107913669064748
8,36,147,7.224489795918367
8,37,151,7.456953642384106
8,38,158,7.620253164556962
8,39,169,7.443786982248521
8,40,167,7.652694610778443
8,41,185,7.475675675675675
8,42,176,7.681818181818182
8,43,167,7.8982035928143715
8,44,173,7.61271676300578
8,45,175,7.348571428571429
8,46,187,6.989304812834225
8,47,183,7.371584699453552
8,48,178,7.52808988764045
8,49,186,7.505376344086022
8,50,199,7.1959798994974875
8,51,207,7.207729468599034
8,52,226,6.911504424778761
8,53,226,6.823008849557522
8,54,235,6.553191489361702
8,55,222,6.346846846846847
8,56,219,6.6255707762557075
8,57,214,7.009345794392523
8,58,215,7.195348837209302
8,59,215,7.348837209302325
8,60,209,7.100478468899522
8,61,208,7.3701923076923075
8,62,217,7.175115207373272
8,63,218,7.3577981651376145
8,64,225,7.017777777777778
8,65,225,7.333333333333333
8,66,222,7.207207207207207
8,67,219,7.506849315068493
8,68,229,7.048034934497816
8,69,237,6.966244725738397
8,70,231,7.346320346320346
8,71,244,6.684426229508197
8,72,242,6.809917355371901
8,73,248,6.637096774193548
8,74,243,6.794238683127572
8,75,238,7.008403361344538
8,76,231,7.337662337662338
8,77,229,7.279475982532751
8,78,238,7.495798319327731
8,79,224,7.299107142857143
8,80,231,7.077922077922078
8,81,229,6.943231441048035
8,82,226,7.283185840707965
8,83,236,7.101694915254237
8,84,243,7.041152263374485
8,85,247,7.080971659919029
8,86,239,7.2301255230125525
8,87,240,7.266666666666667
8,88,245,7.171428571428572
8,89,242,6.87603305785124
8,90,244,7.077868852459017
8,91,242,7.136363636363637
8,92,240,7.3875
8,93,249,7.257028112449799
8,94,256,7.1875
8,95,260,7.303846153846154
8,96,261,7.2298850574712645
8,97,259,7.1698841698841695
8,98,262,7.141221374045801
8,99,269,7.022304832713755
8,100,281,6.907473309608541
8,101,283,6.795053003533569
8,102,295,6.908474576271186
8,103,302,7.23841059602649
8,104,306,7.480392156862745
8,105,319,7.122257053291536
8,106,317,7.249211356466877
8,107,316,7.094936708860759
8,108,306,6.96078431372549
8,109,298,7.090604026845638
8,110,288,7.215277777777778
8,111,297,7.026936026936027
8,112,292,7.308219178082192
8,113,286,7.2377622377622375
8,114,289,7.314878892733564
8,115,295,7.2101694915254235
8,116,306,7.183006535947713
8,117,318,6.886792452830188
8,118,333,6.747747747747748
8,119,339,6.651917404129794
8,120,333,6.66066066066066
8,121,340,6.764705882352941
8,122,330,6.806060606060606
8,123,330,6.706060606060606
8,124,330,6.872727272727273
8,125,344,6.671511627906977
8,126,350,6.877142857142857
8,127,377,6.710875331564987
8,128,397,6.561712846347607
8,129,412,6.643203883495145
8,130,419,6.859188544152745
8,131,434,7.108294930875576
8,132,429,7.188811188811189
8,133,442,7.253393665158371
8,134,448,7.3125
8,135,451,7.394678492239468
8,136,445,7.2
8,137,438,7.230593607305936
8,138,435,7.197701149425288
8,139,434,6.942396313364055
8,140,435,6.951724137931034
8,141,442,7.042986425339366
8,142,446,6.914798206278027
8,143,450,6.86
8,144,446,7.134529147982063
8,145,443,7.076749435665914
8,146,443,7.331828442437923
8,147,441,7.043083900226757
8,148,439,7.088838268792711
8,149,460,6.980434782608696
8,150,450,7.011111111111111
8,151,468,7.130341880341881
8,152,472,7.1059322033898304
8,153,471,7.218683651804671
8,154,485,7.018556701030928
8,155,480,7.18125
8,156,482,6.923236514522822
8,157,468,7.162393162393163
8,158,472,7.046610169491525
8,159,488,6.936475409836065
8,160,493,6.862068965517241
8,161,483,6.962732919254658
8,162,473,7.133192389006343
8,163,475,7.008421052631579
8,164,468,6.6431623931623935
8,165,484,6.770661157024794
8,166,491,6.782077393075356
8,167,477,6.838574423480084
8,168,476,6.800420168067227
8,169,467,6.8286937901498925
8,170,466,6.813304721030043
8,171,471,6.717622080679406
8,172,489,6.76482617586912
8,173,500,6.826
8,174,518,6.544401544401544
8,175,517,6.717601547388782
8,176,508,7.00984251968504
8,177,513,7.0623781676413255
8,178,527,6.9411764705882355
8,179,517,6.994197292069632
8,180,524,6.900763358778626
8,181,534,6.887640449438202
8,182,525,6.693333333333333
8,183,537,6.828677839851024
8,184,537,6.756052141527002
8,185,549,6.637522768670309
8,186,548,6.598540145985401
8,187,555,6.7531531531531535
8,188,549,7.009107468123862
8,189,550,6.8945454545454545
8,190,553,7.1103074141048825
8,191,595,6.9411764705882355
8,192,619,6.796445880452342
8,193,625,6.7248
8,194,637,6.572998430141287
8,195,647,6.585780525502319
8,196,625,6.6496
8,197,626,6.610223642172524
8,198,621,6.71658615136876
8,199,613,6.859706362153344
8,200,607,6.917627677100494
8,201,641,6.719188767550702
8,202,643,6.556765163297045
8,203,654,6.49388379204893
8,204,674,6.3486646884272995
8,205,678,6.563421828908554
8,206,689,6.518142235123367
8,207,685,6.583941605839416
8,208,699,6.723891273247497
8,209,679,6.758468335787923
8,210,673,6.774145616641902
8,211,673,6.762258543833581
8,212,684,6.878654970760234
8,213,667,6.8500749625187405
8,214,666,6.945945945945946
8,215,664,6.835843373493976
8,216,671,6.7988077496274215
8,217,683,6.825768667642753
8,218,679,6.677466863033874
8,219,659,6.743550834597875
8,220,647,6.557959814528593
8,221,634,6.593059936908517
8,222,625,6.7408
8,223,623,6.942215088282504
8,224,614,6.988599348534202
8,225,620,6.885483870967742
8,226,624,7.048076923076923
8,227,620,6.827419354838709
8,228,608,6.769736842105263
8,229,600,6.716666666666667
8,230,612,6.545751633986928
8,231,597,6.492462311557789
8,232,618,6.3705501618122975
8,233,618,6.624595469255663
8,234,629,6.51510333863275
8,235,614,6.52442996742671
8,236,626,6.583067092651757
8,237,634,6.5678233438485805
8,238,619,6.689822294022617
8,239,643,6.426127527216174
8,240,616,6.582792207792208
8,241,631,6.66877971473851
8,242,649,6.482280431432974
8,243,669,6.6442451420029895
8,244,648,6.604938271604938
8,245,648,6.595679012345679
8,246,652,6.923312883435583
8,247,659,6.98937784522003
8,248,676,6.809171597633136
8,249,670,6.731343283582089
8,250,663,6.606334841628959
8,251,669,6.402092675635276
8,252,657,6.468797564687976
8,253,655,6.574045801526718
8,254,644,6.77639751552795
8,255,631,7.120443740095087
8,256,610,7.285245901639344
8,257,621,7.117552334943639
8,258,611,7.212765957446808
8,259,615,7.282926829268293
8,260,609,7.187192118226601
8,261,615,7.0
8,262,617,6.816855753646678
8,263,607,6.71993410214168
8,264,620,6.580645161290323
8,265,613,6.893964110929853
8,266,615,6.770731707317073
8,267,605,6.613223140495868
8,268,601,6.6988352745424296
8,269,594,6.774410774410774
8,270,584,6.751712328767123
8,271,593,6.608768971332209
8,272,596,6.885906040268456
8,273,593,6.839797639123103
8,274,558,6.792114695340501
8,275,561,6.620320855614973
8,276,558,6.752688172043011
8,277,553,6.89873417721519
8,278,539,6.821892393320964
8,279,511,7.097847358121331
8,280,543,6.81767955801105
8,281,526,6.726235741444867
8,282,532,6.783834586466165
8,283,536,6.723880597014926
8,284,543,6.650092081031308
8,285,533,6.7879924953095685
8,286,531,6.627118644067797
8,287,557,6.499102333931777
8,288,544,6.661764705882353
8,289,549,6.730418943533698
8,290,543,6.998158379373849
8,291,546,7.045787545787546
8,292,550,6.761818181818182
8,293,557,6.66427289048474
8,294,552,6.5144927536231885
8,295,545,6.3559633027522935
8,296,556,6.546762589928058
8,297,560,6.573214285714286
8,298,575,6.624347826086956
8,299,590,6.672881355932203
8,300,601,6.713810316139767
8,301,616,6.625
8,302,626,6.5111821086261985
8,303,629,6.604133545310016
8,304,627,6.735247208931419
8,305,650,6.743076923076923
8,306,634,6.794952681388013
8,307,614,6.892508143322476
8,308,624,6.9951923076923075
8,309,616,7.00487012987013
8,310,625,6.9424
8,311,629,7.114467408585056
8,312,623,6.987158908507223
8,313,629,6.965023847376789
8,314,633,6.872037914691943
8,315,641,6.845553822152886
8,316,646,6.794117647058823
8,317,653,6.767228177641654
8,318,657,6.722983257229832
8,319,660,6.8
8,320,653,6.865237366003063
8,321,667,6.931034482758621
8,322,679,6.824742268041237
8,323,693,6.841269841269841
8,324,695,6.692086330935251
8,325,709,6.774330042313117
8,326,723,6.721991701244813
8,327,726,6.862258953168044
8,328,732,6.610655737704918
8,329,736,6.846467391304348
8,330,738,6.727642276422764
8,331,733,6.679399727148704
8,332,731,6.6716826265389875
8,333,736,6.646739130434782
8,334,744,6.755376344086022
8,335,765,6.715032679738562
8,336,769,6.884265279583875
8,337,780,6.8307692307692305
8,338,783,7.025542784163473
8,339,762,6.942257217847769
8,340,751,6.92676431424767
8,341,725,7.020689655172414
8,342,714,6.817927170868347
8,343,728,6.8076923076923075
8,344,732,6.773224043715847
8,345,726,6.8319559228650135
8,346,723,7.062240663900415
8,347,726,7.039944903581267
8,348,734,7.014986376021798
8,349,736,6.876358695652174
8,350,707,7.073550212164074
8,351,691,7.049204052098408
8,352,687,7.125181950509462
8,353,678,7.035398230088496
8,354,683,7.0
8,355,670,7.070149253731343
8,356,673,7.016344725111441
8,357,673,6.882615156017831
8,358,694,6.752161383285302
8,359,695,6.741007194244604
8,360,677,6.772525849335302
8,361,669,6.814648729446936
8,362,666,6.93993993993994
8,363,675,6.887407407407407
8,364,668,7.1062874251497
8,365,648,7.2330246913580245
8,366,635,7.253543307086614
8,367,628,7.245222929936306
8,368,630,7.184126984126984
8,369,642,6.90809968847352
8,370,649,6.867488443759631
8,371,670,6.550746268656717
8,372,691,6.571635311143271
8,373,707,6.611032531824611
8,374,711,6.590717299578059
8,375,695,6.716546762589928
8,376,693,6.800865800865801
8,377,712,6.717696629213483
8,378,723,6.643153526970955
8,379,717,6.97350069735007
8,380,708,6.953389830508475
8,381,717,7.01255230125523
8,382,720,6.944444444444445
8,383,714,7.043417366946779
8,384,714,6.991596638655462
8,385,714,6.918767507002801
8,386,723,6.911479944674966
8,387,727,6.697386519944979
8,388,739,6.786197564276049
8,389,729,6.893004115226337
8,390,755,6.952317880794702
8,391,742,7.0
8,392,766,6.872062663185378
8,393,756,7.0965608465608465
8,394,777,6.781209781209781
8,395,781,6.907810499359795
8,396,761,7.040735873850197
8,397,775,6.96
8,398,795,6.9144654088050315
8,399,810,6.769135802469136
8,400,811,6.75462392108508
9,0,20,0.0
9,1,20,1.0
9,2,20,2.0
9,3,20,3.0
9,4,20,4.0
9,5,20,5.0
9,6,20,6.0
9,7,20,7.0
9,8,20,8.0
9,9,20,9.0
9,10,27,7.407407407407407
9,11,29,7.827586206896552
9,12,35,7.314285714285714
9,13,38,7.315789473684211
9,14,42,7.523809523809524
9,15,48,7.458333333333333
9,16,52,7.8076923076923075
9,17,57,8.035087719298245
9,18,59,8.728813559322035
9,19,62,8.951612903225806
9,20,65,9.184615384615384
9,21,73,8.602739726027398
9,22,79,8.873417721518987
9,23,80,8.85
9,24,89,8.696629213483146
9,25,93,8.89247311827957
9,26,97,8.948453608247423
9,27,103,8.592233009708737
9,28,107,8.448598130841122
9,29,113,8.380530973451327
9,30,124,8.064516129032258
9,31,137,7.62043795620438
9,32,140,6.928571428571429
9,33,151,7.158940397350993
9,34,143,7.20979020979021
9,35,149,7.469798657718121
9,36,161,7.279503105590062
9,37,167,7.125748502994012
9,38,179,6.726256983240224
9,39,179,6.966480446927374
9,40,187,7.2994652406417115
9,41,186,7.473118279569892
9,42,190,7.4526315789473685
9,43,197,7.416243654822335
9,44,190,7.636842105263158
9,45,192,7.817708333333333
9,46,198,7.0606060606060606
9,47,210,6.871428571428571
9,48,223,6.807174887892376
9,49,228,6.982456140350878
9,50,222,6.788288288288288
9,51,220,7.1454545454545455
9,52,213,6.934272300469484
9,53,212,7.34433962264151
9,54,222,7.472972972972973
9,55,228,7.587719298245614
9,56,232,7.530172413793103
9,57,239,7.552301255230126
9,58,254,7.338582677165355
9,59,253,7.2727272727272725
9,60,259,7.27027027027027
9,61,255,7.3882352941176475
9,62,256,7.12890625
9,63,266,6.819548872180451
9,64,277,6.88086642599278
9,65,292,6.664383561643835
9,66,296,7.081081081081081
9,67,296,7.293918918918919
9,68,296,7.469594594594595
9,69,291,7.529209621993127
9,70,285,7.536842105263158
9,71,287,7.400696864111498
9,72,293,7.389078498293515
9,73,301,7.1827242524916945
9,74,312,7.051282051282051
9,75,320,7.196875
9,76,329,7.182370820668693
9,77,347,7.302593659942363
9,78,353,7.161473087818697
9,79,351,7.150997150997151
9,80,349,7.160458452722063
9,81,352,7.014204545454546
9,82,379,6.794195250659631
9,83,392,6.658163265306122
9,84,411,6.885644768856448
9,85,425,6.9811764705882355
9,86,430,6.72093023255814
9,87,453,6.7196467991169975
9,88,457,6.579868708971554
9,89,453,6.708609271523179
9,90,447,7.149888143176733
9,91,444,7.216216216216216
9,92,441,7.235827664399093
9,93,443,7.266365688487585
9,94,449,7.0244988864142535
9,95,464,7.010775862068965
9,96,468,6.764957264957265
9,97,473,6.710359408033827
9,98,480,6.754166666666666
9,99,478,6.592050209205021
9,100,472,6.586864406779661
9,101,477,6.729559748427673
9,102,471,6.768577494692145
9,103,467,6.9785867237687365
9,104,490,6.983673469387755
9,105,490,6.8795918367346935
9,106,489,6.9059304703476485
9,107,492,6.949186991869919
9,108,524,6.900763358778626
9,109,552,6.733695652173913
9,110,567,6.765432098765432
9,111,561,6.657754010695188
9,112,562,6.782918149466192
9,113,554,6.664259927797834
9,114,553,6.564195298372513
9,115,560,6.633928571428571
9,116,556,6.721223021582734
9,117,566,6.572438162544169
9,118,579,6.690846286701209
9,119,597,6.4958123953098825
9,120,610,6.519672131147541
9,121,625,6.6416
9,122,639,6.735524256651018
9,123,633,6.672985781990521
9,124,626,6.825878594249201
9,125,620,6.90483870967742
9,126,624,6.887820512820513
9,127,613,6.885807504078303
9,128,605,6.9702479338842975
9,129,612,7.066993464052287
9,130,609,7.111658456486043
9,131,596,7.14261744966443
9,132,590,7.1169491525423725
9,133,597,6.9463986599664995
9,134,605,7.0
9,135,607,6.924217462932455
9,136,577,7.311958405545927
9,137,599,7.106844741235392
9,138,584,6.948630136986301
9,139,582,6.745704467353952
9,140,563,6.818827708703375
9,141,556,6.739208633093525
9,142,554,6.915162454873646
9,143,538,7.065055762081784
9,144,551,6.954627949183303
9,145,551,7.168784029038113
9,146,558,7.041218637992832
9,147,549,7.17304189435337
9,148,557,7.093357271095153
9,149,558,6.756272401433692
9,150,545,6.9302752293577985
9,151,551,6.918330308529946
9,152,541,6.87985212569316
9,153,547,6.868372943327239
9,154,558,6.888888888888889
9,155,537,7.078212290502793
9,156,557,6.897666068222621
9,157,545,6.856880733944954
9,158,534,6.859550561797753
9,159,514,7.126459143968872
9,160,508,7.198818897637795
9,161,499,7.270541082164328
9,162,511,7.203522504892368
9,163,516,7.046511627906977
9,164,525,6.742857142857143
9,165,523,6.653919694072658
9,166,513,6.450292397660819
9,167,517,6.363636363636363
9,168,517,6.657640232108317
9,169,531,6.691148775894539
9,170,526,7.024714828897339
9,171,531,6.80225988700565
9,172,536,6.772388059701493
9,173,549,6.836065573770492
9,174,541,7.0
9,175,539,6.884972170686456
9,176,555,6.609009009009009
9,177,548,6.624087591240876
9,178,534,6.674157303370786
9,179,537,6.731843575418995
9,180,540,6.7555555555555555
9,181,535,6.891588785046729
9,182,542,6.942804428044281
9,183,553,6.985533453887884
9,184,559,6.813953488372093
9,185,567,6.881834215167548
9,186,546,6.747252747252747
9,187,541,6.757855822550832
9,188,550,6.830909090909091
9,189,558,6.89247311827957
9,190,557,7.044883303411131
9,191,570,6.936842105263158
9,192,599,6.69449081803005
9,193,599,6.74457429048414
9,194,586,6.810580204778157
9,195,589,6.706281833616298
9,196,601,6.757071547420965
9,197,608,6.652960526315789
9,198,615,6.5528455284552845
9,199,623,6.465489566613162
9,200,615,6.850406504065041
9,201,624,6.743589743589744
9,202,629,6.858505564387917
9,203,620,6.941935483870968
9,204,606,6.958745874587459
9,205,598,6.991638795986622
9,206,591,6.991539763113368
9,207,593,6.90893760539629
9,208,602,6.878737541528239
9,209,603,6.903814262023217
9,210,586,7.051194539249146
9,211,576,6.897569444444445
9,212,581,7.024096385542169
9,213,588,6.811224489795919
9,214,595,6.838655462184874
9,215,589,6.915110356536503
9,216,584,7.027397260273973
9,217,580,6.929310344827586
9,218,590,6.755932203389831
9,219,602,6.78405315614618
9,220,587,6.879045996592845
9,221,582,7.106529209621993
9,222,585,6.9452991452991455
9,223,556,7.034172661870503
9,224,558,7.073476702508961
9,225,530,6.949056603773585
9,226,524,6.927480916030534
9,227,531,6.9246704331450095
9,228,545,6.776146788990825
9,229,554,6.828519855595668
9,230,566,6.636042402826855
9,231,550,6.427272727272728
9,232,526,6.673003802281369
9,233,518,6.677606177606178
9,234,528,6.721590909090909
9,235,521,6.976967370441459
9,236,527,7.032258064516129
9,237,527,6.9620493358633775
9,238,540,6.762962962962963
9,239,562,6.736654804270462
9,240,581,6.691910499139415
9,241,576,6.810763888888889
9,242,584,6.801369863013699
9,243,584,6.698630136986301
9,244,593,6.5632377740303545
9,245,591,6.6209813874788495
9,246,592,6.85304054054054
9,247,579,6.846286701208981
9,248,571,6.87215411558669
9,249,568,6.654929577464789
9,250,580,6.73448275862069
9,251,570,7.082456140350877
9,252,567,7.301587301587301
9,253,575,7.137391304347826
9,254,585,7.003418803418803
9,255,583,7.090909090909091
9,256,590,6.920338983050847
9,257,603,6.8606965174129355
9,258,618,6.859223300970874
9,259,611,6.731587561374796
9,260,596,6.795302013422819
9,261,606,6.864686468646864
9,262,615,6.957723577235773
9,263,601,6.863560732113145
9,264,608,6.942434210526316
9,265,587,6.950596252129472
9,266,580,6.982758620689655
9,267,585,6.873504273504273
9,268,599,6.821368948247079
9,269,614,6.842019543973941
9,270,640,6.709375
9,271,639,6.769953051643192
9,272,644,6.78416149068323
9,273,644,6.690993788819876
9,274,622,6.977491961414791
9,275,614,6.938110749185668
9,276,611,6.926350245499182
9,277,602,6.95514950166113
9,278,578,6.937716262975779
9,279,565,6.872566371681416
9,280,580,6.824137931034483
9,281,595,6.9260504201680675
9,282,599,7.036727879799666
9,283,616,6.902597402597403
9,284,618,6.841423948220065
9,285,613,6.924959216965743
9,286,632,6.9825949367088604
9,287,629,6.984101748807631
9,288,602,6.885382059800665
9,289,590,6.769491525423729
9,290,588,6.850340136054422
9,291,601,6.8668885191347755
9,292,598,7.040133779264214
9,293,600,7.046666666666667
9,294,595,6.842016806722689
9,295,610,6.9049180327868855
9,296,633,6.955766192733018
9,297,649,6.979969183359014
9,298,644,6.944099378881988
9,299,642,6.900311526479751
9,300,648,6.689814814814815
9,301,661,6.717095310136157
9,302,653,6.816232771822358
9,303,643,6.883359253499222
9,304,643,6.793157076205287
9,305,633,6.777251184834123
9,306,640,6.8703125
9,307,649,6.7734976887519265
9,308,669,6.588938714499252
9,309,668,6.758982035928144
9,310,671,6.792846497764531
9,311,655,6.9435114503816795
9,312,644,7.074534161490683
9,313,635,6.845669291338583
9,314,631,6.824088748019017
9,315,623,6.677367576243981
9,316,618,6.831715210355987
9,317,644,6.816770186335404
9,318,647,6.7727975270479135
9,319,658,6.727963525835866
9,320,673,6.542347696879643
9,321,661,6.860816944024206
9,322,661,6.540090771558245
9,323,645,6.778294573643411
9,324,657,6.710806697108067
9,325,682,6.778592375366569
9,326,693,6.834054834054834
9,327,693,6.953823953823954
9,328,710,6.814084507042254
9,329,727,6.8817056396148555
9,330,738,6.941734417344174
9,331,753,6.791500664010624
9,332,761,6.984231274638633
9,333,753,6.828685258964144
9,334,730,6.947945205479452
9,335,723,6.970954356846473
9,336,698,7.137535816618911
9,337,702,7.048433048433049
9,338,717,7.152022315202231
9,339,695,7.185611510791367
9,340,683,7.175695461200585
9,341,677,7.116691285081241
9,342,693,6.963924963924964
9,343,698,6.822349570200573
9,344,713,6.483870967741935
9,345,724,6.744475138121547
9,346,719,6.9151599443671765
9,347,714,6.973389355742297
9,348,700,7.132857142857143
9,349,707,6.908062234794908
9,350,700,7.198571428571428
9,351,685,7.274452554744525
9,352,669,7.204783258594918
9,353,669,6.911808669656203
9,354,693,6.968253968253968
9,355,696,6.887931034482759
9,356,693,7.111111111111111
9,357,710,6.971830985915493
9,358,695,6.864748201438849
9,359,714,6.563025210084033
9,360,739,6.299052774018945
9,361,744,6.481182795698925
9,362,753,6.46746347941567
9,363,742,6.494609164420485
9,364,744,6.541666666666667
9,365,750,6.689333333333333
9,366,758,6.703166226912929
9,367,767,6.739243807040417
9,368,790,6.669620253164557
9,369,822,6.659367396593674
9,370,794,6.736775818639798
9,371,777,6.7528957528957525
9,372,790,6.541772151898734
9,373,810,6.601234567901234
9,374,825,6.5248484848484845
9,375,824,6.518203883495145
9,376,820,6.668292682926829
9,377,825,6.843636363636364
9,378,826,6.86319612590799
9,379,828,6.867149758454106
9,380,834,6.792565947242206
9,381,859,6.69965075669383
9,382,851,6.763807285546416
9,383,854,6.720140515222482
9,384,833,6.6938775510204085
9,385,833,6.716686674669868
9,386,842,6.67458432304038
9,387,832,6.780048076923077
9,388,848,6.7700471698113205
9,389,868,6.736175115207374
9,390,890,6.625842696629213
9,391,890,6.575280898876405
9,392,874,6.612128146453089
9,393,867,6.756632064590542
9,394,871,6.633754305396097
9,395,845,6.74792899408284
9,396,828,6.63768115942029
9,397,821,6.7637028014616325
9,398,817,6.883720930232558
9,399,806,6.903225806451613
9,400,800,6.94625
