iteration,year,population_size,average_age
0,0,20,0.0
0,1,20,1.0
0,2,20,2.0
0,3,20,3.0
0,4,20,4.0
0,5,20,5.0
0,6,20,6.0
0,7,20,7.0
0,8,20,8.0
0,9,24,7.5
0,10,26,7.846153846153846
0,11,27,8.518518518518519
0,12,29,8.862068965517242
0,13,33,8.666666666666666
0,14,36,8.86111111111111
0,15,40,8.875
0,16,45,8.777777777777779
0,17,48,8.729166666666666
0,18,52,8.634615384615385
0,19,54,9.277777777777779
0,20,59,9.40677966101695
0,21,64,9.59375
0,22,68,9.970588235294118
0,23,70,10.32857142857143
0,24,75,10.146666666666667
0,25,80,10.1125
0,26,87,9.620689655172415
0,27,94,9.75531914893617
0,28,101,9.396039603960396
0,29,110,9.4
0,30,118,9.601694915254237
0,31,120,9.691666666666666
0,32,107,7.691588785046729
0,33,108,8.12037037037037
0,34,117,8.102564102564102
0,35,134,7.776119402985074
0,36,141,7.340425531914893
0,37,147,7.700680272108843
0,38,157,7.777070063694268
0,39,165,7.866666666666666
0,40,170,8.035294117647059
0,41,170,7.858823529411764
0,42,175,8.028571428571428
0,43,177,8.203389830508474
0,44,181,8.182320441988951
0,45,185,7.972972972972973
0,46,191,8.235602094240837
0,47,205,8.097560975609756
0,48,207,8.41062801932367
0,49,205,8.517073170731708
0,50,212,8.358490566037736
0,51,226,7.942477876106195
0,52,238,7.7899159663865545
0,53,238,7.970588235294118
0,54,233,8.034334763948499
0,55,244,8.020491803278688
0,56,250,7.84
0,57,248,7.770161290322581
0,58,254,7.960629921259843
0,59,245,8.191836734693878
0,60,259,8.146718146718147
0,61,258,8.093023255813954
0,62,258,8.248062015503876
0,63,259,8.123552123552123
0,64,259,8.181467181467182
0,65,270,7.9222222222222225
0,66,267,8.063670411985019
0,67,271,7.85239852398524
0,68,278,7.553956834532374
0,69,285,7.414035087719299
0,70,292,7.164383561643835
0,71,291,7.470790378006873
0,72,290,7.279310344827586
0,73,297,7.6127946127946124
0,74,310,7.590322580645161
0,75,312,7.647435897435898
0,76,319,7.830721003134796
0,77,330,7.66060606060606
0,78,339,7.601769911504425
0,79,344,7.598837209302325
0,80,355,7.445070422535212
0,81,366,7.445355191256831
0,82,359,7.520891364902507
0,83,353,7.555240793201133
0,84,347,7.651296829971182
0,85,351,7.837606837606837
0,86,363,7.550964187327824
0,87,360,7.761111111111111
0,88,356,7.873595505617978
0,89,359,8.013927576601672
0,90,351,7.521367521367521
0,91,348,7.462643678160919
0,92,357,7.394957983193278
0,93,352,7.576704545454546
0,94,359,7.5654596100278555
0,95,363,7.570247933884297
0,96,364,7.71978021978022
0,97,362,7.7845303867403315
0,98,349,8.025787965616045
0,99,360,8.002777777777778
0,100,348,8.264367816091953
0,101,357,7.907563025210084
0,102,365,7.953424657534247
0,103,371,7.876010781671159
0,104,395,7.673417721518987
0,105,392,7.88265306122449
0,106,390,7.871794871794871
0,107,390,7.756410256410256
0,108,387,7.744186046511628
0,109,384,7.903645833333333
0,110,381,8.007874015748031
0,111,381,8.049868766404199
0,112,379,7.728232189973615
0,113,386,7.759067357512953
0,114,386,7.816062176165803
0,115,387,7.811369509043928
0,116,394,7.619289340101523
0,117,406,7.903940886699507
0,118,417,7.928057553956834
0,119,422,7.796208530805687
0,120,427,7.822014051522248
0,121,414,7.874396135265701
0,122,406,7.586206896551724
0,123,405,7.553086419753086
0,124,395,7.443037974683544
0,125,388,7.680412371134021
0,126,393,7.534351145038168
0,127,392,7.6938775510204085
0,128,378,7.788359788359788
0,129,392,7.801020408163265
0,130,390,7.6179487179487175
0,131,398,7.414572864321608
0,132,408,7.421568627450981
0,133,404,7.4727722772277225
0,134,401,7.219451371571072
0,135,400,7.0525
0,136,399,7.18295739348371
0,137,393,7.221374045801527
0,138,394,7.248730964467005
0,139,403,7.245657568238213
0,140,387,7.387596899224806
0,141,396,7.487373737373737
0,142,398,7.351758793969849
0,143,408,7.2745098039215685
0,144,409,7.5354523227383865
0,145,410,7.4975609756097565
0,146,416,7.3076923076923075
0,147,419,7.310262529832936
0,148,413,7.493946731234867
0,149,421,7.475059382422803
0,150,422,7.459715639810427
0,151,423,7.50354609929078
0,152,424,7.462264150943396
0,153,411,7.759124087591241
0,154,404,7.836633663366337
0,155,415,7.763855421686747
0,156,415,7.686746987951807
0,157,414,7.731884057971015
0,158,409,7.772616136919315
0,159,400,7.695
0,160,399,7.611528822055138
0,161,401,7.605985037406484
0,162,396,7.267676767676767
0,163,396,7.340909090909091
0,164,401,7.556109725685785
0,165,411,7.340632603406326
0,166,407,7.353808353808354
0,167,408,7.151960784313726
0,168,417,7.273381294964029
0,169,420,6.947619047619048
0,170,436,7.091743119266055
0,171,434,6.960829493087558
0,172,438,7.13013698630137
0,173,434,7.357142857142857
0,174,445,7.487640449438202
0,175,450,7.526666666666666
0,176,464,7.439655172413793
0,177,462,7.616883116883117
0,178,461,7.696312364425163
0,179,487,7.468172484599589
0,180,489,7.5378323108384455
0,181,501,7.339321357285429
0,182,510,7.43921568627451
0,183,527,7.313092979127135
0,184,527,7.333965844402277
0,185,518,7.405405405405405
0,186,526,7.315589353612167
0,187,524,7.461832061068702
0,188,525,7.167619047619048
0,189,537,7.297951582867784
0,190,549,7.316939890710382
0,191,552,7.302536231884058
0,192,553,7.32368896925859
0,193,552,7.576086956521739
0,194,555,7.367567567567567
0,195,557,7.315978456014363
0,196,551,7.4773139745916515
0,197,560,7.446428571428571
0,198,546,7.6208791208791204
0,199,566,7.606007067137809
0,200,582,7.341924398625429
0,201,586,7.284982935153583
0,202,595,7.270588235294118
0,203,583,7.3156089193825045
0,204,587,7.436115843270869
0,205,571,7.574430823117338
0,206,574,7.458188153310105
0,207,558,7.603942652329749
0,208,550,7.667272727272727
0,209,543,7.567219152854512
0,210,538,7.4981412639405205
0,211,546,7.483516483516484
0,212,562,7.594306049822064
0,213,556,7.557553956834532
0,214,558,7.636200716845878
0,215,563,7.4369449378330375
0,216,554,7.5324909747292415
0,217,557,7.459605026929982
0,218,552,7.5271739130434785
0,219,541,7.354898336414048
0,220,542,7.27859778597786
0,221,540,7.203703703703703
0,222,540,7.4944444444444445
0,223,542,7.645756457564576
0,224,555,7.45045045045045
0,225,561,7.303030303030303
0,226,554,7.306859205776173
0,227,571,7.294220665499124
0,228,575,7.361739130434783
0,229,586,7.464163822525597
0,230,579,7.246977547495682
0,231,574,7.2421602787456445
0,232,571,7.222416812609457
0,233,584,7.279109589041096
0,234,594,7.326599326599327
0,235,591,7.3181049069373945
0,236,576,7.440972222222222
0,237,595,7.2
0,238,594,7.365319865319865
0,239,607,7.401976935749588
0,240,618,7.315533980582524
0,241,609,7.44991789819376
0,242,602,7.476744186046512
0,243,592,7.241554054054054
0,244,606,7.348184818481848
0,245,627,7.250398724082935
0,246,613,7.200652528548124
0,247,615,7.065040650406504
0,248,629,7.238473767885533
0,249,629,7.259141494435612
0,250,622,7.184887459807074
0,251,608,7.180921052631579
0,252,598,7.1404682274247495
0,253,591,6.9661590524534684
0,254,588,6.9727891156462585
0,255,588,7.164965986394558
0,256,582,7.216494845360825
0,257,568,7.440140845070423
0,258,575,7.608695652173913
0,259,585,7.5025641025641026
0,260,586,7.28839590443686
0,261,604,7.432119205298013
0,262,596,7.246644295302014
0,263,606,7.214521452145214
0,264,620,7.175806451612903
0,265,594,7.136363636363637
0,266,589,7.069609507640068
0,267,580,7.093103448275862
0,268,589,7.140916808149406
0,269,584,7.162671232876712
0,270,598,7.122073578595318
0,271,593,7.305227655986509
0,272,580,7.36551724137931
0,273,594,7.367003367003367
0,274,604,7.437086092715232
0,275,599,7.360601001669449
0,276,617,7.283630470016208
0,277,603,7.172470978441128
0,278,581,7.327022375215146
0,279,580,7.296551724137931
0,280,580,7.348275862068966
0,281,584,7.315068493150685
0,282,560,7.307142857142857
0,283,557,7.454219030520647
0,284,550,7.403636363636363
0,285,560,7.325
0,286,571,7.3204903677758315
0,287,572,7.386363636363637
0,288,561,7.361853832442068
0,289,553,7.2784810126582276
0,290,539,7.335807050092765
0,291,551,7.20508166969147
0,292,544,7.2775735294117645
0,293,537,7.162011173184357
0,294,536,7.177238805970149
0,295,545,7.222018348623854
0,296,546,7.126373626373627
0,297,531,7.305084745762712
0,298,536,7.324626865671642
0,299,541,7.349353049907578
0,300,545,7.330275229357798
0,301,545,7.159633027522935
0,302,547,7.404021937842779
0,303,549,7.304189435336976
0,304,543,7.276243093922652
0,305,548,7.145985401459854
0,306,561,6.9411764705882355
0,307,559,7.177101967799643
0,308,561,7.238859180035651
0,309,561,7.374331550802139
0,310,559,7.23613595706619
0,311,555,7.122522522522522
0,312,552,7.2355072463768115
0,313,555,7.127927927927928
0,314,549,7.167577413479052
0,315,543,7.162062615101289
0,316,545,7.121100917431193
0,317,538,7.143122676579925
0,318,539,7.1855287569573285
0,319,520,7.144230769230769
0,320,520,7.130769230769231
0,321,519,7.219653179190751
0,322,523,7.181644359464627
0,323,512,7.306640625
0,324,495,7.202020202020202
0,325,488,7.118852459016393
0,326,475,7.2357894736842105
0,327,484,7.345041322314049
0,328,484,7.299586776859504
0,329,483,7.426501035196687
0,330,467,7.325481798715203
0,331,461,7.383947939262473
0,332,460,7.445652173913044
0,333,443,7.3792325056433405
0,334,430,7.434883720930233
0,335,434,7.486175115207374
0,336,427,7.540983606557377
0,337,416,7.617788461538462
0,338,422,7.450236966824645
0,339,410,7.54390243902439
0,340,408,7.480392156862745
0,341,409,7.530562347188264
0,342,403,7.419354838709677
0,343,411,7.201946472019465
0,344,414,7.171497584541063
0,345,405,7.338271604938272
0,346,406,7.564039408866995
0,347,412,7.546116504854369
0,348,403,7.459057071960298
0,349,415,7.426506024096385
0,350,413,7.309927360774818
0,351,423,7.288416075650118
0,352,423,7.25531914893617
0,353,418,7.366028708133971
0,354,415,7.578313253012048
0,355,412,7.740291262135922
0,356,419,7.866348448687351
0,357,424,7.884433962264151
0,358,419,7.835322195704057
0,359,426,7.553990610328638
0,360,418,7.222488038277512
0,361,419,7.379474940334129
0,362,420,7.445238095238095
0,363,403,7.260545905707196
0,364,413,7.3075060532687655
0,365,411,7.630170316301703
0,366,402,7.786069651741293
0,367,391,7.907928388746803
0,368,391,7.987212276214834
0,369,401,7.678304239401497
0,370,406,7.386699507389163
0,371,403,7.535980148883374
0,372,408,7.502450980392157
0,373,415,7.556626506024096
0,374,407,7.766584766584766
0,375,405,7.6419753086419755
0,376,404,7.5049504950495045
0,377,400,7.67
0,378,381,7.398950131233596
0,379,379,7.496042216358839
0,380,374,7.577540106951871
0,381,377,7.827586206896552
0,382,380,8.042105263157895
0,383,374,8.058823529411764
0,384,377,7.811671087533156
0,385,372,7.897849462365591
0,386,379,7.649076517150395
0,387,388,7.610824742268041
0,388,377,7.63129973474801
0,389,372,7.669354838709677
0,390,368,7.788043478260869
0,391,359,7.6434540389972145
0,392,364,7.7554945054945055
0,393,354,7.604519774011299
0,394,352,7.431818181818182
0,395,368,7.3125
0,396,370,7.3108108108108105
0,397,362,7.102209944751381
0,398,357,7.120448179271708
0,399,358,7.131284916201118
0,400,357,7.473389355742297
1,0,20,0.0
1,1,20,1.0
1,2,20,2.0
1,3,20,3.0
1,4,20,4.0
1,5,20,5.0
1,6,20,6.0
1,7,20,7.0
1,8,20,8.0
1,9,24,7.5
1,10,30,6.8
1,11,38,6.157894736842105
1,12,40,6.8
1,13,41,7.609756097560975
1,14,45,7.844444444444444
1,15,50,7.96
1,16,51,8.333333333333334
1,17,48,8.9375
1,18,50,9.4
1,19,53,9.358490566037736
1,20,58,9.120689655172415
1,21,64,8.671875
1,22,68,9.102941176470589
1,23,70,9.257142857142858
1,24,74,9.135135135135135
1,25,83,8.783132530120483
1,26,87,8.586206896551724
1,27,92,8.902173913043478
1,28,94,9.53191489361702
1,29,96,9.6875
1,30,98,10.224489795918368
1,31,106,10.084905660377359
1,32,93,7.580645161290323
1,33,94,8.053191489361701
1,34,94,8.340425531914894
1,35,108,7.787037037037037
1,36,117,7.888888888888889
1,37,123,7.780487804878049
1,38,123,8.439024390243903
1,39,127,8.496062992125983
1,40,136,8.426470588235293
1,41,144,8.5
1,42,144,9.069444444444445
1,43,147,9.197278911564625
1,44,157,8.968152866242038
1,45,163,9.14723926380368
1,46,183,8.693989071038251
1,47,192,8.291666666666666
1,48,197,8.360406091370558
1,49,201,8.577114427860696
1,50,207,8.357487922705314
1,51,212,8.580188679245284
1,52,214,8.598130841121495
1,53,212,8.330188679245284
1,54,227,7.8370044052863435
1,55,228,8.276315789473685
1,56,223,8.295964125560538
1,57,233,8.454935622317597
1,58,226,8.424778761061948
1,59,223,8.695067264573991
1,60,231,8.372294372294371
1,61,240,8.466666666666667
1,62,254,8.31496062992126
1,63,265,7.80377358490566
1,64,268,8.041044776119403
1,65,273,8.146520146520146
1,66,279,8.25089605734767
1,67,281,8.459074733096086
1,68,285,8.36140350877193
1,69,281,8.505338078291816
1,70,294,8.428571428571429
1,71,299,8.545150501672241
1,72,314,8.012738853503185
1,73,319,7.943573667711599
1,74,324,8.070987654320987
1,75,329,8.0790273556231
1,76,327,8.20183486238532
1,77,329,8.063829787234043
1,78,330,8.233333333333333
1,79,331,7.95166163141994
1,80,327,8.174311926605505
1,81,341,8.117302052785924
1,82,334,8.1437125748503
1,83,328,7.862804878048781
1,84,328,7.887195121951219
1,85,338,7.9171597633136095
1,86,331,8.211480362537765
1,87,329,8.303951367781155
1,88,332,8.268072289156626
1,89,322,8.357142857142858
1,90,333,8.24924924924925
1,91,340,8.041176470588235
1,92,339,7.7492625368731565
1,93,344,7.607558139534884
1,94,340,7.605882352941176
1,95,354,7.84180790960452
1,96,361,7.847645429362881
1,97,364,8.01923076923077
1,98,371,8.048517520215633
1,99,377,8.053050397877984
1,100,379,8.195250659630608
1,101,375,8.090666666666667
1,102,376,8.22872340425532
1,103,379,8.058047493403693
1,104,376,7.845744680851064
1,105,378,7.724867724867725
1,106,375,7.786666666666667
1,107,370,7.916216216216216
1,108,381,7.84251968503937
1,109,388,7.572164948453608
1,110,389,7.596401028277635
1,111,378,7.862433862433862
1,112,368,7.858695652173913
1,113,371,7.981132075471698
1,114,366,8.032786885245901
1,115,371,7.878706199460916
1,116,365,7.715068493150685
1,117,366,7.860655737704918
1,118,373,7.60857908847185
1,119,388,7.456185567010309
1,120,397,7.367758186397985
1,121,399,7.468671679197995
1,122,402,7.708955223880597
1,123,387,7.6434108527131785
1,124,383,7.926892950391645
1,125,384,8.236979166666666
1,126,386,8.147668393782384
1,127,399,7.854636591478696
1,128,401,7.837905236907731
1,129,403,7.694789081885856
1,130,412,7.674757281553398
1,131,408,7.477941176470588
1,132,409,7.58679706601467
1,133,401,7.84788029925187
1,134,395,7.7873417721518985
1,135,389,7.874035989717224
1,136,379,7.672823218997362
1,137,380,7.6421052631578945
1,138,388,7.873711340206185
1,139,390,7.812820512820513
1,140,391,7.953964194373402
1,141,404,7.9405940594059405
1,142,399,8.12781954887218
1,143,392,7.946428571428571
1,144,385,8.085714285714285
1,145,362,8.060773480662984
1,146,339,7.846607669616519
1,147,346,7.893063583815029
1,148,334,7.901197604790419
1,149,339,7.587020648967552
1,150,339,7.592920353982301
1,151,342,7.277777777777778
1,152,347,7.438040345821325
1,153,354,7.138418079096045
1,154,345,7.223188405797101
1,155,347,7.121037463976945
1,156,355,6.949295774647887
1,157,366,7.213114754098361
1,158,374,7.39572192513369
1,159,370,7.3297297297297295
1,160,380,7.478947368421053
1,161,371,7.361185983827493
1,162,368,7.364130434782608
1,163,362,7.640883977900552
1,164,358,7.712290502793296
1,165,374,7.540106951871658
1,166,373,7.646112600536193
1,167,378,7.682539682539683
1,168,372,7.524193548387097
1,169,379,7.646437994722955
1,170,366,7.622950819672131
1,171,357,7.5854341736694675
1,172,348,7.649425287356322
1,173,342,7.862573099415204
1,174,347,7.812680115273775
1,175,349,8.0
1,176,356,7.831460674157303
1,177,350,7.882857142857143
1,178,351,7.837606837606837
1,179,344,7.8023255813953485
1,180,347,7.922190201729107
1,181,343,7.740524781341108
1,182,340,7.682352941176471
1,183,334,7.4431137724550895
1,184,345,7.585507246376811
1,185,352,7.644886363636363
1,186,362,7.486187845303867
1,187,359,7.437325905292479
1,188,353,7.195467422096317
1,189,346,7.323699421965318
1,190,337,7.246290801186944
1,191,346,7.2601156069364166
1,192,346,7.130057803468208
1,193,363,7.011019283746556
1,194,355,7.129577464788732
1,195,349,7.19484240687679
1,196,344,7.380813953488372
1,197,341,7.618768328445748
1,198,346,7.713872832369942
1,199,346,7.696531791907514
1,200,337,7.732937685459941
1,201,348,7.646551724137931
1,202,355,7.715492957746479
1,203,359,7.4986072423398324
1,204,342,7.473684210526316
1,205,328,7.576219512195122
1,206,331,7.395770392749244
1,207,328,7.378048780487805
1,208,321,7.457943925233645
1,209,332,7.316265060240964
1,210,332,7.409638554216867
1,211,345,7.298550724637681
1,212,339,7.165191740412979
1,213,340,7.176470588235294
1,214,336,7.375
1,215,326,7.411042944785276
1,216,333,7.381381381381382
1,217,342,7.2631578947368425
1,218,326,7.355828220858895
1,219,332,7.593373493975903
1,220,337,7.41246290801187
1,221,339,7.179941002949852
1,222,336,7.199404761904762
1,223,347,7.1671469740634
1,224,323,7.015479876160991
1,225,326,7.1503067484662575
1,226,316,7.3386075949367084
1,227,324,7.441358024691358
1,228,319,7.667711598746082
1,229,315,7.473015873015873
1,230,320,7.43125
1,231,325,7.6984615384615385
1,232,334,7.541916167664671
1,233,340,7.482352941176471
1,234,348,7.175287356321839
1,235,338,7.035502958579881
1,236,329,7.027355623100304
1,237,327,7.051987767584098
1,238,322,7.248447204968944
1,239,315,7.311111111111111
1,240,304,7.506578947368421
1,241,300,7.65
1,242,287,7.818815331010453
1,243,288,7.888888888888889
1,244,300,7.413333333333333
1,245,308,7.487012987012987
1,246,308,7.409090909090909
1,247,307,7.397394136807818
1,248,298,7.634228187919463
1,249,297,7.835016835016835
1,250,294,7.802721088435374
1,251,286,7.898601398601398
1,252,276,7.7101449275362315
1,253,278,7.953237410071942
1,254,273,7.930402930402931
1,255,276,7.833333333333333
1,256,299,7.334448160535117
1,257,298,7.3624161073825505
1,258,286,7.4825174825174825
1,259,280,7.367857142857143
1,260,282,7.01063829787234
1,261,273,7.304029304029304
1,262,271,7.4206642066420665
1,263,278,7.330935251798561
1,264,287,7.306620209059234
1,265,300,7.193333333333333
1,266,303,7.085808580858086
1,267,310,7.209677419354839
1,268,302,7.175496688741722
1,269,305,7.508196721311475
1,270,291,7.577319587628866
1,271,275,7.658181818181818
1,272,270,7.659259259259259
1,273,292,7.5034246575342465
1,274,287,7.264808362369338
1,275,301,7.342192691029901
1,276,303,7.34983498349835
1,277,304,7.190789473684211
1,278,311,7.173633440514469
1,279,306,6.88562091503268
1,280,292,7.256849315068493
1,281,295,7.3254237288135595
1,282,301,7.524916943521594
1,283,291,7.254295532646048
1,284,276,7.413043478260869
1,285,277,7.494584837545126
1,286,285,7.529824561403509
1,287,280,7.735714285714286
1,288,279,7.924731182795699
1,289,282,7.684397163120567
1,290,272,7.665441176470588
1,291,275,7.378181818181818
1,292,273,7.531135531135531
1,293,268,7.5111940298507465
1,294,263,7.197718631178708
1,295,272,6.963235294117647
1,296,274,7.116788321167883
1,297,266,7.1992481203007515
1,298,275,7.24
1,299,275,7.370909090909091
1,300,274,7.335766423357664
1,301,270,7.296296296296297
1,302,261,7.444444444444445
1,303,258,7.437984496124031
1,304,257,7.669260700389105
1,305,255,7.9372549019607845
1,306,268,7.985074626865671
1,307,273,7.450549450549451
1,308,286,7.276223776223776
1,309,284,7.161971830985915
1,310,281,6.893238434163701
1,311,280,6.867857142857143
1,312,278,7.068345323741007
1,313,272,7.194852941176471
1,314,263,7.376425855513308
1,315,267,7.670411985018727
1,316,271,7.516605166051661
1,317,253,7.683794466403162
1,318,259,7.7992277992278
1,319,256,7.921875
1,320,252,7.9563492063492065
1,321,259,7.667953667953668
1,322,247,7.724696356275303
1,323,247,7.708502024291498
1,324,246,7.455284552845528
1,325,246,6.91869918699187
1,326,246,6.845528455284553
1,327,250,6.78
1,328,247,7.089068825910931
1,329,245,7.285714285714286
1,330,245,7.493877551020408
1,331,243,7.283950617283951
1,332,244,7.188524590163935
1,333,240,7.466666666666667
1,334,240,7.6875
1,335,229,7.611353711790393
1,336,234,7.653846153846154
1,337,246,7.491869918699187
1,338,249,7.357429718875502
1,339,257,7.447470817120623
1,340,261,7.3486590038314175
1,341,249,7.421686746987952
1,342,227,7.5506607929515415
1,343,234,7.542735042735043
1,344,229,7.8384279475982535
1,345,231,7.8441558441558445
1,346,229,7.834061135371179
1,347,233,7.815450643776824
1,348,227,7.691629955947136
1,349,231,7.744588744588745
1,350,235,7.774468085106383
1,351,240,7.320833333333334
1,352,243,7.222222222222222
1,353,238,7.399159663865547
1,354,247,7.465587044534413
1,355,243,7.526748971193416
1,356,238,7.508403361344538
1,357,239,7.7489539748953975
1,358,239,7.104602510460251
1,359,236,7.055084745762712
1,360,239,7.054393305439331
1,361,239,7.326359832635983
1,362,239,7.309623430962343
1,363,251,7.394422310756972
1,364,258,7.22093023255814
1,365,250,7.396
1,366,249,7.506024096385542
1,367,240,7.716666666666667
1,368,227,7.850220264317181
1,369,235,7.468085106382978
1,370,242,7.367768595041323
1,371,234,7.435897435897436
1,372,223,7.668161434977579
1,373,222,7.833333333333333
1,374,220,8.018181818181818
1,375,209,7.794258373205742
1,376,210,7.714285714285714
1,377,206,7.548543689320389
1,378,197,7.5126903553299496
1,379,183,7.295081967213115
1,380,181,7.348066298342541
1,381,178,7.404494382022472
1,382,179,7.402234636871508
1,383,173,7.589595375722543
1,384,167,7.574850299401198
1,385,174,7.603448275862069
1,386,178,7.567415730337078
1,387,170,7.641176470588236
1,388,182,7.241758241758242
1,389,179,7.346368715083799
1,390,176,7.0625
1,391,172,7.383720930232558
1,392,176,7.1647727272727275
1,393,175,7.234285714285714
1,394,179,7.5027932960893855
1,395,164,7.524390243902439
1,396,158,7.575949367088608
1,397,153,7.882352941176471
1,398,147,7.891156462585034
1,399,155,7.670967741935484
1,400,154,7.759740259740259
2,0,20,0.0
2,1,20,1.0
2,2,20,2.0
2,3,20,3.0
2,4,20,4.0
2,5,20,5.0
2,6,20,6.0
2,7,20,7.0
2,8,20,8.0
2,9,22,8.181818181818182
2,10,24,8.416666666666666
2,11,24,8.958333333333334
2,12,25,9.56
2,13,26,9.653846153846153
2,14,30,9.233333333333333
2,15,31,9.903225806451612
2,16,31,10.387096774193548
2,17,31,11.387096774193548
2,18,31,12.387096774193548
2,19,33,11.727272727272727
2,20,35,12.0
2,21,37,12.297297297297296
2,22,41,12.0
2,23,45,11.133333333333333
2,24,49,10.938775510204081
2,25,53,10.283018867924529
2,26,56,10.678571428571429
2,27,60,10.9
2,28,60,11.116666666666667
2,29,58,11.551724137931034
2,30,63,10.793650793650794
2,31,72,10.01388888888889
2,32,63,6.682539682539683
2,33,63,7.365079365079365
2,34,65,7.7384615384615385
2,35,68,7.720588235294118
2,36,74,7.6891891891891895
2,37,80,7.2125
2,38,86,7.476744186046512
2,39,92,7.336956521739131
2,40,92,7.869565217391305
2,41,92,7.804347826086956
2,42,99,7.646464646464646
2,43,103,7.650485436893204
2,44,107,7.663551401869159
2,45,110,7.963636363636364
2,46,112,8.3125
2,47,120,8.241666666666667
2,48,115,7.947826086956522
2,49,118,8.0
2,50,126,7.714285714285714
2,51,133,7.541353383458647
2,52,135,7.362962962962963
2,53,140,7.428571428571429
2,54,146,7.657534246575342
2,55,148,7.891891891891892
2,56,149,7.852348993288591
2,57,156,8.102564102564102
2,58,165,8.351515151515152
2,59,168,8.303571428571429
2,60,173,8.213872832369942
2,61,163,8.38036809815951
2,62,162,8.314814814814815
2,63,164,7.817073170731708
2,64,166,7.457831325301205
2,65,162,7.814814814814815
2,66,166,7.5602409638554215
2,67,170,7.547058823529412
2,68,170,7.8352941176470585
2,69,172,7.953488372093023
2,70,180,7.861111111111111
2,71,177,8.180790960451978
2,72,178,8.140449438202246
2,73,186,8.155913978494624
2,74,185,8.264864864864865
2,75,188,8.186170212765957
2,76,193,7.989637305699482
2,77,199,8.07035175879397
2,78,204,8.254901960784315
2,79,203,8.266009852216749
2,80,209,8.138755980861244
2,81,209,8.444976076555024
2,82,211,8.4739336492891
2,83,206,8.315533980582524
2,84,209,8.181818181818182
2,85,212,7.985849056603773
2,86,220,7.904545454545454
2,87,215,7.855813953488372
2,88,211,7.981042654028436
2,89,208,8.211538461538462
2,90,211,7.9336492890995265
2,91,211,7.938388625592417
2,92,214,7.990654205607477
2,93,221,8.153846153846153
2,94,223,8.067264573991032
2,95,226,7.938053097345133
2,96,227,7.903083700440528
2,97,219,7.9771689497716896
2,98,221,8.076923076923077
2,99,221,7.850678733031674
2,100,234,7.918803418803419
2,101,245,7.853061224489796
2,102,239,7.577405857740586
2,103,255,7.482352941176471
2,104,256,7.53125
2,105,261,7.647509578544061
2,106,258,7.833333333333333
2,107,256,7.85546875
2,108,258,7.903100775193798
2,109,254,7.937007874015748
2,110,261,8.088122605363985
2,111,269,8.245353159851302
2,112,260,8.01923076923077
2,113,262,7.748091603053435
2,114,264,7.666666666666667
2,115,273,7.831501831501831
2,116,280,7.95
2,117,286,7.783216783216783
2,118,290,7.672413793103448
2,119,299,7.54180602006689
2,120,300,7.953333333333333
2,121,292,8.037671232876713
2,122,292,8.29109589041096
2,123,288,8.350694444444445
2,124,285,8.508771929824562
2,125,293,8.242320819112628
2,126,290,8.062068965517241
2,127,295,7.705084745762712
2,128,308,7.603896103896104
2,129,321,7.401869158878505
2,130,325,7.316923076923077
2,131,319,7.376175548589342
2,132,323,7.647058823529412
2,133,325,7.803076923076923
2,134,325,7.716923076923077
2,135,345,7.742028985507246
2,136,347,7.553314121037464
2,137,345,7.417391304347826
2,138,336,7.592261904761905
2,139,336,7.598214285714286
2,140,353,7.379603399433428
2,141,357,7.523809523809524
2,142,361,7.606648199445983
2,143,358,7.564245810055866
2,144,358,7.544692737430168
2,145,365,7.704109589041096
2,146,371,7.811320754716981
2,147,355,7.828169014084507
2,148,354,7.604519774011299
2,149,366,7.617486338797814
2,150,370,7.394594594594595
2,151,383,7.214099216710183
2,152,378,7.203703703703703
2,153,385,7.142857142857143
2,154,370,7.124324324324324
2,155,369,7.29810298102981
2,156,372,7.634408602150538
2,157,369,7.826558265582656
2,158,367,8.013623978201634
2,159,368,7.894021739130435
2,160,364,8.038461538461538
2,161,356,8.075842696629213
2,162,354,8.336158192090396
2,163,350,8.09142857142857
2,164,354,8.194915254237289
2,165,364,8.046703296703297
2,166,365,8.12054794520548
2,167,374,7.502673796791444
2,168,387,7.625322997416021
2,169,387,7.4366925064599485
2,170,400,7.4625
2,171,394,7.695431472081219
2,172,399,7.4110275689223055
2,173,414,7.183574879227053
2,174,425,7.392941176470588
2,175,432,7.4282407407407405
2,176,432,7.555555555555555
2,177,447,7.686800894854586
2,178,450,7.688888888888889
2,179,468,7.532051282051282
2,180,467,7.52676659528908
2,181,469,7.752665245202559
2,182,480,7.629166666666666
2,183,483,7.604554865424431
2,184,493,7.352941176470588
2,185,500,7.184
2,186,511,7.438356164383562
2,187,509,7.465618860510806
2,188,514,7.4319066147859925
2,189,517,7.48936170212766
2,190,529,7.5160680529300565
2,191,540,7.225925925925926
2,192,546,7.417582417582418
2,193,541,7.547134935304991
2,194,543,7.52670349907919
2,195,550,7.754545454545455
2,196,565,7.801769911504425
2,197,560,7.485714285714286
2,198,561,7.568627450980392
2,199,548,7.428832116788321
2,200,557,7.353680430879713
2,201,552,7.648550724637682
2,202,552,7.5851449275362315
2,203,553,7.481012658227848
2,204,556,7.539568345323741
2,205,555,7.409009009009009
2,206,562,7.263345195729538
2,207,559,7.26654740608229
2,208,572,7.2727272727272725
2,209,571,7.437828371278459
2,210,573,7.593368237347295
2,211,567,7.606701940035274
2,212,570,7.7
2,213,592,7.496621621621622
2,214,593,7.460370994940978
2,215,600,7.415
2,216,599,7.357262103505843
2,217,621,7.394524959742351
2,218,628,7.278662420382165
2,219,639,7.275430359937403
2,220,639,7.474178403755869
2,221,640,7.628125
2,222,641,7.59594383775351
2,223,633,7.769352290679305
2,224,649,7.654853620955316
2,225,655,7.815267175572519
2,226,651,7.619047619047619
2,227,649,7.536209553158706
2,228,655,7.450381679389313
2,229,647,7.4451313755795985
2,230,668,7.37125748502994
2,231,675,7.4474074074074075
2,232,670,7.591044776119403
2,233,661,7.526475037821482
2,234,667,7.382308845577211
2,235,659,7.271623672230652
2,236,642,7.496884735202492
2,237,655,7.421374045801527
2,238,668,7.300898203592815
2,239,660,7.336363636363636
2,240,655,7.236641221374046
2,241,647,7.323029366306028
2,242,643,7.250388802488336
2,243,629,7.211446740858506
2,244,618,7.131067961165049
2,245,606,7.272277227722772
2,246,602,7.322259136212624
2,247,615,7.3203252032520325
2,248,625,7.2816
2,249,634,7.3249211356466875
2,250,617,7.474878444084279
2,251,640,7.50625
2,252,622,7.498392282958199
2,253,598,7.523411371237458
2,254,580,7.339655172413793
2,255,591,7.382402707275804
2,256,588,7.3520408163265305
2,257,607,7.474464579901153
2,258,611,7.62847790507365
2,259,620,7.411290322580645
2,260,610,7.467213114754099
2,261,595,7.578151260504201
2,262,586,7.525597269624574
2,263,571,7.572679509632224
2,264,588,7.392857142857143
2,265,575,7.427826086956522
2,266,582,7.481099656357388
2,267,586,7.626279863481229
2,268,609,7.605911330049261
2,269,594,7.737373737373737
2,270,600,7.673333333333333
2,271,610,7.539344262295082
2,272,613,7.65252854812398
2,273,619,7.416801292407108
2,274,596,7.273489932885906
2,275,595,7.2252100840336135
2,276,590,7.328813559322034
2,277,591,7.211505922165821
2,278,594,7.402356902356902
2,279,591,7.634517766497462
2,280,601,7.650582362728786
2,281,619,7.481421647819063
2,282,626,7.388178913738019
2,283,620,7.398387096774194
2,284,604,7.422185430463577
2,285,620,7.487096774193549
2,286,618,7.496763754045308
2,287,619,7.423263327948304
2,288,632,7.400316455696203
2,289,632,7.621835443037975
2,290,641,7.508580343213729
2,291,632,7.5363924050632916
2,292,625,7.4016
2,293,646,7.402476780185759
2,294,634,7.290220820189274
2,295,618,7.29126213592233
2,296,618,7.4627831715210355
2,297,631,7.2218700475435815
2,298,646,7.2368421052631575
2,299,677,7.1063515509601185
2,300,672,7.174107142857143
2,301,676,7.1079881656804735
2,302,694,7.012968299711815
2,303,692,7.065028901734104
2,304,666,7.106606606606607
2,305,674,7.238872403560831
2,306,659,7.327769347496206
2,307,661,7.38124054462935
2,308,658,7.297872340425532
2,309,663,7.288084464555053
2,310,664,7.251506024096385
2,311,674,7.166172106824926
2,312,702,7.072649572649572
2,313,706,7.188385269121813
2,314,702,7.10968660968661
2,315,691,7.251808972503618
2,316,705,7.290780141843972
2,317,702,7.43019943019943
2,318,683,7.471449487554905
2,319,670,7.414925373134328
2,320,661,7.450832072617247
2,321,663,7.411764705882353
2,322,670,7.419402985074627
2,323,665,7.439097744360902
2,324,654,7.581039755351682
2,325,642,7.440809968847352
2,326,644,7.46583850931677
2,327,641,7.282371294851794
2,328,640,7.465625
2,329,629,7.5707472178060415
2,330,627,7.44976076555024
2,331,630,7.390476190476191
2,332,612,7.300653594771242
2,333,599,7.080133555926544
2,334,602,7.217607973421927
2,335,594,7.217171717171717
2,336,586,7.450511945392491
2,337,572,7.479020979020979
2,338,551,7.55535390199637
2,339,553,7.3779385171790235
2,340,578,7.159169550173011
2,341,586,7.039249146757679
2,342,599,7.021702838063439
2,343,594,6.978114478114478
2,344,594,6.888888888888889
2,345,586,6.991467576791809
2,346,575,7.060869565217391
2,347,578,7.039792387543253
2,348,579,7.253886010362694
2,349,579,7.284974093264249
2,350,581,7.240963855421687
2,351,584,7.2311643835616435
2,352,578,7.280276816608996
2,353,578,7.114186851211072
2,354,579,7.008635578583765
2,355,575,7.020869565217391
2,356,577,7.103986135181976
2,357,588,7.197278911564626
2,358,585,7.191452991452992
2,359,592,7.253378378378378
2,360,580,7.456896551724138
2,361,583,7.284734133790738
2,362,578,7.328719723183391
2,363,589,7.449915110356536
2,364,585,7.429059829059829
2,365,588,7.428571428571429
2,366,581,7.423407917383821
2,367,597,7.353433835845896
2,368,596,7.3120805369127515
2,369,586,7.428327645051194
2,370,583,7.461406518010292
2,371,594,7.321548821548822
2,372,591,7.372250423011844
2,373,584,7.11986301369863
2,374,576,7.012152777777778
2,375,566,6.977031802120141
2,376,558,7.164874551971326
2,377,541,7.3863216266173755
2,378,539,7.343228200371057
2,379,533,7.326454033771107
2,380,537,7.523277467411545
2,381,524,7.570610687022901
2,382,506,7.569169960474309
2,383,503,7.518886679920477
2,384,501,7.307385229540918
2,385,499,7.306613226452906
2,386,488,7.157786885245901
2,387,484,7.233471074380165
2,388,460,7.167391304347826
2,389,468,7.117521367521367
2,390,471,6.968152866242038
2,391,456,7.050438596491228
2,392,464,7.314655172413793
2,393,467,7.3961456102783725
2,394,460,7.443478260869565
2,395,467,7.477516059957173
2,396,472,7.389830508474576
2,397,459,7.4793028322440085
2,398,437,7.450800915331808
2,399,440,7.259090909090909
2,400,453,7.362030905077263
3,0,20,0.0
3,1,20,1.0
3,2,20,2.0
3,3,20,3.0
3,4,20,4.0
3,5,20,5.0
3,6,20,6.0
3,7,20,7.0
3,8,20,8.0
3,9,23,7.826086956521739
3,10,27,7.518518518518518
3,11,28,8.214285714285714
3,12,30,8.6
3,13,32,9.0
3,14,39,8.205128205128204
3,15,42,8.547619047619047
3,16,45,8.911111111111111
3,17,49,8.959183673469388
3,18,53,9.20754716981132
3,19,55,9.49090909090909
3,20,57,9.947368421052632
3,21,57,10.368421052631579
3,22,66,9.818181818181818
3,23,69,10.347826086956522
3,24,74,10.135135135135135
3,25,81,9.395061728395062
3,26,82,9.634146341463415
3,27,92,8.771739130434783
3,28,102,8.813725490196079
3,29,109,8.79816513761468
3,30,113,9.398230088495575
3,31,116,9.827586206896552
3,32,112,7.5
3,33,117,7.555555555555555
3,34,121,7.793388429752066
3,35,127,8.094488188976378
3,36,133,8.112781954887218
3,37,142,8.21830985915493
3,38,154,8.318181818181818
3,39,165,8.254545454545454
3,40,175,8.297142857142857
3,41,191,7.869109947643979
3,42,196,8.071428571428571
3,43,199,8.527638190954773
3,44,209,8.511961722488039
3,45,209,8.559808612440191
3,46,215,8.674418604651162
3,47,220,8.736363636363636
3,48,232,8.78448275862069
3,49,244,8.815573770491802
3,50,254,8.751968503937007
3,51,273,8.516483516483516
3,52,277,8.458483754512635
3,53,283,8.360424028268552
3,54,286,8.384615384615385
3,55,296,8.094594594594595
3,56,300,8.083333333333334
3,57,300,8.136666666666667
3,58,316,8.091772151898734
3,59,325,8.018461538461539
3,60,335,7.823880597014925
3,61,342,7.739766081871345
3,62,356,7.643258426966292
3,63,358,7.56145251396648
3,64,360,7.8
3,65,365,7.736986301369863
3,66,364,7.741758241758242
3,67,368,7.926630434782608
3,68,369,7.837398373983739
3,69,381,7.808398950131234
3,70,382,7.9267015706806285
3,71,396,7.851010101010101
3,72,407,7.651105651105651
3,73,419,7.613365155131265
3,74,422,7.921800947867299
3,75,440,7.838636363636364
3,76,449,7.714922048997773
3,77,458,7.764192139737991
3,78,476,7.689075630252101
3,79,469,7.848614072494669
3,80,470,7.691489361702128
3,81,479,7.832985386221294
3,82,486,7.802469135802469
3,83,469,7.925373134328358
3,84,453,7.947019867549669
3,85,461,8.060737527114968
3,86,465,8.025806451612903
3,87,459,8.017429193899781
3,88,468,7.9594017094017095
3,89,489,7.67280163599182
3,90,505,7.3900990099009904
3,91,528,7.384469696969697
3,92,543,7.388581952117864
3,93,557,7.332136445242369
3,94,554,7.640794223826715
3,95,556,7.712230215827338
3,96,551,7.500907441016334
3,97,550,7.663636363636364
3,98,534,7.644194756554307
3,99,550,7.58
3,100,554,7.740072202166065
3,101,553,7.837251356238698
3,102,567,7.853615520282187
3,103,568,7.818661971830986
3,104,578,7.97923875432526
3,105,577,8.065857885615252
3,106,587,7.686541737649063
3,107,575,7.831304347826087
3,108,582,7.646048109965636
3,109,585,7.661538461538462
3,110,603,7.610281923714759
3,111,604,7.655629139072848
3,112,599,7.851419031719533
3,113,593,7.755480607082631
3,114,611,7.81342062193126
3,115,627,7.657097288676236
3,116,624,7.82051282051282
3,117,631,7.76703645007924
3,118,656,7.660060975609756
3,119,681,7.535976505139501
3,120,689,7.44267053701016
3,121,678,7.523598820058997
3,122,684,7.574561403508772
3,123,683,7.619326500732065
3,124,653,7.526799387442573
3,125,648,7.578703703703703
3,126,620,7.798387096774194
3,127,627,7.7990430622009566
3,128,648,7.595679012345679
3,129,648,7.574074074074074
3,130,644,7.599378881987578
3,131,650,7.604615384615385
3,132,637,7.612244897959184
3,133,624,7.732371794871795
3,134,631,7.820919175911252
3,135,631,7.862123613312203
3,136,625,7.8368
3,137,607,7.644151565074135
3,138,620,7.659677419354839
3,139,624,7.721153846153846
3,140,637,7.590266875981162
3,141,643,7.668740279937792
3,142,641,7.670826833073323
3,143,626,7.477635782747604
3,144,625,7.5568
3,145,618,7.453074433656958
3,146,618,7.681229773462783
3,147,622,7.485530546623794
3,148,624,7.487179487179487
3,149,623,7.373996789727127
3,150,646,7.3390092879256965
3,151,631,7.437400950871632
3,152,618,7.409385113268608
3,153,633,7.533965244865719
3,154,630,7.393650793650794
3,155,647,7.296754250386399
3,156,635,7.489763779527559
3,157,626,7.404153354632588
3,158,639,7.403755868544601
3,159,641,7.352574102964119
3,160,656,7.227134146341464
3,161,653,7.3215926493108725
3,162,648,7.270061728395062
3,163,638,7.413793103448276
3,164,632,7.378164556962025
3,165,640,7.2890625
3,166,642,7.367601246105919
3,167,659,7.402124430955994
3,168,642,7.61993769470405
3,169,651,7.7265745007680495
3,170,639,7.81377151799687
3,171,651,7.6513056835637485
3,172,676,7.386094674556213
3,173,699,7.280400572246066
3,174,710,7.336619718309859
3,175,720,7.468055555555556
3,176,715,7.337062937062937
3,177,716,7.315642458100559
3,178,719,7.361613351877608
3,179,699,7.427753934191703
3,180,707,7.448373408769449
3,181,700,7.502857142857143
3,182,717,7.644351464435147
3,183,742,7.788409703504043
3,184,755,7.699337748344371
3,185,762,7.594488188976378
3,186,747,7.464524765729585
3,187,737,7.469470827679783
3,188,747,7.392235609103079
3,189,729,7.486968449931413
3,190,698,7.355300859598854
3,191,710,7.223943661971831
3,192,714,7.348739495798319
3,193,720,7.536111111111111
3,194,727,7.382393397524072
3,195,738,7.5013550135501355
3,196,753,7.47543160690571
3,197,753,7.45816733067729
3,198,741,7.584345479082321
3,199,759,7.480895915678524
3,200,769,7.193758127438231
3,201,752,7.20345744680851
3,202,762,7.349081364829396
3,203,768,7.321614583333333
3,204,773,7.359637774902976
3,205,757,7.540290620871863
3,206,751,7.659121171770972
3,207,753,7.718459495351926
3,208,776,7.68298969072165
3,209,777,7.491634491634492
3,210,784,7.572704081632653
3,211,778,7.633676092544987
3,212,778,7.473007712082262
3,213,782,7.547314578005115
3,214,800,7.4775
3,215,796,7.451005025125628
3,216,800,7.4475
3,217,800,7.58
3,218,806,7.516129032258065
3,219,809,7.644004944375773
3,220,806,7.467741935483871
3,221,826,7.5290556900726395
3,222,825,7.455757575757576
3,223,820,7.545121951219512
3,224,819,7.416361416361417
3,225,840,7.475
3,226,838,7.522673031026253
3,227,841,7.55410225921522
3,228,811,7.506781750924784
3,229,816,7.479166666666667
3,230,801,7.508114856429463
3,231,822,7.48661800486618
3,232,830,7.501204819277109
3,233,825,7.495757575757576
3,234,826,7.451573849878935
3,235,804,7.3606965174129355
3,236,798,7.357142857142857
3,237,801,7.337078651685394
3,238,779,7.445442875481387
3,239,767,7.577574967405476
3,240,779,7.489088575096277
3,241,777,7.518661518661519
3,242,782,7.367007672634271
3,243,770,7.5285714285714285
3,244,764,7.489528795811518
3,245,757,7.527080581241743
3,246,762,7.480314960629921
3,247,756,7.449735449735449
3,248,734,7.643051771117166
3,249,723,7.5283540802213
3,250,716,7.621508379888268
3,251,713,7.67741935483871
3,252,706,7.626062322946176
3,253,706,7.443342776203966
3,254,699,7.371959942775393
3,255,710,7.130985915492958
3,256,727,7.030261348005502
3,257,712,7.144662921348314
3,258,703,7.092460881934566
3,259,701,7.057061340941512
3,260,696,7.310344827586207
3,261,712,7.448033707865169
3,262,718,7.4735376044568245
3,263,702,7.428774928774929
3,264,714,7.38655462184874
3,265,722,7.126038781163435
3,266,711,7.30098452883263
3,267,711,7.212376933895921
3,268,714,7.238095238095238
3,269,707,7.330975954738331
3,270,703,7.385490753911807
3,271,719,7.337969401947149
3,272,712,7.373595505617978
3,273,721,7.263522884882108
3,274,733,7.15825375170532
3,275,751,7.079893475366179
3,276,743,7.197846567967699
3,277,740,7.052702702702702
3,278,743,7.174966352624495
3,279,736,7.2540760869565215
3,280,735,7.201360544217687
3,281,739,7.378890392422192
3,282,750,7.392
3,283,766,7.338120104438643
3,284,772,7.291450777202073
3,285,785,7.163057324840764
3,286,788,7.157360406091371
3,287,776,7.309278350515464
3,288,787,7.321473951715375
3,289,792,7.433080808080808
3,290,769,7.452535760728218
3,291,766,7.422976501305483
3,292,746,7.443699731903485
3,293,747,7.334672021419009
3,294,741,7.224021592442645
3,295,740,7.187837837837838
3,296,745,7.314093959731544
3,297,759,7.325428194993412
3,298,749,7.582109479305741
3,299,753,7.653386454183267
3,300,741,7.669365721997301
3,301,724,7.751381215469613
3,302,720,7.406944444444444
3,303,700,7.281428571428571
3,304,691,7.264833574529667
3,305,682,7.2272727272727275
3,306,690,7.153623188405797
3,307,693,7.357864357864358
3,308,702,7.217948717948718
3,309,707,7.145685997171146
3,310,689,7.242380261248186
3,311,694,7.3097982708933715
3,312,693,7.3145743145743145
3,313,693,7.424242424242424
3,314,685,7.502189781021897
3,315,673,7.515601783060921
3,316,677,7.34711964549483
3,317,663,7.435897435897436
3,318,668,7.368263473053892
3,319,636,7.418238993710692
3,320,638,7.30564263322884
3,321,638,7.360501567398119
3,322,641,7.168486739469579
3,323,647,7.224111282843895
3,324,641,7.226209048361935
3,325,649,7.169491525423729
3,326,633,7.104265402843602
3,327,624,7.173076923076923
3,328,626,7.253993610223642
3,329,619,7.306946688206785
3,330,618,7.4288025889967635
3,331,619,7.4523424878836835
3,332,618,7.388349514563107
3,333,605,7.411570247933884
3,334,596,7.466442953020135
3,335,601,7.6605657237936775
3,336,595,7.507563025210084
3,337,598,7.583612040133779
3,338,621,7.608695652173913
3,339,618,7.451456310679611
3,340,614,7.438110749185668
3,341,613,7.404567699836868
3,342,612,7.416666666666667
3,343,616,7.547077922077922
3,344,620,7.42741935483871
3,345,636,7.59433962264151
3,346,643,7.611197511664074
3,347,650,7.484615384615385
3,348,642,7.509345794392523
3,349,666,7.34984984984985
3,350,665,7.323308270676692
3,351,676,7.452662721893491
3,352,681,7.535976505139501
3,353,698,7.491404011461318
3,354,710,7.409859154929578
3,355,732,7.426229508196721
3,356,732,7.479508196721311
3,357,736,7.463315217391305
3,358,734,7.431880108991826
3,359,726,7.527548209366391
3,360,718,7.587743732590529
3,361,719,7.631432545201669
3,362,729,7.6282578875171465
3,363,726,7.497245179063361
3,364,736,7.489130434782608
3,365,723,7.572614107883817
3,366,732,7.674863387978142
3,367,723,7.616874135546334
3,368,727,7.537826685006878
3,369,715,7.476923076923077
3,370,688,7.398255813953488
3,371,700,7.3914285714285715
3,372,694,7.378962536023055
3,373,690,7.452173913043478
3,374,681,7.381791483113069
3,375,675,7.315555555555555
3,376,677,7.298375184638109
3,377,659,7.276176024279211
3,378,652,7.3343558282208585
3,379,660,7.540909090909091
3,380,652,7.636503067484663
3,381,650,7.641538461538461
3,382,652,7.515337423312883
3,383,639,7.467918622848201
3,384,628,7.61624203821656
3,385,637,7.601255886970173
3,386,639,7.580594679186229
3,387,638,7.435736677115988
3,388,621,7.342995169082125
3,389,627,7.499202551834131
3,390,619,7.420032310177706
3,391,613,7.308319738988581
3,392,619,7.455573505654281
3,393,612,7.4068627450980395
3,394,621,7.3172302737520125
3,395,634,7.167192429022082
3,396,645,7.337984496124031
3,397,650,7.246153846153846
3,398,648,7.146604938271605
3,399,648,7.347222222222222
3,400,645,7.482170542635659
4,0,20,0.0
4,1,20,1.0
4,2,20,2.0
4,3,20,3.0
4,4,20,4.0
4,5,20,5.0
4,6,20,6.0
4,7,20,7.0
4,8,20,8.0
4,9,20,9.0
4,10,23,8.695652173913043
4,11,27,8.25925925925926
4,12,35,7.142857142857143
4,13,37,7.702702702702703
4,14,44,7.318181818181818
4,15,49,7.469387755102041
4,16,54,7.388888888888889
4,17,55,8.236363636363636
4,18,57,8.912280701754385
4,19,63,8.968253968253968
4,20,66,9.212121212121213
4,21,74,9.04054054054054
4,22,78,9.525641025641026
4,23,82,9.731707317073171
4,24,84,10.369047619047619
4,25,87,10.74712643678161
4,26,95,10.757894736842106
4,27,102,10.686274509803921
4,28,113,10.548672566371682
4,29,122,10.221311475409836
4,30,125,10.112
4,31,134,10.052238805970148
4,32,129,7.922480620155039
4,33,138,7.891304347826087
4,34,139,7.9496402877697845
4,35,144,8.215277777777779
4,36,149,8.704697986577182
4,37,156,8.58974358974359
4,38,161,8.608695652173912
4,39,161,9.01863354037267
4,40,169,8.940828402366863
4,41,177,8.80225988700565
4,42,172,8.94186046511628
4,43,183,8.453551912568306
4,44,189,8.455026455026456
4,45,200,8.85
4,46,202,8.846534653465346
4,47,210,8.852380952380953
4,48,211,9.056872037914692
4,49,216,8.962962962962964
4,50,222,8.792792792792794
4,51,232,8.09051724137931
4,52,228,7.9298245614035086
4,53,231,7.818181818181818
4,54,234,7.683760683760684
4,55,233,8.012875536480687
4,56,234,7.82051282051282
4,57,239,7.7782426778242675
4,58,240,7.954166666666667
4,59,253,7.913043478260869
4,60,264,7.950757575757576
4,61,271,7.8966789667896675
4,62,275,7.694545454545454
4,63,283,7.6749116607773855
4,64,295,7.664406779661017
4,65,317,7.38801261829653
4,66,318,7.389937106918239
4,67,312,7.714743589743589
4,68,307,7.7947882736156355
4,69,315,7.965079365079365
4,70,313,8.175718849840255
4,71,313,8.29073482428115
4,72,319,8.4858934169279
4,73,321,8.414330218068535
4,74,333,8.282282282282281
4,75,329,7.984802431610942
4,76,331,7.909365558912387
4,77,338,7.937869822485207
4,78,357,7.966386554621849
4,79,359,7.813370473537605
4,80,366,7.715846994535519
4,81,377,7.5331564986737405
4,82,378,7.690476190476191
4,83,376,7.654255319148936
4,84,385,7.509090909090909
4,85,375,7.589333333333333
4,86,376,7.851063829787234
4,87,378,7.7063492063492065
4,88,382,7.942408376963351
4,89,394,7.9543147208121825
4,90,399,8.00501253132832
4,91,405,7.6345679012345675
4,92,419,7.422434367541766
4,93,417,7.748201438848921
4,94,419,7.689737470167064
4,95,412,7.842233009708738
4,96,407,7.891891891891892
4,97,393,8.078880407124682
4,98,413,8.198547215496369
4,99,400,8.07
4,100,402,7.788557213930348
4,101,413,7.675544794188862
4,102,420,7.7976190476190474
4,103,421,7.764845605700713
4,104,405,7.854320987654321
4,105,417,7.824940047961631
4,106,409,7.853300733496333
4,107,416,7.853365384615385
4,108,411,7.693430656934306
4,109,424,7.523584905660377
4,110,426,7.413145539906103
4,111,428,7.378504672897196
4,112,442,7.3710407239819
4,113,448,7.272321428571429
4,114,466,7.407725321888412
4,115,461,7.55531453362256
4,116,466,7.469957081545064
4,117,470,7.625531914893617
4,118,477,7.591194968553459
4,119,490,7.414285714285715
4,120,486,7.469135802469136
4,121,481,7.507276507276507
4,122,485,7.585567010309278
4,123,491,7.537678207739307
4,124,490,7.802040816326531
4,125,507,7.729783037475345
4,126,484,7.925619834710743
4,127,489,7.74437627811861
4,128,484,7.417355371900826
4,129,501,7.429141716566866
4,130,499,7.354709418837675
4,131,503,7.284294234592445
4,132,507,7.209072978303747
4,133,499,7.240480961923848
4,134,496,7.397177419354839
4,135,499,7.346693386773547
4,136,499,7.488977955911824
4,137,509,7.544204322200393
4,138,509,7.451866404715128
4,139,523,7.58508604206501
4,140,536,7.3638059701492535
4,141,560,7.296428571428572
4,142,542,7.453874538745388
4,143,549,7.397085610200365
4,144,555,7.544144144144144
4,145,551,7.742286751361162
4,146,555,7.7657657657657655
4,147,558,7.688172043010753
4,148,561,7.764705882352941
4,149,577,7.6152512998266895
4,150,592,7.449324324324325
4,151,608,7.5
4,152,604,7.458609271523179
4,153,596,7.541946308724833
4,154,608,7.503289473684211
4,155,613,7.690048939641109
4,156,616,7.681818181818182
4,157,642,7.585669781931464
4,158,659,7.860394537177542
4,159,666,7.678678678678678
4,160,661,7.6006051437216335
4,161,665,7.652631578947369
4,162,660,7.6909090909090905
4,163,650,7.7
4,164,629,7.732909379968204
4,165,643,7.785381026438569
4,166,652,7.757668711656442
4,167,661,7.688350983358547
4,168,669,7.869955156950673
4,169,665,7.784962406015038
4,170,671,7.780923994038748
4,171,672,7.623511904761905
4,172,680,7.466176470588235
4,173,671,7.478390461997019
4,174,679,7.608247422680412
4,175,692,7.473988439306359
4,176,689,7.5921625544267055
4,177,685,7.394160583941606
4,178,700,7.465714285714285
4,179,702,7.311965811965812
4,180,699,7.309012875536481
4,181,709,7.228490832157969
4,182,696,7.212643678160919
4,183,707,7.12022630834512
4,184,717,7.304044630404463
4,185,719,7.486787204450626
4,186,717,7.393305439330544
4,187,712,7.61376404494382
4,188,718,7.5584958217270195
4,189,730,7.405479452054794
4,190,738,7.275067750677507
4,191,742,7.455525606469003
4,192,755,7.557615894039735
4,193,743,7.491251682368775
4,194,741,7.614035087719298
4,195,763,7.424639580602883
4,196,762,7.479002624671916
4,197,770,7.572727272727272
4,198,763,7.450851900393185
4,199,753,7.2616201859229745
4,200,751,7.218375499334221
4,201,758,7.213720316622691
4,202,764,7.294502617801047
4,203,773,7.147477360931436
4,204,792,7.359848484848484
4,205,781,7.380281690140845
4,206,789,7.38276299112801
4,207,795,7.359748427672956
4,208,805,7.341614906832298
4,209,803,7.3872976338729766
4,210,802,7.453865336658354
4,211,827,7.4002418379685615
4,212,838,7.3460620525059666
4,213,827,7.362756952841596
4,214,811,7.494451294697904
4,215,824,7.509708737864078
4,216,834,7.495203836930456
4,217,820,7.567073170731708
4,218,808,7.596534653465347
4,219,820,7.479268292682927
4,220,851,7.419506462984724
4,221,844,7.2725118483412325
4,222,837,7.315412186379929
4,223,854,7.285714285714286
4,224,857,7.4912485414235706
4,225,843,7.406880189798339
4,226,829,7.550060313630881
4,227,813,7.596555965559656
4,228,794,7.7292191435768265
4,229,774,7.645994832041343
4,230,791,7.625790139064476
4,231,792,7.48989898989899
4,232,802,7.330423940149626
4,233,797,7.299874529485571
4,234,798,7.302005012531328
4,235,810,7.2
4,236,811,7.1763255240443895
4,237,794,7.134760705289673
4,238,799,7.030037546933667
4,239,792,7.329545454545454
4,240,809,7.31025957972806
4,241,825,7.414545454545454
4,242,828,7.22463768115942
4,243,824,7.254854368932039
4,244,839,7.174016686531585
4,245,829,7.326899879372738
4,246,815,7.435582822085889
4,247,808,7.340346534653466
4,248,817,7.24235006119951
4,249,811,7.231812577065352
4,250,810,7.385185185185185
4,251,805,7.427329192546583
4,252,791,7.4551201011378
4,253,789,7.287705956907478
4,254,809,7.197775030902348
4,255,798,7.2669172932330826
4,256,792,7.441919191919192
4,257,797,7.301129234629862
4,258,784,7.3813775510204085
4,259,797,7.262233375156838
4,260,794,7.285894206549118
4,261,786,7.2264631043257
4,262,762,7.257217847769029
4,263,757,7.0501981505944515
4,264,757,7.112285336856011
4,265,758,7.124010554089709
4,266,755,7.397350993377484
4,267,760,7.328947368421052
4,268,746,7.438337801608579
4,269,735,7.34421768707483
4,270,735,7.397278911564626
4,271,716,7.465083798882682
4,272,723,7.401106500691563
4,273,717,7.343096234309623
4,274,715,7.457342657342657
4,275,728,7.270604395604396
4,276,734,7.232970027247957
4,277,741,7.346828609986504
4,278,750,7.086666666666667
4,279,750,7.24
4,280,741,7.237516869095816
4,281,737,7.150610583446404
4,282,723,7.356846473029045
4,283,711,7.320675105485232
4,284,718,7.335654596100278
4,285,723,7.304287690179806
4,286,728,7.288461538461538
4,287,732,7.330601092896175
4,288,731,7.517099863201095
4,289,703,7.412517780938834
4,290,703,7.3499288762446655
4,291,693,7.282828282828283
4,292,695,7.228776978417266
4,293,695,7.329496402877698
4,294,685,7.512408759124088
4,295,681,7.466960352422907
4,296,688,7.380813953488372
4,297,689,7.448476052249637
4,298,671,7.529061102831594
4,299,647,7.670788253477589
4,300,643,7.721617418351477
4,301,625,7.7696
4,302,603,7.643449419568823
4,303,596,7.590604026845638
4,304,584,7.5034246575342465
4,305,583,7.665523156089193
4,306,598,7.722408026755853
4,307,597,7.552763819095477
4,308,617,7.66288492706645
4,309,607,7.359143327841845
4,310,613,7.295269168026101
4,311,617,7.189627228525121
4,312,622,7.176848874598071
4,313,613,7.091353996737357
4,314,618,6.988673139158576
4,315,621,7.028985507246377
4,316,616,7.332792207792208
4,317,628,7.340764331210191
4,318,626,7.4089456869009584
4,319,634,7.444794952681388
4,320,617,7.356564019448946
4,321,618,7.381877022653722
4,322,589,7.193548387096774
4,323,591,7.328257191201353
4,324,603,7.45771144278607
4,325,618,7.491909385113269
4,326,612,7.5245098039215685
4,327,603,7.601990049751244
4,328,613,7.456769983686787
4,329,610,7.498360655737705
4,330,632,7.360759493670886
4,331,632,7.3386075949367084
4,332,642,7.305295950155763
4,333,635,7.1748031496063
4,334,640,7.121875
4,335,639,7.292644757433489
4,336,649,7.354391371340524
4,337,633,7.278041074249605
4,338,633,7.429699842022117
4,339,644,7.3602484472049685
4,340,661,7.379727685325265
4,341,667,7.194902548725637
4,342,669,7.149476831091181
4,343,673,7.1248142644873695
4,344,662,7.264350453172206
4,345,650,7.392307692307693
4,346,652,7.225460122699387
4,347,656,7.346036585365853
4,348,651,7.313364055299539
4,349,632,7.4794303797468356
4,350,615,7.482926829268293
4,351,607,7.490939044481054
4,352,603,7.5754560530679935
4,353,580,7.537931034482758
4,354,577,7.49740034662045
4,355,599,7.449081803005009
4,356,603,7.54228855721393
4,357,575,7.389565217391304
4,358,568,7.371478873239437
4,359,557,7.420107719928187
4,360,557,7.220825852782765
4,361,565,6.985840707964602
4,362,552,7.2228260869565215
4,363,550,7.385454545454546
4,364,562,7.3487544483985765
4,365,560,7.355357142857143
4,366,555,7.457657657657657
4,367,554,7.411552346570397
4,368,553,7.350813743218806
4,369,556,7.440647482014389
4,370,554,7.3140794223826715
4,371,548,7.2226277372262775
4,372,551,7.2105263157894735
4,373,539,7.181818181818182
4,374,545,7.2
4,375,537,7.348230912476723
4,376,532,7.366541353383458
4,377,528,7.380681818181818
4,378,522,7.60727969348659
4,379,538,7.399628252788104
4,380,529,7.328922495274102
4,381,532,7.652255639097745
4,382,530,7.650943396226415
4,383,522,7.624521072796935
4,384,531,7.491525423728813
4,385,517,7.4429400386847195
4,386,518,7.428571428571429
4,387,501,7.487025948103793
4,388,495,7.597979797979798
4,389,492,7.5
4,390,502,7.637450199203188
4,391,490,7.704081632653061
4,392,483,7.550724637681159
4,393,499,7.428857715430862
4,394,504,7.4603174603174605
4,395,502,7.442231075697211
4,396,473,7.511627906976744
4,397,488,7.26844262295082
4,398,495,7.177777777777778
4,399,488,7.366803278688525
4,400,484,7.444214876033058
5,0,20,0.0
5,1,20,1.0
5,2,20,2.0
5,3,20,3.0
5,4,20,4.0
5,5,20,5.0
5,6,20,6.0
5,7,20,7.0
5,8,20,8.0
5,9,25,7.2
5,10,31,6.612903225806452
5,11,32,7.375
5,12,36,7.444444444444445
5,13,38,8.0
5,14,46,7.434782608695652
5,15,53,7.320754716981132
5,16,57,7.7368421052631575
5,17,60,8.016666666666667
5,18,58,9.017241379310345
5,19,59,9.745762711864407
5,20,61,10.065573770491802
5,21,63,10.523809523809524
5,22,67,10.835820895522389
5,23,73,10.547945205479452
5,24,74,10.743243243243244
5,25,82,10.5
5,26,85,10.282352941176471
5,27,84,10.583333333333334
5,28,89,10.415730337078651
5,29,95,10.08421052631579
5,30,104,10.125
5,31,113,9.584070796460177
5,32,104,7.865384615384615
5,33,106,8.528301886792454
5,34,119,8.487394957983193
5,35,118,8.364406779661017
5,36,124,8.524193548387096
5,37,132,8.492424242424242
5,38,144,8.118055555555555
5,39,150,8.313333333333333
5,40,162,8.351851851851851
5,41,167,8.562874251497005
5,42,165,8.593939393939394
5,43,169,8.674556213017752
5,44,173,8.61849710982659
5,45,176,8.863636363636363
5,46,181,9.11049723756906
5,47,186,8.790322580645162
5,48,189,8.365079365079366
5,49,203,8.172413793103448
5,50,209,8.210526315789474
5,51,216,8.23611111111111
5,52,217,8.165898617511521
5,53,221,8.226244343891402
5,54,220,8.204545454545455
5,55,218,7.91743119266055
5,56,223,8.251121076233185
5,57,227,8.334801762114537
5,58,234,8.401709401709402
5,59,249,8.216867469879517
5,60,247,8.412955465587045
5,61,258,8.375968992248062
5,62,260,8.153846153846153
5,63,266,7.857142857142857
5,64,270,7.911111111111111
5,65,275,7.72
5,66,283,7.614840989399293
5,67,287,7.682926829268292
5,68,282,7.7304964539007095
5,69,277,7.927797833935018
5,70,276,7.880434782608695
5,71,280,8.032142857142857
5,72,291,8.037800687285223
5,73,289,8.0
5,74,289,7.989619377162629
5,75,300,7.873333333333333
5,76,313,7.677316293929713
5,77,323,7.705882352941177
5,78,334,7.835329341317365
5,79,329,7.875379939209727
5,80,335,8.044776119402986
5,81,336,7.7351190476190474
5,82,325,7.806153846153846
5,83,326,7.923312883435583
5,84,330,8.254545454545454
5,85,343,8.093294460641399
5,86,343,7.956268221574344
5,87,334,8.017964071856287
5,88,340,8.279411764705882
5,89,350,7.905714285714286
5,90,364,7.928571428571429
5,91,351,7.868945868945869
5,92,360,7.5777777777777775
5,93,355,7.605633802816901
5,94,370,7.578378378378378
5,95,380,7.676315789473684
5,96,382,7.890052356020942
5,97,389,7.889460154241645
5,98,383,8.02088772845953
5,99,376,8.199468085106384
5,100,382,7.963350785340314
5,101,362,8.074585635359115
5,102,367,8.231607629427794
5,103,362,8.19060773480663
5,104,355,8.422535211267606
5,105,355,8.050704225352113
5,106,352,7.985795454545454
5,107,350,8.062857142857142
5,108,345,7.965217391304348
5,109,349,7.856733524355301
5,110,359,7.802228412256268
5,111,359,7.727019498607242
5,112,358,7.650837988826815
5,113,351,7.447293447293447
5,114,359,7.311977715877437
5,115,350,7.605714285714286
5,116,342,7.5701754385964914
5,117,322,7.813664596273292
5,118,310,8.025806451612903
5,119,320,7.9
5,120,327,7.730886850152905
5,121,332,7.605421686746988
5,122,325,7.603076923076923
5,123,321,7.7725856697819315
5,124,315,7.765079365079365
5,125,320,7.875
5,126,313,7.977635782747604
5,127,313,8.063897763578275
5,128,317,7.766561514195583
5,129,299,7.421404682274248
5,130,301,7.574750830564784
5,131,314,7.522292993630574
5,132,299,7.682274247491639
5,133,304,7.796052631578948
5,134,301,7.54485049833887
5,135,292,7.63013698630137
5,136,294,7.755102040816326
5,137,285,7.6912280701754385
5,138,283,7.6855123674911665
5,139,284,7.672535211267606
5,140,280,7.5964285714285715
5,141,287,7.599303135888502
5,142,276,7.420289855072464
5,143,268,7.7164179104477615
5,144,268,8.111940298507463
5,145,278,7.733812949640288
5,146,268,7.652985074626866
5,147,268,7.645522388059701
5,148,274,7.905109489051095
5,149,273,7.835164835164835
5,150,272,7.790441176470588
5,151,257,7.607003891050583
5,152,263,7.437262357414449
5,153,265,7.539622641509434
5,154,269,7.353159851301116
5,155,268,7.164179104477612
5,156,264,7.215909090909091
5,157,267,7.51685393258427
5,158,266,7.304511278195489
5,159,273,7.362637362637362
5,160,267,7.258426966292135
5,161,263,7.391634980988593
5,162,258,7.612403100775194
5,163,255,7.705882352941177
5,164,255,7.705882352941177
5,165,250,7.416
5,166,242,7.2727272727272725
5,167,235,7.421276595744681
5,168,232,7.306034482758621
5,169,227,7.255506607929515
5,170,230,7.378260869565217
5,171,240,7.091666666666667
5,172,243,7.176954732510288
5,173,247,7.133603238866397
5,174,252,7.095238095238095
5,175,252,7.420634920634921
5,176,245,7.3795918367346935
5,177,242,7.2809917355371905
5,178,251,7.48605577689243
5,179,238,7.722689075630252
5,180,234,7.47008547008547
5,181,237,7.590717299578059
5,182,242,7.351239669421488
5,183,239,7.497907949790795
5,184,236,7.317796610169491
5,185,227,7.753303964757709
5,186,230,7.834782608695652
5,187,226,7.8628318584070795
5,188,224,8.0
5,189,224,7.946428571428571
5,190,223,8.004484304932735
5,191,229,8.135371179039302
5,192,219,8.02283105022831
5,193,226,7.716814159292035
5,194,234,7.683760683760684
5,195,231,7.913419913419913
5,196,221,7.927601809954751
5,197,220,7.9818181818181815
5,198,222,7.72972972972973
5,199,226,7.792035398230088
5,200,221,7.864253393665158
5,201,232,7.237068965517241
5,202,233,7.184549356223176
5,203,239,6.841004184100418
5,204,241,6.659751037344399
5,205,243,6.51440329218107
5,206,236,6.88135593220339
5,207,237,7.223628691983122
5,208,238,7.016806722689076
5,209,243,7.275720164609053
5,210,243,7.415637860082304
5,211,238,7.3655462184873945
5,212,243,7.296296296296297
5,213,252,7.51984126984127
5,214,249,7.309236947791165
5,215,243,7.436213991769547
5,216,236,7.398305084745763
5,217,225,7.528888888888889
5,218,227,7.255506607929515
5,219,227,7.220264317180617
5,220,223,7.309417040358745
5,221,222,7.346846846846847
5,222,226,7.278761061946903
5,223,228,7.171052631578948
5,224,220,7.377272727272727
5,225,220,7.4
5,226,210,7.6380952380952385
5,227,199,7.668341708542713
5,228,204,7.759803921568627
5,229,210,7.714285714285714
5,230,210,7.685714285714286
5,231,217,7.161290322580645
5,232,225,7.275555555555556
5,233,230,7.243478260869566
5,234,221,7.230769230769231
5,235,218,7.2110091743119265
5,236,215,7.502325581395349
5,237,209,7.626794258373206
5,238,209,7.70334928229665
5,239,204,7.446078431372549
5,240,198,7.444444444444445
5,241,203,7.103448275862069
5,242,214,7.042056074766355
5,243,210,7.247619047619048
5,244,210,7.357142857142857
5,245,210,7.523809523809524
5,246,221,7.5656108597285066
5,247,213,7.671361502347418
5,248,211,7.7725118483412325
5,249,216,7.6157407407407405
5,250,220,7.236363636363636
5,251,221,7.244343891402715
5,252,220,7.222727272727273
5,253,223,7.20627802690583
5,254,223,7.349775784753363
5,255,219,7.689497716894977
5,256,219,7.689497716894977
5,257,230,7.460869565217391
5,258,232,7.594827586206897
5,259,232,7.405172413793103
5,260,244,7.094262295081967
5,261,241,7.033195020746888
5,262,239,7.062761506276151
5,263,242,6.946280991735537
5,264,228,7.31140350877193
5,265,221,7.647058823529412
5,266,219,7.840182648401827
5,267,224,7.665178571428571
5,268,227,7.726872246696035
5,269,218,8.068807339449542
5,270,221,8.18552036199095
5,271,225,8.177777777777777
5,272,223,7.923766816143497
5,273,212,7.9245283018867925
5,274,218,7.756880733944954
5,275,219,7.82648401826484
5,276,223,7.605381165919282
5,277,230,7.482608695652174
5,278,238,7.6344537815126055
5,279,238,7.651260504201681
5,280,239,7.807531380753138
5,281,229,7.187772925764192
5,282,234,7.05982905982906
5,283,230,7.226086956521739
5,284,230,7.508695652173913
5,285,234,7.534188034188034
5,286,233,7.343347639484978
5,287,229,7.655021834061135
5,288,224,7.973214285714286
5,289,215,8.158139534883722
5,290,215,7.776744186046511
5,291,214,7.677570093457944
5,292,211,7.578199052132701
5,293,220,7.4818181818181815
5,294,222,7.373873873873874
5,295,230,7.321739130434783
5,296,229,7.283842794759825
5,297,213,7.36150234741784
5,298,212,7.377358490566038
5,299,226,7.384955752212389
5,300,234,7.051282051282051
5,301,229,7.218340611353712
5,302,237,7.409282700421941
5,303,230,7.226086956521739
5,304,226,6.95575221238938
5,305,234,7.299145299145299
5,306,234,7.397435897435898
5,307,225,7.266666666666667
5,308,217,7.589861751152074
5,309,213,7.530516431924883
5,310,212,7.485849056603773
5,311,210,7.5285714285714285
5,312,207,7.144927536231884
5,313,202,6.846534653465347
5,314,193,6.818652849740933
5,315,191,6.942408376963351
5,316,177,6.762711864406779
5,317,184,7.048913043478261
5,318,180,7.461111111111111
5,319,172,7.412790697674419
5,320,176,7.170454545454546
5,321,180,7.288888888888889
5,322,178,7.337078651685394
5,323,187,7.588235294117647
5,324,188,7.553191489361702
5,325,189,7.35978835978836
5,326,186,7.091397849462366
5,327,191,7.267015706806283
5,328,191,6.942408376963351
5,329,185,6.92972972972973
5,330,192,6.932291666666667
5,331,179,6.843575418994414
5,332,184,6.657608695652174
5,333,178,6.842696629213483
5,334,180,7.133333333333334
5,335,189,7.2592592592592595
5,336,193,7.274611398963731
5,337,186,7.516129032258065
5,338,188,7.638297872340425
5,339,188,7.542553191489362
5,340,180,8.033333333333333
5,341,163,7.723926380368098
5,342,149,7.677852348993288
5,343,128,7.609375
5,344,135,7.125925925925926
5,345,139,7.316546762589928
5,346,146,7.417808219178082
5,347,135,7.2444444444444445
5,348,135,6.8
5,349,129,6.7984496124031
5,350,130,6.869230769230769
5,351,133,6.819548872180451
5,352,132,6.795454545454546
5,353,128,6.9609375
5,354,131,7.1603053435114505
5,355,132,7.257575757575758
5,356,131,7.175572519083969
5,357,134,6.798507462686567
5,358,126,6.896825396825397
5,359,126,6.841269841269841
5,360,130,7.0
5,361,128,7.15625
5,362,127,7.2362204724409445
5,363,134,7.149253731343284
5,364,137,7.0583941605839415
5,365,144,6.861111111111111
5,366,150,6.746666666666667
5,367,150,6.78
5,368,149,7.046979865771812
5,369,141,6.851063829787234
5,370,136,7.147058823529412
5,371,138,7.695652173913044
5,372,138,7.797101449275362
5,373,134,7.985074626865671
5,374,133,7.984962406015038
5,375,128,7.6015625
5,376,130,7.561538461538461
5,377,130,7.338461538461538
5,378,137,7.131386861313868
5,379,148,7.27027027027027
5,380,155,7.129032258064516
5,381,156,7.551282051282051
5,382,152,7.315789473684211
5,383,152,7.059210526315789
5,384,152,7.171052631578948
5,385,152,7.309210526315789
5,386,151,7.430463576158941
5,387,151,7.582781456953643
5,388,152,7.506578947368421
5,389,158,7.30379746835443
5,390,160,7.56875
5,391,168,7.2976190476190474
5,392,164,7.121951219512195
5,393,167,6.538922155688622
5,394,172,6.372093023255814
5,395,172,6.825581395348837
5,396,177,6.824858757062147
5,397,166,6.9397590361445785
5,398,168,7.428571428571429
5,399,166,7.771084337349397
5,400,165,7.878787878787879
6,0,20,0.0
6,1,20,1.0
6,2,20,2.0
6,3,20,3.0
6,4,20,4.0
6,5,20,5.0
6,6,20,6.0
6,7,20,7.0
6,8,20,8.0
6,9,23,7.826086956521739
6,10,24,8.458333333333334
6,11,26,8.73076923076923
6,12,30,8.433333333333334
6,13,35,8.085714285714285
6,14,37,8.216216216216216
6,15,41,8.317073170731707
6,16,43,8.883720930232558
6,17,43,9.883720930232558
6,18,53,8.830188679245284
6,19,55,9.127272727272727
6,20,58,9.60344827586207
6,21,59,10.372881355932204
6,22,63,10.507936507936508
6,23,73,9.931506849315069
6,24,81,9.851851851851851
6,25,85,9.75294117647059
6,26,89,9.730337078651685
6,27,93,9.559139784946236
6,28,100,9.7
6,29,103,9.62135922330097
6,30,106,9.660377358490566
6,31,112,9.758928571428571
6,32,106,7.566037735849057
6,33,110,7.836363636363636
6,34,115,8.28695652173913
6,35,124,8.17741935483871
6,36,133,8.233082706766917
6,37,136,8.220588235294118
6,38,141,8.666666666666666
6,39,145,8.613793103448275
6,40,139,8.79136690647482
6,41,142,8.838028169014084
6,42,147,8.82312925170068
6,43,151,8.735099337748345
6,44,149,8.456375838926174
6,45,154,8.493506493506494
6,46,161,8.608695652173912
6,47,164,8.78048780487805
6,48,171,9.058479532163743
6,49,181,8.469613259668508
6,50,191,8.55497382198953
6,51,198,8.348484848484848
6,52,198,8.494949494949495
6,53,193,8.528497409326425
6,54,188,8.569148936170214
6,55,189,8.433862433862434
6,56,188,8.542553191489361
6,57,190,8.736842105263158
6,58,194,8.530927835051546
6,59,193,8.295336787564766
6,60,198,8.166666666666666
6,61,195,8.143589743589743
6,62,190,8.326315789473684
6,63,189,8.56084656084656
6,64,196,8.290816326530612
6,65,199,8.366834170854272
6,66,185,8.4
6,67,186,8.118279569892474
6,68,181,8.607734806629834
6,69,178,8.713483146067416
6,70,184,8.358695652173912
6,71,181,8.58011049723757
6,72,189,8.486772486772487
6,73,191,8.277486910994764
6,74,181,8.386740331491712
6,75,183,8.497267759562842
6,76,184,8.217391304347826
6,77,183,8.202185792349727
6,78,172,8.034883720930232
6,79,172,7.883720930232558
6,80,177,8.158192090395481
6,81,181,7.895027624309392
6,82,176,8.255681818181818
6,83,177,8.045197740112995
6,84,183,7.748633879781421
6,85,200,7.33
6,86,188,6.941489361702128
6,87,190,7.094736842105263
6,88,189,7.555555555555555
6,89,196,7.454081632653061
6,90,206,7.543689320388349
6,91,205,7.648780487804878
6,92,207,7.835748792270532
6,93,213,8.032863849765258
6,94,235,7.748936170212766
6,95,233,7.369098712446352
6,96,239,7.368200836820083
6,97,235,7.68936170212766
6,98,234,7.867521367521367
6,99,235,8.034042553191489
6,100,239,8.06694560669456
6,101,247,7.862348178137652
6,102,238,7.743697478991597
6,103,235,7.634042553191489
6,104,243,7.419753086419753
6,105,249,7.562248995983936
6,106,236,7.661016949152542
6,107,234,7.730769230769231
6,108,236,7.7076271186440675
6,109,242,7.578512396694215
6,110,244,7.627049180327869
6,111,247,7.963562753036437
6,112,253,7.707509881422925
6,113,262,7.393129770992366
6,114,263,7.612167300380228
6,115,268,7.6716417910447765
6,116,270,7.722222222222222
6,117,266,7.7481203007518795
6,118,259,7.876447876447877
6,119,273,7.553113553113553
6,120,280,7.757142857142857
6,121,264,7.742424242424242
6,122,276,7.768115942028985
6,123,276,7.706521739130435
6,124,287,7.7456445993031355
6,125,299,7.9397993311036785
6,126,309,7.857605177993528
6,127,315,7.936507936507937
6,128,315,7.955555555555556
6,129,311,7.84887459807074
6,130,312,7.634615384615385
6,131,310,7.974193548387097
6,132,310,7.932258064516129
6,133,298,8.087248322147651
6,134,308,8.097402597402597
6,135,313,7.757188498402556
6,136,303,7.792079207920792
6,137,314,7.547770700636943
6,138,322,7.459627329192546
6,139,317,7.422712933753943
6,140,316,7.617088607594937
6,141,333,7.501501501501502
6,142,334,7.616766467065868
6,143,331,7.7250755287009065
6,144,322,7.888198757763975
6,145,337,7.724035608308605
6,146,338,7.715976331360947
6,147,343,7.795918367346939
6,148,340,7.929411764705883
6,149,340,8.035294117647059
6,150,331,7.83987915407855
6,151,342,7.780701754385965
6,152,352,7.5
6,153,340,7.5852941176470585
6,154,330,7.693939393939394
6,155,333,7.54054054054054
6,156,333,7.786786786786787
6,157,325,7.846153846153846
6,158,344,7.715116279069767
6,159,333,7.51951951951952
6,160,328,7.588414634146342
6,161,323,7.476780185758514
6,162,322,7.484472049689441
6,163,317,7.429022082018927
6,164,321,7.423676012461059
6,165,329,7.553191489361702
6,166,332,7.575301204819277
6,167,325,7.344615384615385
6,168,319,7.3573667711598745
6,169,319,7.4733542319749215
6,170,320,7.646875
6,171,311,7.752411575562701
6,172,299,7.68561872909699
6,173,311,7.639871382636656
6,174,316,7.325949367088608
6,175,326,7.180981595092025
6,176,315,7.326984126984127
6,177,318,7.226415094339623
6,178,315,7.4031746031746035
6,179,319,7.391849529780564
6,180,302,7.413907284768212
6,181,305,7.331147540983607
6,182,301,7.342192691029901
6,183,289,7.539792387543253
6,184,288,7.583333333333333
6,185,283,7.6113074204946995
6,186,283,7.293286219081272
6,187,272,7.408088235294118
6,188,280,7.267857142857143
6,189,292,7.267123287671233
6,190,297,7.185185185185185
6,191,289,7.190311418685121
6,192,292,7.027397260273973
6,193,290,7.2
6,194,283,7.395759717314488
6,195,283,7.296819787985866
6,196,278,7.428057553956834
6,197,274,7.598540145985401
6,198,275,7.64
6,199,284,7.299295774647887
6,200,268,7.361940298507463
6,201,272,7.452205882352941
6,202,267,7.198501872659176
6,203,276,7.028985507246377
6,204,267,7.1610486891385765
6,205,278,6.81294964028777
6,206,273,6.7032967032967035
6,207,272,7.029411764705882
6,208,270,7.122222222222222
6,209,273,7.1098901098901095
6,210,269,7.115241635687732
6,211,264,7.113636363636363
6,212,276,7.195652173913044
6,213,265,7.566037735849057
6,214,261,7.7011494252873565
6,215,269,7.5353159851301115
6,216,262,7.648854961832061
6,217,254,7.578740157480315
6,218,250,7.544
6,219,237,7.468354430379747
6,220,223,7.699551569506727
6,221,216,7.625
6,222,224,7.633928571428571
6,223,215,7.93953488372093
6,224,210,7.747619047619048
6,225,217,7.654377880184332
6,226,199,7.467336683417085
6,227,187,7.577540106951871
6,228,183,7.371584699453552
6,229,169,7.1420118343195265
6,230,165,7.412121212121212
6,231,158,7.841772151898734
6,232,155,8.116129032258064
6,233,154,8.324675324675324
6,234,159,8.062893081761006
6,235,157,7.738853503184713
6,236,145,7.468965517241379
6,237,149,7.302013422818792
6,238,147,7.0
6,239,136,7.139705882352941
6,240,130,7.492307692307692
6,241,122,7.983606557377049
6,242,125,8.264
6,243,116,7.775862068965517
6,244,121,7.578512396694215
6,245,126,7.626984126984127
6,246,125,7.688
6,247,125,7.648
6,248,120,7.8
6,249,129,7.813953488372093
6,250,136,7.154411764705882
6,251,136,7.352941176470588
6,252,139,7.251798561151079
6,253,134,7.17910447761194
6,254,128,7.328125
6,255,128,6.640625
6,256,128,6.921875
6,257,127,6.913385826771654
6,258,128,6.828125
6,259,127,7.086614173228346
6,260,126,7.388888888888889
6,261,130,7.7153846153846155
6,262,131,7.694656488549619
6,263,128,7.5625
6,264,130,7.507692307692308
6,265,125,7.624
6,266,116,7.767241379310345
6,267,117,7.743589743589744
6,268,117,7.589743589743589
6,269,112,7.598214285714286
6,270,120,7.75
6,271,119,7.6722689075630255
6,272,119,7.1344537815126055
6,273,114,6.947368421052632
6,274,111,6.891891891891892
6,275,114,6.93859649122807
6,276,119,7.100840336134453
6,277,130,7.1
6,278,132,7.325757575757576
6,279,130,7.446153846153846
6,280,126,7.912698412698413
6,281,123,7.609756097560975
6,282,124,7.774193548387097
6,283,118,8.059322033898304
6,284,106,7.60377358490566
6,285,109,7.18348623853211
6,286,107,7.429906542056075
6,287,105,7.495238095238095
6,288,95,6.894736842105263
6,289,100,6.95
6,290,99,7.606060606060606
6,291,94,7.851063829787234
6,292,93,7.924731182795699
6,293,95,8.105263157894736
6,294,97,8.484536082474227
6,295,97,8.103092783505154
6,296,91,8.065934065934066
6,297,93,7.516129032258065
6,298,87,7.436781609195402
6,299,94,7.329787234042553
6,300,90,7.033333333333333
6,301,92,7.315217391304348
6,302,93,7.419354838709677
6,303,91,7.934065934065934
6,304,89,8.280898876404494
6,305,94,8.117021276595745
6,306,101,7.782178217821782
6,307,95,7.178947368421053
6,308,100,7.12
6,309,106,7.216981132075472
6,310,101,7.6138613861386135
6,311,100,7.67
6,312,104,7.769230769230769
6,313,106,7.556603773584905
6,314,99,7.373737373737374
6,315,102,7.509803921568627
6,316,103,7.689320388349515
6,317,109,7.89908256880734
6,318,109,7.889908256880734
6,319,111,7.684684684684685
6,320,108,7.712962962962963
6,321,108,8.12037037037037
6,322,116,7.793103448275862
6,323,119,7.428571428571429
6,324,116,7.508620689655173
6,325,115,8.11304347826087
6,326,111,7.7207207207207205
6,327,114,7.552631578947368
6,328,108,7.666666666666667
6,329,108,8.287037037037036
6,330,107,7.897196261682243
6,331,106,7.971698113207547
6,332,110,8.018181818181818
6,333,112,7.973214285714286
6,334,111,8.27027027027027
6,335,113,7.920353982300885
6,336,114,7.666666666666667
6,337,106,7.556603773584905
6,338,107,7.738317757009346
6,339,108,7.87962962962963
6,340,110,8.054545454545455
6,341,107,8.233644859813085
6,342,103,8.359223300970873
6,343,104,7.9423076923076925
6,344,116,7.612068965517241
6,345,112,7.133928571428571
6,346,114,7.140350877192983
6,347,122,7.122950819672131
6,348,123,6.983739837398374
6,349,122,7.024590163934426
6,350,122,7.385245901639344
6,351,121,7.446280991735537
6,352,118,7.4576271186440675
6,353,121,7.404958677685951
6,354,119,7.2100840336134455
6,355,118,7.237288135593221
6,356,124,7.540322580645161
6,357,127,7.622047244094488
6,358,131,7.66412213740458
6,359,121,7.652892561983471
6,360,117,7.504273504273504
6,361,115,7.356521739130435
6,362,119,7.100840336134453
6,363,119,6.949579831932773
6,364,121,7.190082644628099
6,365,124,7.048387096774194
6,366,125,6.608
6,367,128,6.5859375
6,368,129,6.906976744186046
6,369,128,7.109375
6,370,128,6.921875
6,371,126,7.4523809523809526
6,372,119,7.65546218487395
6,373,124,7.161290322580645
6,374,128,7.40625
6,375,123,7.91869918699187
6,376,124,7.379032258064516
6,377,124,7.556451612903226
6,378,119,7.773109243697479
6,379,126,7.873015873015873
6,380,124,8.346774193548388
6,381,127,8.173228346456693
6,382,130,7.530769230769231
6,383,136,7.375
6,384,139,6.841726618705036
6,385,142,7.154929577464789
6,386,146,7.424657534246576
6,387,152,7.157894736842105
6,388,154,7.441558441558442
6,389,160,7.54375
6,390,168,7.369047619047619
6,391,159,7.635220125786163
6,392,162,7.722222222222222
6,393,169,7.615384615384615
6,394,175,7.72
6,395,180,7.638888888888889
6,396,187,7.614973262032086
6,397,200,7.57
6,398,198,7.616161616161616
6,399,198,7.762626262626263
6,400,201,8.00497512437811
7,0,20,0.0
7,1,20,1.0
7,2,20,2.0
7,3,20,3.0
7,4,20,4.0
7,5,20,5.0
7,6,20,6.0
7,7,20,7.0
7,8,20,8.0
7,9,24,7.5
7,10,28,7.285714285714286
7,11,29,7.241379310344827
7,12,33,7.242424242424242
7,13,34,8.0
7,14,36,7.972222222222222
7,15,38,8.5
7,16,41,8.804878048780488
7,17,46,8.73913043478261
7,18,50,8.96
7,19,52,9.384615384615385
7,20,53,9.641509433962264
7,21,57,9.526315789473685
7,22,58,9.810344827586206
7,23,58,9.206896551724139
7,24,63,8.761904761904763
7,25,65,9.076923076923077
7,26,65,9.661538461538461
7,27,65,9.8
7,28,72,9.652777777777779
7,29,72,9.48611111111111
7,30,75,9.44
7,31,77,9.480519480519481
7,32,74,7.594594594594595
7,33,74,8.27027027027027
7,34,74,8.567567567567568
7,35,78,8.474358974358974
7,36,76,9.013157894736842
7,37,80,8.85
7,38,83,8.783132530120483
7,39,84,9.261904761904763
7,40,85,9.223529411764705
7,41,90,9.28888888888889
7,42,96,8.885416666666666
7,43,96,8.822916666666666
7,44,101,8.267326732673267
7,45,104,8.48076923076923
7,46,112,7.535714285714286
7,47,117,7.478632478632479
7,48,121,7.702479338842975
7,49,118,8.008474576271187
7,50,115,8.182608695652174
7,51,125,7.792
7,52,130,8.046153846153846
7,53,140,7.928571428571429
7,54,130,7.6692307692307695
7,55,143,7.524475524475524
7,56,143,8.048951048951048
7,57,139,7.956834532374101
7,58,138,7.804347826086956
7,59,141,7.794326241134752
7,60,145,7.834482758620689
7,61,141,7.879432624113475
7,62,140,8.085714285714285
7,63,136,8.389705882352942
7,64,137,7.992700729927007
7,65,150,7.633333333333334
7,66,149,7.885906040268456
7,67,150,7.64
7,68,154,7.64935064935065
7,69,169,7.538461538461538
7,70,174,7.206896551724138
7,71,170,7.211764705882353
7,72,171,7.187134502923977
7,73,174,7.425287356321839
7,74,172,7.761627906976744
7,75,174,7.994252873563219
7,76,168,8.458333333333334
7,77,165,8.587878787878788
7,78,166,8.512048192771084
7,79,164,8.097560975609756
7,80,173,7.815028901734104
7,81,178,7.567415730337078
7,82,182,7.4010989010989015
7,83,189,6.894179894179894
7,84,191,7.0890052356020945
7,85,193,7.471502590673575
7,86,189,7.253968253968254
7,87,190,7.489473684210527
7,88,195,7.753846153846154
7,89,198,7.787878787878788
7,90,200,7.9
7,91,200,7.97
7,92,200,7.885
7,93,201,8.0
7,94,203,8.024630541871922
7,95,206,7.543689320388349
7,96,206,7.592233009708738
7,97,206,7.669902912621359
7,98,212,7.481132075471698
7,99,209,7.416267942583732
7,100,210,7.357142857142857
7,101,205,7.585365853658536
7,102,206,7.558252427184466
7,103,208,7.697115384615385
7,104,211,7.303317535545023
7,105,206,7.174757281553398
7,106,215,7.097674418604651
7,107,216,7.347222222222222
7,108,203,7.280788177339901
7,109,203,7.433497536945813
7,110,205,7.790243902439024
7,111,206,7.781553398058253
7,112,207,7.758454106280193
7,113,200,7.695
7,114,206,7.601941747572815
7,115,214,7.5233644859813085
7,116,220,7.654545454545454
7,117,231,7.354978354978355
7,118,242,7.367768595041323
7,119,234,7.461538461538462
7,120,230,7.5
7,121,218,7.412844036697248
7,122,214,7.397196261682243
7,123,221,7.244343891402715
7,124,218,7.63302752293578
7,125,218,7.435779816513762
7,126,214,7.144859813084112
7,127,222,7.018018018018018
7,128,231,7.1558441558441555
7,129,230,7.039130434782609
7,130,236,7.338983050847458
7,131,228,7.535087719298246
7,132,226,7.6371681415929205
7,133,219,7.794520547945205
7,134,230,7.6869565217391305
7,135,222,7.8108108108108105
7,136,215,7.5813953488372094
7,137,209,7.44976076555024
7,138,212,7.617924528301887
7,139,215,7.618604651162791
7,140,214,7.672897196261682
7,141,220,7.75
7,142,219,7.634703196347032
7,143,219,7.675799086757991
7,144,230,7.621739130434783
7,145,225,7.742222222222222
7,146,227,7.647577092511013
7,147,220,7.618181818181818
7,148,222,7.63963963963964
7,149,209,8.08133971291866
7,150,207,7.806763285024155
7,151,207,7.927536231884058
7,152,213,8.056338028169014
7,153,204,8.25
7,154,210,8.39047619047619
7,155,217,8.267281105990783
7,156,216,8.13425925925926
7,157,216,7.7407407407407405
7,158,225,7.733333333333333
7,159,223,7.349775784753363
7,160,231,6.995670995670996
7,161,231,6.96969696969697
7,162,234,7.136752136752137
7,163,232,7.603448275862069
7,164,226,7.8053097345132745
7,165,223,8.295964125560538
7,166,236,8.05084745762712
7,167,233,7.824034334763948
7,168,222,7.846846846846847
7,169,225,7.857777777777778
7,170,234,7.747863247863248
7,171,233,7.832618025751073
7,172,234,7.97008547008547
7,173,248,8.012096774193548
7,174,256,7.70703125
7,175,245,7.412244897959184
7,176,250,7.48
7,177,260,7.530769230769231
7,178,264,7.625
7,179,271,7.74169741697417
7,180,279,7.85663082437276
7,181,274,8.08029197080292
7,182,275,8.094545454545454
7,183,273,8.124542124542124
7,184,271,8.044280442804428
7,185,272,7.963235294117647
7,186,276,7.757246376811594
7,187,280,7.925
7,188,270,7.840740740740741
7,189,271,7.369003690036901
7,190,277,7.422382671480144
7,191,275,7.6872727272727275
7,192,275,8.018181818181818
7,193,262,8.133587786259541
7,194,272,8.025735294117647
7,195,268,8.041044776119403
7,196,264,8.079545454545455
7,197,255,8.188235294117646
7,198,257,8.295719844357977
7,199,263,7.91254752851711
7,200,270,8.055555555555555
7,201,263,7.832699619771863
7,202,259,7.760617760617761
7,203,255,7.674509803921569
7,204,257,7.521400778210117
7,205,247,7.627530364372469
7,206,237,7.670886075949367
7,207,233,7.669527896995708
7,208,243,7.415637860082304
7,209,236,7.423728813559322
7,210,245,7.587755102040816
7,211,255,7.443137254901961
7,212,259,7.351351351351352
7,213,257,7.474708171206226
7,214,256,7.5390625
7,215,254,7.539370078740157
7,216,258,7.538759689922481
7,217,265,7.433962264150943
7,218,253,7.4229249011857705
7,219,260,7.407692307692308
7,220,258,7.271317829457364
7,221,249,7.429718875502008
7,222,250,7.536
7,223,258,7.2984496124031
7,224,252,7.492063492063492
7,225,261,7.406130268199234
7,226,262,7.511450381679389
7,227,266,7.43984962406015
7,228,260,7.384615384615385
7,229,262,7.473282442748092
7,230,252,7.424603174603175
7,231,247,7.441295546558704
7,232,252,7.412698412698413
7,233,247,7.550607287449393
7,234,242,7.483471074380165
7,235,233,7.343347639484978
7,236,232,7.211206896551724
7,237,225,7.293333333333333
7,238,228,7.583333333333333
7,239,231,7.701298701298701
7,240,227,7.71806167400881
7,241,231,7.528138528138528
7,242,235,7.263829787234043
7,243,235,7.336170212765958
7,244,249,7.176706827309237
7,245,248,7.326612903225806
7,246,248,7.137096774193548
7,247,245,7.110204081632653
7,248,253,7.233201581027668
7,249,247,6.97165991902834
7,250,253,7.260869565217392
7,251,255,7.462745098039216
7,252,261,7.662835249042145
7,253,258,7.538759689922481
7,254,261,7.118773946360153
7,255,259,7.575289575289576
7,256,262,7.435114503816794
7,257,272,7.507352941176471
7,258,275,7.585454545454546
7,259,283,7.240282685512367
7,260,279,6.931899641577061
7,261,271,7.276752767527675
7,262,260,7.403846153846154
7,263,254,7.122047244094488
7,264,258,7.275193798449612
7,265,264,7.534090909090909
7,266,269,7.479553903345725
7,267,257,7.3501945525291825
7,268,257,7.307392996108949
7,269,268,7.235074626865671
7,270,270,7.196296296296296
7,271,278,7.032374100719425
7,272,274,7.2773722627737225
7,273,274,7.2299270072992705
7,274,264,7.428030303030303
7,275,261,7.2298850574712645
7,276,255,7.2784313725490195
7,277,260,7.380769230769231
7,278,267,7.479400749063671
7,279,261,7.517241379310345
7,280,269,7.256505576208179
7,281,275,7.087272727272727
7,282,268,6.951492537313433
7,283,273,7.194139194139194
7,284,274,7.0036496350364965
7,285,274,7.218978102189781
7,286,269,7.315985130111524
7,287,269,7.327137546468402
7,288,278,7.510791366906475
7,289,282,7.773049645390071
7,290,278,7.726618705035971
7,291,280,7.553571428571429
7,292,277,7.447653429602888
7,293,271,7.590405904059041
7,294,264,7.458333333333333
7,295,259,7.467181467181467
7,296,268,7.593283582089552
7,297,268,7.436567164179104
7,298,254,7.200787401574803
7,299,256,7.40234375
7,300,258,7.534883720930233
7,301,259,7.416988416988417
7,302,262,7.645038167938932
7,303,261,7.605363984674329
7,304,261,7.693486590038314
7,305,273,7.677655677655678
7,306,283,7.678445229681979
7,307,287,7.735191637630662
7,308,282,7.656028368794326
7,309,271,7.952029520295203
7,310,268,7.996268656716418
7,311,279,7.408602150537634
7,312,283,7.438162544169611
7,313,285,7.863157894736842
7,314,283,7.819787985865724
7,315,286,7.814685314685315
7,316,285,8.080701754385965
7,317,282,8.134751773049645
7,318,284,8.42605633802817
7,319,276,8.322463768115941
7,320,272,7.886029411764706
7,321,267,7.857677902621723
7,322,266,7.7330827067669174
7,323,257,7.715953307392996
7,324,254,7.665354330708661
7,325,252,7.48015873015873
7,326,256,7.5390625
7,327,249,7.51004016064257
7,328,256,7.62109375
7,329,263,7.365019011406844
7,330,260,7.1038461538461535
7,331,252,7.154761904761905
7,332,263,7.140684410646388
7,333,266,7.285714285714286
7,334,268,7.332089552238806
7,335,268,7.395522388059701
7,336,272,7.658088235294118
7,337,263,7.490494296577947
7,338,254,7.52755905511811
7,339,253,7.691699604743083
7,340,252,7.718253968253968
7,341,262,7.5534351145038165
7,342,256,7.49609375
7,343,260,7.684615384615385
7,344,254,7.783464566929134
7,345,247,7.817813765182186
7,346,244,7.713114754098361
7,347,249,7.618473895582329
7,348,255,7.6117647058823525
7,349,258,7.546511627906977
7,350,253,7.090909090909091
7,351,261,7.118773946360153
7,352,260,7.134615384615385
7,353,252,7.011904761904762
7,354,251,7.01195219123506
7,355,249,6.855421686746988
7,356,258,6.9689922480620154
7,357,254,7.25984251968504
7,358,264,7.109848484848484
7,359,268,7.044776119402985
7,360,265,7.611320754716981
7,361,264,7.651515151515151
7,362,268,7.440298507462686
7,363,266,7.109022556390977
7,364,261,7.268199233716475
7,365,261,7.206896551724138
7,366,257,7.073929961089494
7,367,259,7.525096525096525
7,368,266,7.548872180451128
7,369,262,7.6603053435114505
7,370,269,7.717472118959108
7,371,275,7.847272727272728
7,372,272,7.584558823529412
7,373,263,7.517110266159696
7,374,270,7.092592592592593
7,375,274,7.354014598540146
7,376,287,7.348432055749129
7,377,306,7.26797385620915
7,378,303,6.67986798679868
7,379,291,6.865979381443299
7,380,299,7.0
7,381,300,7.28
7,382,301,7.534883720930233
7,383,311,7.562700964630225
7,384,302,7.69205298013245
7,385,315,7.6380952380952385
7,386,324,7.101851851851852
7,387,325,7.2092307692307696
7,388,335,7.149253731343284
7,389,329,7.343465045592705
7,390,318,7.452830188679245
7,391,322,7.385093167701863
7,392,323,7.470588235294118
7,393,329,7.52887537993921
7,394,345,7.51304347826087
7,395,340,7.338235294117647
7,396,338,7.43491124260355
7,397,328,7.615853658536586
7,398,339,7.557522123893805
7,399,350,7.411428571428571
7,400,350,7.251428571428572
8,0,20,0.0
8,1,20,1.0
8,2,20,2.0
8,3,20,3.0
8,4,20,4.0
8,5,20,5.0
8,6,20,6.0
8,7,20,7.0
8,8,20,8.0
8,9,24,7.125
8,10,26,7.5
8,11,31,7.129032258064516
8,12,36,7.0
8,13,39,7.384615384615385
8,14,42,7.785714285714286
8,15,45,8.2
8,16,53,7.811320754716981
8,17,55,8.49090909090909
8,18,59,8.847457627118644
8,19,57,9.543859649122806
8,20,65,9.246153846153845
8,21,65,10.092307692307692
8,22,70,10.3
8,23,76,10.263157894736842
8,24,82,9.682926829268293
8,25,85,10.305882352941177
8,26,90,10.566666666666666
8,27,101,10.198019801980198
8,28,112,9.508928571428571
8,29,122,9.30327868852459
8,30,130,9.476923076923077
8,31,142,9.591549295774648
8,32,134,7.813432835820896
8,33,144,7.784722222222222
8,34,143,8.048951048951048
8,35,148,8.594594594594595
8,36,153,8.457516339869281
8,37,157,8.382165605095542
8,38,173,8.38728323699422
8,39,177,8.350282485875706
8,40,186,8.60752688172043
8,41,200,8.365
8,42,204,7.9068627450980395
8,43,213,7.906103286384977
8,44,217,7.926267281105991
8,45,233,7.8626609442060085
8,46,244,7.688524590163935
8,47,243,8.012345679012345
8,48,241,8.464730290456432
8,49,254,8.661417322834646
8,50,263,8.581749049429657
8,51,273,8.56043956043956
8,52,282,8.138297872340425
8,53,285,8.256140350877192
8,54,304,8.085526315789474
8,55,317,7.952681388012619
8,56,334,8.044910179640718
8,57,338,8.159763313609467
8,58,351,8.091168091168091
8,59,354,8.127118644067796
8,60,364,8.307692307692308
8,61,377,8.381962864721485
8,62,387,8.279069767441861
8,63,387,8.38501291989664
8,64,391,8.209718670076727
8,65,396,8.037878787878787
8,66,409,7.833740831295843
8,67,413,7.990314769975787
8,68,430,8.088372093023256
8,69,430,7.976744186046512
8,70,434,8.193548387096774
8,71,433,8.302540415704389
8,72,440,8.161363636363637
8,73,459,8.0239651416122
8,74,477,7.7756813417190775
8,75,481,7.831600831600832
8,76,500,7.784
8,77,515,7.712621359223301
8,78,521,7.685220729366603
8,79,529,7.831758034026465
8,80,528,7.859848484848484
8,81,523,7.871892925430211
8,82,526,7.773764258555133
8,83,516,7.8565891472868215
8,84,509,7.6286836935167
8,85,508,7.874015748031496
8,86,520,7.859615384615385
8,87,517,7.72147001934236
8,88,525,7.702857142857143
8,89,536,7.67910447761194
8,90,536,7.5559701492537314
8,91,548,7.607664233576642
8,92,556,7.622302158273381
8,93,579,7.751295336787565
8,94,578,7.788927335640138
8,95,581,7.845094664371773
8,96,588,7.795918367346939
8,97,590,7.759322033898305
8,98,592,7.640202702702703
8,99,600,7.636666666666667
8,100,612,7.745098039215686
8,101,598,7.88628762541806
8,102,592,8.138513513513514
8,103,605,8.066115702479339
8,104,605,7.80495867768595
8,105,618,7.6877022653721685
8,106,636,7.676100628930818
8,107,634,7.667192429022082
8,108,641,7.725429017160686
8,109,654,7.51223241590214
8,110,656,7.5685975609756095
8,111,663,7.552036199095022
8,112,654,7.654434250764526
8,113,667,7.607196401799101
8,114,681,7.5433186490455215
8,115,672,7.596726190476191
8,116,667,7.770614692653673
8,117,684,7.808479532163743
8,118,693,7.9004329004329
8,119,689,7.689404934687953
8,120,677,7.590841949778434
8,121,672,7.662202380952381
8,122,676,7.674556213017752
8,123,675,7.8133333333333335
8,124,690,7.801449275362319
8,125,686,7.852769679300292
8,126,681,7.866372980910426
8,127,684,8.011695906432749
8,128,698,7.9684813753581665
8,129,707,7.738330975954739
8,130,717,7.808926080892608
8,131,723,7.816044260027662
8,132,723,7.7704011065006915
8,133,714,7.579831932773109
8,134,697,7.744619799139167
8,135,702,7.703703703703703
8,136,718,7.742339832869081
8,137,729,7.62002743484225
8,138,753,7.749003984063745
8,139,762,7.502624671916011
8,140,772,7.357512953367876
8,141,775,7.561290322580645
8,142,769,7.556566970091027
8,143,769,7.526657997399219
8,144,783,7.607918263090677
8,145,792,7.496212121212121
8,146,786,7.575063613231552
8,147,796,7.527638190954774
8,148,812,7.45320197044335
8,149,829,7.429433051869722
8,150,836,7.4330143540669855
8,151,837,7.427718040621267
8,152,830,7.504819277108433
8,153,840,7.553571428571429
8,154,828,7.450483091787439
8,155,818,7.590464547677262
8,156,822,7.586374695863747
8,157,840,7.477380952380952
8,158,832,7.572115384615385
8,159,832,7.550480769230769
8,160,845,7.723076923076923
8,161,854,7.73536299765808
8,162,848,7.567216981132075
8,163,850,7.511764705882353
8,164,850,7.495294117647059
8,165,863,7.3545770567786795
8,166,885,7.371751412429378
8,167,891,7.4668911335578
8,168,888,7.490990990990991
8,169,879,7.631399317406143
8,170,876,7.8173515981735155
8,171,861,7.64692218350755
8,172,862,7.497679814385151
8,173,876,7.4965753424657535
8,174,872,7.497706422018348
8,175,876,7.493150684931507
8,176,868,7.570276497695852
8,177,873,7.463917525773196
8,178,886,7.3656884875846504
8,179,856,7.307242990654205
8,180,854,7.318501170960188
8,181,859,7.443538998835856
8,182,843,7.511269276393832
8,183,855,7.484210526315789
8,184,874,7.411899313501144
8,185,885,7.32316384180791
8,186,886,7.545146726862303
8,187,887,7.453213077790305
8,188,876,7.3938356164383565
8,189,886,7.485327313769751
8,190,887,7.558060879368658
8,191,898,7.306236080178174
8,192,895,7.245810055865922
8,193,905,7.380110497237569
8,194,921,7.251900108577633
8,195,911,7.380900109769484
8,196,914,7.343544857768053
8,197,925,7.348108108108108
8,198,904,7.4015486725663715
8,199,902,7.413525498891352
8,200,904,7.550884955752212
8,201,892,7.569506726457399
8,202,893,7.486002239641658
8,203,891,7.5072951739618405
8,204,898,7.29064587973274
8,205,903,7.3698781838316725
8,206,886,7.327313769751693
8,207,884,7.496606334841629
8,208,881,7.4665153234960275
8,209,875,7.458285714285714
8,210,869,7.5972382048331415
8,211,870,7.4816091954022985
8,212,870,7.505747126436781
8,213,876,7.622146118721461
8,214,887,7.680947012401353
8,215,903,7.503875968992248
8,216,899,7.46384872080089
8,217,902,7.3547671840354765
8,218,897,7.4570791527313265
8,219,887,7.52423900789177
8,220,884,7.449095022624435
8,221,870,7.573563218390805
8,222,868,7.419354838709677
8,223,870,7.493103448275862
8,224,874,7.4038901601830664
8,225,861,7.605110336817654
8,226,860,7.566279069767442
8,227,876,7.510273972602739
8,228,861,7.656213704994193
8,229,873,7.561282932416953
8,230,858,7.501165501165501
8,231,851,7.424206815511163
8,232,859,7.421420256111758
8,233,874,7.296338672768878
8,234,861,7.300813008130081
8,235,847,7.310507674144038
8,236,855,7.326315789473684
8,237,862,7.323665893271461
8,238,858,7.370629370629371
8,239,857,7.35705950991832
8,240,869,7.330264672036824
8,241,882,7.099773242630386
8,242,887,7.15445321307779
8,243,900,7.098888888888889
8,244,906,7.015452538631346
8,245,904,7.211283185840708
8,246,884,7.260180995475113
8,247,874,7.381006864988558
8,248,887,7.449830890642615
8,249,876,7.433789954337899
8,250,863,7.548088064889919
8,251,857,7.526254375729288
8,252,856,7.509345794392523
8,253,851,7.480611045828437
8,254,838,7.514319809069212
8,255,858,7.441724941724941
8,256,862,7.495359628770301
8,257,853,7.41031652989449
8,258,850,7.384705882352941
8,259,871,7.347876004592423
8,260,844,7.330568720379147
8,261,847,7.325855962219599
8,262,853,7.2672919109026966
8,263,842,7.5
8,264,844,7.545023696682464
8,265,827,7.567110036275695
8,266,839,7.425506555423123
8,267,817,7.481028151774786
8,268,838,7.483293556085919
8,269,856,7.365654205607477
8,270,858,7.435897435897436
8,271,841,7.609988109393579
8,272,838,7.544152744630072
8,273,842,7.502375296912114
8,274,829,7.507840772014475
8,275,825,7.372121212121212
8,276,816,7.4411764705882355
8,277,825,7.467878787878788
8,278,825,7.449696969696969
8,279,821,7.494518879415347
8,280,804,7.534825870646766
8,281,791,7.549936788874842
8,282,804,7.5335820895522385
8,283,792,7.617424242424242
8,284,786,7.569974554707379
8,285,767,7.514993481095176
8,286,780,7.456410256410257
8,287,777,7.489060489060489
8,288,786,7.708651399491094
8,289,782,7.535805626598465
8,290,761,7.660972404730618
8,291,738,7.6802168021680215
8,292,732,7.657103825136612
8,293,739,7.550744248985115
8,294,724,7.4930939226519335
8,295,713,7.551192145862553
8,296,722,7.624653739612189
8,297,710,7.663380281690141
8,298,706,7.379603399433428
8,299,704,7.298295454545454
8,300,702,7.301994301994302
8,301,698,7.117478510028653
8,302,713,7.234221598877981
8,303,705,7.316312056737589
8,304,708,7.423728813559322
8,305,710,7.4352112676056334
8,306,710,7.540845070422535
8,307,722,7.481994459833795
8,308,732,7.617486338797814
8,309,746,7.481233243967829
8,310,742,7.583557951482479
8,311,737,7.454545454545454
8,312,733,7.377899045020464
8,313,734,7.498637602179836
8,314,750,7.246666666666667
8,315,732,7.288251366120218
8,316,736,7.358695652173913
8,317,727,7.434662998624484
8,318,742,7.3975741239892185
8,319,754,7.5809018567639255
8,320,751,7.374167776298269
8,321,754,7.494694960212201
8,322,773,7.40620957309185
8,323,765,7.25359477124183
8,324,773,7.100905562742561
8,325,757,7.273447820343461
8,326,732,7.397540983606557
8,327,733,7.612551159618008
8,328,743,7.4522207267833105
8,329,748,7.525401069518717
8,330,744,7.580645161290323
8,331,741,7.538461538461538
8,332,762,7.34514435695538
8,333,759,7.325428194993412
8,334,761,7.26281208935611
8,335,754,7.450928381962865
8,336,754,7.436339522546419
8,337,762,7.452755905511811
8,338,751,7.318242343541944
8,339,751,7.455392809587217
8,340,742,7.520215633423181
8,341,751,7.484687083888149
8,342,735,7.380952380952381
8,343,743,7.313593539703903
8,344,727,7.268225584594223
8,345,718,7.456824512534819
8,346,729,7.518518518518518
8,347,728,7.5041208791208796
8,348,736,7.490489130434782
8,349,735,7.474829931972789
8,350,727,7.30949105914718
8,351,709,7.396332863187588
8,352,698,7.388252148997134
8,353,687,7.541484716157205
8,354,668,7.625748502994012
8,355,682,7.63782991202346
8,356,684,7.5891812865497075
8,357,693,7.604617604617605
8,358,694,7.5706051873198845
8,359,700,7.595714285714286
8,360,693,7.45021645021645
8,361,698,7.356733524355301
8,362,708,7.416666666666667
8,363,691,7.432706222865413
8,364,696,7.482758620689655
8,365,702,7.403133903133903
8,366,689,7.480406386066764
8,367,677,7.564254062038405
8,368,674,7.689910979228487
8,369,679,7.861561119293078
8,370,689,7.783744557329463
8,371,708,7.673728813559322
8,372,704,7.551136363636363
8,373,727,7.331499312242091
8,374,714,7.320728291316526
8,375,717,7.396094839609484
8,376,720,7.433333333333334
8,377,721,7.356449375866852
8,378,723,7.230982019363762
8,379,733,7.454297407912688
8,380,751,7.456724367509986
8,381,759,7.592885375494071
8,382,763,7.458715596330276
8,383,763,7.317169069462647
8,384,766,7.278067885117493
8,385,787,7.325285895806862
8,386,786,7.258269720101781
8,387,807,7.2094175960346965
8,388,793,7.298865069356872
8,389,796,7.25
8,390,802,7.452618453865337
8,391,806,7.460297766749379
8,392,809,7.4672435105067985
8,393,803,7.557907845579078
8,394,820,7.520731707317073
8,395,826,7.487893462469733
8,396,816,7.561274509803922
8,397,826,7.473365617433414
8,398,828,7.427536231884058
8,399,843,7.446026097271649
8,400,851,7.378378378378378
9,0,20,0.0
9,1,20,1.0
9,2,20,2.0
9,3,20,3.0
9,4,20,4.0
9,5,20,5.0
9,6,19,6.0
9,7,19,7.0
9,8,19,8.0
9,9,22,7.7727272727272725
9,10,29,6.655172413793103
9,11,31,7.161290322580645
9,12,39,6.487179487179487
9,13,44,6.636363636363637
9,14,51,6.588235294117647
9,15,52,7.153846153846154
9,16,53,7.69811320754717
9,17,59,7.813559322033898
9,18,61,8.098360655737705
9,19,64,8.671875
9,20,64,9.5
9,21,72,9.333333333333334
9,22,76,9.789473684210526
9,23,80,9.9625
9,24,82,10.524390243902438
9,25,86,10.848837209302326
9,26,89,11.44943820224719
9,27,92,11.434782608695652
9,28,98,11.33673469387755
9,29,112,10.303571428571429
9,30,118,10.228813559322035
9,31,134,9.5
9,32,132,7.454545454545454
9,33,139,7.654676258992806
9,34,143,8.202797202797203
9,35,151,8.543046357615895
9,36,154,8.948051948051948
9,37,158,8.60759493670886
9,38,160,9.15625
9,39,166,8.704819277108435
9,40,176,8.653409090909092
9,41,186,8.612903225806452
9,42,201,8.368159203980099
9,43,211,8.298578199052132
9,44,224,8.120535714285714
9,45,230,7.934782608695652
9,46,239,8.06694560669456
9,47,251,8.422310756972111
9,48,259,8.656370656370656
9,49,276,8.518115942028986
9,50,281,8.423487544483987
9,51,284,8.341549295774648
9,52,295,8.08135593220339
9,53,300,8.256666666666666
9,54,308,8.272727272727273
9,55,309,8.391585760517799
9,56,310,8.36774193548387
9,57,310,8.716129032258065
9,58,330,8.393939393939394
9,59,326,8.506134969325153
9,60,346,8.1878612716763
9,61,354,8.274011299435028
9,62,363,8.016528925619834
9,63,366,7.811475409836065
9,64,364,7.972527472527473
9,65,378,7.920634920634921
9,66,377,8.047745358090186
9,67,383,8.010443864229766
9,68,387,7.9328165374677
9,69,389,7.704370179948586
9,70,390,7.453846153846154
9,71,402,7.54228855721393
9,72,418,7.6124401913875595
9,73,424,7.691037735849057
9,74,428,7.838785046728972
9,75,447,7.7807606263982105
9,76,449,7.910913140311804
9,77,461,7.92407809110629
9,78,462,8.006493506493506
9,79,467,7.961456102783726
9,80,464,8.071120689655173
9,81,473,8.02536997885835
9,82,462,8.08874458874459
9,83,472,8.220338983050848
9,84,468,8.032051282051283
9,85,474,8.08860759493671
9,86,469,7.8315565031982945
9,87,462,7.906926406926407
9,88,455,7.7032967032967035
9,89,447,7.489932885906041
9,90,445,7.786516853932584
9,91,446,7.908071748878924
9,92,447,7.888143176733781
9,93,444,7.835585585585585
9,94,455,7.753846153846154
9,95,453,7.690949227373069
9,96,462,7.87012987012987
9,97,464,7.836206896551724
9,98,472,7.786016949152542
9,99,471,7.853503184713376
9,100,475,7.793684210526316
9,101,481,7.877338877338877
9,102,466,7.757510729613734
9,103,463,7.70194384449244
9,104,471,7.645435244161359
9,105,479,7.799582463465553
9,106,480,7.870833333333334
9,107,487,7.878850102669404
9,108,473,7.911205073995772
9,109,473,7.767441860465116
9,110,480,7.741666666666666
9,111,480,7.7
9,112,466,7.609442060085837
9,113,462,7.536796536796537
9,114,449,7.657015590200445
9,115,463,7.794816414686825
9,116,458,8.12227074235808
9,117,454,7.973568281938326
9,118,458,7.930131004366812
9,119,462,7.666666666666667
9,120,472,7.5508474576271185
9,121,466,7.633047210300429
9,122,464,7.756465517241379
9,123,468,7.811965811965812
9,124,473,7.8308668076109935
9,125,473,7.7124735729386895
9,126,481,7.426195426195426
9,127,489,7.478527607361963
9,128,486,7.283950617283951
9,129,499,7.24248496993988
9,130,498,7.214859437751004
9,131,499,7.254509018036072
9,132,494,7.228744939271255
9,133,495,7.175757575757576
9,134,495,7.301010101010101
9,135,500,7.274
9,136,502,7.565737051792829
9,137,501,7.550898203592815
9,138,516,7.544573643410852
9,139,514,7.6050583657587545
9,140,498,7.530120481927711
9,141,485,7.558762886597938
9,142,487,7.681724845995893
9,143,472,7.563559322033898
9,144,480,7.44375
9,145,488,7.497950819672131
9,146,495,7.666666666666667
9,147,496,7.717741935483871
9,148,484,7.913223140495868
9,149,486,7.676954732510288
9,150,505,7.5029702970297025
9,151,513,7.247563352826511
9,152,541,7.306839186691312
9,153,524,7.5038167938931295
9,154,522,7.53639846743295
9,155,520,7.628846153846154
9,156,522,7.591954022988506
9,157,522,7.446360153256705
9,158,511,7.538160469667319
9,159,513,7.65692007797271
9,160,522,7.825670498084291
9,161,516,7.5310077519379846
9,162,506,7.612648221343873
9,163,506,7.355731225296442
9,164,512,7.451171875
9,165,510,7.613725490196078
9,166,535,7.525233644859813
9,167,530,7.4849056603773585
9,168,524,7.419847328244275
9,169,528,7.378787878787879
9,170,528,7.410984848484849
9,171,517,7.582205029013539
9,172,514,7.601167315175097
9,173,499,7.729458917835672
9,174,527,7.7685009487666035
9,175,512,7.6796875
9,176,516,7.521317829457364
9,177,509,7.469548133595285
9,178,500,7.404
9,179,501,7.411177644710579
9,180,519,7.393063583815029
9,181,506,7.308300395256917
9,182,499,7.348697394789579
9,183,512,7.494140625
9,184,509,7.658153241650295
9,185,513,7.705653021442495
9,186,528,7.75
9,187,524,7.755725190839694
9,188,524,7.654580152671755
9,189,535,7.57196261682243
9,190,532,7.415413533834586
9,191,546,7.271062271062271
9,192,566,7.086572438162544
9,193,575,7.0486956521739135
9,194,580,7.158620689655172
9,195,569,7.191564147627417
9,196,578,7.219723183391004
9,197,579,7.286701208981002
9,198,591,7.199661590524535
9,199,599,7.332220367278798
9,200,610,7.588524590163934
9,201,624,7.580128205128205
9,202,625,7.512
9,203,613,7.712887438825448
9,204,608,7.828947368421052
9,205,618,7.84789644012945
9,206,606,7.818481848184819
9,207,613,7.735725938009788
9,208,605,7.604958677685951
9,209,604,7.6572847682119205
9,210,620,7.569354838709677
9,211,609,7.615763546798029
9,212,614,7.648208469055374
9,213,622,7.556270096463023
9,214,615,7.5008130081300814
9,215,625,7.432
9,216,628,7.4347133757961785
9,217,651,7.216589861751152
9,218,674,7.225519287833828
9,219,659,7.364188163884673
9,220,642,7.283489096573208
9,221,652,7.42638036809816
9,222,654,7.611620795107034
9,223,640,7.7046875
9,224,625,7.8688
9,225,618,7.9207119741100325
9,226,615,7.760975609756097
9,227,638,7.545454545454546
9,228,644,7.461180124223603
9,229,650,7.467692307692308
9,230,651,7.453149001536098
9,231,662,7.424471299093655
9,232,666,7.441441441441442
9,233,675,7.364444444444445
9,234,658,7.401215805471125
9,235,657,7.526636225266362
9,236,675,7.41037037037037
9,237,676,7.356508875739645
9,238,700,7.297142857142857
9,239,716,7.329608938547486
9,240,702,7.447293447293447
9,241,715,7.567832167832168
9,242,724,7.595303867403315
9,243,747,7.528781793842035
9,244,728,7.637362637362638
9,245,725,7.624827586206896
9,246,753,7.649402390438247
9,247,744,7.451612903225806
9,248,751,7.619174434087883
9,249,743,7.553162853297443
9,250,736,7.570652173913044
9,251,725,7.453793103448276
9,252,722,7.481994459833795
9,253,724,7.454419889502763
9,254,730,7.608219178082192
9,255,720,7.416666666666667
9,256,729,7.233196159122085
9,257,721,7.436893203883495
9,258,729,7.534979423868313
9,259,721,7.6934812760055475
9,260,716,7.659217877094972
9,261,719,7.657858136300417
9,262,713,7.6339410939691446
9,263,733,7.551159618008185
9,264,735,7.360544217687075
9,265,740,7.458108108108108
9,266,726,7.3402203856749315
9,267,733,7.381991814461118
9,268,736,7.398097826086956
9,269,742,7.203504043126685
9,270,738,7.3468834688346885
9,271,747,7.28380187416332
9,272,761,7.201051248357424
9,273,750,7.316
9,274,774,7.369509043927649
9,275,786,7.33587786259542
9,276,762,7.465879265091863
9,277,767,7.447196870925684
9,278,753,7.47543160690571
9,279,757,7.560105680317041
9,280,750,7.641333333333334
9,281,758,7.8311345646438
9,282,769,7.598179453836151
9,283,777,7.546975546975547
9,284,797,7.445420326223338
9,285,803,7.500622665006227
9,286,774,7.501291989664082
9,287,768,7.541666666666667
9,288,767,7.513689700130378
9,289,758,7.506596306068602
9,290,758,7.5514511873350925
9,291,765,7.644444444444445
9,292,774,7.416020671834626
9,293,781,7.326504481434059
9,294,769,7.146944083224968
9,295,765,7.281045751633987
9,296,764,7.50261780104712
9,297,749,7.512683578104139
9,298,729,7.716049382716049
9,299,717,7.616457461645746
9,300,713,7.478260869565218
9,301,712,7.644662921348314
9,302,740,7.70945945945946
9,303,741,7.630229419703104
9,304,762,7.489501312335958
9,305,765,7.300653594771242
9,306,761,7.374507227332457
9,307,732,7.550546448087432
9,308,734,7.512261580381471
9,309,751,7.234354194407457
9,310,753,7.373173970783532
9,311,750,7.52
9,312,750,7.437333333333333
9,313,755,7.426490066225165
9,314,750,7.404
9,315,735,7.608163265306122
9,316,741,7.562753036437247
9,317,734,7.697547683923705
9,318,750,7.54
9,319,752,7.638297872340425
9,320,766,7.389033942558747
9,321,751,7.2942743009320905
9,322,734,7.23433242506812
9,323,727,7.420907840440165
9,324,735,7.42312925170068
9,325,746,7.493297587131368
9,326,721,7.78502080443828
9,327,733,7.731241473396999
9,328,754,7.704244031830239
9,329,753,7.666666666666667
9,330,745,7.660402684563758
9,331,737,7.511533242876526
9,332,732,7.532786885245901
9,333,739,7.419485791610284
9,334,747,7.322623828647925
9,335,724,7.292817679558011
9,336,725,7.395862068965517
9,337,732,7.469945355191257
9,338,719,7.571627260083449
9,339,726,7.648760330578512
9,340,734,7.6348773841961854
9,341,725,7.67448275862069
9,342,725,7.624827586206896
9,343,729,7.3936899862825785
9,344,731,7.307797537619699
9,345,726,7.360881542699724
9,346,715,7.323076923076923
9,347,719,7.378303198887344
9,348,729,7.444444444444445
9,349,716,7.562849162011173
9,350,721,7.585298196948682
9,351,728,7.6717032967032965
9,352,715,7.586013986013986
9,353,724,7.337016574585635
9,354,736,7.394021739130435
9,355,747,7.183400267737617
9,356,745,7.358389261744967
9,357,749,7.32977303070761
9,358,742,7.204851752021563
9,359,751,7.210386151797604
9,360,762,7.39501312335958
9,361,742,7.334231805929919
9,362,742,7.380053908355795
9,363,754,7.469496021220159
9,364,779,7.358151476251605
9,365,753,7.354581673306773
9,366,758,7.303430079155673
9,367,728,7.357142857142857
9,368,735,7.262585034013606
9,369,728,7.451923076923077
9,370,724,7.5069060773480665
9,371,706,7.396600566572238
9,372,720,7.268055555555556
9,373,721,7.30374479889043
9,374,726,7.1652892561983474
9,375,715,7.4013986013986015
9,376,702,7.475783475783476
9,377,718,7.456824512534819
9,378,707,7.343705799151344
9,379,697,7.318507890961262
9,380,687,7.337700145560407
9,381,678,7.412979351032448
9,382,690,7.208695652173913
9,383,684,7.187134502923977
9,384,689,7.179970972423803
9,385,689,7.2917271407837445
9,386,686,7.230320699708455
9,387,676,7.312130177514793
9,388,668,7.459580838323354
9,389,669,7.360239162929746
9,390,666,7.539039039039039
9,391,666,7.633633633633633
9,392,645,7.63875968992248
9,393,645,7.610852713178295
9,394,658,7.519756838905775
9,395,687,7.356622998544396
9,396,692,7.368497109826589
9,397,693,7.415584415584416
9,398,698,7.206303724928366
9,399,697,7.253945480631277
9,400,689,7.336719883889695
